{
"_id": "pers-2016-03-25-06-58-45-87534211532",
"ajouter-aux-favoris": false,
"description": "Ce blog recense toute l'information li&#233;e au Projet Grand Paris et apporte un &#233;clairage sur les enjeux en cours, les d&#233;bats d'id&#233;es, le r&#244;le des nouvelles technologies et les &#233;volutions de l'urbanisme dans le monde. Responsable de la publication : Antoine Lef&#233;bure.",
"fiche-a-completer": true,
"fiche-publiee": true,
"identifiant-drupal": 18964,
"importance": 0,
"mise-a-jour": "2017-01-22-15-48-57",
"moment-de-creation": "2016-03-25-06-58-45",
"moment-de-modification": "2016-03-25-06-58-45",
"mots-clefs": ["Antoine Lefebure","France","Grand Paris","information","Paris","urbanisme"],
"nom": "Antoine Lef&#233;bure",
"nom-francais": ["Antoine Lef&#233;bure"],
"nom-machine": "pers-2016-03-25-06-58-45-87534211532",
"personne-nom-famille": "Lef&#233;bure",
"personne-nom-prenom": "Antoine ",
"site-de-diffusion": ["terme-2015-12-06-16-23-47-86966221646"],
"source-defectueuse": false,
"source-url": "http://www.phdadministration.net/personne/pers-2016-03-25-06-58-45-87534211532",
"sous-type": "pers",
"sujet": ["terme-2015-12-06-16-27-09-86966233748","terme-2015-12-06-16-27-09-86966233772"],
"type": "ressources"
}