{
"_id": "pers-2016-03-25-07-00-03-87534216208",
"ajouter-aux-favoris": false,
"date-edition": "2016-03-25-07-00-03",
"description": "Georg B&#252;chner, n&#233; Karl Georg B&#252;chner (17&#160;octobre&#160;1813 &#224; Goddelau, pr&#232;s de Darmstadt (Hesse) - 19&#160;f&#233;vrier&#160;1837 &#224; Zurich), est un dramaturge, &#233;crivain, r&#233;volutionnaire, m&#233;decin et scientifique allemand.",
"fiche-a-completer": true,
"fiche-publiee": true,
"identifiant-drupal": 455484,
"importance": 0,
"mise-a-jour": "2017-01-22-15-48-57",
"moment-de-creation": "2016-03-25-07-00-03",
"moment-de-modification": "2016-03-25-07-00-03",
"nom": "Georg B&#252;chner",
"nom-francais": ["Georg B&#252;chner"],
"nom-machine": ["pers-2016-03-25-07-00-03-87534216208"],
"personne-date-deces": "1837",
"personne-date-naissance": "terme-2015-12-06-16-25-23-86966227400",
"personne-nom-famille": "B&#252;chner",
"personne-nom-prenom": "Georg",
"site-de-diffusion": ["terme-2015-12-06-16-23-47-86966221646"],
"source-defectueuse": false,
"source-url": "http://www.phdadministration.net/personne/pers-2016-03-25-07-00-03-87534216208",
"sous-type": "pers",
"type": "ressources",
"type-de-ressource": ["terme-2015-12-06-16-27-16-86966234209","terme-2015-12-06-16-27-18-86966234335"]
}