{
"_id": "pers-2016-03-25-07-00-06-87534216398",
"ajouter-aux-favoris": false,
"date-edition": "2016-03-25-07-00-06",
"description": "William Wycherley (n&#233; en 1640 &#224; Clive pr&#232;s de Shrewsbury - mort en 1716) est un dramaturge et un po&#232;te anglais dont les &oelig;uvres sont typiques de la litt&#233;rature de la Restauration anglaise.<br>Le jeune homme fit des &#233;tudes en France et &#224; Oxford, mais passa ensuite le reste de sa vie &#224; Londres, o&#249; sa pr&#233;dilection pour les tavernes et les endroits peu fr&#233;quentables est longtemps rest&#233;e dans les m&#233;moires.<br>Ses pi&#232;ces, pour la plupart des com&#233;dies satiriques assez f&#233;roces, incluent L'Amour dans un bois (1672), La Provinciale (1675) et L'Homme franc (1676). Apr&#232;s la publication de ses Miscellany Poems en 1704, Wycherley conquit l'amiti&#233; d'Alexander Pope, qui le fit conna&#238;tre du grand public en amendant et en att&#233;nuant certains de ses &#233;crits.<br>Wycherley fut contraint en 1689 de retourner se r&#233;fugier dans la maison paternelle, dans le Shropshire, en raison des troubles politiques&#160;: le nouveau roi Guillaume III d'Angleterre appr&#233;ciait en effet assez peu les &#233;crivains, en particulier lorsqu'ils &#233;taient aussi ouvertement libertins que Wycherley.",
"fiche-a-completer": true,
"fiche-publiee": true,
"identifiant-drupal": 455565,
"importance": 0,
"mise-a-jour": "2017-01-22-15-48-57",
"moment-de-creation": "2016-03-25-07-00-06",
"moment-de-modification": "2016-03-25-07-00-06",
"nom": "William Wycherley",
"nom-francais": ["William Wycherley"],
"nom-machine": ["pers-2016-03-25-07-00-06-87534216398"],
"personne-date-deces": "1716",
"personne-date-naissance": "1640",
"personne-nom-famille": "Wycherley",
"personne-nom-prenom": "William",
"site-de-diffusion": ["terme-2015-12-06-16-23-47-86966221646"],
"source-defectueuse": false,
"source-url": "http://www.phdadministration.net/personne/pers-2016-03-25-07-00-06-87534216398",
"sous-type": "pers",
"type": "ressources",
"type-de-ressource": ["terme-2015-12-06-16-27-16-86966234209","terme-2015-12-06-16-27-18-86966234335"]
}