{
"_id": "pers-2016-03-25-06-59-35-87534214507",
"ajouter-aux-favoris": false,
"date-edition": "2016-03-25-06-59-35",
"description": "Michel CALLON - Ing&#233;nieur, Sociologue, Professeur - Professeur de sociologie &#224; l'Ecole des Mines de Paris, directeur du Centre de Sociologie de l'Innovation de 1982 &#224; 1994, pr&#233;sident de la 4S (Society for Social Studies of Science) en 1998-1999, Michel Callon est, aux c&#244;t&#233;s de Bruno Latour et John Law, l'un des &#171;fondateurs&#187; de ce qui est appel&#233; l'Actor-Network Theory (th&#233;orie de l'acteur-r&#233;seau), ou encore sociologie de la traduction...",
"fiche-a-completer": true,
"fiche-publiee": true,
"identifiant-drupal": 4260,
"importance": 0,
"langue-edition": ["terme-2015-12-06-16-10-42-86966174537"],
"mise-a-jour": "2017-01-22-15-48-57",
"moment-de-creation": "2016-03-25-06-59-35",
"moment-de-modification": "2016-03-25-06-59-35",
"nom": "Michel Callon",
"nom-francais": ["Michel Callon"],
"nom-machine": ["pers-2016-03-25-06-59-35-87534214507"],
"personne-nom-famille": "Callon",
"personne-nom-prenom": "Michel",
"site-de-diffusion": ["terme-2015-12-06-16-23-47-86966221646"],
"source-defectueuse": false,
"source-url": "http://www.phdadministration.net/personne/pers-2016-03-25-06-59-35-87534214507",
"sous-type": "pers",
"tip": "Ing&#233;nieur, Sociologue, Professeur",
"type": "ressources",
"type-de-ressource": ["terme-2015-12-06-16-27-16-86966234209","terme-2015-12-06-16-27-18-86966234335"]
}