{
"_id": "pers-2016-03-25-07-00-04-87534216261",
"ajouter-aux-favoris": false,
"date-edition": "2016-03-25-07-00-04",
"description": "Luigi Pirandello est un &#233;crivain Italien, po&#232;te, nouvelliste, romancier et dramaturge, n&#233; le 28&#160;juin&#160;1867 &#224; Agrigente en Sicile au lieu dit &#171;&#160;Le Chaos&#160;&#187;, entre Agrigente et Porto Empedocle, durant une &#233;pid&#233;mie de chol&#233;ra, et mort &#224; Rome le 10&#160;d&#233;cembre&#160;1936. Son &oelig;uvre a &#233;t&#233; r&#233;compens&#233;e du Prix Nobel de litt&#233;rature en 1934.<br>C'est le p&#232;re du peintre Fausto Pirandello.",
"fiche-a-completer": true,
"fiche-publiee": true,
"identifiant-drupal": 455506,
"importance": 0,
"mise-a-jour": "2017-01-22-15-48-57",
"moment-de-creation": "2016-03-25-07-00-04",
"moment-de-modification": "2016-03-25-07-00-04",
"nom": "Luigi Pirandello",
"nom-francais": ["Luigi Pirandello"],
"nom-machine": ["pers-2016-03-25-07-00-04-87534216261"],
"personne-date-deces": "1936",
"personne-date-naissance": "terme-2015-12-06-16-25-28-86966227684",
"personne-nom-famille": "Pirandello",
"personne-nom-prenom": "Luigi",
"site-de-diffusion": ["terme-2015-12-06-16-23-47-86966221646"],
"source-defectueuse": false,
"source-url": "http://www.phdadministration.net/personne/pers-2016-03-25-07-00-04-87534216261",
"sous-type": "pers",
"type": "ressources",
"type-de-ressource": ["terme-2015-12-06-16-27-16-86966234209","terme-2015-12-06-16-27-18-86966234335"]
}