{
"_id": "pers-2016-03-25-07-00-06-87534216361",
"ajouter-aux-favoris": false,
"date-edition": "2016-03-25-07-00-06",
"description": "Po&#232;te du Moyen &#194;ge, Rutebeuf (ancien fran&#231;ais Rustebuef, n&#233; &#224; une date inconnue, dans les premi&#232;res d&#233;cennies du xiiie&#160;si&#232;cle, avant 1230 - mort v. 1285), doit probablement son nom au surnom &#171;&#160;Rudeb&oelig;uf&#160;&#187; (b&oelig;uf vigoureux), qu'il utilise lui-m&#234;me dans son &oelig;uvre. Il serait originaire de Champagne (il a d&#233;crit les conflits &#224; Troyes en 1249), mais a v&#233;cu adulte &#224; Paris.<br>On ne sait quasiment rien de sa vie sauf qu'il &#233;tait probablement un jongleur avec une formation de clerc (il connaissait le latin). Son &oelig;uvre, tr&#232;s diversifi&#233;e, qui rompit avec la tradition de la po&#233;sie courtoise des trouv&#232;res, comprend des hagiographies (Vie de Sainte Helysabel), du th&#233;&#226;tre (Miracle de Th&#233;ophile), des po&#232;mes pol&#233;miques et satiriques (Renart le Bestourn&#233; ou Dit de l'Herberie) envers les puissants de son temps. Rutebeuf est aussi un po&#232;te &#171;&#160;personnel&#160;&#187;, l'un des premiers &#224; nous parler de ses mis&#232;res et des difficult&#233;s de la vie. Parmi ses vers les plus c&#233;l&#232;bres on trouve certainement ceux issus des Po&#232;mes de l&#8217;infortune&#160;: &#171;&#160;Que sont mes amis devenus, que j&#8217;avais de si pr&#232;s tenus, et tant aim&#233;s ...&#160;&#187;<br>Les po&#232;mes de Rutebeuf ont inspir&#233; L&#233;o Ferr&#233; en a fait une chanson qu'il a appel&#233;e Pauvre Rutebeuf. Plusieurs interpr&#233;tations de cette chanson existent, entre autres&#160;: L&#233;o Ferr&#233; (1955 en studio, 1958, 1984 et 1986 en r&#233;citals), Catherine Sauvage (1956), Jacques Douai (1957), Hugues Aufray (1967), H&#233;l&#232;ne Martin (1983), James Ollivier (1988), Philippe L&#233;otard (1994), Marc Ogeret (1999), Joan Baez (1965) et aussi Cora Vaucaire ou Nana Mouskouri et Dani Klein (Vaya Con Dios)(2009).",
"fiche-a-completer": true,
"fiche-publiee": true,
"identifiant-drupal": 455549,
"importance": 0,
"mise-a-jour": "2017-01-22-15-48-57",
"moment-de-creation": "2016-03-25-07-00-06",
"moment-de-modification": "2016-03-25-07-00-06",
"nom": "Rutebeuf",
"nom-francais": ["Rutebeuf"],
"nom-machine": ["pers-2016-03-25-07-00-06-87534216361"],
"personne-date-deces": "1285",
"personne-nom-famille": "Rutebeuf",
"site-de-diffusion": ["terme-2015-12-06-16-23-47-86966221646"],
"source-defectueuse": false,
"source-url": "http://www.phdadministration.net/personne/pers-2016-03-25-07-00-06-87534216361",
"sous-type": "pers",
"type": "ressources",
"type-de-ressource": ["terme-2015-12-06-16-27-16-86966234209","terme-2015-12-06-16-27-18-86966234335"]
}