{
"_id": "pers-2016-03-25-06-59-06-87534212807",
"ajouter-aux-favoris": false,
"date-edition": "2016-03-25-06-59-06",
"description": "Jean-Paul Fitoussi est un &#233;conomiste fran&#231;ais d'origine tunisienne. Il est professeur des Universit&#233;s &#224; l'Institut d'&#233;tudes politiques de Paris depuis 1982 et pr&#233;sident de l'Observatoire fran&#231;ais des conjonctures &#233;conomiques (OFCE) depuis 1989. Il est membre du conseil scientifique de l'Institut Fran&#231;ois-Mitterrand.<br>Il travaille sur les th&#233;ories de l'inflation, du ch&#244;mage, des &#233;conomies ouvertes, et sur le r&#244;le des politiques macro&#233;conomiques. Il est critique au sujet de la rigidit&#233; budg&#233;taire et mon&#233;taire, au motif qu'elle aurait un effet n&#233;gatif sur la croissance et l'emploi. Ses travaux r&#233;cents portent sur les rapports entre la d&#233;mocratie et le d&#233;veloppement &#233;conomique.<br>Il est &#233;galement pr&#233;sident du conseil scientifique de l'IEP de Paris depuis 1997 et membre du Conseil d'analyse &#233;conomique aupr&#232;s du Premier ministre.<br>Il est aussi membre du conseil d'administration de Telecom Italia (op&#233;rateur historique en Italie) depuis l'Assembl&#233;e G&#233;n&#233;rale du 14 avril 2008.",
"fiche-a-completer": true,
"fiche-publiee": true,
"identifiant-drupal": 269845,
"importance": 0,
"mise-a-jour": "2017-01-22-15-48-57",
"moment-de-creation": "2016-03-25-06-59-06",
"moment-de-modification": "2016-03-25-06-59-06",
"mots-clefs": ["&#233;conomies ouvertes","ch&#244;mage","Inflation","macro&#233;conomie"],
"nom": "Jean-Paul Fitoussi",
"nom-francais": ["Jean-Paul Fitoussi"],
"nom-machine": ["pers-2016-03-25-06-59-06-87534212807"],
"personne-nom-famille": "Fitoussi",
"personne-nom-prenom": "Jean-Paul",
"site-de-diffusion": ["terme-2015-12-06-16-23-47-86966221646"],
"source-defectueuse": false,
"source-url": "http://www.phdadministration.net/personne/pers-2016-03-25-06-59-06-87534212807",
"sous-type": "pers",
"type": "ressources",
"type-de-ressource": ["terme-2015-12-06-16-27-16-86966234209","terme-2015-12-06-16-27-18-86966234335","terme-2015-12-06-16-27-19-86966234380"]
}