{
"_id": "pers-2016-03-25-07-00-04-87534216243",
"ajouter-aux-favoris": false,
"date-edition": "2016-03-25-07-00-04",
"description": "Jean Genet (Paris, 19&#160;d&#233;cembre&#160;1910 - id., 15&#160;avril&#160;1986) est un &#233;crivain, po&#232;te et auteur dramatique fran&#231;ais. Par une &#233;criture raffin&#233;e et riche, Jean Genet exalte la perversion, le mal et l'&#233;rotisme &#224; travers la c&#233;l&#233;bration de personnages ambivalents au sein de mondes interlopes.",
"fiche-a-completer": true,
"fiche-publiee": true,
"identifiant-drupal": 455498,
"importance": 0,
"mise-a-jour": "2017-01-22-15-48-57",
"moment-de-creation": "2016-03-25-07-00-04",
"moment-de-modification": "2016-03-25-07-00-04",
"nom": "Jean Genet",
"nom-francais": ["Jean Genet"],
"nom-machine": ["pers-2016-03-25-07-00-04-87534216243"],
"personne-date-deces": "1986",
"personne-date-naissance": "terme-2015-12-06-16-25-30-86966227815",
"personne-nom-famille": "Genet",
"personne-nom-prenom": "Jean",
"site-de-diffusion": ["terme-2015-12-06-16-23-47-86966221646"],
"source-defectueuse": false,
"source-url": "http://www.phdadministration.net/personne/pers-2016-03-25-07-00-04-87534216243",
"sous-type": "pers",
"type": "ressources",
"type-de-ressource": ["terme-2015-12-06-16-27-16-86966234209","terme-2015-12-06-16-27-18-86966234335"]
}