{
"_id": "pers-2016-03-25-07-00-03-87534216238",
"ajouter-aux-favoris": false,
"date-edition": "2016-03-25-07-00-03",
"description": "Jean Anouilh est un &#233;crivain et dramaturge fran&#231;ais, n&#233; le 23&#160;juin&#160;1910 &#224; Bordeaux (Gironde) et mort le 3&#160;octobre&#160;1987 &#224; Lausanne (Suisse). Son &oelig;uvre th&#233;&#226;trale commenc&#233;e en 1932 est particuli&#232;rement abondante et vari&#233;e&#160;: elle est constitu&#233;e de nombreuses com&#233;dies souvent grin&#231;antes et d'&oelig;uvres &#224; la tonalit&#233; dramatique ou tragique comme sa pi&#232;ce la plus c&#233;l&#232;bre, Antigone, r&#233;&#233;criture moderne de la pi&#232;ce de Sophocle.<br>Anouilh a lui-m&#234;me organis&#233; ses &oelig;uvres en s&#233;ries th&#233;matiques, faisant alterner d'abord &#171;&#160;Pi&#232;ces roses&#160;&#187; et &#171;&#160;Pi&#232;ces noires&#160;&#187;. Les premi&#232;res sont des com&#233;dies savoureuses marqu&#233;es par la fantaisie comme Le Bal des voleurs (1938) alors que les secondes montrent dans la gravit&#233; l'affrontement des &#171;&#160;h&#233;ros&#160;&#187; entour&#233;s de gens ordinaires en prenant souvent appui sur des mythes comme Eurydice (1942), Antigone (1944) ou M&#233;d&#233;e (1946).<br>Apr&#232;s la guerre apparaissent les &#171;&#160;Pi&#232;ces brillantes&#160;&#187; qui jouent sur la mise en abyme du th&#233;&#226;tre au th&#233;&#226;tre (La R&#233;p&#233;tition ou l'Amour puni, 1947 - Colombe, 1951), puis les &#171;&#160;Pi&#232;ces grin&#231;antes&#160;&#187;, com&#233;dies satiriques comme Pauvre Bitos ou le D&#238;ner de t&#234;tes (1956). Dans la m&#234;me p&#233;riode, Jean Anouilh s'int&#233;resse dans des &#171;&#160;Pi&#232;ces costum&#233;es&#160;&#187; &#224; des figures lumineuses qui se sacrifient au nom du devoir&#160;: envers la patrie comme Jeanne d'Arc dans L'Alouette (1953) ou envers Dieu comme Thomas Becket (Becket ou l'Honneur de Dieu (1959) adapt&#233; au cin&#233;ma en 1964. Le dramaturge a continu&#233; dans le m&#234;me temps &#224; servir le genre de la com&#233;die dans de nombreuses pi&#232;ces o&#249; il m&#234;le farce et ironie (par exemple Les Poissons rouges ou Mon p&#232;re ce h&#233;ros, 1970) jusque dans les derni&#232;res ann&#233;es de sa vie.<br>Jean Anouilh a &#233;galement adapt&#233; plusieurs pi&#232;ces d'auteurs &#233;trangers, Shakespeare en particulier. Il a aussi mis en sc&#232;ne certaines de ses &oelig;uvres (par exemple en 1974 Colombe, en m&#234;me temps qu'il travaillait &#224; des sc&#233;narios pour le cin&#233;ma ou &#224; la t&#233;l&#233;vision.)",
"fiche-a-completer": true,
"fiche-publiee": true,
"identifiant-drupal": 455496,
"importance": 0,
"mise-a-jour": "2017-01-22-15-48-57",
"moment-de-creation": "2016-03-25-07-00-03",
"moment-de-modification": "2016-03-25-07-00-03",
"nom": "Jean Anouilh",
"nom-francais": ["Jean Anouilh"],
"nom-machine": ["pers-2016-03-25-07-00-03-87534216238"],
"personne-date-deces": "1987",
"personne-date-naissance": "terme-2015-12-06-16-25-30-86966227815",
"personne-nom-famille": "Anouilh",
"personne-nom-prenom": "Jean",
"site-de-diffusion": ["terme-2015-12-06-16-23-47-86966221646"],
"source-defectueuse": false,
"source-url": "http://www.phdadministration.net/personne/pers-2016-03-25-07-00-03-87534216238",
"sous-type": "pers",
"type": "ressources",
"type-de-ressource": ["terme-2015-12-06-16-27-16-86966234209","terme-2015-12-06-16-27-18-86966234335"]
}