{
"_id": "pers-2016-03-25-06-59-43-87534215021",
"ajouter-aux-favoris": false,
"date-edition": "2016-03-25-06-59-43",
"fiche-a-completer": true,
"fiche-publiee": true,
"identifiant-drupal": 4453,
"importance": 0,
"mise-a-jour": "2017-01-22-15-48-57",
"moment-de-creation": "2016-03-25-06-59-43",
"moment-de-modification": "2016-03-25-06-59-43",
"nom": "Michel Volle",
"nom-francais": ["Michel Volle"],
"nom-machine": ["pers-2016-03-25-06-59-43-87534215021"],
"personne-nom-famille": "Volle",
"personne-nom-prenom": "Michel",
"site-de-diffusion": ["terme-2015-12-06-16-23-47-86966221646"],
"source-defectueuse": false,
"source-url": "http://www.phdadministration.net/personne/pers-2016-03-25-06-59-43-87534215021",
"sous-type": "pers",
"type": "ressources",
"type-de-ressource": ["terme-2015-12-06-16-27-16-86966234209","terme-2015-12-06-16-27-18-86966234335","terme-2015-12-06-16-27-19-86966234380"]
}