{
"_id": "pers-2016-03-25-07-00-02-87534216171",
"ajouter-aux-favoris": false,
"date-edition": "2016-03-25-07-00-02",
"description": "&#201;tienne Jodelle, n&#233; en 1532 &#224; Paris o&#249; il est mort en juillet 1573, est un po&#232;te et dramaturge fran&#231;ais.",
"fiche-a-completer": true,
"fiche-publiee": true,
"identifiant-drupal": 455468,
"importance": 0,
"mise-a-jour": "2017-01-22-15-48-57",
"moment-de-creation": "2016-03-25-07-00-02",
"moment-de-modification": "2016-03-25-07-00-02",
"nom": "&#201;tienne Jodelle",
"nom-francais": ["&#201;tienne Jodelle"],
"nom-machine": ["pers-2016-03-25-07-00-02-87534216171"],
"personne-date-deces": "1573",
"personne-date-naissance": "1532",
"personne-nom-famille": "Jodelle",
"personne-nom-prenom": "&#201;tienne",
"site-de-diffusion": ["terme-2015-12-06-16-23-47-86966221646"],
"source-defectueuse": false,
"source-url": "http://www.phdadministration.net/personne/pers-2016-03-25-07-00-02-87534216171",
"sous-type": "pers",
"type": "ressources",
"type-de-ressource": ["terme-2015-12-06-16-27-16-86966234209","terme-2015-12-06-16-27-18-86966234335"]
}