{
"_id": "pers-2016-03-25-06-58-58-87534212307",
"ajouter-aux-favoris": false,
"date-edition": "2016-03-25-06-58-58",
"fiche-a-completer": true,
"fiche-publiee": true,
"identifiant-drupal": 2456,
"importance": 0,
"langue-edition": ["terme-2015-12-06-16-10-40-86966174431"],
"mise-a-jour": "2017-01-22-15-48-57",
"moment-de-creation": "2016-03-25-06-58-58",
"moment-de-modification": "2016-03-25-06-58-58",
"mots-clefs": ["art","Auteur","culture","expositions"],
"nom": "Jeff Koons",
"nom-francais": ["Jeff Koons"],
"nom-machine": ["pers-2016-03-25-06-58-58-87534212307"],
"personne-nom-famille": "Koons",
"personne-nom-prenom": "Jeff",
"site-de-diffusion": ["terme-2015-12-06-16-23-47-86966221646"],
"source-defectueuse": false,
"source-url": "http://www.phdadministration.net/personne/pers-2016-03-25-06-58-58-87534212307",
"sous-type": "pers",
"tip": "Oeuvres et etc de l'artiste Jeff Koons",
"type": "ressources",
"type-de-ressource": ["terme-2015-12-06-16-27-16-86966234209","terme-2015-12-06-16-27-18-86966234335","terme-2015-12-06-16-27-21-86966234482"]
}