{
"_id": "pers-2016-03-25-07-00-05-87534216325",
"ajouter-aux-favoris": false,
"date-edition": "2016-03-25-07-00-05",
"description": "Nicolas Vassili&#233;vitch Gogol (en russe&#160;: &#1053;&#1080;&#1082;&#1086;&#1083;&#1072;&#1081; &#1042;&#1072;&#1089;&#1080;&#1083;&#1100;&#1077;&#1074;&#1080;&#1095; &#1043;&#1086;&#1075;&#1086;&#1083;&#1100;, Nikola&#239; Vassilievitch Gogol et en ukrainien&#160;: &#1052;&#1080;&#1082;&#1086;&#1083;&#1072; &#1042;&#1072;&#1089;&#1080;&#1083;&#1100;&#1086;&#1074;&#1080;&#1095; &#1043;&#1086;&#1075;&#1086;&#1083;&#1100;, Mykola Vassyliovytch Hohol) est un &#233;crivain russe d'origine ukrainienne, n&#233; &#224; Sorotchintsy dans l'oblast de Poltava le 20 mars/1er&#160;avril&#160;1809, et mort &#224; Moscou le 21 f&#233;vrier/4&#160;mars&#160;1852",
"fiche-a-completer": true,
"fiche-publiee": true,
"identifiant-drupal": 455533,
"importance": 0,
"mise-a-jour": "2017-01-22-15-48-57",
"moment-de-creation": "2016-03-25-07-00-05",
"moment-de-modification": "2016-03-25-07-00-05",
"nom": "Nicolas Gogol",
"nom-francais": ["Nicolas Gogol"],
"nom-machine": ["pers-2016-03-25-07-00-05-87534216325"],
"personne-date-deces": "1852",
"personne-date-naissance": "terme-2015-12-06-16-25-23-86966227386",
"personne-nom-famille": "Gogol",
"personne-nom-prenom": "Nicolas",
"site-de-diffusion": ["terme-2015-12-06-16-23-47-86966221646"],
"source-defectueuse": false,
"source-url": "http://www.phdadministration.net/personne/pers-2016-03-25-07-00-05-87534216325",
"sous-type": "pers",
"type": "ressources",
"type-de-ressource": ["terme-2015-12-06-16-27-16-86966234209","terme-2015-12-06-16-27-18-86966234335"]
}