{
"_id": "pers-2016-03-25-07-00-03-87534216204",
"ajouter-aux-favoris": false,
"date-edition": "2016-03-25-07-00-03",
"description": "Johann Christoph Friedrich von Schiller n&#233; le 10&#160;novembre&#160;1759 &#224; Marbach am Neckar et mort le 9&#160;mai&#160;1805 &#224; Weimar est un po&#232;te et &#233;crivain allemand.",
"fiche-a-completer": true,
"fiche-publiee": true,
"identifiant-drupal": 455482,
"importance": 0,
"mise-a-jour": "2017-01-22-15-48-57",
"moment-de-creation": "2016-03-25-07-00-03",
"moment-de-modification": "2016-03-25-07-00-03",
"nom": "Friedrich von Schiller",
"nom-francais": ["Friedrich von Schiller"],
"nom-machine": ["pers-2016-03-25-07-00-03-87534216204"],
"personne-date-deces": "1805",
"personne-date-naissance": "terme-2015-12-06-16-23-43-86966221435",
"personne-nom-famille": "von Schiller",
"personne-nom-prenom": "Friedrich",
"site-de-diffusion": ["terme-2015-12-06-16-23-47-86966221646"],
"source-defectueuse": false,
"source-url": "http://www.phdadministration.net/personne/pers-2016-03-25-07-00-03-87534216204",
"sous-type": "pers",
"type": "ressources",
"type-de-ressource": ["terme-2015-12-06-16-27-16-86966234209","terme-2015-12-06-16-27-18-86966234335"]
}