{
"_id": "pers-2016-03-25-07-00-02-87534216124",
"ajouter-aux-favoris": false,
"date-edition": "2016-03-25-07-00-02",
"description": "Alfred Jarry, n&#233; &#224; Laval (Mayenne) le 8&#160;septembre&#160;1873 et mort &#224; Paris le 1er&#160;novembre 1907, est un po&#232;te, romancier et dramaturge fran&#231;ais.",
"fiche-a-completer": true,
"fiche-publiee": true,
"identifiant-drupal": 455445,
"importance": 0,
"mise-a-jour": "2017-01-22-15-48-57",
"moment-de-creation": "2016-03-25-07-00-02",
"moment-de-modification": "2016-03-25-07-00-02",
"nom": "Alfred Jarry",
"nom-francais": ["Alfred Jarry"],
"nom-machine": ["pers-2016-03-25-07-00-02-87534216124"],
"personne-date-deces": "1907",
"personne-date-naissance": "terme-2015-12-06-16-25-28-86966227706",
"personne-nom-famille": "Jarry",
"personne-nom-prenom": "Alfred",
"site-de-diffusion": ["terme-2015-12-06-16-23-47-86966221646"],
"source-defectueuse": false,
"source-url": "http://www.phdadministration.net/personne/pers-2016-03-25-07-00-02-87534216124",
"sous-type": "pers",
"type": "ressources",
"type-de-ressource": ["terme-2015-12-06-16-27-16-86966234209","terme-2015-12-06-16-27-18-86966234335"]
}