{
"_id": "pers-2016-03-25-07-00-06-87534216378",
"ajouter-aux-favoris": false,
"date-edition": "2016-03-25-07-00-06",
"description": "Thomas Middleton (baptis&#233; le 18 avril 1580 - mort en 1627) est un dramaturge et un po&#232;te anglais du r&#232;gne de Jacques Ier d'Angleterre. Il fr&#233;quenta dans sa jeunesse le Queen's College d'Oxford et fut admis dans la pratique du droit. Middleton fut nomm&#233; chroniqueur officiel (City Chronologer) de la ville de Londres en 1620, poste qu'il conserva jusqu'&#224; sa mort et auquel Ben Jonson lui succ&#233;da.<br>Middleton s'essaya &#224; des genres multiples, y compris la trag&#233;die, l'histoire et la com&#233;die. Ses pi&#232;ces les plus connues sont The Changeling (&#233;crite avec William Rowley), Women Beware Women ainsi que la tr&#232;s cynique A Chaste Maid in Cheapside.<br>Les pi&#232;ces de Middleton sont caract&#233;ris&#233;es par leur profond cynisme au sujet de la race humaine, mais aussi tr&#232;s souvent par leur humour. Les v&#233;ritables h&#233;ros sont rares chez Middleton&#160;: dans son &oelig;uvre, presque tous les personnages sont &#233;go&#239;stes, cupides et imbus d'eux-m&#234;mes. Cela est particuli&#232;rement vrai dans A Chaste Maid in Cheapside, qui offre une vision panoramique d'une Londres enti&#232;rement peupl&#233;e d'habitants corrompus et qui n'&#233;pargne aucune classe sociale. Dans les trag&#233;dies Women Beware Women et The Revenger's Tragedy, des courtiers italiens complotent &#224; n'en plus finir les uns contre les autres, jusqu'&#224; l'apog&#233;e du bain de sang final. Lorsque Middleton d&#233;crit de v&#233;ritables honn&#234;tes gens, ces derniers n'ont souvent que de petits r&#244;les et sont parfaits jusqu'&#224; la caricature. Il aurait, selon certains, collabor&#233; &#224; la r&#233;daction de la pi&#232;ce Timon d'Ath&#232;nes attribu&#233;e &#224; Shakespeare, en effet, le ton cynique de l'oeuvre est &#233;trangement middletonien.<br>On sait de Middleton, gr&#226;ce &#224; un pamphlet de sa plume, qu'il fut un fervent calviniste, un des credos dominants de l'&#233;poque, et qui pr&#244;ne une division rigide de l'humanit&#233; entre les damn&#233;s et les &#233;lus&#160;: son &oelig;uvre semble refl&#233;ter cette vision du monde.<br>Sur les autres projets Wikim&#233;dia&#160;:<br>&#171;&#160;Thomas Middleton&#160;&#187;, sur Wikimedia Commons (ressources multim&#233;dia)",
"fiche-a-completer": true,
"fiche-publiee": true,
"identifiant-drupal": 455556,
"importance": 0,
"mise-a-jour": "2017-01-22-15-48-57",
"moment-de-creation": "2016-03-25-07-00-06",
"moment-de-modification": "2016-03-25-07-00-06",
"nom": "Thomas Middleton",
"nom-francais": ["Thomas Middleton"],
"nom-machine": ["pers-2016-03-25-07-00-06-87534216378"],
"personne-date-deces": "1627",
"personne-date-naissance": "1580",
"personne-nom-famille": "Middleton",
"personne-nom-prenom": "Thomas",
"site-de-diffusion": ["terme-2015-12-06-16-23-47-86966221646"],
"source-defectueuse": false,
"source-url": "http://www.phdadministration.net/personne/pers-2016-03-25-07-00-06-87534216378",
"sous-type": "pers",
"type": "ressources",
"type-de-ressource": ["terme-2015-12-06-16-27-16-86966234209","terme-2015-12-06-16-27-18-86966234335"]
}