{
"_id": "pers-2016-03-25-07-00-02-87534216133",
"ajouter-aux-favoris": false,
"date-edition": "2016-03-25-07-00-02",
"description": "Arthur Asher Miller (New York, &#201;tats-Unis, 17&#160;octobre&#160;1915 - Roxbury, &#201;tats-Unis, 10&#160;f&#233;vrier&#160;2005) est un dramaturge, &#233;crivain et essayiste am&#233;ricain.<br>Miller est une figure importante de la litt&#233;rature et du cin&#233;ma am&#233;ricain du xxe&#160;si&#232;cle. Il a &#233;crit un nombre important de pi&#232;ces de th&#233;&#226;tre dont les plus connues sont Les Sorci&#232;res de Salem (The Crucible) et Mort d'un commis voyageur (Death of a Salesman) qui sont toujours abondamment jou&#233;es. Miller est aussi connu pour son court mariage avec Marilyn Monroe.",
"fiche-a-completer": true,
"fiche-publiee": true,
"identifiant-drupal": 455450,
"importance": 0,
"mise-a-jour": "2017-01-22-15-48-57",
"moment-de-creation": "2016-03-25-07-00-02",
"moment-de-modification": "2016-03-25-07-00-02",
"nom": "Arthur Miller",
"nom-francais": ["Arthur Miller"],
"nom-machine": ["pers-2016-03-25-07-00-02-87534216133"],
"personne-date-naissance": "terme-2015-12-06-16-25-30-86966227831",
"personne-nom-famille": "Miller",
"personne-nom-prenom": "Arthur",
"site-de-diffusion": ["terme-2015-12-06-16-23-47-86966221646"],
"source-defectueuse": false,
"source-url": "http://www.phdadministration.net/personne/pers-2016-03-25-07-00-02-87534216133",
"sous-type": "pers",
"type": "ressources",
"type-de-ressource": ["terme-2015-12-06-16-27-16-86966234209","terme-2015-12-06-16-27-18-86966234335"]
}