{
"_id": "pers-2016-03-25-07-00-02-87534216128",
"ajouter-aux-favoris": false,
"date-edition": "2016-03-25-07-00-02",
"description": "Anton Pavlovitch Tchekhov1, n&#233; le 17 janvier/29 janvier[?] 1860 &#224; Taganrog (Russie) et mort le 2 juillet/15&#160;juillet&#160;1904 &#224; Badenweiler (Allemagne), est un &#233;crivain, nouvelliste et dramaturge russe, m&#233;decin de profession. Tout en exer&#231;ant la m&#233;decine principalement b&#233;n&#233;volement, il publie entre 1880 et 1903 plus de 600 &oelig;uvres litt&#233;raires. Tchekhov est connu notamment pour ses pi&#232;ces de th&#233;&#226;tres telles que Les Trois S&oelig;urs, La Mouette ou La Cerisaie. Il est l&#8217;un des auteurs les plus connus de la litt&#233;rature russe, notamment pour sa mani&#232;re typique, neutre et retenue de d&#233;crire les aspects de la vie et de la pens&#233;e des hommes dans la province russe. Ami d&#8217;Ivan Bounine, de Maxime Gorki, de F&#233;dor Chaliapine, d'Alexe&#239; Souvorine, il est l&#8217;oncle de Mikha&#239;l Tchekhov, fils de son fr&#232;re Alexander et de Natalia Golden, et disciple de Constantin Stanislavski.",
"fiche-a-completer": true,
"fiche-publiee": true,
"identifiant-drupal": 455447,
"importance": 0,
"mise-a-jour": "2017-01-22-15-48-57",
"moment-de-creation": "2016-03-25-07-00-02",
"moment-de-modification": "2016-03-25-07-00-02",
"nom": "Anton Tchekhov",
"nom-francais": ["Anton Tchekhov"],
"nom-machine": ["pers-2016-03-25-07-00-02-87534216128"],
"personne-date-deces": "1904",
"personne-date-naissance": "terme-2015-12-06-16-25-27-86966227662",
"personne-nom-famille": "Tchekhov",
"personne-nom-prenom": "Anton",
"site-de-diffusion": ["terme-2015-12-06-16-23-47-86966221646"],
"source-defectueuse": false,
"source-url": "http://www.phdadministration.net/personne/pers-2016-03-25-07-00-02-87534216128",
"sous-type": "pers",
"type": "ressources",
"type-de-ressource": ["terme-2015-12-06-16-27-16-86966234209","terme-2015-12-06-16-27-18-86966234335"]
}