{
"_id": "pers-2016-03-04-03-37-45-87424839942",
"ajouter-aux-favoris": false,
"fiche-a-completer": true,
"fiche-publiee": true,
"importance": 0,
"mise-a-jour": "2017-01-22-15-48-57",
"moment-de-creation": "2016-03-04-03-37-45",
"moment-de-modification": "2016-03-04-03-39-38",
"nom": "Jean-Paul Sartre",
"nom-francais": ["Jean-Paul Sartre"],
"nom-machine": "pers-2016-03-04-03-37-45-87424839942",
"personne-date-deces": "1980-04-15",
"personne-date-naissance": "1905-06-21",
"personne-nom-famille": "Sartre",
"personne-nom-prenom": "Jean-Paul ",
"personne-role": ["terme-2015-12-06-16-23-28-86966220500","terme-2015-12-06-16-23-28-86966220508","terme-2015-12-06-16-23-29-86966220574"],
"personne-wikipedia": "https://fr.wikipedia.org/wiki/Jean-Paul_Sartre",
"site-de-diffusion": ["terme-2015-12-06-16-23-47-86966221646"],
"source-defectueuse": false,
"source-url": "http://www.phdadministration.net/personne/pers-2016-03-04-03-37-45-87424839942",
"sous-type": "pers",
"type": "ressources",
"type-de-ressource": ["terme-2015-12-06-16-27-18-86966234335"]
}