{
"_id": "pers-2016-03-25-07-00-05-87534216350",
"ajouter-aux-favoris": false,
"date-edition": "2016-03-25-07-00-05",
"description": "Raffaello Borghini (n&#233; en 1537 &#224; Florence - mort en 1588 dans la m&#234;me ville) &#233;tait un dramaturge, po&#232;te et critique d'art italien du xvie&#160;si&#232;cle.",
"fiche-a-completer": true,
"fiche-publiee": true,
"identifiant-drupal": 455544,
"importance": 0,
"mise-a-jour": "2017-01-22-15-48-57",
"moment-de-creation": "2016-03-25-07-00-05",
"moment-de-modification": "2016-03-25-07-00-05",
"nom": "Raffaello Borghini",
"nom-francais": ["Raffaello Borghini"],
"nom-machine": ["pers-2016-03-25-07-00-05-87534216350"],
"personne-date-deces": "1588",
"personne-date-naissance": "1537",
"personne-nom-famille": "Borghini",
"personne-nom-prenom": "Raffaello",
"site-de-diffusion": ["terme-2015-12-06-16-23-47-86966221646"],
"source-defectueuse": false,
"source-url": "http://www.phdadministration.net/personne/pers-2016-03-25-07-00-05-87534216350",
"sous-type": "pers",
"type": "ressources",
"type-de-ressource": ["terme-2015-12-06-16-27-16-86966234209","terme-2015-12-06-16-27-18-86966234335"]
}