{
"_id": "pers-2016-03-25-07-00-02-87534216138",
"ajouter-aux-favoris": false,
"date-edition": "2016-03-25-07-00-02",
"description": "Benjamin (dit Ben) Jonson (11 juin 1572 &ndash; 6 ao&#251;t 1637) est un dramaturge anglais de la Renaissance. Inventeur de la &#171;&#160;com&#233;die des humeurs&#160;&#187;, il est notamment connu pour ses pi&#232;ces Volpone et L'Alchimiste et son amiti&#233; et sa rivalit&#233; avec William Shakespeare.",
"fiche-a-completer": true,
"fiche-publiee": true,
"identifiant-drupal": 455453,
"importance": 0,
"mise-a-jour": "2017-01-22-15-48-57",
"moment-de-creation": "2016-03-25-07-00-02",
"moment-de-modification": "2016-03-25-07-00-02",
"nom": "Ben Jonson",
"nom-francais": ["Ben Jonson"],
"nom-machine": ["pers-2016-03-25-07-00-02-87534216138"],
"personne-date-deces": "1637",
"personne-date-naissance": "1572",
"personne-nom-famille": "Jonson",
"personne-nom-prenom": "Ben",
"site-de-diffusion": ["terme-2015-12-06-16-23-47-86966221646"],
"source-defectueuse": false,
"source-url": "http://www.phdadministration.net/personne/pers-2016-03-25-07-00-02-87534216138",
"sous-type": "pers",
"type": "ressources",
"type-de-ressource": ["terme-2015-12-06-16-27-16-86966234209","terme-2015-12-06-16-27-18-86966234335"]
}