{
"_id": "pers-2016-03-25-07-00-03-87534216189",
"ajouter-aux-favoris": false,
"date-edition": "2016-03-25-07-00-03",
"description": "Fran&#231;ois H&#233;delin, connu en litt&#233;rature sous le nom d'abb&#233; d'Aubignac (Paris, 4&#160;ao&#251;t&#160;1604 - Nemours, 25&#160;juillet&#160;1676), est un dramaturge et th&#233;oricien fran&#231;ais du th&#233;&#226;tre.",
"fiche-a-completer": true,
"fiche-publiee": true,
"identifiant-drupal": 455476,
"importance": 0,
"mise-a-jour": "2017-01-22-15-48-57",
"moment-de-creation": "2016-03-25-07-00-03",
"moment-de-modification": "2016-03-25-07-00-03",
"nom": "Fran&#231;ois H&#233;delin",
"nom-francais": ["Fran&#231;ois H&#233;delin"],
"nom-machine": ["pers-2016-03-25-07-00-03-87534216189"],
"personne-date-deces": "1676",
"personne-date-naissance": "1604",
"personne-nom-famille": "H&#233;delin",
"personne-nom-prenom": "Fran&#231;ois",
"site-de-diffusion": ["terme-2015-12-06-16-23-47-86966221646"],
"source-defectueuse": false,
"source-url": "http://www.phdadministration.net/personne/pers-2016-03-25-07-00-03-87534216189",
"sous-type": "pers",
"type": "ressources",
"type-de-ressource": ["terme-2015-12-06-16-27-16-86966234209","terme-2015-12-06-16-27-18-86966234335"]
}