{
"_id": "pers-2016-03-25-07-00-01-87534216112",
"ajouter-aux-favoris": false,
"date-edition": "2016-03-25-07-00-01",
"fiche-a-completer": true,
"fiche-publiee": true,
"identifiant-drupal": 455440,
"importance": 0,
"langue-edition": ["terme-2015-12-06-16-10-42-86966174537"],
"mise-a-jour": "2017-01-22-15-48-57",
"moment-de-creation": "2016-03-25-07-00-01",
"moment-de-modification": "2016-03-25-07-00-01",
"nom": "Albert Camus",
"nom-francais": ["Albert Camus"],
"nom-machine": ["pers-2016-03-25-07-00-01-87534216112"],
"personne-nom-famille": "Camus",
"personne-nom-prenom": "Albert",
"site-de-diffusion": ["terme-2015-12-06-16-23-47-86966221646"],
"source-defectueuse": false,
"source-url": "http://www.phdadministration.net/personne/pers-2016-03-25-07-00-01-87534216112",
"sous-type": "pers",
"type": "ressources",
"type-de-ressource": ["terme-2015-12-06-16-27-16-86966234209","terme-2015-12-06-16-27-18-86966234335"]
}