{
"_id": "pers-2016-03-25-07-00-03-87534216185",
"ajouter-aux-favoris": false,
"date-edition": "2016-03-25-07-00-03",
"description": "F&#233;lix Lope de Vega y Carpio est un dramaturge et po&#232;te espagnol (25&#160;novembre&#160;1562 - 27&#160;ao&#251;t&#160;1635), consid&#233;r&#233; comme l'un des &#233;crivains majeurs du Si&#232;cle d'or espagnol. Surnomm&#233; par Miguel de Cervantes &#171;&#160;le Ph&#233;nix, le monstre de la nature&#160;&#187;, il est le fondateur de la Comedia nueva1 ou tragi-com&#233;die &#224; l'espagnole &#224; un moment o&#249; le th&#233;&#226;tre devenait un ph&#233;nom&#232;ne culturel de masse.<br>Lope de Vega a &#233;t&#233; un auteur extr&#234;mement prolifique&#160;: il aurait &#233;crit environ 3&#160;000 sonnets, 9 &#233;pop&#233;es, des romans, 1&#160;800 pi&#232;ces profanes, 400 drames religieux, de nombreux interm&#232;des2. Il a cultiv&#233; tous les tons et abord&#233; tous les th&#232;mes.<br>Ami de Quevedo et de Juan Ruiz de Alarc&#243;n, ennemi de Luis de G&#243;ngora et envi&#233; par Cervantes, sa vie a &#233;t&#233; aussi extr&#234;me que son &oelig;uvre.",
"fiche-a-completer": true,
"fiche-publiee": true,
"identifiant-drupal": 455474,
"importance": 0,
"mise-a-jour": "2017-01-22-15-48-57",
"moment-de-creation": "2016-03-25-07-00-03",
"moment-de-modification": "2016-03-25-07-00-03",
"nom": "F&#233;lix Lope de Vega",
"nom-francais": ["F&#233;lix Lope de Vega"],
"nom-machine": ["pers-2016-03-25-07-00-03-87534216185"],
"personne-date-deces": "1635",
"personne-date-naissance": "terme-2015-12-06-16-25-10-86966226650",
"personne-nom-famille": "de Vega",
"personne-nom-prenom": "F&#233;lix Lope",
"site-de-diffusion": ["terme-2015-12-06-16-23-47-86966221646"],
"source-defectueuse": false,
"source-url": "http://www.phdadministration.net/personne/pers-2016-03-25-07-00-03-87534216185",
"sous-type": "pers",
"type": "ressources",
"type-de-ressource": ["terme-2015-12-06-16-27-16-86966234209","terme-2015-12-06-16-27-18-86966234335"]
}