{
"_id": "pers-2016-03-25-07-00-05-87534216316",
"ajouter-aux-favoris": false,
"date-edition": "2016-03-25-07-00-05",
"description": "Pierre Carlet de Chamblain de Marivaux (Paris, (baptis&#233; le) 4 f&#233;vrier 1688 - Paris, 12 f&#233;vrier 1763), commun&#233;ment appel&#233; Marivaux, est un &#233;crivain fran&#231;ais. Homme solitaire et discret, longtemps mal compris1, il fut un journaliste, un romancier, mais surtout un auteur dramatique f&#233;cond, qui, amoureux du th&#233;&#226;tre et de la v&#233;rit&#233;, observait en spectateur lucide le monde en pleine &#233;volution et &#233;crivit pour les Com&#233;diens italiens, entre 1722 et 1740, des com&#233;dies sur mesure et d'un ton nouveau, dans le langage &#171;&#160;de la conversation&#160;&#187;. Il est, apr&#232;s Moli&#232;re, Racine, Pierre Corneille et Musset le cinqui&#232;me auteur le plus jou&#233; par la Com&#233;die fran&#231;aise2.",
"fiche-a-completer": true,
"fiche-publiee": true,
"identifiant-drupal": 455528,
"importance": 0,
"mise-a-jour": "2017-01-22-15-48-57",
"moment-de-creation": "2016-03-25-07-00-05",
"moment-de-modification": "2016-03-25-07-00-05",
"nom": "Pierre Carlet de Chamblain de Marivaux",
"nom-francais": ["Pierre Carlet de Chamblain de Marivaux"],
"nom-machine": ["pers-2016-03-25-07-00-05-87534216316"],
"personne-date-deces": "1763",
"personne-date-naissance": "terme-2015-12-06-16-23-37-86966221072",
"personne-nom-famille": "Carlet de Chamblain de Marivaux",
"personne-nom-prenom": "Pierre",
"site-de-diffusion": ["terme-2015-12-06-16-23-47-86966221646"],
"source-defectueuse": false,
"source-url": "http://www.phdadministration.net/personne/pers-2016-03-25-07-00-05-87534216316",
"sous-type": "pers",
"type": "ressources",
"type-de-ressource": ["terme-2015-12-06-16-27-16-86966234209","terme-2015-12-06-16-27-18-86966234335"]
}