{
"_id": "pers-2016-03-25-06-59-10-87534213009",
"ajouter-aux-favoris": false,
"date-edition": "2016-03-25-06-59-10",
"description": "Cornelius CASTORIADIS<br>(1922-1997)<br>N&#233; &#224; Constantinople en 1922, arriv&#233; en France en 1945 pour y faire une th&#232;se de philosophie, puis install&#233; dans ce pays o&#249; il &#233;crira toute son &oelig;uvre en fran&#231;ais, Castoriadis a marqu&#233; son &#233;poque &#224; deux titres. Sur le plan politique d&#8217;abord : il fut le co-fondateur et l&#8217;animateur principal, de 1949 &#224; 1965, d&#8217;un groupe et d&#8217;une revue, Socialisme ou barbarie (issus d&#8217;une dissidence avec le mouvement trotskyste, ils s&#8217;en &#233;loigneront au point de rompre avec le marxisme lui-m&#234;me) qui ont compt&#233; dans la vie politique et intellectuelle, en France et ailleurs, exer&#231;ant une influence consid&#233;rable, d&#8217;abord souterraine, puis ouverte &#224; partir de 1968. Sur le plan philosophique, plus tard, par une activit&#233; multiforme, &#224; la crois&#233;e de plusieurs domaines : philosophie de l&#8217;histoire, &#233;pist&#233;mologie, psychanalyse, &#233;conomie&#8230; Cette recherche philosophique, dont Castoriadis avait fait tr&#232;s t&#244;t sa raison de vivre, remonte au tout d&#233;but de ses ann&#233;es d&#8217;&#233;tudes en Gr&#232;ce ; mais elle n&#8217;est devenue publique qu&#8217;assez tard, &#224; partir de 1970, lorsque, apr&#232;s un quart de si&#232;cle de s&#233;jour en France, il put, ayant &#233;t&#233; naturalis&#233;, publier sous son nom.<br>Mais entre le militant r&#233;volutionnaire et le philosophe, il n&#8217;y a pas de coupure ; nous trouvons, au contraire, une continuit&#233; profonde. Elle est dans le mouvement d&#8217;une pens&#233;e qui se veut &#171; interrogation perp&#233;tuelle, remise en cause radicale des significations h&#233;rit&#233;es, dans la perspective de l&#8217;autonomie individuelle et collective &#187; (comme l&#8217;&#233;crit Nicolas Poirier dans son excellente pr&#233;sentation, Castoriadis. L&#8217;imaginaire radical, Paris, P.U.F., 2004). Cette r&#233;flexion, qui donnera lieu, de 1981 &#224; 1995, &#224; un enseignement &#224; l&#8217; Ecole des Hautes Etudes en Sciences Sociales (EHESS), s&#8217;est nourrie, outre l&#8217;activit&#233; militante, de deux pratiques professionnelles : l&#8217;&#233;conomie (Castoriadis a travaill&#233; comme expert &#224; l&#8217;OCDE de 1945 &#224; 1970) et la psychanalyse (qu&#8217;il a pratiqu&#233;e de 1973 &#224; sa mort).<br>Castoriadis tenait &#224; la Gr&#232;ce par des liens affectifs et intellectuels tr&#232;s forts, qui n&#8217;ont cependant jamais limit&#233; son esprit critique. Ce qui devait pr&#233;valoir &#224; ses yeux, c&#8217;&#233;tait en effet l&#8217;id&#233;e d&#8217;universalit&#233;, n&#233;e dans la Gr&#232;ce ancienne avec la cr&#233;ation conjointe de la d&#233;mocratie et de la philosophie ; on peut dire qu&#8217;il a consacr&#233; sa vie &#224; la d&#233;fendre et &#224; l&#8217;&#233;lucider.<br>Son livre fondamental, L&#8217;Institution imaginaire de la soci&#233;t&#233; (1975), et la s&#233;rie qui l&#8217;a suivi, intitul&#233;e &#171; Les Carrefours du labyrinthe &#187; (6 volumes parus &#224; partir de 1979), sont publi&#233;s aux &#233;ditions du Seuil, ainsi que le texte des s&#233;minaires donn&#233;s &#224; l&#8217;EHESS (3 volumes parus).<br>Pour une premi&#232;re approche, tr&#232;s vivante et d&#8217;acc&#232;s facile, on pourra lire, aux &#233;ditions de l&#8217;Aube, le texte d&#8217;un entretien radiophonique de Castoriadis avec Daniel Mermet, Post-scriptum sur l&#8217;insignifiance.",
"fiche-a-completer": true,
"fiche-publiee": true,
"identifiant-drupal": 271727,
"importance": 0,
"langue-edition": ["terme-2015-12-06-16-10-42-86966174537"],
"mise-a-jour": "2017-01-22-15-48-57",
"moment-de-creation": "2016-03-25-06-59-10",
"moment-de-modification": "2016-03-25-06-59-10",
"mots-clefs": ["&#233;conomie","d&#233;mocratie","Epist&#233;mologie","Marxisme","philosophie","Psychanalyse","Socialisme","trotskysme"],
"nom": "Cornelius Castoriadis",
"nom-francais": ["Cornelius Castoriadis"],
"nom-machine": ["pers-2016-03-25-06-59-10-87534213009"],
"personne-date-deces": "1997",
"personne-date-naissance": "terme-2015-12-06-16-25-30-86966227848",
"personne-nom-famille": "Castoriadis",
"personne-nom-prenom": "Cornelius",
"site-de-diffusion": ["terme-2015-12-06-16-23-47-86966221646"],
"source-defectueuse": false,
"source-url": "http://www.phdadministration.net/personne/pers-2016-03-25-06-59-10-87534213009",
"sous-type": "pers",
"tip": "Philosophe,militant socialiste,politique, chercheur en psychanalyse, &#233;conomie, &#233;pist&#233;mologie",
"type": "ressources",
"type-de-ressource": ["terme-2015-12-06-16-27-16-86966234209","terme-2015-12-06-16-27-18-86966234335"]
}