{
"_id": "pers-2016-03-25-07-00-04-87534216271",
"ajouter-aux-favoris": false,
"date-edition": "2016-03-25-07-00-04",
"description": "Jean-Pierre Vallotton, n&#233; &#224; Gen&#232;ve le 3&#160;mai&#160;1955, est un &#233;crivain suisse.<br>Apr&#232;s des &#233;tudes de lettres et d'art dramatique, on retrouve son nom dans des entretiens publi&#233;s avec Jean Tardieu, ainsi que diff&#233;rents &#233;crits dans la &quot;NRF&quot;, &quot;Sud&quot;, &quot;Europe&quot;, la &quot;Revue des Belles-Lettres&quot;, &quot;PoEsie&quot;. Parall&#232;lement &#224; ses &#233;tudes, il suit pendant quatre ans les cours d&#8217;art dramatique de Paul Pasquier. Il interpr&#232;te sur sc&#232;ne Musset, Oscar Wilde, Marivaux, Giraudoux, Zeami, Robert Thomas, etc. Il cr&#233;e ensuite la troupe du Th&#233;&#226;tre de Chambre qui pr&#233;sente plusieurs spectacles po&#233;tiques. En 1977, sa pi&#232;ce pour marionnettes, M&#233;tronome la lumi&#232;re, est cr&#233;&#233;e au Th&#233;&#226;tre de Vidy.<br>Un premier recueil de po&#232;mes para&#238;t en 1987. Sa longue amiti&#233; avec Jean Tardieu donne lieu &#224; un livre d&#8217;entretiens, publi&#233; l&#8217;ann&#233;e suivante: Causeries devant la fen&#234;tre. Il traduit d&#8217;autre part en fran&#231;ais Wolfgang Borchert, Ion Caraion, Sylvia Plath et Robert Louis Stevenson et collabore &#224; de nombreuses revues. Ses propres essais et po&#232;mes ont &#233;t&#233; traduits en anglais, hongrois, n&#233;erlandais, espagnol, allemand, tch&#232;que, roumain, grec, mac&#233;donien, arabe, italien et farsi. On lui doit aussi: Tout cela br&#251;lera, La Bartavelle (1992), Face aux ruines blanches de l'enfance, L'&#194;ge d'Homme (1995), Relief d'un automne, L'Arbre &#224; paroles (1995); Blancheur d&#233;vast&#233;e, &#233;d. d'Orzens et enfin Sommeils de givre sommeils de plombaux &#233;ditions Empreintes (1997).<br>D&#232;s 1997, Jean-Pierre Vallotton re&#231;oit de nombreux prix litt&#233;raires en Belgique (prix Unimuse), France, (prix Louise-Lab&#233;, prix Poncetton de la Soci&#233;t&#233; des Gens de Lettres), Suisse (Hermann Ganz de la Soci&#233;t&#233; suisse des &#233;crivains, de la Ville de Lancy).<br>En juin 2004, Jean-Pierre Vallotton participe au tournage du film de Thomas Grandjean sur Pierrette Micheloud, Chemins de po&#233;sie. Il est membre de la Soci&#233;t&#233; des gens de lettres de France, de l&#8217;Association des autrices et auteurs de Suisse, ainsi que de l&#8217;Association des traducteurs litt&#233;raires de France. Membre du Conseil de la Fondation Pierrette Micheloud, il est &#233;galement pr&#233;sident du jury de ses prix litt&#233;raires.",
"fiche-a-completer": true,
"fiche-publiee": true,
"identifiant-drupal": 455510,
"importance": 0,
"mise-a-jour": "2017-01-22-15-48-57",
"moment-de-creation": "2016-03-25-07-00-04",
"moment-de-modification": "2016-03-25-07-00-04",
"nom": "Jean-Pierre Vallotton",
"nom-francais": ["Jean-Pierre Vallotton"],
"nom-machine": ["pers-2016-03-25-07-00-04-87534216271"],
"personne-date-naissance": "terme-2015-12-06-16-25-32-86966227955",
"personne-nom-famille": "Vallotton",
"personne-nom-prenom": "Jean-Pierre",
"site-de-diffusion": ["terme-2015-12-06-16-23-47-86966221646"],
"source-defectueuse": false,
"source-url": "http://www.phdadministration.net/personne/pers-2016-03-25-07-00-04-87534216271",
"sous-type": "pers",
"type": "ressources",
"type-de-ressource": ["terme-2015-12-06-16-27-16-86966234209","terme-2015-12-06-16-27-18-86966234335"]
}