{
"_id": "pers-2016-03-25-07-00-04-87534216275",
"ajouter-aux-favoris": false,
"date-edition": "2016-03-25-07-00-04",
"description": "Jean-Baptiste Poquelin, dit Moli&#232;re, n&#233; &#224; Paris, baptis&#233; le 15&#160;janvier&#160;1622 et mort &#224; Paris le 17&#160;f&#233;vrier&#160;1673, est un dramaturge auteur de com&#233;dies, mais aussi un com&#233;dien et chef de troupe de th&#233;&#226;tre fran&#231;ais qui s'est illustr&#233; au d&#233;but du r&#232;gne de Louis XIV.<br>Issu d'une famille de petite bourgeoisie parisienne (son p&#232;re occupe la charge de &#171;&#160;tapissier du Roi&#160;&#187;), Jean-Baptiste Poquelin se consacre au th&#233;&#226;tre &#224; 21 ans apr&#232;s la rencontre de Madeleine et Joseph B&#233;jart avec qui il fonde &#171;&#160;l'Illustre Th&#233;&#226;tre&#160;&#187; et prend le pseudonyme de Moli&#232;re. Apr&#232;s la faillite de la troupe, il quitte Paris et parcourt les diff&#233;rentes provinces de 1645 &#224; 1658 en &#233;crivant ses premi&#232;res farces (L'&#201;tourdi &ndash; Le D&#233;pit amoureux).<br>De retour &#224; Paris en 1658, il obtient la protection du fr&#232;re du roi&#160;: sa troupe prend le nom de &#171;&#160;Troupe de Monsieur&#160;&#187; et repr&#233;sente en particulier les trag&#233;dies de Pierre Corneille (Nicom&#232;de &ndash; Cinna). Sa carri&#232;re d'auteur dramatique commence vraiment avec Les Pr&#233;cieuses ridicules qui remporte un grand succ&#232;s en novembre 1659. Soutenu par le roi Louis XIV, (mal)mari&#233; avec Armande B&#233;jart et vite malade du poumon, Moli&#232;re affronte les cabales et continue &#224; jouer et &#224; diriger sa troupe &ndash; devenue &#171;&#160;Troupe du Roy&#160;&#187; - tout en &#233;crivant des com&#233;dies de genres vari&#233;s (des com&#233;dies proches de la farce comme Le m&#233;decin malgr&#233; lui (1666) ou Les Fourberies de Scapin (1671), des com&#233;dies plus psychologiques comme L'&#201;cole des femmes (1662) ou L'Avare (1668), des com&#233;dies-ballets comme Le Bourgeois gentilhomme en 1670 (avec Lully) ou Le malade imaginaire (avec Marc-Antoine Charpentier) en 1673, des pi&#232;ces plus &#233;labor&#233;es approfondissant caract&#232;re et &#233;tude sociale, en vers comme Le Misanthrope (1665), Tartuffe (1664-1669), Les Femmes savantes (1672), ou en prose comme Dom Juan (1665).<br>Peintre des m&oelig;urs de son temps, surtout de la bourgeoisie dont il d&#233;nonce les travers (pr&#233;tention nobiliaire, place des femmes, mariage d'int&#233;r&#234;t...), Moli&#232;re a cr&#233;&#233; en m&#234;me temps des personnages individualis&#233;s embl&#233;matiques et approfondis dont la liste est longue&#160;: Monsieur Jourdain, Harpagon, Alceste et C&#233;lim&#232;ne, Orgon et Tartuffe, Dom Juan et son valet Sganarelle, Argan le malade imaginaire...<br>L'invention dramatique de Moli&#232;re est assez limit&#233;e puisqu'il reprend Plaute (L'Avare), les fabliaux (Le m&#233;decin malgr&#233; lui), les auteurs espagnols et italiens (Dom Juan) et des th&#232;mes trait&#233;es par d'autres &#224; son &#233;poque. Mais son &oelig;uvre &#233;crite sur 15 ans montre &#224; la fois une grande vari&#233;t&#233; et une grande v&#233;rit&#233; humaine en m&#234;me temps qu'une ma&#238;trise efficace du jeu sc&#233;nique et du texte de th&#233;&#226;tre qui r&#233;v&#232;le l'homme de sc&#232;ne qu'il &#233;tait avant tout puisqu'il a continu&#233; &#224; jouer malgr&#233; la maladie jusqu'&#224; son dernier jour survenu &#224; 51 ans, le 17 f&#233;vrier 1673.<br>Moli&#232;re demeure depuis le XVIIe si&#232;cle l'un des tout premiers auteurs de com&#233;dies de la litt&#233;rature fran&#231;aise, chaque &#233;poque trouvant en lui des th&#233;matiques modernes. Il constitue aussi un des piliers de l'enseignement litt&#233;raire en France.",
"fiche-a-completer": true,
"fiche-publiee": true,
"identifiant-drupal": 455512,
"importance": 0,
"mise-a-jour": "2017-01-22-15-48-57",
"moment-de-creation": "2016-03-25-07-00-04",
"moment-de-modification": "2016-03-25-07-00-04",
"nom": "Moli&#232;re",
"nom-francais": ["Moli&#232;re"],
"nom-machine": ["pers-2016-03-25-07-00-04-87534216275"],
"personne-date-deces": "1673",
"personne-date-naissance": "1622",
"personne-nom-famille": "Poquelin",
"personne-nom-prenom": "Jean-Baptiste",
"site-de-diffusion": ["terme-2015-12-06-16-23-47-86966221646"],
"source-defectueuse": false,
"source-url": "http://www.phdadministration.net/personne/pers-2016-03-25-07-00-04-87534216275",
"sous-type": "pers",
"type": "ressources",
"type-de-ressource": ["terme-2015-12-06-16-27-16-86966234209","terme-2015-12-06-16-27-18-86966234335"]
}