{
"_id": "pers-2016-03-25-07-00-05-87534216304",
"ajouter-aux-favoris": false,
"date-edition": "2016-03-25-07-00-05",
"description": "Marcel Aym&#233; est un &#233;crivain, dramaturge et nouvelliste fran&#231;ais, n&#233; &#224; Joigny le 29&#160;mars&#160;1902 et mort &#224; Paris le 14&#160;octobre&#160;1967. &#201;crivain prolifique, il a laiss&#233; deux essais, dix-sept romans, plusieurs dizaines de nouvelles, une dizaine de pi&#232;ces de th&#233;&#226;tre, plus de cent soixante articles et des contes.<br>Il est rest&#233; tr&#232;s attach&#233; &#224; sa r&#233;gion d'origine, la Franche-Comt&#233;, &#224; laquelle il a fait une place de choix dans ses romans&#160;: La Table aux crev&#233;s (1929) pour lequel il obtient le Prix Renaudot, La Vouivre (1941), Gustalin (1938). Mais il est n&#233;anmoins devenu un v&#233;ritable &#171;&#160;parigot&#160;&#187; de Paris dont il a mis en sc&#232;ne les classes populaires&#160;: La Rue sans nom (1930) pour lequel il obtient le Prix du roman populiste, la petite bourgeoisie&#160;: Le B&oelig;uf clandestin (1939), les intellectuels et les snobs&#160;: Travelingue (1941).<br>En cela il fournit une &#171;&#160;&#233;tude sociale&#160;&#187;, avec un vocabulaire pr&#233;cis pour chaque type humain. Son langage est d'ailleurs un des plus riches de la litt&#233;rature contemporaine, m&#234;lant argot, fran&#231;ais ch&#226;ti&#233;, patois r&#233;gional franc-comtois, et anglais phon&#233;tiquement francis&#233;1,2<br>Tr&#232;s attaqu&#233; par la critique, y compris pour ses textes les plus inoffensifs comme Les Contes du chat perch&#233;3, son succ&#232;s a &#233;t&#233; assur&#233; surtout par le public. Au th&#233;&#226;tre, son plaidoyer contre la peine de mort La T&#234;te des autres, 1952 a soulev&#233; de vives r&#233;actions, mais aussi de l'enthousiasme tout comme ses com&#233;dies grin&#231;antes Cl&#233;rambard, 1950, Lucienne et le boucher, 1948.<br>Il a &#233;galement &#233;crit de nombreux sc&#233;narios, traduit des auteurs am&#233;ricains importants&#160;: Arthur Miller (Les Sorci&#232;res de Salem), Tennessee Williams (La Nuit de l'iguane). De nombreux films, t&#233;l&#233;films et dessins anim&#233;s ont &#233;t&#233; tir&#233;s de ses &oelig;uvres. Mais, cultivant son statut d'&#233;crivain politiquement incorrect, il est rest&#233; tr&#232;s &#224; l'&#233;cart des milieux intellectuels, ce qui l'a fait classer dans les &#233;crivains d'abord de gauche, puis de droite, puis anarchiste de droite 4.",
"fiche-a-completer": true,
"fiche-publiee": true,
"identifiant-drupal": 455523,
"importance": 0,
"mise-a-jour": "2017-01-22-15-48-57",
"moment-de-creation": "2016-03-25-07-00-05",
"moment-de-modification": "2016-03-25-07-00-05",
"nom": "Marcel Aym&#233;",
"nom-francais": ["Marcel Aym&#233;"],
"nom-machine": ["pers-2016-03-25-07-00-05-87534216304"],
"personne-date-deces": "1967",
"personne-date-naissance": "terme-2015-12-06-16-25-29-86966227768",
"personne-nom-famille": "Aym&#233;",
"personne-nom-prenom": "Marcel",
"site-de-diffusion": ["terme-2015-12-06-16-23-47-86966221646"],
"source-defectueuse": false,
"source-url": "http://www.phdadministration.net/personne/pers-2016-03-25-07-00-05-87534216304",
"sous-type": "pers",
"type": "ressources",
"type-de-ressource": ["terme-2015-12-06-16-27-16-86966234209","terme-2015-12-06-16-27-18-86966234335"]
}