{
"_id": "pers-2016-03-25-06-58-31-87534210712",
"ajouter-aux-favoris": false,
"date-edition": "2016-03-25-06-58-31",
"description": "Preneur de son professionnel<br>Cr&#233;ateur d'art autochtone de classe mondiale (capteurs de r&#234;ves, calumets de paix)<br>Initiateur de projets &#224; grand d&#233;ploiement en tourisme 5 &#233;toiles<br>Inventeur",
"fiche-a-completer": true,
"fiche-publiee": true,
"identifiant-drupal": 10396,
"importance": 0,
"mise-a-jour": "2017-01-22-15-48-57",
"moment-de-creation": "2016-03-25-06-58-31",
"moment-de-modification": "2016-03-25-06-58-31",
"mots-clefs": ["am&#233;rindien","art","artiste","autochtone","images","th&#232;me"],
"nom": "Nick (Dominique) Huard",
"nom-francais": ["Nick (Dominique) Huard"],
"nom-machine": ["pers-2016-03-25-06-58-31-87534210712"],
"personne-nom-famille": "Huard",
"personne-nom-prenom": "Nick",
"site-de-diffusion": ["terme-2015-12-06-16-23-47-86966221646"],
"source-defectueuse": false,
"source-url": "http://www.phdadministration.net/personne/pers-2016-03-25-06-58-31-87534210712",
"sous-type": "pers",
"tip": "Cr&#233;ateur am&#233;rindien de Kahnawake",
"type": "ressources",
"type-de-ressource": ["terme-2015-12-06-16-27-16-86966234209","terme-2015-12-06-16-27-18-86966234335"]
}