{
"_id": "pers-2016-03-25-07-00-06-87534216371",
"ajouter-aux-favoris": false,
"date-edition": "2016-03-25-07-00-06",
"description": "Thomas Lanier Williams, dit Tennessee Williams, n&#233; le 26&#160;mars&#160;1911 &#224; Columbus dans le Mississippi aux &#201;tats-Unis, mort le 25&#160;f&#233;vrier&#160;1983 &#224; New York, est un &#233;crivain am&#233;ricain dont de nombreuses &oelig;uvres furent port&#233;es au cin&#233;ma.",
"fiche-a-completer": true,
"fiche-publiee": true,
"identifiant-drupal": 455553,
"importance": 0,
"mise-a-jour": "2017-01-22-15-48-57",
"moment-de-creation": "2016-03-25-07-00-06",
"moment-de-modification": "2016-03-25-07-00-06",
"nom": "Tennessee Williams",
"nom-francais": ["Tennessee Williams"],
"nom-machine": ["pers-2016-03-25-07-00-06-87534216371"],
"personne-date-deces": "1983",
"personne-date-naissance": "terme-2015-12-06-16-25-30-86966227817",
"personne-nom-famille": "Williams",
"personne-nom-prenom": "Thomas Lanier",
"site-de-diffusion": ["terme-2015-12-06-16-23-47-86966221646"],
"source-defectueuse": false,
"source-url": "http://www.phdadministration.net/personne/pers-2016-03-25-07-00-06-87534216371",
"sous-type": "pers",
"type": "ressources",
"type-de-ressource": ["terme-2015-12-06-16-27-16-86966234209","terme-2015-12-06-16-27-18-86966234335"]
}