{
"_id": "pers-2016-03-25-07-00-03-87534216180",
"ajouter-aux-favoris": false,
"date-edition": "2016-03-25-07-00-03",
"description": "Euripide (en grec ancien &#917;&#8016;&#961;&#953;&#960;&#943;&#948;&#951;&#962; / Eurip&#237;d&#234;s), n&#233; &#224; Salamine vers 480 av. J.-C., mort en Mac&#233;doine en 406 av. J.-C., est un po&#232;te tragique grec.",
"fiche-a-completer": true,
"fiche-publiee": true,
"identifiant-drupal": 455472,
"importance": 0,
"mise-a-jour": "2017-01-22-15-48-57",
"moment-de-creation": "2016-03-25-07-00-03",
"moment-de-modification": "2016-03-25-07-00-03",
"nom": "Euripide",
"nom-francais": ["Euripide"],
"nom-machine": ["pers-2016-03-25-07-00-03-87534216180"],
"personne-date-deces": "-406",
"personne-date-naissance": "-480",
"personne-nom-famille": "Euripide",
"site-de-diffusion": ["terme-2015-12-06-16-23-47-86966221646"],
"source-defectueuse": false,
"source-url": "http://www.phdadministration.net/personne/pers-2016-03-25-07-00-03-87534216180",
"sous-type": "pers",
"type": "ressources",
"type-de-ressource": ["terme-2015-12-06-16-27-16-86966234209","terme-2015-12-06-16-27-18-86966234335"]
}