{
"_id": "pers-2016-03-25-06-59-39-87534214779",
"ajouter-aux-favoris": false,
"date-edition": "2016-03-25-06-59-39",
"fiche-a-completer": true,
"fiche-publiee": true,
"identifiant-drupal": 4356,
"importance": 0,
"langue-edition": ["terme-2015-12-06-16-10-42-86966174537"],
"mise-a-jour": "2017-01-22-15-48-57",
"moment-de-creation": "2016-03-25-06-59-39",
"moment-de-modification": "2016-03-25-06-59-39",
"nom": "Ibn Khaldoun",
"nom-francais": ["Ibn Khaldoun"],
"nom-machine": ["pers-2016-03-25-06-59-39-87534214779"],
"personne-nom-famille": "Khaldun ",
"personne-nom-prenom": "Ibn",
"site-de-diffusion": ["terme-2015-12-06-16-23-47-86966221646"],
"source-defectueuse": false,
"source-url": "http://www.phdadministration.net/personne/pers-2016-03-25-06-59-39-87534214779",
"sous-type": "pers",
"tip": "(1332/ah732&ndash;1406/ah808)",
"type": "ressources",
"type-de-ressource": ["terme-2015-12-06-16-27-16-86966234209","terme-2015-12-06-16-27-18-86966234335"]
}