{
"_id": "pers-2016-03-25-06-58-51-87534211871",
"ajouter-aux-favoris": false,
"date-edition": "2016-03-25-06-58-51",
"fiche-a-completer": true,
"fiche-publiee": true,
"identifiant-drupal": 21139,
"importance": 0,
"mise-a-jour": "2017-01-22-15-48-57",
"moment-de-creation": "2016-03-25-06-58-51",
"moment-de-modification": "2016-03-25-06-58-51",
"nom": "Bikya Masr",
"nom-francais": ["Bikya Masr"],
"nom-machine": ["pers-2016-03-25-06-58-51-87534211871"],
"personne-nom-famille": "Masr",
"personne-nom-prenom": "Bikya",
"site-de-diffusion": ["terme-2015-12-06-16-23-47-86966221646"],
"source-defectueuse": false,
"source-url": "http://www.phdadministration.net/personne/pers-2016-03-25-06-58-51-87534211871",
"sous-type": "pers",
"tip": "Independent news for the world",
"type": "ressources",
"type-de-ressource": ["terme-2015-12-06-16-27-16-86966234209","terme-2015-12-06-16-27-18-86966234335","terme-2015-12-06-16-27-19-86966234380","terme-2015-12-06-16-27-20-86966234423"]
}