{
"_id": "pers-2016-03-25-06-58-56-87534212160",
"ajouter-aux-favoris": false,
"date-edition": "2016-03-25-06-58-56",
"fiche-a-completer": true,
"fiche-publiee": true,
"identifiant-drupal": 23642,
"importance": 0,
"mise-a-jour": "2017-01-22-15-48-57",
"moment-de-creation": "2016-03-25-06-58-56",
"moment-de-modification": "2016-03-25-06-58-56",
"nom": "Jer&#244;me Carlos",
"nom-francais": ["Jer&#244;me Carlos"],
"nom-machine": ["pers-2016-03-25-06-58-56-87534212160"],
"personne-nom-famille": "Carlos",
"personne-nom-prenom": "Jer&#244;me",
"site-de-diffusion": ["terme-2015-12-06-16-23-47-86966221646"],
"source-defectueuse": false,
"source-url": "http://www.phdadministration.net/personne/pers-2016-03-25-06-58-56-87534212160",
"sous-type": "pers",
"type": "ressources",
"type-de-ressource": ["terme-2015-12-06-16-27-16-86966234209","terme-2015-12-06-16-27-18-86966234335","terme-2015-12-06-16-27-19-86966234380"]
}