{
"_id": "pers-2016-03-25-07-00-02-87534216142",
"ajouter-aux-favoris": false,
"date-edition": "2016-03-25-07-00-02",
"fiche-a-completer": true,
"fiche-publiee": true,
"identifiant-drupal": 455455,
"importance": 0,
"mise-a-jour": "2017-01-22-15-48-57",
"moment-de-creation": "2016-03-25-07-00-02",
"moment-de-modification": "2016-03-25-07-00-02",
"nom": "Bertolt Brecht",
"nom-francais": ["Bertolt Brecht"],
"nom-machine": ["pers-2016-03-25-07-00-02-87534216142"],
"personne-nom-famille": "Brecht",
"personne-nom-prenom": "Bertolt",
"site-de-diffusion": ["terme-2015-12-06-16-23-47-86966221646"],
"source-defectueuse": false,
"source-url": "http://www.phdadministration.net/personne/pers-2016-03-25-07-00-02-87534216142",
"sous-type": "pers",
"type": "ressources",
"type-de-ressource": ["terme-2015-12-06-16-27-16-86966234209","terme-2015-12-06-16-27-18-86966234335"]
}