{
"_id": "pers-2016-03-25-07-00-01-87534216089",
"ajouter-aux-favoris": false,
"date-edition": "2016-03-25-07-00-01",
"description": "Fr&#233;d&#233;rick Lema&#238;tre, n&#233; Antoine Louis Prosper Lema&#238;tre au Havre le 21&#160;juillet&#160;1800 et mort &#224; Paris le 26&#160;janvier&#160;1876, est un acteur fran&#231;ais.<br>Il fut l&#8217;un des plus c&#233;l&#232;bres acteurs du boulevard du crime.",
"fiche-a-completer": true,
"fiche-publiee": true,
"identifiant-drupal": 455429,
"importance": 0,
"mise-a-jour": "2017-01-22-15-48-57",
"moment-de-creation": "2016-03-25-07-00-01",
"moment-de-modification": "2016-03-25-07-00-01",
"nom": "Fr&#233;d&#233;rick Lema&#238;tre",
"nom-francais": ["Fr&#233;d&#233;rick Lema&#238;tre"],
"nom-machine": ["pers-2016-03-25-07-00-01-87534216089"],
"personne-date-deces": "1876",
"personne-date-naissance": "terme-2015-12-06-16-25-22-86966227361",
"personne-nom-famille": "Lema&#238;tre",
"personne-nom-prenom": "Fr&#233;d&#233;rick",
"site-de-diffusion": ["terme-2015-12-06-16-23-47-86966221646"],
"source-defectueuse": false,
"source-url": "http://www.phdadministration.net/personne/pers-2016-03-25-07-00-01-87534216089",
"sous-type": "pers",
"type": "ressources",
"type-de-ressource": ["terme-2015-12-06-16-27-16-86966234209","terme-2015-12-06-16-27-18-86966234335"]
}