{
"_id": "pers-2016-03-25-07-00-03-87534216220",
"ajouter-aux-favoris": false,
"date-edition": "2016-03-25-07-00-03",
"description": "Hanoch Levin (orthographe de sa traduction fran&#231;aise) est un dramaturge et metteur en sc&#232;ne isra&#233;lien, n&#233; dans la banlieue de Tel-Aviv en Palestine mandataire, le 18&#160;d&#233;cembre&#160;1943, et mort pr&#233;matur&#233;ment &#224; l&#8217;&#226;ge de 55 ans des suites d&#8217;un cancer des os le 18&#160;ao&#251;t&#160;1999 sur la terre d'Isra&#235;l. Cette p&#233;riode o&#249; bascule le destin de deux peuples, le situe au c&oelig;ur du conflit qui s'exacerbe au Moyen-Orient, sous ses yeux, dans sa chair, au c&oelig;ur de la soci&#233;t&#233; o&#249; il vit, travaille, respire. A propos de son &oelig;uvre, Nurit Yaari, professeur &#224; l'universit&#233; de Tel-Aviv d&#233;clare&#160;: &#171;&#160;L'&oelig;uvre th&#233;&#226;trale de HanoCh Levin est impr&#233;gn&#233;e d'une critique virulente de la r&#233;alit&#233; politique, sociale et culturelle de l'&#201;tat d'Isra&#235;l. Avec une acuit&#233; hors du commun, Levin n'a cess&#233; d&#8217;interpeller ses concitoyens contre les cons&#233;quences nuisibles d'une occupation durable des territoires conquis.&#160;&#187;",
"fiche-a-completer": true,
"fiche-publiee": true,
"identifiant-drupal": 455489,
"importance": 0,
"mise-a-jour": "2017-01-22-15-48-57",
"moment-de-creation": "2016-03-25-07-00-03",
"moment-de-modification": "2016-03-25-07-00-03",
"nom": "Hanoch Levin",
"nom-francais": ["Hanoch Levin"],
"nom-machine": ["pers-2016-03-25-07-00-03-87534216220"],
"personne-date-deces": "1999",
"personne-date-naissance": "terme-2015-12-06-16-25-31-86966227911",
"personne-nom-famille": "Levin",
"personne-nom-prenom": "Hanoch",
"site-de-diffusion": ["terme-2015-12-06-16-23-47-86966221646"],
"source-defectueuse": false,
"source-url": "http://www.phdadministration.net/personne/pers-2016-03-25-07-00-03-87534216220",
"sous-type": "pers",
"type": "ressources",
"type-de-ressource": ["terme-2015-12-06-16-27-16-86966234209","terme-2015-12-06-16-27-18-86966234335"]
}