{
"_id": "pers-2016-03-25-07-00-01-87534216104",
"ajouter-aux-favoris": false,
"date-edition": "2016-03-25-07-00-01",
"description": "Sacha Guitry, de son nom complet Alexandre Georges-Pierre Guitry, est un com&#233;dien et dramaturge fran&#231;ais, metteur en sc&#232;ne de th&#233;&#226;tre, r&#233;alisateur et sc&#233;nariste de cin&#233;ma, n&#233; le 21&#160;f&#233;vrier&#160;1885 &#224; Saint-P&#233;tersbourg (Russie) et mort le 24&#160;juillet&#160;1957 &#224; Paris.<br>Auteur dramatique prolifique, il a &#233;crit 124 pi&#232;ces de th&#233;&#226;tre, dont beaucoup furent de grands succ&#232;s, et en a adapt&#233; lui-m&#234;me dix-sept au cin&#233;ma. Interpr&#232;te de la quasi-totalit&#233; de ses films, il est l'auteur d'une &oelig;uvre cin&#233;matographique, riche de trente-six films, qui comprend notamment Le Roman d'un tricheur, D&#233;sir&#233;, Mon p&#232;re avait raison, Quadrille, Ils &#233;taient neuf c&#233;libataires, La Poison, Si Versailles m'&#233;tait cont&#233;, Assassins et voleurs.",
"fiche-a-completer": true,
"fiche-publiee": true,
"identifiant-drupal": 455437,
"importance": 0,
"mise-a-jour": "2017-01-22-15-48-57",
"moment-de-creation": "2016-03-25-07-00-01",
"moment-de-modification": "2016-03-25-07-00-01",
"nom": "Sacha Guitry",
"nom-francais": ["Sacha Guitry"],
"nom-machine": ["pers-2016-03-25-07-00-01-87534216104"],
"personne-date-deces": "1957",
"personne-date-naissance": "terme-2015-12-06-16-25-29-86966227743",
"personne-nom-famille": "Guitry",
"personne-nom-prenom": "Sacha",
"site-de-diffusion": ["terme-2015-12-06-16-23-47-86966221646"],
"source-defectueuse": false,
"source-url": "http://www.phdadministration.net/personne/pers-2016-03-25-07-00-01-87534216104",
"sous-type": "pers",
"type": "ressources",
"type-de-ressource": ["terme-2015-12-06-16-27-16-86966234209","terme-2015-12-06-16-27-18-86966234335"]
}