{
"_id": "pers-2016-03-25-07-00-01-87534216109",
"ajouter-aux-favoris": false,
"date-edition": "2016-03-25-07-00-01",
"description": "Fran&#231;ois-Joseph Talma (Paris, 15&#160;janvier&#160;1763 - &dagger; 19&#160;octobre&#160;1826) fut l'acteur fran&#231;ais le plus prestigieux de son &#233;poque, suivant en cela Lekain.",
"fiche-a-completer": true,
"fiche-publiee": true,
"identifiant-drupal": 455439,
"importance": 0,
"mise-a-jour": "2017-01-22-15-48-57",
"moment-de-creation": "2016-03-25-07-00-01",
"moment-de-modification": "2016-03-25-07-00-01",
"nom": "Fran&#231;ois-Joseph Talma",
"nom-francais": ["Fran&#231;ois-Joseph Talma"],
"nom-machine": ["pers-2016-03-25-07-00-01-87534216109"],
"personne-date-deces": "1826",
"personne-date-naissance": "terme-2015-12-06-16-23-44-86966221446",
"personne-nom-famille": "Talma",
"personne-nom-prenom": "Fran&#231;ois-Joseph",
"site-de-diffusion": ["terme-2015-12-06-16-23-47-86966221646"],
"source-defectueuse": false,
"source-url": "http://www.phdadministration.net/personne/pers-2016-03-25-07-00-01-87534216109",
"sous-type": "pers",
"type": "ressources",
"type-de-ressource": ["terme-2015-12-06-16-27-16-86966234209","terme-2015-12-06-16-27-18-86966234335"]
}