{
"_id": "pers-2016-03-25-07-00-06-87534216396",
"ajouter-aux-favoris": false,
"date-edition": "2016-03-25-07-00-06",
"description": "William Shakespeare, n&#233; probablement le 23&#160;avril&#160;1564 &#224; Stratford-upon-Avon et mort le 23&#160;avril&#160;1616 dans la m&#234;me ville, est consid&#233;r&#233; comme l'un des plus grands po&#232;tes, dramaturges et &#233;crivains de la culture anglaise1. Il est r&#233;put&#233; pour sa ma&#238;trise des formes po&#233;tiques et litt&#233;raires, ainsi que sa capacit&#233; &#224; repr&#233;senter les aspects de la nature humaine.<br>Figure &#233;minente de la culture occidentale, Shakespeare continue d&#8217;influencer les artistes d&#8217;aujourd&#8217;hui. Il est traduit dans un grand nombre de langues et ses pi&#232;ces sont r&#233;guli&#232;rement jou&#233;es partout dans le monde. Shakespeare est l&#8217;un des rares dramaturges &#224; avoir pratiqu&#233; aussi bien la com&#233;die que la trag&#233;die.<br>Shakespeare &#233;crivit trente-sept &oelig;uvres dramatiques entre les ann&#233;es 1580 et 1613. Mais la chronologie exacte de ses pi&#232;ces est encore sujette &#224; discussion. Cependant, le volume de ses cr&#233;ations n'appara&#238;t pas comme exceptionnel en regard des crit&#232;res de l&#8217;&#233;poque.<br>On mesure l&#8217;influence de Shakespeare sur la culture anglo-saxonne en observant les nombreuses r&#233;f&#233;rences qui lui sont faites, que ce soit &#224; travers des citations, des titres d&#8217;&oelig;uvres ou les innombrables adaptations de ses travaux. L'anglais est &#233;galement surnomm&#233; &#171;&#160;la langue de Shakespeare&#160;&#187;.",
"fiche-a-completer": true,
"fiche-publiee": true,
"identifiant-drupal": 455564,
"importance": 0,
"mise-a-jour": "2017-01-22-15-48-57",
"moment-de-creation": "2016-03-25-07-00-06",
"moment-de-modification": "2016-03-25-07-00-06",
"nom": "William Shakespeare",
"nom-francais": ["William Shakespeare"],
"nom-machine": ["pers-2016-03-25-07-00-06-87534216396"],
"personne-date-deces": "1616",
"personne-date-naissance": "terme-2015-12-06-16-25-16-86966227008",
"personne-nom-famille": "Shakespeare",
"personne-nom-prenom": "William",
"site-de-diffusion": ["terme-2015-12-06-16-23-47-86966221646"],
"source-defectueuse": false,
"source-url": "http://www.phdadministration.net/personne/pers-2016-03-25-07-00-06-87534216396",
"sous-type": "pers",
"type": "ressources",
"type-de-ressource": ["terme-2015-12-06-16-27-16-86966234209","terme-2015-12-06-16-27-18-86966234335"]
}