{
"_id": "pers-2016-03-25-07-00-02-87534216131",
"ajouter-aux-favoris": false,
"date-edition": "2016-03-25-07-00-02",
"description": "Arnoul et Simon Gr&#233;ban sont des auteurs dramatiques fran&#231;ais, n&#233;s &#224; Compi&#232;gne au xve&#160;si&#232;cle. On ne sait presque rien de la vie de ces deux fr&#232;res, qui soutinrent avec &#233;clat le genre des myst&#232;res, dans sa derni&#232;re p&#233;riode. Arnoul devint, vers 1450, chanoine de l&#8217;&#233;glise du Mans, organiste &#224; Notre-Dame de Paris et ma&#238;tre de la chorale, ainsi que professeur de th&#233;ologie &#224; l&#8217;universit&#233; de Paris. Simon, moine de Saint-Riquier (Ponthieu), fut secr&#233;taire de Charles d'Anjou, comte du Maine. C&#8217;est ce qui fait que Cl&#233;ment Marot, qui aime &#224; r&#233;unir les deux fr&#232;res &#171;&#160;au bien r&#233;sonnant style&#160;&#187;, a pu dire (&#201;pigr. 223)&#160;:<br>&#171;&#160;Les deux Gresban ont le Mans honor&#233;.&#160;&#187;",
"fiche-a-completer": true,
"fiche-publiee": true,
"identifiant-drupal": 455449,
"importance": 0,
"mise-a-jour": "2017-01-22-15-48-57",
"moment-de-creation": "2016-03-25-07-00-02",
"moment-de-modification": "2016-03-25-07-00-02",
"nom": "Arnoul Gr&#233;ban",
"nom-francais": ["Arnoul Gr&#233;ban"],
"nom-machine": ["pers-2016-03-25-07-00-02-87534216131"],
"personne-nom-famille": "Gr&#233;ban",
"personne-nom-prenom": "Arnoul",
"site-de-diffusion": ["terme-2015-12-06-16-23-47-86966221646"],
"source-defectueuse": false,
"source-url": "http://www.phdadministration.net/personne/pers-2016-03-25-07-00-02-87534216131",
"sous-type": "pers",
"type": "ressources",
"type-de-ressource": ["terme-2015-12-06-16-27-16-86966234209","terme-2015-12-06-16-27-18-86966234335"]
}