{
"_id": "pers-2016-03-25-06-59-56-87534215805",
"ajouter-aux-favoris": false,
"date-edition": "2016-03-25-06-59-56",
"description": "Blogue d'Alain Gavand",
"fiche-a-completer": true,
"fiche-publiee": true,
"identifiant-drupal": 452411,
"importance": 0,
"mise-a-jour": "2017-01-22-15-48-57",
"moment-de-creation": "2016-03-25-06-59-56",
"moment-de-modification": "2016-03-25-06-59-56",
"mots-clefs": ["&#233;galit&#233;","&#233;thique","Alain Gavand","cabinet RH","cabinets RH","comp&#233;tence &#233;gale","comp&#233;tences","CV anonyme","discriminations","diversit&#233;","emploi","handicap&#233;s","lutte contre les discriminations","minorit&#233;s","minorit&#233;s ethniques","minorit&#233;s visibles","ressources humaines"],
"nom": "Alain Gavand",
"nom-francais": ["Alain Gavand"],
"nom-machine": "pers-2016-03-25-06-59-56-87534215805",
"personne-nom-famille": "Gavand",
"personne-nom-prenom": "Alain",
"site-de-diffusion": ["terme-2015-12-06-16-23-47-86966221646"],
"source-defectueuse": false,
"source-url": "http://www.phdadministration.net/personne/pers-2016-03-25-06-59-56-87534215805",
"sous-type": "pers",
"suggestion-varia": ["272419|Discrimination raciale"],
"sujet": ["terme-2015-12-06-16-25-35-86966228148","terme-2015-12-06-16-25-48-86966228882"],
"type": "ressources"
}