{
"_id": "pers-2016-03-25-07-00-06-87534216383",
"ajouter-aux-favoris": false,
"date-edition": "2016-03-25-07-00-06",
"description": "Sir Tom Stoppard, dramaturge britannique, est n&#233; Tom&#225;&scaron; Straussler le 3 juillet 1937 &#224; Zl&#237;n en Tch&#233;coslovaquie. Sa famille &#233;migre d'abord &#224; Singapour (15&#160;mars&#160;1939 au moment de l'invasion du pays) pour &#233;chapper aux pers&#233;cutions nazies &#224; l'encontre des Juifs, puis en Inde o&#249; il prend le nom du second mari de sa m&#232;re &#171;&#160;Stoppard&#160;&#187;. Il d&#233;bute en 1954 comme journaliste, &#233;crit sa premi&#232;re pi&#232;ce en 1960, &#171;&#160;Enter a Free Man&#160;&#187;, la premi&#232;re &#224; &#234;tre mont&#233;e est &#171;&#160;Rosencrantz and Guildenstern Are Dead&#160;&#187; (Rosencrantz et Guildenstern sont morts dont il tirera lui-m&#234;me un film en 1990).<br>Tom Stoppard a &#233;galement &#233;crit de nombreuses pi&#232;ces radiophoniques, des adaptations pour la t&#233;l&#233;vision et des sc&#233;narios, dont les c&#233;l&#232;bres &#171;&#160;Brazil&#160;&#187; (nomm&#233; aux Oscars) et &#171;&#160;Shakespeare in Love&#160;&#187; (Oscar du meilleur film et du meilleur sc&#233;nario) pour lesquels il a &#233;galement re&#231;u des &#171;&#160;Academy Awards&#160;&#187;. Il a aussi traduit et adapt&#233; des pi&#232;ces de S&#322;awomir Mro&#380;ek, Arthur Schnitzler, Federico Garcia Lorca et V&#225;clav Havel. Il est devenu membre de l'Outrapo et a &#233;t&#233; anobli par &#201;lisabeth II en 1997.<br>Il est par ailleurs r&#233;alisateur d'un seul film &#224; ce jour&#160;: Rosencrantz &amp; Guildenstern sont morts (Rosencrantz &amp; Guildenstern Are Dead) (d'apr&#232;s sa pi&#232;ce), sorti en 1990 (film qui a remport&#233; le Lion d'or &#224; la Mostra de Venise).",
"fiche-a-completer": true,
"fiche-publiee": true,
"identifiant-drupal": 455558,
"importance": 0,
"mise-a-jour": "2017-01-22-15-48-57",
"moment-de-creation": "2016-03-25-07-00-06",
"moment-de-modification": "2016-03-25-07-00-06",
"nom": "Tom Stoppard",
"nom-francais": ["Tom Stoppard"],
"nom-machine": ["pers-2016-03-25-07-00-06-87534216383"],
"personne-date-naissance": "1937",
"personne-nom-famille": "Stoppard",
"personne-nom-prenom": "Tom",
"site-de-diffusion": ["terme-2015-12-06-16-23-47-86966221646"],
"source-defectueuse": false,
"source-url": "http://www.phdadministration.net/personne/pers-2016-03-25-07-00-06-87534216383",
"sous-type": "pers",
"type": "ressources",
"type-de-ressource": ["terme-2015-12-06-16-27-16-86966234209","terme-2015-12-06-16-27-18-86966234335"]
}