{
"_id": "pers-2016-03-25-07-00-06-87534216366",
"ajouter-aux-favoris": false,
"date-edition": "2016-03-25-07-00-06",
"description": "S&#233;n&#232;que (en latin Lucius Annaeus Seneca), n&#233; dans l'actuelle Cordoue au sud de l'Espagne vers 4 av. J.-C. et mort le 12 avril 65 ap. J.-C., est un philosophe de l'&#233;cole sto&#239;cienne, un dramaturge et un homme d'&#201;tat romain du ier&#160;si&#232;cle de l'&#232;re chr&#233;tienne. Il est parfois nomm&#233; S&#233;n&#232;que le Philosophe, S&#233;n&#232;que le Tragique ou S&#233;n&#232;que le Jeune pour le distinguer de son p&#232;re, S&#233;n&#232;que l'Ancien.<br>Conseiller &#224; la cour imp&#233;riale sous Caligula et pr&#233;cepteur de N&#233;ron, S&#233;n&#232;que joue un r&#244;le important de conseiller aupr&#232;s de ce dernier avant d'&#234;tre discr&#233;dit&#233; et accul&#233; au suicide. Ses trait&#233;s philosophiques comme De la col&#232;re, Sur la vie heureuse (en latin, De Vita beata) ou De la bri&#232;vet&#233; de la vie (De Brevitate vit&#230;), et surtout ses Lettres &#224; Lucilius exposent ses conceptions philosophiques sto&#239;ciennes&#160;: &#171;&#160;Le souverain bien c'est une &#226;me qui m&#233;prise les &#233;v&#233;nements ext&#233;rieurs et se r&#233;jouit par la vertu&#160;&#187;. Ses trag&#233;dies constituent l'un des meilleurs exemples du th&#233;&#226;tre tragique latin avec des &oelig;uvres qui nourriront le th&#233;&#226;tre classique fran&#231;ais du xviie&#160;si&#232;cle comme M&#233;d&#233;e, &OElig;dipe ou Ph&#232;dre.",
"fiche-a-completer": true,
"fiche-publiee": true,
"identifiant-drupal": 455551,
"importance": 0,
"mise-a-jour": "2017-01-22-15-48-57",
"moment-de-creation": "2016-03-25-07-00-06",
"moment-de-modification": "2016-03-25-07-00-06",
"nom": "S&#233;n&#232;que",
"nom-francais": ["S&#233;n&#232;que"],
"nom-machine": ["pers-2016-03-25-07-00-06-87534216366"],
"personne-date-deces": "65",
"personne-date-naissance": "-4",
"personne-nom-famille": "S&#233;n&#232;que",
"personne-nom-prenom": "Lucius Annaeus",
"site-de-diffusion": ["terme-2015-12-06-16-23-47-86966221646"],
"source-defectueuse": false,
"source-url": "http://www.phdadministration.net/personne/pers-2016-03-25-07-00-06-87534216366",
"sous-type": "pers",
"type": "ressources",
"type-de-ressource": ["terme-2015-12-06-16-27-16-86966234209","terme-2015-12-06-16-27-18-86966234335"]
}