{
"_id": "pers-2016-03-25-07-00-02-87534216157",
"ajouter-aux-favoris": false,
"date-edition": "2016-03-25-07-00-02",
"description": "Christian Dietrich Grabbe, n&#233; &#224; Detmold le 11 d&#233;cembre 1801 et mort &#224; Detmold le 12 septembre 1836, est un &#233;crivain et auteur dramatique allemand. Il est, avec Georg B&#252;chner, l'acteur le plus important de la r&#233;invention du drame allemand au xixe&#160;si&#232;cle. Influenc&#233; par William Shakespeare et par le Sturm und Drang, Grabbe r&#233;v&#232;le dans ses pi&#232;ces un regard pessimiste et sans illusion sur le monde.<br>Andr&#233; Breton a dit &#224; son propos dans son Anthologie de l&#8217;humour noir&#160;: &#171;&#160;Une &oelig;uvre dont la g&#233;niale bouffonnerie n&#8217;a jamais &#233;t&#233; surpass&#233;e, qui d&#233;tonne au plus haut point dans son temps et est dou&#233;e plus que toute autre de prolongements innombrables jusqu&#8217;&#224; nous.&#160;&#187;",
"fiche-a-completer": true,
"fiche-publiee": true,
"identifiant-drupal": 455460,
"importance": 0,
"mise-a-jour": "2017-01-22-15-48-57",
"moment-de-creation": "2016-03-25-07-00-02",
"moment-de-modification": "2016-03-25-07-00-02",
"nom": "Christian Dietrich Grabbe",
"nom-francais": ["Christian Dietrich Grabbe"],
"nom-machine": ["pers-2016-03-25-07-00-02-87534216157"],
"personne-date-deces": "1836",
"personne-date-naissance": "terme-2015-12-06-16-25-22-86966227364",
"personne-nom-famille": "Grabbe",
"personne-nom-prenom": "Christian Dietrich",
"site-de-diffusion": ["terme-2015-12-06-16-23-47-86966221646"],
"source-defectueuse": false,
"source-url": "http://www.phdadministration.net/personne/pers-2016-03-25-07-00-02-87534216157",
"sous-type": "pers",
"type": "ressources",
"type-de-ressource": ["terme-2015-12-06-16-27-16-86966234209","terme-2015-12-06-16-27-18-86966234335"]
}