{
"_id": "pers-2016-03-25-07-00-01-87534216068",
"ajouter-aux-favoris": false,
"date-edition": "2016-03-25-07-00-01",
"description": "Adrienne Lecouvreur est une com&#233;dienne fran&#231;aise, n&#233;e Adrienne Couvreur &#224; Damery (Marne) pr&#232;s d'&#201;pernay le 5&#160;avril&#160;1692, morte &#224; Paris le 20&#160;mars&#160;1730. Elle est g&#233;n&#233;ralement tenue pour la plus grande actrice de son temps.",
"fiche-a-completer": true,
"fiche-publiee": true,
"identifiant-drupal": 455420,
"importance": 0,
"mise-a-jour": "2017-01-22-15-48-57",
"moment-de-creation": "2016-03-25-07-00-01",
"moment-de-modification": "2016-03-25-07-00-01",
"nom": "Adrienne Lecouvreur",
"nom-francais": ["Adrienne Lecouvreur"],
"nom-machine": ["pers-2016-03-25-07-00-01-87534216068"],
"personne-date-deces": "1730",
"personne-date-naissance": "terme-2015-12-06-16-23-37-86966221051",
"personne-nom-famille": "Lecouvreur",
"personne-nom-prenom": "Adrienne",
"site-de-diffusion": ["terme-2015-12-06-16-23-47-86966221646"],
"source-defectueuse": false,
"source-url": "http://www.phdadministration.net/personne/pers-2016-03-25-07-00-01-87534216068",
"sous-type": "pers",
"type": "ressources",
"type-de-ressource": ["terme-2015-12-06-16-27-16-86966234209","terme-2015-12-06-16-27-18-86966234335"]
}