{
"_id": "pers-2016-03-25-06-59-22-87534213726",
"ajouter-aux-favoris": false,
"description": "Insight, analysis, and research about emerging technologies.",
"fiche-a-completer": true,
"fiche-publiee": true,
"identifiant-drupal": 31229,
"importance": 0,
"mise-a-jour": "2017-01-22-15-48-57",
"moment-de-creation": "2016-03-25-06-59-22",
"moment-de-modification": "2016-03-25-06-59-22",
"nom": "Bill O'Reilly",
"nom-francais": ["Bill O'Reilly"],
"nom-machine": "pers-2016-03-25-06-59-22-87534213726",
"personne-nom-famille": "O'Reilly",
"personne-nom-prenom": "Bill",
"site-de-diffusion": ["terme-2015-12-06-16-23-47-86966221646"],
"source-defectueuse": false,
"source-url": "http://www.phdadministration.net/personne/pers-2016-03-25-06-59-22-87534213726",
"sous-type": "pers",
"type": "ressources"
}