{
"_id": "pers-2016-03-25-07-00-05-87534216354",
"ajouter-aux-favoris": false,
"date-edition": "2016-03-25-07-00-05",
"description": "Richard Brinsley Sheridan, n&#233; &#224; Dublin le 30&#160;octobre&#160;1751 et d&#233;c&#233;d&#233; le 7&#160;juillet&#160;1816 &#224; Londres, est un homme politique et dramaturge irlandais.<br>Son p&#232;re &#233;tait directeur de th&#233;&#226;tre et sa m&#232;re, &#233;crivaine (The Memoirs of Sidney Biddulph)<br>Il fr&#233;quente la Harrow School dans le but de devenir juriste, mais son mariage romantique avec Elizabeth Linley (fille de Thomas Linley) compromet ces plans. Il &#233;crit sa premi&#232;re pi&#232;ce, The Rivals qu'il produit &#224; Covent Garden en 1775. La premi&#232;re repr&#233;sentation est un four et Sheridan embauche un nouvel acteur pour le r&#244;le comique de l'Irlandais. La seconde repr&#233;sentation est un succ&#232;s et &#233;tablit imm&#233;diatement la r&#233;putation d'auteur du jeune homme.",
"fiche-a-completer": true,
"fiche-publiee": true,
"identifiant-drupal": 455546,
"importance": 0,
"mise-a-jour": "2017-01-22-15-48-57",
"moment-de-creation": "2016-03-25-07-00-05",
"moment-de-modification": "2016-03-25-07-00-05",
"nom": "Richard Brinsley Sheridan",
"nom-francais": ["Richard Brinsley Sheridan"],
"nom-machine": ["pers-2016-03-25-07-00-05-87534216354"],
"personne-date-deces": "1816",
"personne-date-naissance": "terme-2015-12-06-16-23-43-86966221421",
"personne-nom-famille": "Sheridan",
"personne-nom-prenom": "Richard Brinsley",
"site-de-diffusion": ["terme-2015-12-06-16-23-47-86966221646"],
"source-defectueuse": false,
"source-url": "http://www.phdadministration.net/personne/pers-2016-03-25-07-00-05-87534216354",
"sous-type": "pers",
"type": "ressources",
"type-de-ressource": ["terme-2015-12-06-16-27-16-86966234209","terme-2015-12-06-16-27-18-86966234335"]
}