{
"_id": "pers-2016-03-25-07-00-05-87534216301",
"ajouter-aux-favoris": false,
"date-edition": "2016-03-25-07-00-05",
"description": "Juliusz de Leliwa-S&#322;owacki, n&#233; le 4 septembre 1809 et d&#233;c&#233;d&#233; le 3 avril 1849, est un des po&#232;tes romantiques polonais les plus c&#233;l&#232;bres. Avec Adam Mickiewicz, Cyprian Kamil Norwid et Zygmunt Krasi&#324;ski il est consid&#233;r&#233; comme un des plus grands po&#232;tes polonais.<br>Fils d'Eus&#232;be Slowacki, professeur de litt&#233;rature polonaise &#224; l'Universit&#233; de Wilno, il fit ses &#233;tudes &#224; Wilno.<br>Po&#232;te romantique et dramaturge, il n&#8217;a &#233;t&#233; appr&#233;ci&#233; qu&#8217;apr&#232;s sa mort pour son habilet&#233; dans la langue et sa fa&#231;on lyrique et philosophique d&#8217;approcher la r&#233;alit&#233;. Son &oelig;uvre combine le romantisme de l'Europe du Nord avec la tradition classique du Sud. Quand &#233;clata l'Insurrection de novembre 1830, le gouvernement provisoire lui confia une mission diplomatique &#224; Londres&#160;; apr&#232;s l'&#233;chec de la r&#233;volte, il s'installa &#224; Paris, comme nombre de ses compatriotes, et v&#233;cut en exil jusqu'&#224; sa mort. Il se montra r&#233;ellement le proph&#232;te national, quand il &#233;crivit son po&#232;me &#171;&#160;le Pape Slave&#160;&#187; en 1848.",
"fiche-a-completer": true,
"fiche-publiee": true,
"identifiant-drupal": 455522,
"importance": 0,
"mise-a-jour": "2017-01-22-15-48-57",
"moment-de-creation": "2016-03-25-07-00-05",
"moment-de-modification": "2016-03-25-07-00-05",
"nom": "Juliusz S&#322;owacki",
"nom-francais": ["Juliusz S&#322;owacki"],
"nom-machine": ["pers-2016-03-25-07-00-05-87534216301"],
"personne-date-deces": "1849",
"personne-date-naissance": "terme-2015-12-06-16-25-23-86966227386",
"personne-nom-famille": "S&#322;owacki",
"personne-nom-prenom": "Juliusz",
"site-de-diffusion": ["terme-2015-12-06-16-23-47-86966221646"],
"source-defectueuse": false,
"source-url": "http://www.phdadministration.net/personne/pers-2016-03-25-07-00-05-87534216301",
"sous-type": "pers",
"type": "ressources",
"type-de-ressource": ["terme-2015-12-06-16-27-16-86966234209","terme-2015-12-06-16-27-18-86966234335"]
}