{
"_id": "pers-2016-03-25-06-58-44-87534211462",
"ajouter-aux-favoris": false,
"description": "&#192; propos<br>Alexandre Cayla<br>Je suis l&#8217;id&#233;ateur et r&#233;dacteur principal de 4fois21. Je suis bachelier en Sciences politiques et je d&#233;tient une ma&#238;trise en Commerce &#233;lectronique de HEC Montr&#233;al. Je m&#8217;int&#233;resse tout particuli&#232;rement aux m&#233;dias num&#233;riques, aux mutations dans le monde du journalisme et aux changements que sont engendr&#233;s (ou facilit&#233;s) par la num&#233;risation de la soci&#233;t&#233;.<br>Bien que la majorit&#233; des billets publi&#233;s ici portent sur le journalisme en ligne, il m&#8217;arrive de publier des textes sur d&#8217;autres sujets.<br>Je suis aussi strat&#232;ge et designer d&#8217;interface. Pour plus d&#8217;informations, vous pouvez consulter mon profil LinkedIn.<br>&#192; propos des travaux<br>Lors de mes &#233;tudes &#224; HEC Montr&#233;al, j&#8217;ai eu l&#8217;occasion de me pencher sur l&#8217;industrie du journalisme en ligne &#224; deux reprises. Les r&#233;sultats de ce travail est disponible dans sur ce blogue.<br>Le premier travail a &#233;t&#233; r&#233;alis&#233; avec German Gold et Constane Lemaire dans le cadre d&#8217;un cours sur l&#8217;&#233;conomie num&#233;rique, donn&#233; par Sylvain Amoros.<br>Le second a &#233;t&#233; r&#233;alis&#233; avec la collaboration de Marc-Andr&#233; Rioux, Carolina Vinueza et Mariane Sawan.<br>Je les remercie sinc&#232;rement pour leur aide et leur collaboration ainsi que pour avoir accept&#233; que ces travaux soient mis &#224; la disposition de tous sur mon blogue.",
"fiche-a-completer": true,
"fiche-publiee": true,
"identifiant-drupal": 18694,
"importance": 0,
"mise-a-jour": "2017-01-22-15-48-57",
"moment-de-creation": "2016-03-25-06-58-44",
"moment-de-modification": "2016-03-25-06-58-44",
"mots-clefs": ["Alexandre Cayla","journalisme","journalisme num&#233;rique"],
"nom": "Alexandre Cayla",
"nom-francais": ["Alexandre Cayla"],
"nom-machine": "pers-2016-03-25-06-58-44-87534211462",
"personne-nom-famille": "Cayla",
"personne-nom-prenom": "Alexandre",
"site-de-diffusion": ["terme-2015-12-06-16-23-47-86966221646"],
"source-defectueuse": false,
"source-url": "http://www.phdadministration.net/personne/pers-2016-03-25-06-58-44-87534211462",
"sous-type": "pers",
"type": "ressources"
}