{
"_id": "pers-2016-03-25-07-00-04-87534216250",
"ajouter-aux-favoris": false,
"date-edition": "2016-03-25-07-00-04",
"description": "Jean de Rotrou, n&#233; Jean Rotrou, est un dramaturge et po&#232;te fran&#231;ais, n&#233; le 21&#160;ao&#251;t&#160;1609 &#224; Dreux et mort de la peste le 28&#160;juin&#160;1650, &#233;galement &#224; Dreux.",
"fiche-a-completer": true,
"fiche-publiee": true,
"identifiant-drupal": 455501,
"importance": 0,
"mise-a-jour": "2017-01-22-15-48-57",
"moment-de-creation": "2016-03-25-07-00-04",
"moment-de-modification": "2016-03-25-07-00-04",
"nom": "Jean Rotrou",
"nom-francais": ["Jean Rotrou"],
"nom-machine": ["pers-2016-03-25-07-00-04-87534216250"],
"personne-date-deces": "1650",
"personne-date-naissance": "1609",
"personne-nom-famille": "Rotrou",
"personne-nom-prenom": "Jean",
"site-de-diffusion": ["terme-2015-12-06-16-23-47-86966221646"],
"source-defectueuse": false,
"source-url": "http://www.phdadministration.net/personne/pers-2016-03-25-07-00-04-87534216250",
"sous-type": "pers",
"type": "ressources",
"type-de-ressource": ["terme-2015-12-06-16-27-16-86966234209","terme-2015-12-06-16-27-18-86966234335"]
}