{
"_id": "pers-2016-03-25-07-00-03-87534216236",
"ajouter-aux-favoris": false,
"date-edition": "2016-03-25-07-00-03",
"description": "Jacques Audiberti est un &#233;crivain, po&#232;te et dramaturge fran&#231;ais, n&#233; le 25&#160;mars&#160;1899 &#224; Antibes (Alpes-Maritimes) et mort le 10&#160;juillet&#160;1965 &#224; Paris. Il est auteur d'une &oelig;uvre th&#233;&#226;trale importante, mais aussi de romans, d'essais, de po&#232;mes et de critiques cin&#233;matographiques.",
"fiche-a-completer": true,
"fiche-publiee": true,
"identifiant-drupal": 455495,
"importance": 0,
"mise-a-jour": "2017-01-22-15-48-57",
"moment-de-creation": "2016-03-25-07-00-03",
"moment-de-modification": "2016-03-25-07-00-03",
"nom": "Jacques Audiberti",
"nom-francais": ["Jacques Audiberti"],
"nom-machine": ["pers-2016-03-25-07-00-03-87534216236"],
"personne-date-deces": "1965",
"personne-date-naissance": "terme-2015-12-06-16-25-29-86966227763",
"personne-nom-famille": "Audiberti",
"personne-nom-prenom": "Jacques",
"site-de-diffusion": ["terme-2015-12-06-16-23-47-86966221646"],
"source-defectueuse": false,
"source-url": "http://www.phdadministration.net/personne/pers-2016-03-25-07-00-03-87534216236",
"sous-type": "pers",
"type": "ressources",
"type-de-ressource": ["terme-2015-12-06-16-27-16-86966234209","terme-2015-12-06-16-27-18-86966234335"]
}