{
"_id": "pers-2016-03-25-07-00-05-87534216306",
"ajouter-aux-favoris": false,
"date-edition": "2016-03-25-07-00-05",
"description": "Marcel Pagnol est un &#233;crivain, dramaturge et cin&#233;aste fran&#231;ais, n&#233; le 28&#160;f&#233;vrier&#160;1895 &#224; Aubagne (Bouches-du-Rh&#244;ne), mort le 18&#160;avril&#160;1974 &#224; Paris.<br>Marcel Pagnol devient c&#233;l&#232;bre avec Marius, pi&#232;ce repr&#233;sent&#233;e au th&#233;&#226;tre en mars 1929. Il fonde &#224; Marseille en 1934 sa propre soci&#233;t&#233; de production et ses studios de cin&#233;ma, et r&#233;alise de nombreux films avec les grands acteurs du moment (en particulier Raimu, Fernandel, Pierre Fresnay ou Louis Jouvet)&#160;: Ang&#232;le (1934), Regain (1937), La Femme du boulanger (1938)&#8230;<br>&#201;lu &#224; l'Acad&#233;mie fran&#231;aise en 1946, il abandonne le cin&#233;ma et le th&#233;&#226;tre, et commence la r&#233;daction de ses Souvenirs d'enfance avec notamment La Gloire de mon p&#232;re et Le Ch&#226;teau de ma m&#232;re. Il publie enfin, en 1962, L'Eau des collines, roman en deux tomes&#160;: Jean de Florette et Manon des Sources, pr&#232;s de dix ans apr&#232;s son film Manon des sources avec sa femme Jacqueline Pagnol.<br>Honor&#233; et c&#233;l&#232;bre, Marcel Pagnol meurt &#224; Paris en 1974, &#224; l'&#226;ge de 79 ans.",
"fiche-a-completer": true,
"fiche-publiee": true,
"identifiant-drupal": 455524,
"importance": 0,
"mise-a-jour": "2017-01-22-15-48-57",
"moment-de-creation": "2016-03-25-07-00-05",
"moment-de-modification": "2016-03-25-07-00-05",
"nom": "Marcel Pagnol",
"nom-francais": ["Marcel Pagnol"],
"nom-machine": ["pers-2016-03-25-07-00-05-87534216306"],
"personne-date-deces": "1974",
"personne-date-naissance": "terme-2015-12-06-16-25-30-86966227803",
"personne-nom-famille": "Pagnol",
"personne-nom-prenom": "Marcel",
"site-de-diffusion": ["terme-2015-12-06-16-23-47-86966221646"],
"source-defectueuse": false,
"source-url": "http://www.phdadministration.net/personne/pers-2016-03-25-07-00-05-87534216306",
"sous-type": "pers",
"type": "ressources",
"type-de-ressource": ["terme-2015-12-06-16-27-16-86966234209","terme-2015-12-06-16-27-18-86966234335"]
}