{
"_id": "pers-2016-03-25-07-00-06-87534216390",
"ajouter-aux-favoris": false,
"date-edition": "2016-03-25-07-00-06",
"description": "Fran&#231;ois Marie Arouet, dit Voltaire, n&#233; le 21&#160;novembre&#160;1694 &#224; Paris o&#249; il est mort le 30&#160;mai&#160;1778, est un &#233;crivain et philosophe qui a marqu&#233; le xviiie&#160;si&#232;cle et qui occupe une place particuli&#232;re dans la m&#233;moire collective fran&#231;aise. Il esquisse en effet la figure de l&#8217;intellectuel engag&#233; au service de la v&#233;rit&#233;, de la justice et de la libert&#233; de penser.<br>Symbole des Lumi&#232;res, chef de file du parti philosophique, son nom reste attach&#233; &#224; son combat contre &#171;&#160;l&#8217;inf&#226;me&#160;&#187;, nom qu&#8217;il donne au fanatisme religieux, et pour le progr&#232;s et la tol&#233;rance. Il est cependant d&#233;iste et son id&#233;al reste celui d&#8217;une monarchie mod&#233;r&#233;e et lib&#233;rale, &#233;clair&#233;e par les &#171;&#160;philosophes&#160;&#187;. Il agit d&#8217;ailleurs aupr&#232;s des &#233;lites &#233;clair&#233;es de l&#8217;Europe des Lumi&#232;res en se servant de son immense notori&#233;t&#233; et prend, seul, la d&#233;fense des victimes de l&#8217;intol&#233;rance religieuse et de l&#8217;arbitraire dans des affaires qu&#8217;il a rendues c&#233;l&#232;bres (Calas, Sirven, chevalier de La Barre, comte de Lally).<br>De son imposante &oelig;uvre litt&#233;raire, on lit aujourd&#8217;hui essentiellement ses &#233;crits &#171;&#160;philosophiques&#160;&#187; en prose&#160;: contes et romans, Lettres philosophiques, Dictionnaire philosophique et sa correspondance. Son th&#233;&#226;tre, ses po&#233;sies &#233;piques, ses &oelig;uvres historiques, qui firent de lui l&#8217;un des &#233;crivains fran&#231;ais les plus c&#233;l&#232;bres au xviiie&#160;si&#232;cle, sont aujourd&#8217;hui largement n&#233;glig&#233;es ou ignor&#233;es. La r&#233;putation de Voltaire tient aussi &#224; son style, marqu&#233; par l&#8217;&#233;l&#233;gance et la pr&#233;cision, et souvent au service d&#8217;une ironie mordante.<br>Tout au long de sa vie, Voltaire fr&#233;quente les Grands et courtise les monarques, sans dissimuler son d&#233;dain pour le peuple, mais il est aussi en butte aux interventions du pouvoir qui l&#8217;embastille et le contraint &#224; l&#8217;exil en Angleterre ou &#224; l&#8217;&#233;cart de Paris. En 1749, apr&#232;s la mort d&#8217;&#201;milie du Ch&#226;telet avec laquelle il a entretenu une liaison houleuse de quinze ans, il part pour la cour de Prusse mais, d&#233;&#231;u dans ses espoirs de jouer un grand r&#244;le aupr&#232;s de Fr&#233;d&#233;ric&#160;II &#224; Berlin, se brouille avec lui apr&#232;s trois ans et quitte Berlin en 1753. Il se r&#233;fugie un peu plus tard aux D&#233;lices, pr&#232;s de Gen&#232;ve, avant d&#8217;acqu&#233;rir en 1759 un domaine &#224; Ferney, sur la fronti&#232;re franco-genevoise, &#224; l&#8217;abri des puissants. Il mettra en valeur son domaine et fera de Ferney un centre de culture r&#233;put&#233; dans toute l&#8217;Europe. Il ne reviendra &#224; Paris qu&#8217;en 1778, ovationn&#233; par le peuple. Il y meurt &#224; 83&#160;ans.<br>Chantre du &#171;&#160;bon temps (de) ce si&#232;cle de fer&#160;!&#160;&#187; dans Le Mondain, Voltaire aime le luxe, les plaisirs de la table et de la conversation, qu&#8217;il consid&#232;re, avec le th&#233;&#226;tre, comme l&#8217;une des formes les plus achev&#233;es de la vie en soci&#233;t&#233;. Soucieux de son aisance mat&#233;rielle qui garantit sa libert&#233; et son ind&#233;pendance, il acquiert une fortune consid&#233;rable dans des op&#233;rations sp&#233;culatives ce qui lui permettra de s&#8217;installer en 1759 au ch&#226;teau de Ferney entour&#233; d&#8217;une cour de beaux esprits. Il est n&#233;anmoins chicanier et parfois f&#233;roce avec ses adversaires comme Jean-Jacques Rousseau.<br>Consid&#233;r&#233; par la R&#233;volution fran&#231;aise - avec Jean-Jacques Rousseau, son adversaire - comme un pr&#233;curseur (il entre au Panth&#233;on en 1791, le deuxi&#232;me, apr&#232;s Mirabeau), c&#233;l&#233;br&#233; par la IIIe R&#233;publique (d&#232;s 1870 &#224; Paris un boulevard et une place portent son nom, puis un quai, une rue, un lyc&#233;e, une station de m&#233;tro&#8230;), il a nourri au xixe&#160;si&#232;cle les passions antagonistes des adversaires et des d&#233;fenseurs de la la&#239;cit&#233; de l&#8217;&#201;tat et de l&#8217;&#233;cole publique, et au-del&#224; de l&#8217;esprit des Lumi&#232;res.",
"fiche-a-completer": true,
"fiche-publiee": true,
"identifiant-drupal": 455562,
"importance": 0,
"mise-a-jour": "2017-01-22-15-48-57",
"moment-de-creation": "2016-03-25-07-00-06",
"moment-de-modification": "2016-03-25-07-00-06",
"nom": "Voltaire",
"nom-francais": ["Voltaire"],
"nom-machine": ["pers-2016-03-25-07-00-06-87534216390"],
"personne-date-deces": "1778",
"personne-date-naissance": "terme-2015-12-06-16-23-37-86966221048",
"personne-nom-famille": "Arouet (Voltaire)",
"personne-nom-prenom": "Fran&#231;ois Marie",
"site-de-diffusion": ["terme-2015-12-06-16-23-47-86966221646"],
"source-defectueuse": false,
"source-url": "http://www.phdadministration.net/personne/pers-2016-03-25-07-00-06-87534216390",
"sous-type": "pers",
"type": "ressources",
"type-de-ressource": ["terme-2015-12-06-16-27-16-86966234209","terme-2015-12-06-16-27-18-86966234335"]
}