{
"_id": "pers-2016-03-25-06-59-44-87534215054",
"ajouter-aux-favoris": false,
"date-edition": "2016-03-25-06-59-44",
"description": "C&#233;cile Jos&#233;phine Julie Lavergne, n&#233;e le 19 d&#233;cembre 1823 &#224; Paris et morte le 16 mars 1886 &#224; Paris, &#233;tait une &#233;crivain fran&#231;aise.<br>Fille de Georges Ozaneaux, elle &#233;pousa en 1848 le peintre Claudius Lavergne. Elle &#233;crivit de nombreux contes et nouvelles, &#233;voquant souvent l'histoire et les paysages de sa Normandie. Son fils, Joseph, publia sa Correspondance apr&#232;s sa mort, en 1902.",
"fiche-a-completer": true,
"fiche-publiee": true,
"identifiant-drupal": 451042,
"importance": 0,
"mise-a-jour": "2017-01-22-15-48-57",
"moment-de-creation": "2016-03-25-06-59-44",
"moment-de-modification": "2016-03-25-06-59-44",
"nom": "C&#233;cile Lavergne",
"nom-francais": ["C&#233;cile Lavergne"],
"nom-machine": ["pers-2016-03-25-06-59-44-87534215054"],
"personne-nom-famille": "Lavergne",
"personne-nom-prenom": "C&#233;cile",
"site-de-diffusion": ["terme-2015-12-06-16-23-47-86966221646"],
"source-defectueuse": false,
"source-url": "http://www.phdadministration.net/personne/pers-2016-03-25-06-59-44-87534215054",
"sous-type": "pers",
"tip": "Chercheure &#224; l'ENS de Lyon, sciences humaines et Lettres",
"type": "ressources",
"type-de-ressource": ["terme-2015-12-06-16-27-16-86966234209","terme-2015-12-06-16-27-18-86966234335"]
}