{
"_id": "pers-2016-03-25-07-00-05-87534216313",
"ajouter-aux-favoris": false,
"date-edition": "2016-03-25-07-00-05",
"description": "Pierre-Augustin Caron de Beaumarchais, n&#233; le 24&#160;janvier&#160;1732 &#224; Paris o&#249; il est mort le 18&#160;mai&#160;1799, est un &#233;crivain, musicien, homme d'affaires, po&#232;te, il fut l&#8217;une des figures embl&#233;matiques du Si&#232;cle des Lumi&#232;res.",
"fiche-a-completer": true,
"fiche-publiee": true,
"identifiant-drupal": 455527,
"importance": 0,
"mise-a-jour": "2017-01-22-15-48-57",
"moment-de-creation": "2016-03-25-07-00-05",
"moment-de-modification": "2016-03-25-07-00-05",
"nom": "Pierre-Augustin Caron de Beaumarchais",
"nom-francais": ["Pierre-Augustin Caron de Beaumarchais"],
"nom-machine": ["pers-2016-03-25-07-00-05-87534216313"],
"personne-date-deces": "1799",
"personne-date-naissance": "terme-2015-12-06-16-23-42-86966221378",
"personne-nom-famille": "Caron de Beaumarchais",
"personne-nom-prenom": "Pierre-Augustin",
"site-de-diffusion": ["terme-2015-12-06-16-23-47-86966221646"],
"source-defectueuse": false,
"source-url": "http://www.phdadministration.net/personne/pers-2016-03-25-07-00-05-87534216313",
"sous-type": "pers",
"type": "ressources",
"type-de-ressource": ["terme-2015-12-06-16-27-16-86966234209","terme-2015-12-06-16-27-18-86966234335"]
}