{
"_id": "pers-2016-03-25-07-00-02-87534216161",
"ajouter-aux-favoris": false,
"date-edition": "2016-03-25-07-00-02",
"description": "Christopher Marlowe (baptis&#233; le 26 f&#233;vrier 1564 &ndash; mort le 30 mai 1593) &#233;tait un dramaturge, po&#232;te et traducteur anglais de l'&#232;re &#233;lisab&#233;thaine. Trag&#233;dien &#233;lisab&#233;thain le plus connu apr&#232;s Shakespeare, il est connu pour sa ma&#238;trise du pentam&#232;tre iambique, pour ses protagonistes embl&#233;matiques, ainsi que pour sa mort pr&#233;matur&#233;e et entour&#233;e de myst&#232;re. Il passe pour l'un des pr&#233;curseurs de la trag&#233;die moderne, et pour p&#232;re fondateur du drame &#233;lisab&#233;thain.",
"fiche-a-completer": true,
"fiche-publiee": true,
"identifiant-drupal": 455463,
"importance": 0,
"mise-a-jour": "2017-01-22-15-48-57",
"moment-de-creation": "2016-03-25-07-00-02",
"moment-de-modification": "2016-03-25-07-00-02",
"nom": "Christopher Marlowe",
"nom-francais": ["Christopher Marlowe"],
"nom-machine": ["pers-2016-03-25-07-00-02-87534216161"],
"personne-date-deces": "1593",
"personne-date-naissance": "terme-2015-12-06-16-25-16-86966227008",
"personne-nom-famille": "Marlowe",
"personne-nom-prenom": "Christopher",
"site-de-diffusion": ["terme-2015-12-06-16-23-47-86966221646"],
"source-defectueuse": false,
"source-url": "http://www.phdadministration.net/personne/pers-2016-03-25-07-00-02-87534216161",
"sous-type": "pers",
"type": "ressources",
"type-de-ressource": ["terme-2015-12-06-16-27-16-86966234209","terme-2015-12-06-16-27-18-86966234335"]
}