{
"_id": "pers-2016-03-25-07-00-04-87534216290",
"ajouter-aux-favoris": false,
"date-edition": "2016-03-25-07-00-04",
"description": "John Ford (nom de naissance John Martin Feeney) est un r&#233;alisateur am&#233;ricain, &#233;galement producteur, n&#233; le 1er&#160;f&#233;vrier&#160;1894 &#224; Cape Elizabeth&#160;(en) pr&#232;s de Portland (Maine), mort le 31&#160;ao&#251;t&#160;1973 &#224; Palm Desert (Californie). Il a &#233;t&#233; quatre fois laur&#233;at de l'Oscar du meilleur r&#233;alisateur (seul cin&#233;aste &#224; avoir r&#233;ussi le quadrupl&#233;).<br>John Ford est consid&#233;r&#233; comme l'un des r&#233;alisateurs les plus importants de la p&#233;riode classique d'Hollywood (de la fin des ann&#233;es 1920 &#224; la fin des ann&#233;es 1960). De tous les grands cin&#233;astes am&#233;ricains il est celui dont l'influence est la plus consid&#233;rable. Sa carri&#232;re embrasse celle des studios puisqu'il arrive &#224; Hollywood au moment o&#249; les grandes majors se mettent en place et r&#233;alise son dernier film alors que ces majors commencent &#224; &#234;tre dirig&#233;es par des financiers. Ford fut admir&#233; et respect&#233; par les grands patrons d'Hollywood dont il fut souvent l'ami&#160;: il tournait vite et respectait les budgets. Malgr&#233; cela, il se consid&#233;rait comme un salari&#233; surpay&#233; par ces studios pour faire des films d&#233;nu&#233;s de son style afin de ne pas perturber les affaires de ses employeurs1.<br>Il fut l'un des r&#233;alisateurs effectuant le moins de prises par plan (ratio de 2,5), cela lui permettant de garder la mainmise sur le montage des films, les prises alternatives n'existant tout simplement pas. &#171;&#160;Nous devons &#224; John Ford le droit accord&#233; au metteur en sc&#232;ne de superviser le montage&#160;&#187;, reconna&#238;t Fred Zinnemann. Ford mit sa notori&#233;t&#233; au service du syndicat des metteurs en sc&#232;ne am&#233;ricains dont il fut l'un des dirigeants les plus actifs. Sa fid&#233;lit&#233; tout au long de sa carri&#232;re, envers sa famille d'acteurs, de techniciens et de sc&#233;naristes, dont beaucoup &#233;taient originaires, comme ses parents, d'Irlande, est remarquable.<br>Son &oelig;uvre est surtout reconnue pour ses westerns. La connaissance de cette filmographie souffre de la disparition de la quasi-totalit&#233; de ses premiers films, soit un tiers. Un d'entre eux, Upstream (1927), qu'on croyait disparu, a &#233;t&#233; retrouv&#233; en Nouvelle-Z&#233;lande en juin 20102.",
"fiche-a-completer": true,
"fiche-publiee": true,
"identifiant-drupal": 455517,
"importance": 0,
"mise-a-jour": "2017-01-22-15-48-57",
"moment-de-creation": "2016-03-25-07-00-04",
"moment-de-modification": "2016-03-25-07-00-04",
"nom": "John Ford",
"nom-francais": ["John Ford"],
"nom-machine": ["pers-2016-03-25-07-00-04-87534216290"],
"personne-date-deces": "1973",
"personne-date-naissance": "terme-2015-12-06-16-25-30-86966227800",
"personne-nom-famille": "Ford",
"personne-nom-prenom": "John",
"site-de-diffusion": ["terme-2015-12-06-16-23-47-86966221646"],
"source-defectueuse": false,
"source-url": "http://www.phdadministration.net/personne/pers-2016-03-25-07-00-04-87534216290",
"sous-type": "pers",
"type": "ressources",
"type-de-ressource": ["terme-2015-12-06-16-27-16-86966234209","terme-2015-12-06-16-27-18-86966234335"]
}