{
"_id": "pers-2016-03-25-06-59-58-87534215913",
"ajouter-aux-favoris": false,
"date-edition": "2016-03-25-06-59-58",
"description": "Michel Grossetti, n&#233; le 24&#160;juin&#160;1957 &#224; Toulouse, est un sociologue fran&#231;ais, directeur de recherche au CNRS. Il est l&#8217;auteur de nombreux ouvrages consacr&#233;s &#224; la science, le d&#233;veloppement des institutions scientifiques, et l'analyse des r&#233;seaux.<br>Il est membre du LISST. Il a dirig&#233; de nombreux projets collectifs au cours de sa carri&#232;re, dont le programme &#171;&#160;Villes et institutions scientifiques&#160;&#187; dans le cadre du PIRVILLE dans les ann&#233;es 1994-1996 et le projet europ&#233;en Interreg &#171;&#160;D&#233;veloppement des potentiels scientifiques et structuration du syst&#232;me urbain, sc&#233;narios pour l'avenir&#160;&#187; entre 1999 et 2001 (&#224; l&#8217;origine de l&#8217;ouvrage co-dirig&#233; avec Philippe Losego en 2003, &quot;La territorialisation de l&#8217;enseignement sup&#233;rieur et de la recherche. France, Espagne, Portugal&quot;).<br>Sociologue fran&#231;ais, directeur de recherche au CNRS. Il est l&#8217;auteur de nombreux ouvrages consacr&#233;s &#224; la science, le d&#233;veloppement des institutions scientifiques, et l'analyse des r&#233;seaux.<br>L'un des principaux apports de Michel Grossetti est sa contribution &#224; la th&#233;orie sociologique. Alors qu'une vision classique associe la r&#233;gularit&#233; au niveau macrosociologique et l'impr&#233;visibilit&#233; au niveau microsociologique, Il montre que les ph&#233;nom&#232;nes impr&#233;visibles peuvent changer de niveau d'analyse.",
"fiche-a-completer": true,
"fiche-publiee": true,
"identifiant-drupal": 452482,
"importance": 0,
"mise-a-jour": "2017-01-22-15-48-57",
"moment-de-creation": "2016-03-25-06-59-58",
"moment-de-modification": "2016-03-25-06-59-58",
"nom": "Michel Grossetti",
"nom-francais": ["Michel Grossetti"],
"nom-machine": ["pers-2016-03-25-06-59-58-87534215913"],
"personne-date-naissance": "terme-2015-12-06-16-25-32-86966227964",
"personne-nom-famille": "Grossetti",
"personne-nom-prenom": "Michel",
"site-de-diffusion": ["terme-2015-12-06-16-23-47-86966221646"],
"source-defectueuse": false,
"source-url": "http://www.phdadministration.net/personne/pers-2016-03-25-06-59-58-87534215913",
"sous-type": "pers",
"type": "ressources",
"type-de-contenu": ["?"],
"type-de-ressource": ["terme-2015-12-06-16-27-16-86966234209","terme-2015-12-06-16-27-18-86966234335"]
}