{
"_id": "pers-2016-03-25-07-00-06-87534216385",
"ajouter-aux-favoris": false,
"date-edition": "2016-03-25-07-00-06",
"description": "Victorien Sardou, n&#233; le 5&#160;septembre&#160;1831 &#224; Paris o&#249; il est mort le 8&#160;novembre&#160;1908, est un auteur dramatique fran&#231;ais, connu &#233;galement pour ses eaux-fortes m&#233;diumniques.",
"fiche-a-completer": true,
"fiche-publiee": true,
"identifiant-drupal": 455560,
"importance": 0,
"mise-a-jour": "2017-01-22-15-48-57",
"moment-de-creation": "2016-03-25-07-00-06",
"moment-de-modification": "2016-03-25-07-00-06",
"nom": "Victorien Sardou",
"nom-francais": ["Victorien Sardou"],
"nom-machine": ["pers-2016-03-25-07-00-06-87534216385"],
"personne-date-deces": "1908",
"personne-date-naissance": "terme-2015-12-06-16-25-24-86966227466",
"personne-nom-famille": "Sardou",
"personne-nom-prenom": "Victorien",
"site-de-diffusion": ["terme-2015-12-06-16-23-47-86966221646"],
"source-defectueuse": false,
"source-url": "http://www.phdadministration.net/personne/pers-2016-03-25-07-00-06-87534216385",
"sous-type": "pers",
"type": "ressources",
"type-de-ressource": ["terme-2015-12-06-16-27-16-86966234209","terme-2015-12-06-16-27-18-86966234335"]
}