{
"_id": "pers-2016-03-25-07-00-03-87534216199",
"ajouter-aux-favoris": false,
"date-edition": "2016-03-25-07-00-03",
"description": "Friedrich D&#252;rrenmatt est un &#233;crivain, dramaturge et peintre suisse de langue allemande. Il est n&#233; le 5&#160;janvier&#160;1921 &#224; Konolfingen dans le canton de Berne et est d&#233;c&#233;d&#233; le 14&#160;d&#233;cembre&#160;1990 &#224; Neuch&#226;tel.",
"fiche-a-completer": true,
"fiche-publiee": true,
"identifiant-drupal": 455480,
"importance": 0,
"mise-a-jour": "2017-01-22-15-48-57",
"moment-de-creation": "2016-03-25-07-00-03",
"moment-de-modification": "2016-03-25-07-00-03",
"nom": "Friedrich D&#252;rrenmatt",
"nom-francais": ["Friedrich D&#252;rrenmatt"],
"nom-machine": ["pers-2016-03-25-07-00-03-87534216199"],
"personne-date-deces": "1990",
"personne-date-naissance": "terme-2015-12-06-16-25-30-86966227845",
"personne-nom-famille": "D&#252;rrenmatt",
"personne-nom-prenom": "Friedrich",
"site-de-diffusion": ["terme-2015-12-06-16-23-47-86966221646"],
"source-defectueuse": false,
"source-url": "http://www.phdadministration.net/personne/pers-2016-03-25-07-00-03-87534216199",
"sous-type": "pers",
"type": "ressources",
"type-de-ressource": ["terme-2015-12-06-16-27-16-86966234209","terme-2015-12-06-16-27-18-86966234335"]
}