{
"_id": "pers-2016-03-25-07-00-01-87534216097",
"ajouter-aux-favoris": false,
"date-edition": "2016-03-25-07-00-01",
"description": "Louis Jouvet est un acteur fran&#231;ais, metteur en sc&#232;ne et directeur de th&#233;&#226;tre, professeur au Conservatoire national sup&#233;rieur d'art dramatique, n&#233; le 24&#160;d&#233;cembre&#160;1887 &#224; Crozon (Finist&#232;re), mort le 16&#160;ao&#251;t&#160;1951 &#224; Paris.",
"fiche-a-completer": true,
"fiche-publiee": true,
"identifiant-drupal": 455432,
"importance": 0,
"mise-a-jour": "2017-01-22-15-48-57",
"moment-de-creation": "2016-03-25-07-00-01",
"moment-de-modification": "2016-03-25-07-00-01",
"nom": "Louis Jouvet",
"nom-francais": ["Louis Jouvet"],
"nom-machine": ["pers-2016-03-25-07-00-01-87534216097"],
"personne-date-deces": "1951",
"personne-date-naissance": "terme-2015-12-06-16-25-29-86966227749",
"personne-nom-famille": "Jouvet",
"personne-nom-prenom": "Louis",
"site-de-diffusion": ["terme-2015-12-06-16-23-47-86966221646"],
"source-defectueuse": false,
"source-url": "http://www.phdadministration.net/personne/pers-2016-03-25-07-00-01-87534216097",
"sous-type": "pers",
"type": "ressources",
"type-de-ressource": ["terme-2015-12-06-16-27-16-86966234209","terme-2015-12-06-16-27-18-86966234335"]
}