{
"_id": "pers-2016-03-25-06-59-08-87534212910",
"ajouter-aux-favoris": false,
"date-edition": "2016-03-25-06-59-08",
"description": "Biographie [modifier]<br>Apr&#232;s une licence en lettres &#224; Gen&#232;ve, elle a &#233;tudi&#233; le journalisme &#224; &#201;cole sup&#233;rieure de journalisme de Lille. Elle vit aujourd'hui &#224; Paris. Journaliste (Le Monde diplomatique), elle anime &#233;galement le site de critique culturelle &#171; P&#233;riph&#233;ries &#187;.<br>La Tyrannie de la r&#233;alit&#233; [modifier]<br>Dans La Tyrannie de la r&#233;alit&#233;, Mona Chollet analyse l'usage pernicieux fait aujourd'hui de la notion de r&#233;alit&#233; dans les discours politique et m&#233;diatique. Une vision &#233;troite de la &#171; r&#233;alit&#233; &#187;, qui condamne les r&#234;veurs comme des excentriques inadapt&#233;s, permet de brandir ce mot pour couper court &#224; toute contestation. Parce qu'elle renvoie toujours le sujet &#224; l'actualit&#233; la plus imm&#233;diate, l'&#233;vocation de la &#171; r&#233;alit&#233; &#187; engendre un sentiment de fatalisme et d'impuissance.<br>Mona Chollet retrace le parcours de cette notion depuis l'&#233;mergence du rationalisme cart&#233;sien et montre les cons&#233;quences n&#233;fastes de cette vision partielle dans les domaines politique, litt&#233;raire ou encore environnemental et m&#233;diatico-journalistique. L'auteur en appelle &#224; un mouvement de recul et de ressourcement qui rappelle les th&#233;ories du philosophe canadien anglo-saxon Charles Taylor r&#233;affirmant l'id&#233;al d'authenticit&#233; d&#233;voy&#233; par la modernit&#233; hyperrationaliste.<br>Son essai, marqu&#233; &#224; gauche, s'inscrit dans la tradition de critique de la modernit&#233; politique et de la soci&#233;t&#233; de consommation, lanc&#233;e par des philosophes comme Jean Baudrillard. Sa critique du r&#233;alisme rejoint &#233;galement celle prononc&#233;e par le courant constructiviste en &#233;pist&#233;mologie.",
"fiche-a-completer": true,
"fiche-publiee": true,
"identifiant-drupal": 270992,
"importance": 0,
"mise-a-jour": "2017-01-22-15-48-57",
"moment-de-creation": "2016-03-25-06-59-08",
"moment-de-modification": "2016-03-25-06-59-08",
"nom": "Mona Chollet",
"nom-francais": ["Mona Chollet"],
"nom-machine": ["pers-2016-03-25-06-59-08-87534212910"],
"personne-nom-famille": "Chollet",
"personne-nom-prenom": "Mona",
"site-de-diffusion": ["terme-2015-12-06-16-23-47-86966221646"],
"source-defectueuse": false,
"source-url": "http://www.phdadministration.net/personne/pers-2016-03-25-06-59-08-87534212910",
"sous-type": "pers",
"type": "ressources",
"type-de-ressource": ["terme-2015-12-06-16-27-16-86966234209","terme-2015-12-06-16-27-18-86966234335"]
}