{
"_id": "pers-2016-03-25-06-58-48-87534211722",
"ajouter-aux-favoris": false,
"description": "Blogue - Critique de cin&#233;ma ind&#233;pendant<br>Helen : J'ai &#233;t&#233; critique de cin&#233;ma pour l'hebdo culturel montr&#233;alais ICI de mai 2003 &#224; juin 2006. J'ai &#233;galement &#233;t&#233; chef de la section cin&#233;ma de cet hebdo de mai 2005 &#224; mai 2006.Je suis maintenant r&#233;dactrice en chef du www.revue24images.com Mais j'ai eu envie de partager ma passion des films d'une autre fa&#231;on, en toute libert&#233;.",
"fiche-a-completer": true,
"fiche-publiee": true,
"identifiant-drupal": 20409,
"importance": 0,
"mise-a-jour": "2017-01-22-15-48-57",
"moment-de-creation": "2016-03-25-06-58-48",
"moment-de-modification": "2016-03-25-06-58-48",
"mots-clefs": ["blogue","cin&#233;ma","cin&#233;ma ind&#233;pendant","critique","Helen","michel Boujut"],
"nom": "Helen Helen",
"nom-francais": ["Helen Helen"],
"nom-machine": "pers-2016-03-25-06-58-48-87534211722",
"personne-nom-famille": "Helen",
"personne-nom-prenom": "Helen",
"site-de-diffusion": ["terme-2015-12-06-16-23-47-86966221646"],
"source-defectueuse": false,
"source-url": "http://www.phdadministration.net/personne/pers-2016-03-25-06-58-48-87534211722",
"sous-type": "pers",
"sujet": ["terme-2015-12-06-16-24-38-86966224698"],
"type": "ressources"
}