{
"_id": "pers-2016-03-04-03-44-18-87424863514",
"ajouter-aux-favoris": false,
"fiche-a-completer": true,
"fiche-publiee": true,
"importance": 0,
"lieu-concerne": ["lieu-2015-12-06-16-10-48-86966174886","lieu-2015-12-06-16-13-14-86966183668","lieu-2015-12-06-16-13-36-86966184994","lieu-2015-12-06-16-13-44-86966185491","lieu-2015-12-06-16-13-59-86966186386"],
"mise-a-jour": "2017-01-22-15-48-57",
"moment-de-creation": "2016-03-04-03-44-18",
"moment-de-modification": "2016-03-04-03-46-49",
"nom": "Edmund Dell",
"nom-francais": ["Edmund Dell"],
"nom-machine": "pers-2016-03-04-03-44-18-87424863514",
"personne-concernee": ["pers-2016-03-04-03-44-18-87424863514"],
"personne-date-deces": "1999-11-01",
"personne-date-naissance": "1921-08-15",
"personne-nom-famille": "Dell",
"personne-nom-prenom": "Edmund ",
"personne-role": ["terme-2015-12-06-16-23-30-86966220606"],
"personne-wikipedia": "https://en.wikipedia.org/wiki/Edmund_Dell",
"site-de-diffusion": ["terme-2015-12-06-16-23-47-86966221646"],
"source-defectueuse": false,
"source-url": "http://www.phdadministration.net/personne/pers-2016-03-04-03-44-18-87424863514",
"sous-type": "pers",
"sujet": ["terme-2015-12-06-16-25-04-86966226256","terme-2015-12-06-16-25-11-86966226696","terme-2015-12-06-16-25-16-86966226986","terme-2015-12-06-16-25-20-86966227250","terme-2015-12-06-16-26-26-86966231160"],
"type": "ressources",
"type-de-ressource": ["terme-2015-12-06-16-27-18-86966234335"]
}