{
"_id": "pers-2016-03-25-07-00-27-87534217627",
"ajouter-aux-favoris": false,
"date-edition": "2016-03-25-07-00-27",
"fiche-a-completer": true,
"fiche-publiee": true,
"identifiant-drupal": 456243,
"importance": 0,
"mise-a-jour": "2017-01-22-15-48-57",
"moment-de-creation": "2016-03-25-07-00-27",
"moment-de-modification": "2016-03-25-07-00-27",
"nom": "Charles Darwin",
"nom-francais": ["Charles Darwin"],
"nom-machine": ["pers-2016-03-25-07-00-27-87534217627"],
"personne-nom-famille": "Darwin",
"personne-nom-prenom": "Charles",
"site-de-diffusion": ["terme-2015-12-06-16-23-47-86966221646"],
"source-defectueuse": false,
"source-url": "http://www.phdadministration.net/personne/pers-2016-03-25-07-00-27-87534217627",
"sous-type": "pers",
"type": "ressources",
"type-de-ressource": ["terme-2015-12-06-16-27-16-86966234209","terme-2015-12-06-16-27-18-86966234335"]
}