{
"_id": "pers-2016-03-25-06-59-21-87534213680",
"ajouter-aux-favoris": false,
"date-edition": "2016-03-25-06-59-21",
"fiche-a-completer": true,
"fiche-publiee": true,
"identifiant-drupal": 31030,
"importance": 0,
"langue-edition": ["terme-2015-12-06-16-10-42-86966174537"],
"mise-a-jour": "2017-01-22-15-48-57",
"moment-de-creation": "2016-03-25-06-59-21",
"moment-de-modification": "2016-03-25-06-59-21",
"nom": "Philippe Mouricou",
"nom-francais": ["Philippe Mouricou"],
"nom-machine": ["pers-2016-03-25-06-59-21-87534213680"],
"personne-nom-famille": "Mouricou",
"personne-nom-prenom": "Philippe",
"site-de-diffusion": ["terme-2015-12-06-16-23-47-86966221646"],
"source-defectueuse": false,
"source-url": "http://www.phdadministration.net/personne/pers-2016-03-25-06-59-21-87534213680",
"sous-type": "pers",
"tip": "Blog d'un &#233;lu PS du 15&#232;me arrondissement",
"type": "ressources",
"type-de-ressource": ["terme-2015-12-06-16-27-16-86966234209","terme-2015-12-06-16-27-18-86966234335","terme-2015-12-06-16-27-19-86966234380","terme-2015-12-06-16-27-20-86966234423"]
}