{
"_id": "pers-2016-03-25-07-00-06-87534216373",
"ajouter-aux-favoris": false,
"date-edition": "2016-03-25-07-00-06",
"description": "T&#233;rence (en latin Publius Terentius Afer), n&#233; &#224; Carthage vers -190 et mort en -159, est un po&#232;te comique latin d'origine berb&#232;re.",
"fiche-a-completer": true,
"fiche-publiee": true,
"identifiant-drupal": 455554,
"importance": 0,
"mise-a-jour": "2017-01-22-15-48-57",
"moment-de-creation": "2016-03-25-07-00-06",
"moment-de-modification": "2016-03-25-07-00-06",
"nom": "T&#233;rence",
"nom-francais": ["T&#233;rence"],
"nom-machine": ["pers-2016-03-25-07-00-06-87534216373"],
"personne-date-deces": "-159",
"personne-date-naissance": "-190",
"personne-nom-famille": "T&#233;rence",
"site-de-diffusion": ["terme-2015-12-06-16-23-47-86966221646"],
"source-defectueuse": false,
"source-url": "http://www.phdadministration.net/personne/pers-2016-03-25-07-00-06-87534216373",
"sous-type": "pers",
"type": "ressources",
"type-de-ressource": ["terme-2015-12-06-16-27-16-86966234209","terme-2015-12-06-16-27-18-86966234335"]
}