{
"_id": "pers-2016-03-25-07-00-05-87534216357",
"ajouter-aux-favoris": false,
"date-edition": "2016-03-25-07-00-05",
"description": "Richemont-Banchereau (pr&#233;nom inconnu, n&#233; en 1612 &#224; Saumur, Maine-et-Loire et mort &#224; une date inconnue) est un jurisconsulte et auteur dramatique fran&#231;ais.<br>Avocat au Parlement, Banchereau n'est connu que par deux pi&#232;ces qu'il &#233;crivit &#224; vingt ans, publi&#233;es &#224; Paris en 1632&#160;:<br>L'Esp&#233;rance glorieuse ou Amour et Justice, tragi-com&#233;die en cinq actes et en vers (d&#233;di&#233;e au prince de Cond&#233;)<br>Les Passions &#233;gar&#233;es ou le Roman du temps, tragi-com&#233;die en cinq actes et en vers.",
"fiche-a-completer": true,
"fiche-publiee": true,
"identifiant-drupal": 455547,
"importance": 0,
"mise-a-jour": "2017-01-22-15-48-57",
"moment-de-creation": "2016-03-25-07-00-05",
"moment-de-modification": "2016-03-25-07-00-05",
"nom": "Richemont-Banchereau",
"nom-francais": ["Richemont-Banchereau"],
"nom-machine": ["pers-2016-03-25-07-00-05-87534216357"],
"personne-date-naissance": "1612",
"personne-nom-famille": "Richemont-Banchereau",
"site-de-diffusion": ["terme-2015-12-06-16-23-47-86966221646"],
"source-defectueuse": false,
"source-url": "http://www.phdadministration.net/personne/pers-2016-03-25-07-00-05-87534216357",
"sous-type": "pers",
"type": "ressources",
"type-de-ressource": ["terme-2015-12-06-16-27-16-86966234209","terme-2015-12-06-16-27-18-86966234335"]
}