{
"_id": "pers-2016-03-25-07-00-05-87534216337",
"ajouter-aux-favoris": false,
"date-edition": "2016-03-25-07-00-05",
"description": "Pedro Calder&#243;n de la Barca de Henao y Ria&#241;o, n&#233; &#224; Madrid le 17 janvier 1600 et mort &#224; Madrid le 25 mai 1681, est un auteur et po&#232;te dramatique espagnol. Extraordinairement prolifique, auteur de plus de deux cents textes dramatiques, son nom est avant tout c&#233;l&#232;bre pour sa pi&#232;ce La vie est un songe.",
"fiche-a-completer": true,
"fiche-publiee": true,
"identifiant-drupal": 455538,
"importance": 0,
"mise-a-jour": "2017-01-22-15-48-57",
"moment-de-creation": "2016-03-25-07-00-05",
"moment-de-modification": "2016-03-25-07-00-05",
"nom": "Pedro Calder&#243;n de la Barca",
"nom-francais": ["Pedro Calder&#243;n de la Barca"],
"nom-machine": ["pers-2016-03-25-07-00-05-87534216337"],
"personne-date-deces": "1681",
"personne-date-naissance": "1600",
"personne-nom-famille": "Calder&#243;n de la Barca",
"personne-nom-prenom": "Pedro",
"site-de-diffusion": ["terme-2015-12-06-16-23-47-86966221646"],
"source-defectueuse": false,
"source-url": "http://www.phdadministration.net/personne/pers-2016-03-25-07-00-05-87534216337",
"sous-type": "pers",
"type": "ressources",
"type-de-ressource": ["terme-2015-12-06-16-27-16-86966234209","terme-2015-12-06-16-27-18-86966234335"]
}