{
"_id": "pers-2016-03-25-07-00-05-87534216320",
"ajouter-aux-favoris": false,
"date-edition": "2016-03-25-07-00-05",
"description": "Max Frisch (15&#160;mai&#160;1911 &#224; Zurich - 4&#160;avril&#160;1991 &#224; Zurich) est un &#233;crivain et architecte suisse al&#233;manique.<br>Membre du Groupe Olten, il est consid&#233;r&#233; comme faisant partie des &#233;crivains les plus importants de la litt&#233;rature allemande de l'apr&#232;s-guerre. Dans son &oelig;uvre, Frisch a particuli&#232;rement pr&#234;t&#233; attention aux probl&#233;matiques d'identit&#233; personnelle, de morale et d'engagement politique. L'ironie est une caract&#233;ristique significative de ses publications d'apr&#232;s guerre. &#171;&#160;Pire que le bruit des bottes, le silence des pantoufles&#160;&#187; est une c&#233;l&#232;bre phrase de cet &#233;crivain.",
"fiche-a-completer": true,
"fiche-publiee": true,
"identifiant-drupal": 455530,
"importance": 0,
"mise-a-jour": "2017-01-22-15-48-57",
"moment-de-creation": "2016-03-25-07-00-05",
"moment-de-modification": "2016-03-25-07-00-05",
"nom": "Max Frisch",
"nom-francais": ["Max Frisch"],
"nom-machine": ["pers-2016-03-25-07-00-05-87534216320"],
"personne-date-deces": "1991",
"personne-date-naissance": "terme-2015-12-06-16-25-30-86966227817",
"personne-nom-famille": "Frisch",
"personne-nom-prenom": "Max",
"site-de-diffusion": ["terme-2015-12-06-16-23-47-86966221646"],
"source-defectueuse": false,
"source-url": "http://www.phdadministration.net/personne/pers-2016-03-25-07-00-05-87534216320",
"sous-type": "pers",
"type": "ressources",
"type-de-ressource": ["terme-2015-12-06-16-27-16-86966234209","terme-2015-12-06-16-27-18-86966234335"]
}