{
"_id": "pers-2016-03-25-06-59-21-87534213712",
"ajouter-aux-favoris": false,
"date-edition": "2016-03-25-06-59-21",
"fiche-a-completer": true,
"fiche-publiee": true,
"identifiant-drupal": 31180,
"importance": 0,
"mise-a-jour": "2017-01-22-15-48-57",
"moment-de-creation": "2016-03-25-06-59-21",
"moment-de-modification": "2016-03-25-06-59-21",
"nom": "Nouriel Roubini",
"nom-francais": ["Nouriel Roubini"],
"nom-machine": ["pers-2016-03-25-06-59-21-87534213712"],
"personne-nom-famille": "Roubini",
"personne-nom-prenom": "Nouriel",
"site-de-diffusion": ["terme-2015-12-06-16-23-47-86966221646"],
"source-defectueuse": false,
"source-url": "http://www.phdadministration.net/personne/pers-2016-03-25-06-59-21-87534213712",
"sous-type": "pers",
"tip": "Nouriel Roubini's EconoMonitor",
"type": "ressources",
"type-de-ressource": ["terme-2015-12-06-16-27-16-86966234209","terme-2015-12-06-16-27-18-86966234335","terme-2015-12-06-16-27-19-86966234380"]
}