{
"_id": "pers-2016-03-25-07-00-06-87534216364",
"ajouter-aux-favoris": false,
"date-edition": "2016-03-25-07-00-06",
"description": "Samuel Beckett (Foxrock, Dublin, 13 avril 1906 - Paris, 22 d&#233;cembre 1989) est un &#233;crivain, po&#232;te et dramaturge irlandais d'expression fran&#231;aise et anglaise, prix Nobel de litt&#233;rature.<br>S'il est l'auteur de romans, tels que Molloy, Malone meurt et l'Innommable et de textes brefs en prose, son nom reste surtout associ&#233; au th&#233;&#226;tre de l'absurde, dont sa pi&#232;ce En attendant Godot (1952) est l'une des plus c&#233;l&#232;bres illustrations. Son &oelig;uvre est aust&#232;re et minimaliste, ce qui est g&#233;n&#233;ralement interpr&#233;t&#233; comme l'expression d'un profond pessimisme devant la condition humaine. Opposer ce pessimisme &#224; l'humour omnipr&#233;sent chez lui n'aurait gu&#232;re de sens&#160;: il faut plut&#244;t les voir comme &#233;tant au service l'un de l'autre, pris dans le cadre plus large d'une immense entreprise de d&#233;rision.[r&#233;f.&#160;souhait&#233;e] Avec le temps, il traite ces th&#232;mes dans un style de plus en plus lapidaire, tendant &#224; rendre sa langue de plus en plus concise et s&#232;che. En 1969, il re&#231;oit le prix Nobel de litt&#233;rature pour &#171;&#160;son &oelig;uvre, qui &#224; travers un renouvellement des formes du roman et du th&#233;&#226;tre, prend toute son &#233;l&#233;vation dans la destitution de l'homme moderne&#160;&#187;1.",
"fiche-a-completer": true,
"fiche-publiee": true,
"identifiant-drupal": 455550,
"importance": 0,
"mise-a-jour": "2017-01-22-15-48-57",
"moment-de-creation": "2016-03-25-07-00-06",
"moment-de-modification": "2016-03-25-07-00-06",
"nom": "Samuel Beckett",
"nom-francais": ["Samuel Beckett"],
"nom-machine": ["pers-2016-03-25-07-00-06-87534216364"],
"personne-date-deces": "1989",
"personne-date-naissance": "terme-2015-12-06-16-25-29-86966227783",
"personne-nom-famille": "Beckett",
"personne-nom-prenom": "Samuel",
"site-de-diffusion": ["terme-2015-12-06-16-23-47-86966221646"],
"source-defectueuse": false,
"source-url": "http://www.phdadministration.net/personne/pers-2016-03-25-07-00-06-87534216364",
"sous-type": "pers",
"type": "ressources",
"type-de-ressource": ["terme-2015-12-06-16-27-16-86966234209","terme-2015-12-06-16-27-18-86966234335"]
}