{
"_id": "pers-2016-03-25-07-00-05-87534216352",
"ajouter-aux-favoris": false,
"date-edition": "2016-03-25-07-00-05",
"description": "Ren&#233; de Obaldia est un po&#232;te, romancier et dramaturge fran&#231;ais, n&#233; le 22&#160;octobre&#160;1918 &#224; Hong Kong. &quot;Inventeur du langage&quot;, Ren&#233; de Obaldia &#233;crit des textes qui sont presque tous empreints d'humour fantastique, de fantaisie et d'imagination.",
"fiche-a-completer": true,
"fiche-publiee": true,
"identifiant-drupal": 455545,
"importance": 0,
"mise-a-jour": "2017-01-22-15-48-57",
"moment-de-creation": "2016-03-25-07-00-05",
"moment-de-modification": "2016-03-25-07-00-05",
"nom": "Ren&#233; de Obaldia",
"nom-francais": ["Ren&#233; de Obaldia"],
"nom-machine": ["pers-2016-03-25-07-00-05-87534216352"],
"personne-date-naissance": "terme-2015-12-06-16-25-31-86966227888",
"personne-nom-famille": "de Obaldia",
"personne-nom-prenom": "Ren&#233;",
"site-de-diffusion": ["terme-2015-12-06-16-23-47-86966221646"],
"source-defectueuse": false,
"source-url": "http://www.phdadministration.net/personne/pers-2016-03-25-07-00-05-87534216352",
"sous-type": "pers",
"type": "ressources",
"type-de-ressource": ["terme-2015-12-06-16-27-16-86966234209","terme-2015-12-06-16-27-18-86966234335"]
}