{
"_id": "pers-2016-03-25-07-00-04-87534216252",
"ajouter-aux-favoris": false,
"date-edition": "2016-03-25-07-00-04",
"description": "Jean-Fran&#231;ois Regnard, n&#233; &#224; Paris le 7&#160;f&#233;vrier&#160;1655 et mort au ch&#226;teau de Grillon, pr&#232;s de Dourdan, le 4&#160;septembre&#160;1709, est un &#233;crivain et dramaturge fran&#231;ais.<br>Il est consid&#233;r&#233; aux xviiie et xixe&#160;si&#232;cles comme le meilleur po&#232;te comique fran&#231;ais apr&#232;s Moli&#232;re1. Voltaire dira &#224; son sujet&#160;: &#171;&#160;Qui ne se pla&#238;t pas avec Regnard n'est pas digne d'admirer Moli&#232;re.&#160;&#187;<br>Outre ses c&#233;l&#232;bres com&#233;dies, on lui doit des r&#233;cits de ses voyages, un petit roman, la Proven&#231;ale, qui n'est que sa propre histoire ainsi que des po&#233;sies diverses, parmi lesquelles on remarque une Satire contre les maris, en r&#233;ponse &#224; la satire de Boileau contre les femmes.",
"fiche-a-completer": true,
"fiche-publiee": true,
"identifiant-drupal": 455502,
"importance": 0,
"mise-a-jour": "2017-01-22-15-48-57",
"moment-de-creation": "2016-03-25-07-00-04",
"moment-de-modification": "2016-03-25-07-00-04",
"nom": "Jean-Fran&#231;ois Regnard",
"nom-francais": ["Jean-Fran&#231;ois Regnard"],
"nom-machine": ["pers-2016-03-25-07-00-04-87534216252"],
"personne-date-deces": "1709",
"personne-date-naissance": "1655",
"personne-nom-famille": "Regnard",
"personne-nom-prenom": "Jean-Fran&#231;ois",
"site-de-diffusion": ["terme-2015-12-06-16-23-47-86966221646"],
"source-defectueuse": false,
"source-url": "http://www.phdadministration.net/personne/pers-2016-03-25-07-00-04-87534216252",
"sous-type": "pers",
"type": "ressources",
"type-de-ressource": ["terme-2015-12-06-16-27-16-86966234209","terme-2015-12-06-16-27-18-86966234335"]
}