{
"_id": "pers-2016-03-25-06-59-09-87534212999",
"ajouter-aux-favoris": false,
"date-edition": "2016-03-25-06-59-09",
"description": "Le Qu&#233;bec conna&#238;tra-t-il le Sarkoberlusconisme?",
"fiche-a-completer": true,
"fiche-publiee": true,
"identifiant-drupal": 271714,
"identifiant-drupal-parent": 271710,
"importance": 0,
"mise-a-jour": "2017-01-22-15-48-57",
"moment-de-creation": "2016-03-25-06-59-09",
"moment-de-modification": "2016-03-25-06-59-09",
"nom": "Pierre-Karl P&#233;ladeau",
"nom-francais": ["Pierre-Karl P&#233;ladeau"],
"nom-machine": ["pers-2016-03-25-06-59-09-87534212999"],
"personne-nom-famille": "P&#233;ladeau",
"personne-nom-prenom": "Pierre-Karl",
"section": ["terme-2015-12-06-16-23-39-86966221166"],
"site-de-diffusion": ["terme-2015-12-06-16-23-47-86966221646"],
"source-defectueuse": false,
"source-url": "http://www.phdadministration.net/personne/pers-2016-03-25-06-59-09-87534212999",
"sous-type": "pers",
"suggestion-varia": ["1101|Acteurs politiques"],
"tip": "Pierre-Karl P&#233;ladeau sur EMM",
"type": "ressources",
"type-de-contenu": ["terme-2015-12-06-16-27-11-86966233881"],
"type-de-ressource": ["terme-2015-12-06-16-27-16-86966234209","terme-2015-12-06-16-27-16-86966234218","terme-2015-12-06-16-27-18-86966234335","terme-2015-12-06-16-27-19-86966234380"],
"voir-aussi": ["page-2016-03-25-06-59-09-87534212997"]
}