{
"_id": "pers-2016-03-25-07-00-01-87534216075",
"ajouter-aux-favoris": false,
"date-edition": "2016-03-25-07-00-01",
"description": "La famille Barrymore est une c&#233;l&#232;bre famille d'acteurs de th&#233;&#226;tre et de cin&#233;ma aux &#201;tats-Unis.<br>Son actuel plus c&#233;l&#232;bre membre est l'actrice Drew Barrymore. La famille Barrymore a acquis sa c&#233;l&#233;brit&#233; &#224; la fois pour ses talents d'interpr&#232;tes et ses quelques exc&#232;s de drogue et d'alcool.<br>L'acteur Herbert Arthur Chamberlayne Blythe (1849-1905), est n&#233; en Inde. Apr&#232;s sa scolarit&#233; en Angleterre, il prend comme nom de sc&#232;ne Maurice Barrymore. Il &#233;pouse l'actrice Georgianna &quot;Georgie&quot; Emma Drew (1856-1893), elle-m&#234;me d'une famille de th&#233;&#226;tre&#160;: son fr&#232;re (John Drew cadet (1853-1927)), ses parents John Drew l'a&#238;n&#233; et Louisa Lane Drew (plus connue en tant qu'adulte sous le nom de Mme John Drew (1820-1897)), &#233;taient tous acteurs. Louisa, n&#233;e en Grande-Bretagne, a fait de nombreuses tourn&#233;es aux &#201;tats-Unis comme enfant vedette et est issue elle-m&#234;me d'une famille d'acteurs.<br>Les trois enfants de Maurice et Georgie sont tous des acteurs renomm&#233;s&#160;:<br>Lionel Barrymore - (28&#160;avril&#160;1878 - 15&#160;novembre&#160;1954)<br>Lionel &#233;pouse en 1904 l'actrice Doris Rankin (1880-1946) dont il divorce en 1923. La m&#234;me ann&#233;e, il se remarie avec l'actrice Irene Fenwick (1887-1936).<br>Ethel Barrymore - (15&#160;ao&#251;t&#160;1879 - 18&#160;juin&#160;1959)<br>John Barrymore - (15&#160;f&#233;vrier&#160;1882 - 29 mai 1942)<br>John Barrymore et sa troisi&#232;me &#233;pouse, l'actrice Dolores Costello, sont les parents de l'acteur&#160;:<br>John Drew Barrymore (4&#160;juin&#160;1929 - 29&#160;novembre&#160;2004)<br>John Barrymore est &#233;galement le p&#232;re de l'actrice Diana Barrymore (3&#160;mars&#160;1921 - 25&#160;janvier&#160;1960).<br>John Drew Barrymore et sa premi&#232;re &#233;pouse, l'actrice Cara Williams, ont un fils&#160;:<br>John Blyth Barrymore - (15 mai 1954 -) qui est lui-m&#234;me acteur<br>John Drew Barrymore et sa troisi&#232;me &#233;pouse, Ildiko Jaid (l'actrice Jaid Barrymore), ont une fille&#160;:<br>Drew Barrymore - (22&#160;f&#233;vrier&#160;1975 -), actrice et productrice &#224; Hollywood.",
"fiche-a-completer": true,
"fiche-publiee": true,
"identifiant-drupal": 455423,
"importance": 0,
"langue-edition": ["terme-2015-12-06-16-10-40-86966174431"],
"mise-a-jour": "2017-01-22-15-48-57",
"moment-de-creation": "2016-03-25-07-00-01",
"moment-de-modification": "2016-03-25-07-00-01",
"nom": "Barrymore",
"nom-francais": ["Barrymore"],
"nom-machine": ["pers-2016-03-25-07-00-01-87534216075"],
"personne-nom-famille": "Barrymore",
"site-de-diffusion": ["terme-2015-12-06-16-23-47-86966221646"],
"source-defectueuse": false,
"source-url": "http://www.phdadministration.net/personne/pers-2016-03-25-07-00-01-87534216075",
"sous-type": "pers",
"type": "ressources",
"type-de-ressource": ["terme-2015-12-06-16-27-16-86966234209","terme-2015-12-06-16-27-18-86966234295"]
}