{
"_id": "pers-2015-01-09-23-55-25-Alain",
"ajouter-aux-favoris": true,
"description": "Description de Alain Farmer.",
"editeur": ["pers-2015-01-09-23-55-25-Alain","site-2016-03-25-06-58-58-87534212325","site-2016-03-25-07-05-09-87534234576"],
"fiche-a-completer": true,
"fiche-defectueuse": false,
"fiche-publiee": true,
"identifiant-drupal": 0,
"identifiant-drupal-parent": 0,
"importance": 0,
"langue-edition": ["terme-2015-12-06-16-10-40-86966174431","terme-2015-12-06-16-10-42-86966174537"],
"lieu-concerne": ["lieu-2015-12-06-16-16-09-86966194142"],
"lieu-edition": ["lieu-2015-12-06-16-12-59-86966182750"],
"mise-a-jour": "2017-01-22-15-48-57",
"moment-de-creation": "2016-05-11-23-46-18",
"moment-de-modification": "2016-05-11-23-46-54",
"mots-clefs": ["JSON","Livecode","RDF"],
"nom": "Alain Farmer",
"nom-anglais": ["Alan Farmer"],
"nom-arabe": ["Alain Farmer en arabe"],
"nom-autres-langues": ["Alain Farmer en une autre langue."],
"nom-espagnol": ["Alain Farmer en espagnol"],
"nom-francais": ["Alain Farmer"],
"nom-italien": ["Alain Farmer en italien"],
"nom-machine": "pers-2015-01-09-23-55-25-Alain",
"nom-russe": ["Alain Farmer en russe"],
"periodicite": ["terme-2015-12-06-16-23-27-86966220471"],
"personne-adresse": "3246, Joseph, Verdun, Montr&#233;al, Qu&#233;bec, Canada, H4G 1H7",
"personne-concernee": ["pers-2015-01-09-23-55-25-Alain"],
"personne-courriel": "alain_farmer@yahoo.com",
"personne-date-deces": "2064-03-20",
"personne-date-naissance": "1964-03-20",
"personne-nom-famille": "Farmer",
"personne-nom-prenom": "Alain",
"personne-role": ["terme-2015-12-06-16-23-28-86966220517","terme-2015-12-06-16-23-28-86966220522","terme-2015-12-06-16-23-29-86966220544","terme-2015-12-06-16-23-29-86966220565"],
"personne-wikipedia": "https://fr.wikipedia.org/wiki/Farmer_Alain",
"site-de-diffusion": ["terme-2015-12-06-16-23-47-86966221629","terme-2015-12-06-16-23-47-86966221638","terme-2015-12-06-16-23-47-86966221646"],
"source-url": "http://www.phdadministration.net/personne/pers-2015-01-09-23-55-25-Alain",
"sous-type": "pers",
"sujet": ["terme-2015-12-06-16-24-43-86966225029","terme-2015-12-06-16-25-02-86966226145","terme-2015-12-06-16-25-02-86966226157","terme-2015-12-06-16-25-04-86966226256","terme-2015-12-06-16-26-48-86966232494"],
"type": "personnes",
"type-de-contenu": ["terme-2015-12-06-16-27-14-86966234042","terme-2015-12-06-16-27-14-86966234057"]
}