{
"_id": "pers-2016-03-25-07-00-26-87534217604",
"ajouter-aux-favoris": false,
"date-edition": "2016-03-25-07-00-26",
"fiche-a-completer": true,
"fiche-publiee": true,
"identifiant-drupal": 456233,
"importance": 0,
"mise-a-jour": "2017-01-22-15-48-57",
"moment-de-creation": "2016-03-25-07-00-26",
"moment-de-modification": "2016-03-25-07-00-26",
"nom": "Jan Appel",
"nom-francais": ["Jan Appel"],
"nom-machine": ["pers-2016-03-25-07-00-26-87534217604"],
"personne-nom-famille": "Appel",
"personne-nom-prenom": "Jan",
"site-de-diffusion": ["terme-2015-12-06-16-23-47-86966221646"],
"source-defectueuse": false,
"source-url": "http://www.phdadministration.net/personne/pers-2016-03-25-07-00-26-87534217604",
"sous-type": "pers",
"type": "ressources",
"type-de-ressource": ["terme-2015-12-06-16-27-16-86966234209","terme-2015-12-06-16-27-18-86966234335"]
}