{
"_id": "pers-2016-03-25-06-59-22-87534213742",
"ajouter-aux-favoris": false,
"date-edition": "2016-03-25-06-59-22",
"fiche-a-completer": true,
"fiche-publiee": true,
"identifiant-drupal": 3137,
"importance": 0,
"langue-edition": ["terme-2015-12-06-16-10-42-86966174537"],
"mise-a-jour": "2017-01-22-15-48-57",
"moment-de-creation": "2016-03-25-06-59-22",
"moment-de-modification": "2016-03-25-06-59-22",
"mots-clefs": ["interpr&#233;tation simultan&#233;e","r&#233;daction","traduction"],
"nom": "Linda Ballantyne",
"nom-francais": ["Linda Ballantyne"],
"nom-machine": ["pers-2016-03-25-06-59-22-87534213742"],
"personne-nom-famille": "Ballantyne",
"personne-nom-prenom": "Linda",
"site-de-diffusion": ["terme-2015-12-06-16-23-47-86966221646"],
"source-defectueuse": false,
"source-url": "http://www.phdadministration.net/personne/pers-2016-03-25-06-59-22-87534213742",
"sous-type": "pers",
"tip": "Linda Ballantyne: r&#233;daction, interpr&#233;tation simultan&#233;e, traduction",
"type": "ressources",
"type-de-ressource": ["terme-2015-12-06-16-27-16-86966234209","terme-2015-12-06-16-27-18-86966234335"]
}