{
"_id": "pers-2016-03-25-07-00-01-87534216100",
"ajouter-aux-favoris": false,
"date-edition": "2016-03-25-07-00-01",
"description": "Marie Desmares, dite la Champmesl&#233;, est une actrice et trag&#233;dienne fran&#231;aise n&#233;e &#224; Rouen le 18&#160;f&#233;vrier&#160;1642 et morte &#224; Auteuil le 15 mai 1698.",
"fiche-a-completer": true,
"fiche-publiee": true,
"identifiant-drupal": 455433,
"importance": 0,
"mise-a-jour": "2017-01-22-15-48-57",
"moment-de-creation": "2016-03-25-07-00-01",
"moment-de-modification": "2016-03-25-07-00-01",
"nom": "Marie Champmesl&#233;",
"nom-francais": ["Marie Champmesl&#233;"],
"nom-machine": ["pers-2016-03-25-07-00-01-87534216100"],
"personne-date-deces": "1698",
"personne-date-naissance": "1642",
"personne-nom-famille": "Champmesl&#233;",
"personne-nom-prenom": "Marie",
"site-de-diffusion": ["terme-2015-12-06-16-23-47-86966221646"],
"source-defectueuse": false,
"source-url": "http://www.phdadministration.net/personne/pers-2016-03-25-07-00-01-87534216100",
"sous-type": "pers",
"type": "ressources",
"type-de-ressource": ["terme-2015-12-06-16-27-16-86966234209","terme-2015-12-06-16-27-18-86966234335"]
}