{
"_id": "pers-2016-03-25-07-00-06-87534216376",
"ajouter-aux-favoris": false,
"date-edition": "2016-03-25-07-00-06",
"description": "Thomas Bernhard, n&#233; le 9&#160;f&#233;vrier&#160;1931 &#224; Heerlen (Pays-Bas), et mort le 12&#160;f&#233;vrier&#160;1989 &#224; Gmunden (Autriche), est un &#233;crivain et dramaturge autrichien.<br>&#201;crivain et dramaturge au style singulier, misanthrope, vivant une relation d'amour et de haine avec sa patrie, Thomas Bernhard est un des auteurs les plus importants de la litt&#233;rature germanophone d'apr&#232;s-guerre.",
"fiche-a-completer": true,
"fiche-publiee": true,
"identifiant-drupal": 455555,
"importance": 0,
"mise-a-jour": "2017-01-22-15-48-57",
"moment-de-creation": "2016-03-25-07-00-06",
"moment-de-modification": "2016-03-25-07-00-06",
"nom": "Thomas Bernhard",
"nom-francais": ["Thomas Bernhard"],
"nom-machine": ["pers-2016-03-25-07-00-06-87534216376"],
"personne-date-deces": "1989",
"personne-date-naissance": "terme-2015-12-06-16-25-31-86966227865",
"personne-nom-famille": "Bernhard",
"personne-nom-prenom": "Thomas",
"site-de-diffusion": ["terme-2015-12-06-16-23-47-86966221646"],
"source-defectueuse": false,
"source-url": "http://www.phdadministration.net/personne/pers-2016-03-25-07-00-06-87534216376",
"sous-type": "pers",
"type": "ressources",
"type-de-ressource": ["terme-2015-12-06-16-27-16-86966234209","terme-2015-12-06-16-27-18-86966234335"]
}