{
"_id": "pers-2016-03-25-07-00-03-87534216230",
"ajouter-aux-favoris": false,
"date-edition": "2016-03-25-07-00-03",
"description": "Henry de Montherlant, de son nom complet Henry Marie Joseph Fr&#233;d&#233;ric Expedite Millon de Montherlant, n&#233; le 20&#160;avril&#160;1895 &#224; Paris, mort le 21&#160;septembre&#160;1972 &#224; Paris, est un romancier, essayiste, auteur dramatique et acad&#233;micien fran&#231;ais.",
"fiche-a-completer": true,
"fiche-publiee": true,
"identifiant-drupal": 455493,
"importance": 0,
"mise-a-jour": "2017-01-22-15-48-57",
"moment-de-creation": "2016-03-25-07-00-03",
"moment-de-modification": "2016-03-25-07-00-03",
"nom": "Henry de Montherlant",
"nom-francais": ["Henry de Montherlant"],
"nom-machine": ["pers-2016-03-25-07-00-03-87534216230"],
"personne-date-deces": "1972",
"personne-date-naissance": "terme-2015-12-06-16-25-30-86966227803",
"personne-nom-famille": "de Montherlant",
"personne-nom-prenom": "Henry",
"site-de-diffusion": ["terme-2015-12-06-16-23-47-86966221646"],
"source-defectueuse": false,
"source-url": "http://www.phdadministration.net/personne/pers-2016-03-25-07-00-03-87534216230",
"sous-type": "pers",
"type": "ressources",
"type-de-ressource": ["terme-2015-12-06-16-27-16-86966234209","terme-2015-12-06-16-27-18-86966234335"]
}