{
"_id": "pers-2016-03-25-07-00-03-87534216201",
"ajouter-aux-favoris": false,
"date-edition": "2016-03-25-07-00-03",
"description": "Christian Friedrich Hebbel, n&#233; le 18 mars 1813 &#224; Wesselburen (Dithmarschen), d&#233;c&#233;d&#233; le 13 d&#233;cembre 1863 &#224; Vienne, &#233;tait un po&#232;te et un dramaturge allemand.",
"fiche-a-completer": true,
"fiche-publiee": true,
"identifiant-drupal": 455481,
"importance": 0,
"mise-a-jour": "2017-01-22-15-48-57",
"moment-de-creation": "2016-03-25-07-00-03",
"moment-de-modification": "2016-03-25-07-00-03",
"nom": "Friedrich Hebbel",
"nom-francais": ["Friedrich Hebbel"],
"nom-machine": ["pers-2016-03-25-07-00-03-87534216201"],
"personne-date-deces": "1863",
"personne-date-naissance": "terme-2015-12-06-16-25-23-86966227400",
"personne-nom-famille": "Hebbel",
"personne-nom-prenom": "Friedrich",
"site-de-diffusion": ["terme-2015-12-06-16-23-47-86966221646"],
"source-defectueuse": false,
"source-url": "http://www.phdadministration.net/personne/pers-2016-03-25-07-00-03-87534216201",
"sous-type": "pers",
"type": "ressources",
"type-de-ressource": ["terme-2015-12-06-16-27-16-86966234209","terme-2015-12-06-16-27-18-86966234335"]
}