{
"_id": "pers-2016-03-25-07-00-01-87534216071",
"ajouter-aux-favoris": false,
"date-edition": "2016-03-25-07-00-01",
"description": "Edmund Kean, n&#233; le 17&#160;mars&#160;1787 &#224; Londres et mort le 15 mai 1833 dans la m&#234;me ville, est un acteur britannique, consid&#233;r&#233; en son temps comme le plus grand acteur au monde.<br>L'auteur dramatique fran&#231;ais du xixe&#160;si&#232;cle Alexandre Dumas lui a consacr&#233; une pi&#232;ce de th&#233;&#226;tre fameuse, Kean (ou D&#233;sordre et g&#233;nie), qui a particip&#233; &#224; l'&#233;laboration de sa l&#233;gende. (pi&#232;ce dont s'est inspir&#233; Jean-Paul Sartre pour sa pi&#232;ce du m&#234;me nom&#160;: Kean). Sa vie a &#233;t&#233; port&#233;e plusieurs fois au cin&#233;ma, dans un film allemand de Rudolf Biebrach (Kean, 1921), un film fran&#231;ais d'Alexandre Volkoff (Kean, 1923) et deux italiens, l'un de Guido Brignone (Kean, 1940) l'autre de Vittorio Gassman et Francesco Rosi (Kean, 1956).",
"fiche-a-completer": true,
"fiche-publiee": true,
"identifiant-drupal": 455421,
"importance": 0,
"mise-a-jour": "2017-01-22-15-48-57",
"moment-de-creation": "2016-03-25-07-00-01",
"moment-de-modification": "2016-03-25-07-00-01",
"nom": "Edmund Kean",
"nom-francais": ["Edmund Kean"],
"nom-machine": ["pers-2016-03-25-07-00-01-87534216071"],
"personne-date-deces": "1833",
"personne-date-naissance": "terme-2015-12-06-16-25-21-86966227317",
"personne-nom-famille": "Kean",
"personne-nom-prenom": "Edmund",
"site-de-diffusion": ["terme-2015-12-06-16-23-47-86966221646"],
"source-defectueuse": false,
"source-url": "http://www.phdadministration.net/personne/pers-2016-03-25-07-00-01-87534216071",
"sous-type": "pers",
"type": "ressources",
"type-de-ressource": ["terme-2015-12-06-16-27-16-86966234209","terme-2015-12-06-16-27-18-86966234335"]
}