{
"_id": "pers-2016-03-25-06-58-46-87534211591",
"ajouter-aux-favoris": false,
"date-edition": "2016-03-25-06-58-46",
"fiche-a-completer": true,
"fiche-publiee": true,
"identifiant-drupal": 19407,
"importance": 0,
"langue-edition": ["terme-2015-12-06-16-10-42-86966174537"],
"mise-a-jour": "2017-01-22-15-48-57",
"moment-de-creation": "2016-03-25-06-58-46",
"moment-de-modification": "2016-03-25-06-58-46",
"nom": "Gilles RAVEAUD",
"nom-francais": ["Gilles RAVEAUD"],
"nom-machine": ["pers-2016-03-25-06-58-46-87534211591"],
"personne-nom-famille": "RAVEAUD",
"personne-nom-prenom": "Gilles",
"site-de-diffusion": ["terme-2015-12-06-16-23-47-86966221646"],
"source-defectueuse": false,
"source-url": "http://www.phdadministration.net/personne/pers-2016-03-25-06-58-46-87534211591",
"sous-type": "pers",
"type": "ressources",
"type-de-ressource": ["terme-2015-12-06-16-27-16-86966234209","terme-2015-12-06-16-27-18-86966234335","terme-2015-12-06-16-27-19-86966234380","terme-2015-12-06-16-27-20-86966234423"]
}