{
"_id": "pers-2016-03-25-07-00-02-87534216166",
"ajouter-aux-favoris": false,
"date-edition": "2016-03-25-07-00-02",
"description": "Edmond Eug&#232;ne Joseph Alexis Rostand, n&#233; le 1er&#160;avril&#160;1868 &#224; Marseille, mort le 2&#160;d&#233;cembre&#160;1918 &#224; Paris 7e, est un auteur dramatique fran&#231;ais.<br>Edmond Rostand est le p&#232;re du fameux biologiste Jean Rostand.",
"fiche-a-completer": true,
"fiche-publiee": true,
"identifiant-drupal": 455465,
"importance": 0,
"mise-a-jour": "2017-01-22-15-48-57",
"moment-de-creation": "2016-03-25-07-00-02",
"moment-de-modification": "2016-03-25-07-00-02",
"nom": "Edmond Rostand",
"nom-francais": ["Edmond Rostand"],
"nom-machine": ["pers-2016-03-25-07-00-02-87534216166"],
"personne-date-deces": "1918",
"personne-date-naissance": "terme-2015-12-06-16-25-28-86966227695",
"personne-nom-famille": "Rostand",
"personne-nom-prenom": "Edmond",
"site-de-diffusion": ["terme-2015-12-06-16-23-47-86966221646"],
"source-defectueuse": false,
"source-url": "http://www.phdadministration.net/personne/pers-2016-03-25-07-00-02-87534216166",
"sous-type": "pers",
"type": "ressources",
"type-de-ressource": ["terme-2015-12-06-16-27-16-86966234209","terme-2015-12-06-16-27-18-86966234335"]
}