{
"_id": "pers-2016-03-25-07-00-03-87534216213",
"ajouter-aux-favoris": false,
"date-edition": "2016-03-25-07-00-03",
"description": "Gil Vicente, (n&#233; vers 1465, mort vers 1537), est un homme de th&#233;&#226;tre portugais&#160;; il est g&#233;n&#233;ralement consid&#233;r&#233; comme le premier dramaturge &quot;litt&#233;raire&quot; portugais. On l'identifie aussi souvent comme l'orf&#232;vre de la Cust&#243;dia de Bel&#233;m (Reliquaire de Bel&#233;m), et comme le ma&#238;tre de rh&#233;torique du roi Dom Manuel. En tant qu'homme de th&#233;&#226;tre, il semble avoir aussi &#233;t&#233; musicien, acteur et metteur en sc&#232;ne.<br>Il est fr&#233;quemment tenu pour le p&#232;re du th&#233;&#226;tre portugais moderne, ou m&#234;me du th&#233;&#226;tre ib&#233;rique, puisqu'il &#233;crivait aussi en espagnol - partageant la paternit&#233; du drame espagnol avec Juan del Encina.<br>L'&oelig;uvre Vicentine est tenue comme le reflet de la mutation des temps, et du passage du Moyen &#194;ge &#224; la Renaissance, &#233;poque balan&#231;ant entre un temps ou les hi&#233;rarchies et l'ordre social &#233;taient r&#233;gis par des r&#232;gles inflexibles, et une nouvelle soci&#233;t&#233; o&#249; l'ordre institu&#233; commence &#224; &#234;tre subverti, &#224; &#234;tre questionn&#233;. C'est le principal repr&#233;sentant de la litt&#233;rature Renaissante portugaise, ant&#233;rieure &#224; Cam&#245;es (Camoens), qui, incorporant de nombreux &#233;l&#233;ments populaires dans ses &#233;crits, a influenc&#233; &#224; son tour la culture populaire portugaise.",
"fiche-a-completer": true,
"fiche-publiee": true,
"identifiant-drupal": 455486,
"importance": 0,
"mise-a-jour": "2017-01-22-15-48-57",
"moment-de-creation": "2016-03-25-07-00-03",
"moment-de-modification": "2016-03-25-07-00-03",
"nom": "Gil Vicente",
"nom-francais": ["Gil Vicente"],
"nom-machine": ["pers-2016-03-25-07-00-03-87534216213"],
"personne-date-deces": "1537",
"personne-date-naissance": "1465",
"personne-nom-famille": "Vicente",
"personne-nom-prenom": "Gil",
"site-de-diffusion": ["terme-2015-12-06-16-23-47-86966221646"],
"source-defectueuse": false,
"source-url": "http://www.phdadministration.net/personne/pers-2016-03-25-07-00-03-87534216213",
"sous-type": "pers",
"type": "ressources",
"type-de-ressource": ["terme-2015-12-06-16-27-16-86966234209","terme-2015-12-06-16-27-18-86966234335"]
}