{
"_id": "pers-2016-03-25-07-00-02-87534216175",
"ajouter-aux-favoris": false,
"date-edition": "2016-03-25-07-00-02",
"description": "Eug&#232;ne Labiche est un dramaturge fran&#231;ais, n&#233; le 6&#160;mai&#160;1815 &#224; Paris o&#249; il est mort le 22&#160;janvier&#160;1888.<br>Il a &#233;t&#233; &#233;lu membre de l'Acad&#233;mie fran&#231;aise en 1880 au fauteuil 15, &#224; la suite du journaliste Ustazade Silvestre de Sacy.",
"fiche-a-completer": true,
"fiche-publiee": true,
"identifiant-drupal": 455470,
"importance": 0,
"mise-a-jour": "2017-01-22-15-48-57",
"moment-de-creation": "2016-03-25-07-00-02",
"moment-de-modification": "2016-03-25-07-00-02",
"nom": "Eug&#232;ne Labiche",
"nom-francais": ["Eug&#232;ne Labiche"],
"nom-machine": ["pers-2016-03-25-07-00-02-87534216175"],
"personne-date-deces": "1888",
"personne-date-naissance": "terme-2015-12-06-16-25-23-86966227405",
"personne-nom-famille": "Labiche",
"personne-nom-prenom": "Eug&#232;ne",
"site-de-diffusion": ["terme-2015-12-06-16-23-47-86966221646"],
"source-defectueuse": false,
"source-url": "http://www.phdadministration.net/personne/pers-2016-03-25-07-00-02-87534216175",
"sous-type": "pers",
"type": "ressources",
"type-de-ressource": ["terme-2015-12-06-16-27-16-86966234209","terme-2015-12-06-16-27-18-86966234335"]
}