{
"_id": "pers-2016-03-25-07-00-03-87534216227",
"ajouter-aux-favoris": false,
"date-edition": "2016-03-25-07-00-03",
"description": "Henrik Johan Ibsen (20&#160;mars&#160;1828, Skien, Norv&#232;ge - 23&#160;mai&#160;1906, Christiania) est un dramaturge norv&#233;gien.",
"fiche-a-completer": true,
"fiche-publiee": true,
"identifiant-drupal": 455492,
"importance": 0,
"mise-a-jour": "2017-01-22-15-48-57",
"moment-de-creation": "2016-03-25-07-00-03",
"moment-de-modification": "2016-03-25-07-00-03",
"nom": "Henrik Ibsen",
"nom-francais": ["Henrik Ibsen"],
"nom-machine": ["pers-2016-03-25-07-00-03-87534216227"],
"personne-date-deces": "1906",
"personne-date-naissance": "terme-2015-12-06-16-25-24-86966227444",
"personne-nom-famille": "Ibsen",
"personne-nom-prenom": "Henrik",
"site-de-diffusion": ["terme-2015-12-06-16-23-47-86966221646"],
"source-defectueuse": false,
"source-url": "http://www.phdadministration.net/personne/pers-2016-03-25-07-00-03-87534216227",
"sous-type": "pers",
"type": "ressources",
"type-de-ressource": ["terme-2015-12-06-16-27-16-86966234209","terme-2015-12-06-16-27-18-86966234335"]
}