{
"_id": "pers-2016-03-25-06-58-51-87534211894",
"ajouter-aux-favoris": false,
"date-edition": "2016-03-25-06-58-51",
"fiche-a-completer": true,
"fiche-publiee": true,
"identifiant-drupal": 21361,
"importance": 0,
"langue-edition": ["terme-2015-12-06-16-10-42-86966174537"],
"mise-a-jour": "2017-01-22-15-48-57",
"moment-de-creation": "2016-03-25-06-58-51",
"moment-de-modification": "2016-03-25-06-58-51",
"nom": "Michel Abherve",
"nom-francais": ["Michel Abherve"],
"nom-machine": ["pers-2016-03-25-06-58-51-87534211894"],
"personne-nom-famille": "Abherve",
"personne-nom-prenom": "Michel",
"site-de-diffusion": ["terme-2015-12-06-16-23-47-86966221646"],
"source-defectueuse": false,
"source-url": "http://www.phdadministration.net/personne/pers-2016-03-25-06-58-51-87534211894",
"sous-type": "pers",
"tip": "Blog de Michel Abherve",
"type": "ressources",
"type-de-ressource": ["terme-2015-12-06-16-27-16-86966234209","terme-2015-12-06-16-27-18-86966234335","terme-2015-12-06-16-27-19-86966234380","terme-2015-12-06-16-27-20-86966234423"]
}