{
"_id": "pers-2016-03-25-07-00-03-87534216223",
"ajouter-aux-favoris": false,
"date-edition": "2016-03-25-07-00-03",
"description": "Harold Pinter (n&#233; le 10&#160;octobre&#160;1930 et mort le 24&#160;d&#233;cembre&#160;2008 &#224; Londres) est un &#233;crivain, dramaturge et metteur en sc&#232;ne britannique. Il a &#233;crit pour le th&#233;&#226;tre, la radio, la t&#233;l&#233;vision et pour le cin&#233;ma.",
"fiche-a-completer": true,
"fiche-publiee": true,
"identifiant-drupal": 455490,
"importance": 0,
"mise-a-jour": "2017-01-22-15-48-57",
"moment-de-creation": "2016-03-25-07-00-03",
"moment-de-modification": "2016-03-25-07-00-03",
"nom": "Harold Pinter",
"nom-francais": ["Harold Pinter"],
"nom-machine": ["pers-2016-03-25-07-00-03-87534216223"],
"personne-date-deces": "2008",
"personne-date-naissance": "terme-2015-12-06-16-25-31-86966227877",
"personne-nom-famille": "Pinter",
"personne-nom-prenom": "Harold",
"site-de-diffusion": ["terme-2015-12-06-16-23-47-86966221646"],
"source-defectueuse": false,
"source-url": "http://www.phdadministration.net/personne/pers-2016-03-25-07-00-03-87534216223",
"sous-type": "pers",
"type": "ressources",
"type-de-ressource": ["terme-2015-12-06-16-27-16-86966234209","terme-2015-12-06-16-27-18-86966234335"]
}