{
"_id": "pers-2016-03-25-07-00-05-87534216311",
"ajouter-aux-favoris": false,
"date-edition": "2016-03-25-07-00-05",
"description": "Marie-Catherine Desjardins, dite de Villedieu, n&#233;e &#224; Alen&#231;on vers 1640 et morte au manoir de Clinchemore &#224; Saint-R&#233;my-du-Val le 20&#160;octobre&#160;1683, est une &#233;crivaine et dramaturge fran&#231;aise.",
"fiche-a-completer": true,
"fiche-publiee": true,
"identifiant-drupal": 455526,
"importance": 0,
"mise-a-jour": "2017-01-22-15-48-57",
"moment-de-creation": "2016-03-25-07-00-05",
"moment-de-modification": "2016-03-25-07-00-05",
"nom": "Marie-Catherine de Villedieu",
"nom-francais": ["Marie-Catherine de Villedieu"],
"nom-machine": ["pers-2016-03-25-07-00-05-87534216311"],
"personne-date-deces": "1683",
"personne-date-naissance": "1640",
"personne-nom-famille": "de Villedieu",
"personne-nom-prenom": "Marie-Catherine",
"site-de-diffusion": ["terme-2015-12-06-16-23-47-86966221646"],
"source-defectueuse": false,
"source-url": "http://www.phdadministration.net/personne/pers-2016-03-25-07-00-05-87534216311",
"sous-type": "pers",
"type": "ressources",
"type-de-ressource": ["terme-2015-12-06-16-27-16-86966234209","terme-2015-12-06-16-27-18-86966234335"]
}