{
"_id": "pers-2016-03-25-07-00-04-87534216259",
"ajouter-aux-favoris": false,
"date-edition": "2016-03-25-07-00-04",
"description": "Carl Zuckmayer (n&#233; le 27&#160;d&#233;cembre&#160;1896 &#224; Nackenheim, Rheinhessen - mort le 18&#160;janvier&#160;1977 &#224; Vi&#232;ge, Suisse) est un &#233;crivain et dramaturge allemand.",
"fiche-a-completer": true,
"fiche-publiee": true,
"identifiant-drupal": 455505,
"importance": 0,
"mise-a-jour": "2017-01-22-15-48-57",
"moment-de-creation": "2016-03-25-07-00-04",
"moment-de-modification": "2016-03-25-07-00-04",
"nom": "Karl Zuckmayer",
"nom-francais": ["Karl Zuckmayer"],
"nom-machine": ["pers-2016-03-25-07-00-04-87534216259"],
"personne-date-deces": "1977",
"personne-date-naissance": "terme-2015-12-06-16-25-30-86966227806",
"personne-nom-famille": "Zuckmayer",
"personne-nom-prenom": "Karl",
"site-de-diffusion": ["terme-2015-12-06-16-23-47-86966221646"],
"source-defectueuse": false,
"source-url": "http://www.phdadministration.net/personne/pers-2016-03-25-07-00-04-87534216259",
"sous-type": "pers",
"type": "ressources",
"type-de-ressource": ["terme-2015-12-06-16-27-16-86966234209","terme-2015-12-06-16-27-18-86966234335","terme-2015-12-06-16-27-20-86966234417","terme-2015-12-06-16-27-21-86966234485"]
}