{
"_id": "terme-2015-12-06-16-23-47-86966221644",
"ajouter-aux-favoris": false,
"breadcrumb": "taxonomies/sites/PhD-en-Communication/",
"description": "Description de Phd en communication",
"fiche-a-completer": false,
"fiche-publiee": true,
"mise-a-jour": "2017-01-23-16-33-30",
"moment-de-creation": "2015-12-06-16-23-47",
"moment-de-modification": "2015-10-11-14-22-32",
"nom": "Phd en communication",
"nom-anglais": ["Communication"],
"nom-arabe": ["&#1575;&#1578;&#1589;&#1575;&#1604;"],
"nom-espagnol": ["Comunicaci&#243;n"],
"nom-folder": "PhD-en-Communication",
"nom-francais": ["Phd en communication"],
"nom-italien": ["Communicazione"],
"nom-machine": "terme-2015-12-06-16-23-47-86966221644",
"nom-russe": ["&#1082;&#1086;&#1084;&#1084;&#1091;&#1085;&#1080;&#1082;&#1072;&#1094;&#1080;&#1103;"],
"sous-type": "sites",
"type": "taxonomies"
}