{
"_id": "terme-2015-12-06-16-23-47-86966221640",
"ajouter-aux-favoris": false,
"breadcrumb": "taxonomies/sites/myOccupy/",
"description": "Description de Myoccupy",
"fiche-a-completer": false,
"fiche-publiee": true,
"mise-a-jour": "2017-01-23-16-33-30",
"moment-de-creation": "2015-12-06-16-23-47",
"moment-de-modification": "2015-01-04-02-26-19",
"nom": "Myoccupy",
"nom-anglais": ["Occupy"],
"nom-arabe": ["&#1575;&#1581;&#1578;&#1604;&#1608;&#1575;"],
"nom-espagnol": ["Ocupar"],
"nom-folder": "myOccupy",
"nom-francais": ["Myoccupy"],
"nom-italien": ["Occupazione"],
"nom-machine": "terme-2015-12-06-16-23-47-86966221640",
"nom-russe": ["&#1079;&#1072;&#1085;&#1080;&#1084;&#1072;&#1090;&#1100;"],
"sous-type": "sites",
"type": "taxonomies"
}