{
"_id": "terme-2015-12-06-16-23-47-86966221623",
"ajouter-aux-favoris": false,
"breadcrumb": "taxonomies/sites/ISOC-Journal/",
"description": "Description de Isoc journal",
"fiche-a-completer": false,
"fiche-publiee": true,
"mise-a-jour": "2017-01-23-16-33-30",
"moment-de-creation": "2015-12-06-16-23-47",
"moment-de-modification": "2015-10-11-14-11-35",
"nom": "Isoc journal",
"nom-anglais": ["Isoc journal"],
"nom-arabe": ["&#1580;&#1605;&#1593;&#1610;&#1577; &#1575;&#1604;&#1573;&#1606;&#1578;&#1585;&#1606;&#1578;"],
"nom-espagnol": ["Isoc"],
"nom-folder": "ISOC-Journal",
"nom-francais": ["Isoc journal"],
"nom-italien": ["Isoc"],
"nom-machine": "terme-2015-12-06-16-23-47-86966221623",
"nom-russe": ["&#1054;&#1073;&#1097;&#1077;&#1089;&#1090;&#1074;&#1086; &#1048;&#1085;&#1090;&#1077;&#1088;&#1085;&#1077;&#1090;&#1072;"],
"sous-type": "sites",
"type": "taxonomies"
}