{
"_id": "terme-2015-12-06-16-23-47-86966221656",
"ajouter-aux-favoris": false,
"breadcrumb": "taxonomies/sites/supprimer/",
"description": "Description de Supprimer",
"fiche-a-completer": false,
"fiche-publiee": true,
"mise-a-jour": "2017-01-23-16-33-30",
"moment-de-creation": "2015-12-06-16-23-47",
"moment-de-modification": "2015-01-04-02-26-19",
"nom": "Supprimer",
"nom-folder": "supprimer",
"nom-francais": ["Supprimer"],
"nom-machine": "terme-2015-12-06-16-23-47-86966221656",
"sous-type": "sites",
"type": "taxonomies"
}