{
"_id": "terme-2015-12-06-16-23-47-86966221638",
"ajouter-aux-favoris": false,
"breadcrumb": "taxonomies/sites/myMedicine/",
"description": "Description de Mymedicine",
"fiche-a-completer": false,
"fiche-publiee": true,
"mise-a-jour": "2017-01-23-16-33-30",
"moment-de-creation": "2015-12-06-16-23-47",
"moment-de-modification": "2015-01-04-02-26-19",
"nom": "Mymedicine",
"nom-anglais": ["Medicine"],
"nom-arabe": ["&#1591;&#1576;"],
"nom-espagnol": ["Medicina"],
"nom-folder": "myMedicine",
"nom-francais": ["Mymedicine"],
"nom-italien": ["Medicina"],
"nom-machine": "terme-2015-12-06-16-23-47-86966221638",
"nom-russe": ["&#1052;&#1077;&#1076;&#1080;&#1094;&#1080;&#1085;&#1072;"],
"sous-type": "sites",
"type": "taxonomies"
}