{
"_id": "terme-2015-12-06-16-23-47-86966221650",
"ajouter-aux-favoris": false,
"breadcrumb": "taxonomies/sites/Psycho-Education/",
"description": "Psycho &#201;ducation",
"fiche-a-completer": false,
"fiche-publiee": true,
"mise-a-jour": "2017-01-23-16-33-30",
"moment-de-creation": "2015-12-06-16-23-47",
"moment-de-modification": "2015-10-11-14-23-53",
"nom": "Psycho &#233;ducation",
"nom-anglais": ["Psychoeducation"],
"nom-arabe": ["&#1578;&#1585;&#1576;&#1610;&#1577; &#1606;&#1601;&#1587;&#1610;&#1577;"],
"nom-espagnol": ["Psicoeducaci&#243;n"],
"nom-folder": "Psycho-Education",
"nom-francais": ["Psycho &#233;ducation"],
"nom-italien": ["Psicoeducazione"],
"nom-machine": "terme-2015-12-06-16-23-47-86966221650",
"nom-russe": ["&#1087;&#1089;&#1080;&#1093;&#1086;&#1086;&#1073;&#1088;&#1072;&#1079;&#1086;&#1074;&#1072;&#1085;&#1080;&#1077;"],
"sous-type": "sites",
"type": "taxonomies"
}