{
"_id": "terme-2015-12-06-16-23-47-86966221632",
"ajouter-aux-favoris": false,
"breadcrumb": "taxonomies/sites/myBusiness/",
"description": "Description de Mybusiness",
"fiche-a-completer": false,
"fiche-publiee": true,
"mise-a-jour": "2017-01-23-16-33-30",
"moment-de-creation": "2015-12-06-16-23-47",
"moment-de-modification": "2015-01-04-02-26-19",
"nom": "Mybusiness",
"nom-anglais": ["Business"],
"nom-arabe": ["&#1593;&#1605;&#1604; &#1578;&#1580;&#1575;&#1585;&#1610;"],
"nom-espagnol": ["Negocios"],
"nom-folder": "myBusiness",
"nom-francais": ["Mybusiness"],
"nom-italien": ["Affari"],
"nom-machine": "terme-2015-12-06-16-23-47-86966221632",
"nom-russe": ["&#1073;&#1080;&#1079;&#1085;&#1077;&#1089;"],
"sous-type": "sites",
"type": "taxonomies"
}