{
"_id": "terme-2015-12-06-16-23-47-86966221620",
"ajouter-aux-favoris": false,
"breadcrumb": "taxonomies/sites/interne/",
"description": "interne",
"fiche-a-completer": false,
"fiche-publiee": true,
"mise-a-jour": "2017-01-23-16-33-30",
"moment-de-creation": "2015-12-06-16-23-47",
"moment-de-modification": "2015-01-04-02-26-19",
"nom": "Usage interne",
"nom-anglais": ["Internal use"],
"nom-arabe": ["&#1575;&#1587;&#1578;&#1582;&#1583;&#1575;&#1605; &#1575;&#1604;&#1583;&#1575;&#1582;&#1604;&#1610;"],
"nom-espagnol": ["Uso interno"],
"nom-folder": "interne",
"nom-francais": ["Usage interne"],
"nom-italien": ["Uso interno"],
"nom-machine": "terme-2015-12-06-16-23-47-86966221620",
"sous-type": "sites",
"type": "taxonomies"
}