{
"_id": "terme-2016-12-23-21-08-33-88952718820",
"ajouter-aux-favoris": false,
"breadcrumb": "taxonomies/sites/Droit/",
"description": "Description de Droit",
"fiche-a-completer": false,
"fiche-defectueuse": false,
"fiche-publiee": true,
"mise-a-jour": "2017-01-23-16-33-30",
"moment-de-creation": "2016-12-23-21-08-33",
"moment-de-modification": "2016-12-23-21-09-14",
"nom": "Droit",
"nom-anglais": ["Law"],
"nom-folder": "Droit",
"nom-francais": ["Droit"],
"nom-machine": "terme-2016-12-23-21-08-33-88952718820",
"sous-type": "sites",
"type": "taxonomies"
}