{
"_id": "terme-2015-12-06-16-23-47-86966221653",
"ajouter-aux-favoris": false,
"breadcrumb": "taxonomies/sites/sticky/",
"description": "sticky",
"fiche-a-completer": false,
"fiche-publiee": true,
"mise-a-jour": "2017-01-23-16-33-30",
"moment-de-creation": "2015-12-06-16-23-47",
"moment-de-modification": "2015-01-04-02-26-19",
"nom": "Collant",
"nom-anglais": ["Sticky"],
"nom-arabe": ["&#1604;&#1586;&#1580;"],
"nom-espagnol": ["Pegajoso"],
"nom-folder": "sticky",
"nom-francais": ["Collant"],
"nom-italien": ["Appiccicoso"],
"nom-machine": "terme-2015-12-06-16-23-47-86966221653",
"nom-russe": ["&#1083;&#1080;&#1087;&#1082;&#1080;&#1081;"],
"sous-type": "sites",
"type": "taxonomies"
}