{
"_id": "terme-2015-12-06-16-23-47-86966221646",
"ajouter-aux-favoris": false,
"breadcrumb": "taxonomies/sites/phdAdmin/",
"description": "Description de Phdadmin",
"fiche-a-completer": false,
"fiche-publiee": true,
"mise-a-jour": "2017-01-23-16-33-30",
"moment-de-creation": "2015-12-06-16-23-47",
"moment-de-modification": "2015-01-04-02-26-19",
"nom": "Phdadmin",
"nom-anglais": ["Administration"],
"nom-arabe": ["&#1573;&#1583;&#1575;&#1585;&#1577; &#1575;&#1604;&#1571;&#1593;&#1605;&#1575;&#1604;"],
"nom-espagnol": ["Administraci&#243;n"],
"nom-folder": "phdAdmin",
"nom-francais": ["Phdadmin"],
"nom-italien": ["Amministrazione"],
"nom-machine": "terme-2015-12-06-16-23-47-86966221646",
"nom-russe": ["&#1040;&#1076;&#1084;&#1080;&#1085;&#1080;&#1089;&#1090;&#1088;&#1072;&#1094;&#1080;&#1103;"],
"sous-type": "sites",
"type": "taxonomies"
}