{
"_id": "terme-2015-12-06-16-23-47-86966221635",
"ajouter-aux-favoris": false,
"breadcrumb": "taxonomies/sites/myCulture/",
"description": "Description de Myculture",
"fiche-a-completer": false,
"fiche-publiee": true,
"mise-a-jour": "2017-01-23-16-33-30",
"moment-de-creation": "2015-12-06-16-23-47",
"moment-de-modification": "2015-01-04-02-26-19",
"nom": "Myculture",
"nom-anglais": ["Culture"],
"nom-arabe": ["&#1579;&#1602;&#1575;&#1601;&#1577;"],
"nom-espagnol": ["Cultura"],
"nom-folder": "myCulture",
"nom-francais": ["Myculture"],
"nom-italien": ["Cultura"],
"nom-machine": "terme-2015-12-06-16-23-47-86966221635",
"nom-russe": ["&#1050;&#1091;&#1083;&#1100;&#1090;&#1091;&#1088;&#1072;"],
"sous-type": "sites",
"type": "taxonomies"
}