{
"_id": "terme-2016-03-30-19-09-50-87562763445",
"ajouter-aux-favoris": false,
"breadcrumb": "taxonomies/sites/cogitae/",
"description": "Description de Cogitae",
"fiche-a-completer": false,
"fiche-defectueuse": false,
"fiche-publiee": true,
"mise-a-jour": "2017-01-23-16-33-30",
"moment-de-creation": "2016-03-30-19-09-50",
"moment-de-modification": "2016-03-30-19-10-07",
"nom": "Cogitae",
"nom-anglais": ["Cogitae"],
"nom-arabe": ["Cogitae"],
"nom-espagnol": ["Cogitae"],
"nom-folder": "cogitae",
"nom-francais": ["Cogitae"],
"nom-italien": ["Cogitae"],
"nom-machine": "terme-2016-03-30-19-09-50-87562763445",
"nom-russe": ["Cogitae"],
"sous-type": "sites",
"type": "taxonomies"
}