{
"_id": "terme-2015-12-06-16-23-47-86966221629",
"ajouter-aux-favoris": false,
"breadcrumb": "taxonomies/sites/monDoctorat/",
"description": "Description de Mondoctorat",
"fiche-a-completer": false,
"fiche-publiee": true,
"mise-a-jour": "2017-01-23-16-33-30",
"moment-de-creation": "2015-12-06-16-23-47",
"moment-de-modification": "2015-01-04-02-26-19",
"nom": "Mondoctorat",
"nom-anglais": ["Doctorate"],
"nom-arabe": ["&#1583;&#1603;&#1578;&#1608;&#1585;&#1575;&#1607;"],
"nom-espagnol": ["Doctorado"],
"nom-folder": "monDoctorat",
"nom-francais": ["Mondoctorat"],
"nom-italien": ["Dottorato"],
"nom-machine": "terme-2015-12-06-16-23-47-86966221629",
"nom-russe": ["&#1076;&#1086;&#1082;&#1090;&#1086;&#1088;&#1089;&#1082;&#1072;&#1103; &#1089;&#1090;&#1077;&#1087;&#1077;&#1085;&#1100;"],
"sous-type": "sites",
"type": "taxonomies"
}