{
"_id": "terme-2015-12-06-16-10-40-86966174403",
"ajouter-aux-favoris": false,
"breadcrumb": "taxonomies/editeurs/organisation-internationale/",
"description": "Description de Organisation internationale",
"fiche-a-completer": true,
"fiche-publiee": true,
"mise-a-jour": "2016-05-09-16-45-47",
"moment-de-creation": "2015-12-06-16-10-40",
"moment-de-modification": "2015-01-04-02-26-17",
"nom": "Organisation internationale",
"nom-anglais": ["International organization"],
"nom-arabe": ["&#1605;&#1606;&#1592;&#1605;&#1577; &#1583;&#1608;&#1604;&#1610;&#1577;"],
"nom-espagnol": ["Organizaci&#243;n internacional"],
"nom-folder": "organisation-internationale",
"nom-francais": ["Organisation internationale"],
"nom-italien": ["Organizzazione internazionale"],
"nom-machine": "terme-2015-12-06-16-10-40-86966174403",
"nom-russe": ["&#1052;&#1077;&#1078;&#1076;&#1091;&#1085;&#1072;&#1088;&#1086;&#1076;&#1085;&#1072;&#1103; &#1086;&#1088;&#1075;&#1072;&#1085;&#1080;&#1079;&#1072;&#1094;&#1080;&#1103;"],
"sous-type": "editeurs",
"type": "taxonomies"
}