{
"_id": "terme-2015-12-06-16-10-40-86966174405",
"ajouter-aux-favoris": false,
"breadcrumb": "taxonomies/editeurs/organisme-gouvernemental/",
"description": "Description de Organisme gouvernemental",
"fiche-a-completer": false,
"fiche-publiee": true,
"mise-a-jour": "2017-01-23-16-33-30",
"moment-de-creation": "2015-12-06-16-10-40",
"moment-de-modification": "2015-01-04-02-26-17",
"nom": "Organisme gouvernemental",
"nom-anglais": ["Governmental body"],
"nom-arabe": ["&#1607;&#1610;&#1574;&#1577; &#1581;&#1603;&#1608;&#1605;&#1610;&#1577;"],
"nom-espagnol": ["Organismo gubernamental"],
"nom-folder": "organisme-gouvernemental",
"nom-francais": ["Organisme gouvernemental"],
"nom-italien": ["Ente governativo"],
"nom-machine": "terme-2015-12-06-16-10-40-86966174405",
"nom-russe": ["&#1055;&#1088;&#1072;&#1074;&#1080;&#1090;&#1077;&#1083;&#1100;&#1089;&#1090;&#1074;&#1077;&#1085;&#1085;&#1099;&#1081; &#1086;&#1088;&#1075;&#1072;&#1085;"],
"sous-type": "editeurs",
"type": "taxonomies"
}