{
"_id": "terme-2015-12-06-16-10-40-86966174401",
"ajouter-aux-favoris": false,
"breadcrumb": "taxonomies/editeurs/ONG/",
"description": "Description de ONG",
"fiche-a-completer": true,
"fiche-publiee": true,
"mise-a-jour": "2016-05-09-16-45-47",
"moment-de-creation": "2015-12-06-16-10-40",
"moment-de-modification": "2015-01-04-02-26-17",
"nom": "ONG",
"nom-anglais": ["NGO"],
"nom-arabe": ["&#1605;&#1606;&#1592;&#1605;&#1577; &#1594;&#1610;&#1585; &#1581;&#1603;&#1608;&#1605;&#1610;&#1577;"],
"nom-espagnol": ["ONG"],
"nom-folder": "ONG",
"nom-francais": ["ONG"],
"nom-italien": ["ONG"],
"nom-machine": "terme-2015-12-06-16-10-40-86966174401",
"sous-type": "editeurs",
"type": "taxonomies"
}