{
"_id": "terme-2015-12-06-16-10-40-86966174408",
"ajouter-aux-favoris": false,
"breadcrumb": "taxonomies/editeurs/think-tank/",
"description": "think tank",
"fiche-a-completer": true,
"fiche-publiee": true,
"mise-a-jour": "2016-05-09-16-45-47",
"moment-de-creation": "2015-12-06-16-10-40",
"moment-de-modification": "2015-01-04-02-26-17",
"nom": "Laboratoire d'id&#233;es",
"nom-anglais": ["Think tank"],
"nom-arabe": ["&#1582;&#1604;&#1610;&#1577; &#1578;&#1601;&#1603;&#1610;&#1585;"],
"nom-espagnol": ["Tanque de pensamiento"],
"nom-folder": "think-tank",
"nom-francais": ["Laboratoire d'id&#233;es"],
"nom-italien": ["Serbatoio di pensiero"],
"nom-machine": "terme-2015-12-06-16-10-40-86966174408",
"nom-russe": ["&#1040;&#1085;&#1072;&#1083;&#1080;&#1090;&#1080;&#1095;&#1077;&#1089;&#1082;&#1080;&#1081; &#1094;&#1077;&#1085;&#1090;&#1088;"],
"sous-type": "editeurs",
"type": "taxonomies"
}