{
"_id": "terme-2015-12-06-16-10-39-86966174394",
"ajouter-aux-favoris": false,
"breadcrumb": "taxonomies/editeurs/editeur-professionnel/",
"description": "&#233;diteur professionnel",
"fiche-a-completer": false,
"fiche-publiee": true,
"mise-a-jour": "2017-01-23-16-33-30",
"moment-de-creation": "2015-12-06-16-10-39",
"moment-de-modification": "2015-01-04-02-26-17",
"nom": "&#201;diteur professionnel",
"nom-anglais": ["Professional publishing company"],
"nom-arabe": ["&#1583;&#1575;&#1585; &#1606;&#1588;&#1585;"],
"nom-espagnol": ["Casa editorial"],
"nom-folder": "editeur-professionnel",
"nom-francais": ["&#201;diteur professionnel"],
"nom-italien": ["Casa editrice"],
"nom-machine": "terme-2015-12-06-16-10-39-86966174394",
"sous-type": "editeurs",
"type": "taxonomies"
}