{
"_id": "terme-2015-12-06-16-10-39-86966174391",
"ajouter-aux-favoris": false,
"breadcrumb": "taxonomies/editeurs/chaire-de-recherche/",
"description": "Description de Chaire de recherche",
"fiche-a-completer": true,
"fiche-publiee": true,
"mise-a-jour": "2016-05-09-16-45-47",
"moment-de-creation": "2015-12-06-16-10-39",
"moment-de-modification": "2015-01-04-02-26-17",
"nom": "Chaire de recherche",
"nom-anglais": ["Research chair"],
"nom-arabe": ["&#1603;&#1585;&#1587;&#1610; &#1604;&#1571;&#1576;&#1581;&#1575;&#1579;"],
"nom-espagnol": ["C&#225;tedra de investigaci&#243;n"],
"nom-folder": "chaire-de-recherche",
"nom-francais": ["Chaire de recherche"],
"nom-italien": ["Cattedra di ricerca"],
"nom-machine": "terme-2015-12-06-16-10-39-86966174391",
"sous-type": "editeurs",
"type": "taxonomies"
}