{
"_id": "terme-2015-12-06-16-10-39-86966174387",
"ajouter-aux-favoris": false,
"breadcrumb": "taxonomies/editeurs/auteur/",
"description": "Description du terme auteur.",
"fiche-a-completer": false,
"fiche-publiee": true,
"identifiant-drupal": 0,
"identifiant-drupal-parent": 0,
"mise-a-jour": "2017-01-23-16-33-30",
"moment-de-creation": "2015-12-06-16-10-39",
"moment-de-modification": "2016-03-16-23-39-05",
"nom": "Auteur",
"nom-anglais": ["Author"],
"nom-arabe": ["&#1605;&#1572;&#1604;&#1601;"],
"nom-espagnol": ["Autor"],
"nom-folder": "auteur",
"nom-francais": ["Auteur"],
"nom-italien": ["Autore"],
"nom-machine": "terme-2015-12-06-16-10-39-86966174387",
"sous-type": "editeurs",
"type": "taxonomies"
}