{
"_id": "terme-2015-12-06-16-10-39-86966174389",
"ajouter-aux-favoris": false,
"breadcrumb": "taxonomies/editeurs/centre-de-recherche-independant/",
"description": "Description de Centre de recherche ind&#233;pendant",
"fiche-a-completer": true,
"fiche-publiee": true,
"mise-a-jour": "2016-05-09-16-45-47",
"moment-de-creation": "2015-12-06-16-10-39",
"moment-de-modification": "2015-01-04-02-26-17",
"nom": "Centre de recherche ind&#233;pendant",
"nom-anglais": ["Independent research center"],
"nom-arabe": ["&#1605;&#1585;&#1603;&#1586; &#1571;&#1576;&#1581;&#1575;&#1579; &#1605;&#1587;&#1578;&#1602;&#1604;"],
"nom-espagnol": ["Centro de investigaci&#243;n independiente"],
"nom-folder": "centre-de-recherche-independant",
"nom-francais": ["Centre de recherche ind&#233;pendant"],
"nom-italien": ["Centro di ricerca indipendente"],
"nom-machine": "terme-2015-12-06-16-10-39-86966174389",
"sous-type": "editeurs",
"type": "taxonomies"
}