{
"_id": "terme-2015-12-06-16-10-40-86966174410",
"ajouter-aux-favoris": false,
"breadcrumb": "taxonomies/editeurs/universite/",
"description": "Description de Universit&#233;",
"fiche-a-completer": true,
"fiche-publiee": true,
"mise-a-jour": "2016-05-09-16-45-47",
"moment-de-creation": "2015-12-06-16-10-40",
"moment-de-modification": "2015-01-04-02-26-17",
"nom": "Universit&#233;",
"nom-anglais": ["University"],
"nom-arabe": ["&#1580;&#1575;&#1605;&#1593;&#1577;"],
"nom-espagnol": ["Universidad"],
"nom-folder": "universite",
"nom-francais": ["Universit&#233;"],
"nom-italien": ["Universit&#224;"],
"nom-machine": "terme-2015-12-06-16-10-40-86966174410",
"nom-russe": ["&#1059;&#1085;&#1080;&#1074;&#1077;&#1088;&#1089;&#1080;&#1090;&#1077;&#1090;"],
"sous-type": "editeurs",
"type": "taxonomies"
}