{
"_id": "terme-2015-12-06-16-10-39-86966174384",
"ajouter-aux-favoris": false,
"breadcrumb": "taxonomies/editeurs/aucun/",
"description": "Description de Aucun",
"fiche-a-completer": true,
"fiche-publiee": true,
"mise-a-jour": "2016-05-09-16-45-47",
"moment-de-creation": "2015-12-06-16-10-39",
"moment-de-modification": "2015-12-20-05-35-10",
"nom": "Aucun",
"nom-anglais": ["None"],
"nom-arabe": ["&#1604;&#1575; &#1588;&#1610;&#1569;"],
"nom-espagnol": ["Ninguno"],
"nom-folder": "aucun",
"nom-francais": ["Aucun"],
"nom-italien": ["Nessuno"],
"nom-machine": "terme-2015-12-06-16-10-39-86966174384",
"sous-type": "editeurs",
"type": "taxonomies"
}