{
"_id": "terme-2015-12-06-16-10-39-86966174398",
"ajouter-aux-favoris": false,
"breadcrumb": "taxonomies/editeurs/institut-de-recherche/",
"description": "Description de Institut de recherche",
"fiche-a-completer": false,
"fiche-publiee": true,
"mise-a-jour": "2017-01-23-16-33-30",
"moment-de-creation": "2015-12-06-16-10-39",
"moment-de-modification": "2015-01-04-02-26-17",
"nom": "Institut de recherche",
"nom-anglais": ["Research institute"],
"nom-arabe": ["&#1605;&#1593;&#1607;&#1583; &#1575;&#1604;&#1576;&#1581;&#1608;&#1579;"],
"nom-espagnol": ["Instituto de investigaci&#243;n"],
"nom-folder": "institut-de-recherche",
"nom-francais": ["Institut de recherche"],
"nom-italien": ["Istituto di ricerca"],
"nom-machine": "terme-2015-12-06-16-10-39-86966174398",
"sous-type": "editeurs",
"type": "taxonomies"
}