{
"_id": "terme-2016-02-04-05-30-20-87274909207",
"ajouter-aux-favoris": false,
"breadcrumb": "taxonomies/langues/Moldave/",
"description": "Codes obsolete, utiliser les codes du roumain.",
"fiche-a-completer": true,
"fiche-publiee": true,
"ISO-639-1": "mo",
"ISO-639-2": "mol",
"ISO-639-3": "mol",
"mise-a-jour": "2016-05-09-16-45-50",
"moment-de-creation": "2016-02-04-05-30-20",
"moment-de-modification": "2016-02-04-05-31-22",
"nom": "Moldave",
"nom-anglais": ["Moldovan"],
"nom-arabe": ["&#1605;&#1608;&#1604;&#1583;&#1608;&#1601;&#1610;&#1577;"],
"nom-espagnol": ["Moldavo"],
"nom-folder": "Moldave",
"nom-francais": ["Moldave"],
"nom-italien": ["Moldavo"],
"nom-machine": "terme-2016-02-04-05-30-20-87274909207",
"sous-type": "langues",
"type": "taxonomies",
"URL-wikipedia": "https://fr.wikipedia.org/wiki/Moldave"
}