{
"_id": "terme-2015-12-06-16-10-43-86966174608",
"ajouter-aux-favoris": false,
"breadcrumb": "taxonomies/langues/Kalaalllisut/",
"description": "Kalaalllisut",
"fiche-a-completer": false,
"fiche-publiee": true,
"identifiant-drupal": 377531,
"mise-a-jour": "2017-01-23-16-33-30",
"moment-de-creation": "2015-12-06-16-10-43",
"moment-de-modification": "2015-01-04-02-27-58",
"nom": "Groenlandais",
"nom-anglais": ["Greenlandic"],
"nom-arabe": ["&#1580;&#1585;&#1610;&#1606;&#1604;&#1575;&#1606;&#1583;&#1610;&#1577;"],
"nom-espagnol": ["Groenland&#233;s"],
"nom-folder": "Kalaalllisut",
"nom-francais": ["Groenlandais"],
"nom-italien": ["Groenlandese"],
"nom-machine": "terme-2015-12-06-16-10-43-86966174608",
"nom-russe": ["&#1043;&#1088;&#1077;&#1085;&#1083;&#1072;&#1085;&#1076;&#1089;&#1082;&#1080;&#1081;"],
"sous-type": "langues",
"type": "taxonomies"
}