{
"_id": "terme-2015-12-06-16-10-40-86966174457",
"ajouter-aux-favoris": false,
"breadcrumb": "taxonomies/langues/Bambara/",
"description": "Description de Bambara",
"fiche-a-completer": true,
"fiche-publiee": true,
"identifiant-drupal": 317581,
"ISO-639-1": "bm",
"ISO-639-2": "bam",
"ISO-639-3": "bam",
"mise-a-jour": "2016-05-09-16-45-48",
"moment-de-creation": "2015-12-06-16-10-40",
"moment-de-modification": "2016-02-04-03-33-29",
"nom": "Bambara",
"nom-anglais": ["Bambara"],
"nom-arabe": ["&#1576;&#1605;&#1576;&#1585;&#1610;&#1577;"],
"nom-espagnol": ["Bambara"],
"nom-folder": "Bambara",
"nom-francais": ["Bambara"],
"nom-italien": ["Bambara"],
"nom-machine": "terme-2015-12-06-16-10-40-86966174457",
"nom-russe": ["&#1041;&#1072;&#1084;&#1072;&#1085;&#1072;"],
"sous-type": "langues",
"type": "taxonomies",
"URL-wikipedia": "https://fr.wikipedia.org/wiki/Bambara"
}