{
"_id": "terme-2015-12-06-16-10-43-86966174596",
"ajouter-aux-favoris": false,
"breadcrumb": "taxonomies/langues/Irlandais/",
"description": "Description de Irlandais",
"fiche-a-completer": false,
"fiche-publiee": true,
"identifiant-drupal": 317617,
"ISO-639-1": "ga",
"ISO-639-2": "gle",
"ISO-639-3": "gle",
"mise-a-jour": "2017-01-23-16-33-30",
"moment-de-creation": "2015-12-06-16-10-43",
"moment-de-modification": "2016-02-04-04-22-29",
"nom": "Irlandais",
"nom-anglais": ["Irish"],
"nom-arabe": ["&#1571;&#1610;&#1585;&#1604;&#1606;&#1583;&#1610;&#1577;"],
"nom-espagnol": ["Irland&#233;s"],
"nom-folder": "Irlandais",
"nom-francais": ["Irlandais"],
"nom-italien": ["Irlandese"],
"nom-machine": "terme-2015-12-06-16-10-43-86966174596",
"nom-russe": ["&#1048;&#1088;&#1083;&#1072;&#1085;&#1076;&#1089;&#1082;&#1080;&#1081;"],
"sous-type": "langues",
"type": "taxonomies",
"URL-wikipedia": "https://fr.wikipedia.org/wiki/Irlandais"
}