{
"_id": "terme-2016-02-04-04-31-44-87274698286",
"ajouter-aux-favoris": false,
"breadcrumb": "taxonomies/langues/Hiri-motu/",
"description": "Description de Hiri motu",
"fiche-a-completer": true,
"fiche-publiee": true,
"ISO-639-1": "ho",
"ISO-639-2": "hmo",
"ISO-639-3": "hmo",
"mise-a-jour": "2016-05-09-16-45-50",
"moment-de-creation": "2016-02-04-04-31-44",
"moment-de-modification": "2016-02-04-04-32-20",
"nom": "Hiri motu",
"nom-anglais": ["Hiri motu"],
"nom-arabe": ["&#1607;&#1610;&#1585;&#1610; &#1605;&#1608;&#1578;&#1608;"],
"nom-espagnol": ["Hiri motu"],
"nom-folder": "Hiri-motu",
"nom-francais": ["Hiri motu"],
"nom-italien": ["Hiri motu"],
"nom-machine": "terme-2016-02-04-04-31-44-87274698286",
"nom-russe": ["&#1061;&#1080;&#1088;&#1080;-&#1084;&#1086;&#1090;&#1091;"],
"sous-type": "langues",
"type": "taxonomies",
"URL-wikipedia": "https://fr.wikipedia.org/wiki/Hiri_motu"
}