{
"_id": "terme-2016-02-04-05-32-38-87274917529",
"ajouter-aux-favoris": false,
"breadcrumb": "taxonomies/langues/Malais/",
"description": "Description de Malais",
"fiche-a-completer": false,
"fiche-publiee": true,
"ISO-639-1": "ms",
"ISO-639-2": "may/msa",
"ISO-639-3": "msa",
"mise-a-jour": "2017-01-23-16-33-30",
"moment-de-creation": "2016-02-04-05-32-38",
"moment-de-modification": "2016-02-04-05-33-27",
"nom": "Malais",
"nom-anglais": ["Malay"],
"nom-arabe": ["&#1605;&#1604;&#1575;&#1610;&#1608;"],
"nom-espagnol": ["Malayo"],
"nom-folder": "Malais",
"nom-francais": ["Malais"],
"nom-italien": ["Malese"],
"nom-machine": "terme-2016-02-04-05-32-38-87274917529",
"nom-russe": ["&#1052;&#1072;&#1083;&#1072;&#1081;&#1089;&#1082;&#1080;&#1081;"],
"sous-type": "langues",
"type": "taxonomies",
"URL-wikipedia": "https://fr.wikipedia.org/wiki/Malais_(langue)"
}