{
"_id": "terme-2015-12-06-16-10-42-86966174542",
"ajouter-aux-favoris": false,
"breadcrumb": "taxonomies/langues/Gaelique-ecossais/",
"description": "Ga&#233;lique &#233;cossais",
"fiche-a-completer": true,
"fiche-publiee": true,
"identifiant-drupal": 317604,
"mise-a-jour": "2016-05-09-16-45-48",
"moment-de-creation": "2015-12-06-16-10-42",
"moment-de-modification": "2015-01-04-02-27-58",
"nom": "&#201;cossais",
"nom-anglais": ["Scottish gaelic"],
"nom-arabe": ["&#1594;&#1610;&#1604;&#1610;&#1577; &#1575;&#1587;&#1603;&#1578;&#1604;&#1606;&#1583;&#1610;&#1577;"],
"nom-espagnol": ["Ga&#233;lico escoc&#233;s"],
"nom-folder": "Gaelique-ecossais",
"nom-francais": ["&#201;cossais"],
"nom-italien": ["Gaelico scozzese"],
"nom-machine": "terme-2015-12-06-16-10-42-86966174542",
"nom-russe": ["&#1064;&#1086;&#1090;&#1083;&#1072;&#1085;&#1076;&#1089;&#1082;&#1080;&#1081;"],
"sous-type": "langues",
"type": "taxonomies"
}