{
"_id": "terme-2015-12-06-16-10-45-86966174709",
"ajouter-aux-favoris": false,
"breadcrumb": "taxonomies/langues/Ojibwe/",
"description": "Description de Ojibw&#233;",
"fiche-a-completer": true,
"fiche-publiee": true,
"identifiant-drupal": 317638,
"ISO-639-1": "oj",
"ISO-639-2": "oji",
"ISO-639-3": "oji",
"mise-a-jour": "2016-05-09-16-45-49",
"moment-de-creation": "2015-12-06-16-10-45",
"moment-de-modification": "2016-02-04-05-48-38",
"nom": "Ojibw&#233;",
"nom-anglais": ["Ojibwa"],
"nom-arabe": ["&#1571;&#1580;&#1610;&#1576;&#1608;&#1610;"],
"nom-espagnol": ["Ojibwa"],
"nom-folder": "Ojibwe",
"nom-francais": ["Ojibw&#233;"],
"nom-italien": ["Ojibwe"],
"nom-machine": "terme-2015-12-06-16-10-45-86966174709",
"nom-russe": ["&#1054;&#1076;&#1078;&#1080;&#1073;&#1074;&#1077;"],
"sous-type": "langues",
"type": "taxonomies",
"URL-wikipedia": "https://fr.wikipedia.org/wiki/Ojibw%C3%A9_(langue)"
}