{
"_id": "terme-2016-02-04-06-48-24-87275190240",
"ajouter-aux-favoris": false,
"breadcrumb": "taxonomies/langues/Tahitien/",
"description": "Description de Tahitien",
"fiche-a-completer": true,
"fiche-publiee": true,
"ISO-639-1": "ty",
"ISO-639-2": "tah",
"ISO-639-3": "tah",
"mise-a-jour": "2016-05-09-16-45-50",
"moment-de-creation": "2016-02-04-06-48-24",
"moment-de-modification": "2016-02-04-06-49-19",
"nom": "Tahitien",
"nom-anglais": ["Tahitian"],
"nom-arabe": ["&#1578;&#1575;&#1607;&#1610;&#1578;&#1610;&#1577;"],
"nom-espagnol": ["Tahitiano"],
"nom-folder": "Tahitien",
"nom-francais": ["Tahitien"],
"nom-italien": ["Tahitiano"],
"nom-machine": "terme-2016-02-04-06-48-24-87275190240",
"nom-russe": ["&#1058;&#1072;&#1080;&#1090;&#1103;&#1085;&#1089;&#1082;&#1080;&#1081;"],
"sous-type": "langues",
"type": "taxonomies",
"URL-wikipedia": "https://fr.wikipedia.org/wiki/Tahitien"
}