{
"_id": "terme-2015-12-06-16-10-46-86966174813",
"ajouter-aux-favoris": false,
"breadcrumb": "taxonomies/langues/Tzeltal/",
"description": "Description de Tzeltal",
"fiche-a-completer": false,
"fiche-publiee": true,
"identifiant-drupal": 369383,
"mise-a-jour": "2017-01-23-16-33-30",
"moment-de-creation": "2015-12-06-16-10-46",
"moment-de-modification": "2015-01-04-02-27-57",
"nom": "Tzeltal",
"nom-anglais": ["Tzeltal"],
"nom-arabe": ["&#1578;&#1587;&#1610;&#1604;&#1578;&#1575;&#1604;"],
"nom-espagnol": ["Tzeltal"],
"nom-folder": "Tzeltal",
"nom-francais": ["Tzeltal"],
"nom-italien": ["Tzeltal"],
"nom-machine": "terme-2015-12-06-16-10-46-86966174813",
"nom-russe": ["&#1062;&#1077;&#1083;&#1100;&#1090;&#1072;&#1083;&#1100;&#1089;&#1082;&#1080;&#1081;"],
"sous-type": "langues",
"type": "taxonomies"
}