{
"_id": "terme-2016-02-04-04-53-11-87274775480",
"ajouter-aux-favoris": false,
"breadcrumb": "taxonomies/langues/Javanais/",
"description": "Description de Javanais",
"fiche-a-completer": true,
"fiche-publiee": true,
"ISO-639-1": "jv",
"ISO-639-2": "jav",
"ISO-639-3": "jav",
"mise-a-jour": "2016-05-09-16-45-50",
"moment-de-creation": "2016-02-04-04-53-11",
"moment-de-modification": "2016-02-04-04-53-50",
"nom": "Javanais",
"nom-anglais": ["Javanese"],
"nom-arabe": ["&#1580;&#1575;&#1608;&#1610;&#1577;"],
"nom-espagnol": ["Javan&#233;s"],
"nom-folder": "Javanais",
"nom-francais": ["Javanais"],
"nom-italien": ["Giavanese"],
"nom-machine": "terme-2016-02-04-04-53-11-87274775480",
"nom-russe": ["&#1071;&#1074;&#1072;&#1085;&#1089;&#1082;&#1080;&#1081;"],
"sous-type": "langues",
"type": "taxonomies",
"URL-wikipedia": "https://fr.wikipedia.org/wiki/Javanais"
}