{
"_id": "terme-2015-12-06-16-10-41-86966174495",
"ajouter-aux-favoris": false,
"breadcrumb": "taxonomies/langues/Chinois-traditionnel/",
"description": "Description de Chinois traditionnel",
"fiche-a-completer": true,
"fiche-publiee": true,
"identifiant-drupal": 369326,
"mise-a-jour": "2016-05-09-16-45-48",
"moment-de-creation": "2015-12-06-16-10-41",
"moment-de-modification": "2015-01-04-02-27-57",
"nom": "Chinois traditionnel",
"nom-anglais": ["Traditional chinese characters"],
"nom-arabe": ["&#1581;&#1585;&#1608;&#1601; &#1589;&#1610;&#1606;&#1610;&#1577; &#1578;&#1602;&#1604;&#1610;&#1583;&#1610;&#1577;"],
"nom-espagnol": ["Caracteres chinos tradicionales"],
"nom-folder": "Chinois-traditionnel",
"nom-francais": ["Chinois traditionnel"],
"nom-italien": ["Caratteri cinesi tradizionali"],
"nom-machine": "terme-2015-12-06-16-10-41-86966174495",
"nom-russe": ["&#1058;&#1088;&#1072;&#1076;&#1080;&#1094;&#1080;&#1086;&#1085;&#1085;&#1099;&#1077; &#1082;&#1080;&#1090;&#1072;&#1081;&#1089;&#1082;&#1080;&#1077; &#1080;&#1077;&#1088;&#1086;&#1075;&#1083;&#1080;&#1092;&#1099;"],
"sous-type": "langues",
"type": "taxonomies"
}