{
"_id": "terme-2016-02-04-05-15-16-87274855005",
"ajouter-aux-favoris": false,
"breadcrumb": "taxonomies/langues/Luxembourgeois/",
"description": "Description de Luxembourgeois",
"fiche-a-completer": true,
"fiche-publiee": true,
"ISO-639-1": "lb",
"ISO-639-2": "ltz",
"ISO-639-3": "ltz",
"mise-a-jour": "2016-05-09-16-45-50",
"moment-de-creation": "2016-02-04-05-15-16",
"moment-de-modification": "2016-02-04-05-15-56",
"nom": "Luxembourgeois",
"nom-anglais": ["Luxembourgish"],
"nom-arabe": ["&#1604;&#1608;&#1603;&#1587;&#1605;&#1576;&#1608;&#1585;&#1594;&#1610;&#1577;"],
"nom-espagnol": ["Luxemburgu&#233;s"],
"nom-folder": "Luxembourgeois",
"nom-francais": ["Luxembourgeois"],
"nom-italien": ["Lussemburghese"],
"nom-machine": "terme-2016-02-04-05-15-16-87274855005",
"nom-russe": ["&#1051;&#1102;&#1082;&#1089;&#1077;&#1084;&#1073;&#1091;&#1088;&#1075;&#1089;&#1082;&#1080;&#1081;"],
"sous-type": "langues",
"type": "taxonomies",
"URL-wikipedia": "https://fr.wikipedia.org/wiki/Luxembourgeois"
}