{
"_id": "terme-2015-12-06-16-10-41-86966174473",
"ajouter-aux-favoris": false,
"breadcrumb": "taxonomies/langues/Breton/",
"description": "Description de Breton",
"fiche-a-completer": false,
"fiche-publiee": true,
"identifiant-drupal": 317584,
"ISO-639-1": "br",
"ISO-639-2": "bre",
"ISO-639-3": "bre",
"mise-a-jour": "2017-01-23-16-33-30",
"moment-de-creation": "2015-12-06-16-10-41",
"moment-de-modification": "2016-02-04-03-37-58",
"nom": "Breton",
"nom-anglais": ["Breton"],
"nom-arabe": ["&#1576;&#1585;&#1610;&#1578;&#1575;&#1606;&#1610;&#1577;"],
"nom-espagnol": ["Bret&#243;n"],
"nom-folder": "Breton",
"nom-francais": ["Breton"],
"nom-italien": ["Bretone"],
"nom-machine": "terme-2015-12-06-16-10-41-86966174473",
"nom-russe": ["&#1041;&#1088;&#1077;&#1090;&#1086;&#1085;&#1089;&#1082;&#1080;&#1081;"],
"sous-type": "langues",
"type": "taxonomies",
"URL-wikipedia": "https://fr.wikipedia.org/wiki/Breton"
}