{
"_id": "terme-2015-12-06-16-10-44-86966174681",
"ajouter-aux-favoris": false,
"breadcrumb": "taxonomies/langues/Neerlandais/",
"description": "Description de N&#233;erlandais",
"fiche-a-completer": false,
"fiche-publiee": true,
"identifiant-drupal": 317634,
"ISO-639-1": "nl",
"ISO-639-2": "dut/nld",
"ISO-639-3": "nld",
"mise-a-jour": "2017-01-23-16-33-30",
"moment-de-creation": "2015-12-06-16-10-44",
"moment-de-modification": "2016-02-04-05-41-00",
"nom": "N&#233;erlandais",
"nom-anglais": ["Dutch"],
"nom-arabe": ["&#1607;&#1608;&#1604;&#1606;&#1583;&#1610;&#1577;"],
"nom-espagnol": ["Neerland&#233;s"],
"nom-folder": "Neerlandais",
"nom-francais": ["N&#233;erlandais"],
"nom-italien": ["Neerlandese"],
"nom-machine": "terme-2015-12-06-16-10-44-86966174681",
"nom-russe": ["&#1053;&#1080;&#1076;&#1077;&#1088;&#1083;&#1072;&#1085;&#1076;&#1089;&#1082;&#1080;&#1081;"],
"sous-type": "langues",
"type": "taxonomies",
"URL-wikipedia": "https://fr.wikipedia.org/wiki/N%C3%A9erlandais"
}