{
"_id": "terme-2015-12-06-16-10-40-86966174450",
"ajouter-aux-favoris": false,
"breadcrumb": "taxonomies/langues/Auvergnat/",
"description": "Description de Auvergnat",
"fiche-a-completer": false,
"fiche-publiee": true,
"identifiant-drupal": 317579,
"mise-a-jour": "2017-01-23-16-33-30",
"moment-de-creation": "2015-12-06-16-10-40",
"moment-de-modification": "2015-01-04-02-27-57",
"nom": "Auvergnat",
"nom-anglais": ["Auvergnat"],
"nom-espagnol": ["Occitano auvern&#233;s"],
"nom-folder": "Auvergnat",
"nom-francais": ["Auvergnat"],
"nom-italien": ["Alvernese"],
"nom-machine": "terme-2015-12-06-16-10-40-86966174450",
"nom-russe": ["&#1054;&#1074;&#1077;&#1088;&#1085;&#1089;&#1082;&#1080;&#1081;"],
"sous-type": "langues",
"type": "taxonomies"
}