{
"_id": "terme-2015-12-06-16-10-45-86966174702",
"ajouter-aux-favoris": false,
"breadcrumb": "taxonomies/langues/Norvegien/Riksmal/",
"description": "Description de Riksm&#229;l",
"fiche-a-completer": false,
"fiche-publiee": true,
"identifiant-drupal": 380434,
"mise-a-jour": "2017-01-23-16-33-30",
"moment-de-creation": "2015-12-06-16-10-45",
"moment-de-modification": "2015-01-04-02-27-57",
"nom": "Riksm&#229;l",
"nom-anglais": ["Riksm&#229;l"],
"nom-espagnol": ["Riksm&#229;l"],
"nom-folder": "Riksmal",
"nom-francais": ["Riksm&#229;l"],
"nom-italien": ["Riksm&#229;l"],
"nom-machine": "terme-2015-12-06-16-10-45-86966174702",
"parent": "terme-2015-12-06-16-10-44-86966174691",
"sous-type": "langues",
"type": "taxonomies"
}