{
"_id": "terme-2015-12-06-16-10-40-86966174422",
"ajouter-aux-favoris": false,
"breadcrumb": "taxonomies/langues/Albanais/",
"description": "Description de Albanais",
"fiche-a-completer": true,
"fiche-publiee": true,
"identifiant-drupal": 380444,
"ISO-639-1": "sq",
"ISO-639-2": "alb/sqi",
"ISO-639-3": "sqi",
"mise-a-jour": "2016-05-09-16-45-48",
"moment-de-creation": "2015-12-06-16-10-40",
"moment-de-modification": "2016-02-04-06-22-03",
"nom": "Albanais",
"nom-anglais": ["Albanian"],
"nom-arabe": ["&#1571;&#1604;&#1576;&#1575;&#1606;&#1610;&#1577;"],
"nom-espagnol": ["Alban&#233;s"],
"nom-folder": "Albanais",
"nom-francais": ["Albanais"],
"nom-italien": ["Albanese"],
"nom-machine": "terme-2015-12-06-16-10-40-86966174422",
"nom-russe": ["&#1040;&#1083;&#1073;&#1072;&#1085;&#1089;&#1082;&#1080;&#1081;"],
"sous-type": "langues",
"type": "taxonomies",
"URL-wikipedia": "https://fr.wikipedia.org/wiki/Albanais"
}