{
"_id": "terme-2015-12-06-16-10-45-86966174716",
"ajouter-aux-favoris": false,
"breadcrumb": "taxonomies/langues/Oneida/",
"description": "Description de Oneida",
"fiche-a-completer": false,
"fiche-publiee": true,
"identifiant-drupal": 317639,
"mise-a-jour": "2017-01-23-16-33-30",
"moment-de-creation": "2015-12-06-16-10-45",
"moment-de-modification": "2015-01-04-02-27-58",
"nom": "Oneida",
"nom-anglais": ["Oneida"],
"nom-arabe": ["&#1575;&#1604;&#1571;&#1608;&#1606;&#1610;&#1583;&#1575;"],
"nom-espagnol": ["Oneida"],
"nom-folder": "Oneida",
"nom-francais": ["Oneida"],
"nom-italien": ["Oneida"],
"nom-machine": "terme-2015-12-06-16-10-45-86966174716",
"nom-russe": ["&#1054;&#1085;&#1077;&#1081;&#1076;&#1072;"],
"sous-type": "langues",
"type": "taxonomies"
}