{
"_id": "terme-2015-12-06-16-10-46-86966174768",
"ajouter-aux-favoris": false,
"breadcrumb": "taxonomies/langues/Serbo-Croate/",
"description": "Description de Serbo-croate",
"fiche-a-completer": false,
"fiche-publiee": true,
"identifiant-drupal": 382371,
"mise-a-jour": "2017-01-23-16-33-30",
"moment-de-creation": "2015-12-06-16-10-46",
"moment-de-modification": "2015-01-04-02-27-57",
"nom": "Serbo-croate",
"nom-anglais": ["Serbo-croatian"],
"nom-arabe": ["&#1589;&#1585;&#1576;&#1610;&#1577; &#1603;&#1585;&#1608;&#1575;&#1578;&#1610;&#1577;"],
"nom-espagnol": ["Serbocroata"],
"nom-folder": "Serbo-Croate",
"nom-francais": ["Serbo-croate"],
"nom-italien": ["Serbo-croata"],
"nom-machine": "terme-2015-12-06-16-10-46-86966174768",
"nom-russe": ["&#1057;&#1077;&#1088;&#1073;&#1086;&#1093;&#1086;&#1088;&#1074;&#1072;&#1090;&#1089;&#1082;&#1080;&#1081;"],
"sous-type": "langues",
"type": "taxonomies"
}