{
"_id": "terme-2015-12-06-16-10-44-86966174695",
"ajouter-aux-favoris": false,
"breadcrumb": "taxonomies/langues/Norvegien/Landsmal/",
"description": "Description de Landsm&#229;l",
"fiche-a-completer": false,
"fiche-publiee": true,
"identifiant-drupal": 380435,
"mise-a-jour": "2017-01-23-16-33-30",
"moment-de-creation": "2015-12-06-16-10-44",
"moment-de-modification": "2015-01-04-02-27-57",
"nom": "Landsm&#229;l",
"nom-anglais": ["Landsm&#229;l"],
"nom-espagnol": ["Landsm&#229;l"],
"nom-folder": "Landsmal",
"nom-francais": ["Landsm&#229;l"],
"nom-italien": ["Landsm&#229;l"],
"nom-machine": "terme-2015-12-06-16-10-44-86966174695",
"parent": "terme-2015-12-06-16-10-44-86966174691",
"sous-type": "langues",
"type": "taxonomies"
}