{
"_id": "terme-2015-12-06-16-10-42-86966174558",
"ajouter-aux-favoris": false,
"breadcrumb": "taxonomies/langues/Haida/",
"description": "Description de Ha&#239;da",
"fiche-a-completer": false,
"fiche-publiee": true,
"identifiant-drupal": 317607,
"mise-a-jour": "2017-01-23-16-33-30",
"moment-de-creation": "2015-12-06-16-10-42",
"moment-de-modification": "2015-01-04-02-27-57",
"nom": "Ha&#239;da",
"nom-anglais": ["Haida"],
"nom-arabe": ["&#1607;&#1575;&#1610;&#1583;&#1610;&#1577;"],
"nom-espagnol": ["Haida"],
"nom-folder": "Haida",
"nom-francais": ["Ha&#239;da"],
"nom-italien": ["Haida"],
"nom-machine": "terme-2015-12-06-16-10-42-86966174558",
"nom-russe": ["&#1061;&#1072;&#1081;&#1076;&#1072;"],
"sous-type": "langues",
"type": "taxonomies"
}