{
"_id": "terme-2016-02-04-03-46-46-87274536414",
"ajouter-aux-favoris": false,
"breadcrumb": "taxonomies/langues/Vieux-slave/",
"description": "Description de Vieux-slave",
"fiche-a-completer": true,
"fiche-publiee": true,
"ISO-639-1": "cu",
"ISO-639-2": "chu",
"ISO-639-3": "chu",
"mise-a-jour": "2016-05-09-16-45-50",
"moment-de-creation": "2016-02-04-03-46-46",
"moment-de-modification": "2016-02-04-03-47-26",
"nom": "Vieux-slave",
"nom-anglais": ["Old church slavonic"],
"nom-espagnol": ["Antiguo eslavo eclesi&#225;stico"],
"nom-folder": "Vieux-slave",
"nom-francais": ["Vieux-slave"],
"nom-italien": ["Slavo ecclesiastico antico"],
"nom-machine": "terme-2016-02-04-03-46-46-87274536414",
"nom-russe": ["&#1057;&#1090;&#1072;&#1088;&#1086;&#1089;&#1083;&#1072;&#1074;&#1103;&#1085;&#1089;&#1082;&#1080;&#1081;"],
"sous-type": "langues",
"type": "taxonomies",
"URL-wikipedia": "https://fr.wikipedia.org/wiki/Vieux-slave"
}