{
"_id": "terme-2015-12-06-16-10-43-86966174617",
"ajouter-aux-favoris": false,
"breadcrumb": "taxonomies/langues/Kiswahili/",
"description": "Description de Kiswahili",
"fiche-a-completer": false,
"fiche-publiee": true,
"identifiant-drupal": 317620,
"mise-a-jour": "2017-01-23-16-33-30",
"moment-de-creation": "2015-12-06-16-10-43",
"moment-de-modification": "2015-01-04-02-27-57",
"nom": "Kiswahili",
"nom-anglais": ["Kiswahili"],
"nom-arabe": ["&#1587;&#1608;&#1575;&#1581;&#1604;&#1610;&#1577;"],
"nom-espagnol": ["Kiswahili"],
"nom-folder": "Kiswahili",
"nom-francais": ["Kiswahili"],
"nom-italien": ["Kiswahili"],
"nom-machine": "terme-2015-12-06-16-10-43-86966174617",
"nom-russe": ["&#1057;&#1091;&#1072;&#1093;&#1080;&#1083;&#1080;"],
"sous-type": "langues",
"type": "taxonomies"
}