{
"_id": "terme-2015-12-06-16-10-46-86966174775",
"ajouter-aux-favoris": false,
"breadcrumb": "taxonomies/langues/Shona/",
"description": "Description de Shona",
"fiche-a-completer": true,
"fiche-publiee": true,
"identifiant-drupal": 317656,
"ISO-639-1": "sn",
"ISO-639-2": "sna",
"ISO-639-3": "sna",
"mise-a-jour": "2016-05-09-16-45-49",
"moment-de-creation": "2015-12-06-16-10-46",
"moment-de-modification": "2016-02-04-06-19-46",
"nom": "Shona",
"nom-anglais": ["Shona"],
"nom-arabe": ["&#1575;&#1604;&#1588;&#1608;&#1606;&#1575;"],
"nom-espagnol": ["Shona"],
"nom-folder": "Shona",
"nom-francais": ["Shona"],
"nom-italien": ["Shona"],
"nom-machine": "terme-2015-12-06-16-10-46-86966174775",
"nom-russe": ["&#1064;&#1086;&#1085;&#1072;"],
"sous-type": "langues",
"type": "taxonomies",
"URL-wikipedia": "https://fr.wikipedia.org/wiki/Shona_(langue)"
}