{
"_id": "terme-2015-12-06-16-10-45-86966174737",
"ajouter-aux-favoris": false,
"breadcrumb": "taxonomies/langues/Picard/",
"description": "Description de Picard",
"fiche-a-completer": false,
"fiche-publiee": true,
"identifiant-drupal": 380798,
"mise-a-jour": "2017-01-23-16-33-30",
"moment-de-creation": "2015-12-06-16-10-45",
"moment-de-modification": "2015-01-04-02-27-57",
"nom": "Picard",
"nom-anglais": ["Picard"],
"nom-espagnol": ["Picardo"],
"nom-folder": "Picard",
"nom-francais": ["Picard"],
"nom-italien": ["Piccardo"],
"nom-machine": "terme-2015-12-06-16-10-45-86966174737",
"nom-russe": ["&#1055;&#1080;&#1082;&#1072;&#1088;&#1076;&#1089;&#1082;&#1080;&#1081;"],
"sous-type": "langues",
"type": "taxonomies"
}