{
"_id": "terme-2015-12-06-16-10-43-86966174634",
"ajouter-aux-favoris": false,
"breadcrumb": "taxonomies/langues/Macedonien/",
"description": "Description de Mac&#233;donien",
"fiche-a-completer": true,
"fiche-publiee": true,
"identifiant-drupal": 382168,
"ISO-639-1": "mk",
"ISO-639-2": "mac/mkd",
"ISO-639-3": "mkd",
"mise-a-jour": "2016-05-09-16-45-49",
"moment-de-creation": "2015-12-06-16-10-43",
"moment-de-modification": "2016-02-04-05-28-05",
"nom": "Mac&#233;donien",
"nom-anglais": ["Macedonian"],
"nom-arabe": ["&#1605;&#1602;&#1583;&#1608;&#1606;&#1610;&#1577;"],
"nom-espagnol": ["Macedonio"],
"nom-folder": "Macedonien",
"nom-francais": ["Mac&#233;donien"],
"nom-italien": ["Macedone"],
"nom-machine": "terme-2015-12-06-16-10-43-86966174634",
"nom-russe": ["&#1052;&#1072;&#1082;&#1077;&#1076;&#1086;&#1085;&#1089;&#1082;&#1080;&#1081;"],
"sous-type": "langues",
"type": "taxonomies",
"URL-wikipedia": "https://fr.wikipedia.org/wiki/Mac%C3%A9donien"
}