{
"_id": "terme-2015-12-06-16-10-44-86966174672",
"ajouter-aux-favoris": false,
"breadcrumb": "taxonomies/langues/Nahuatl/",
"description": "Description de Nahuatl",
"fiche-a-completer": true,
"fiche-publiee": true,
"identifiant-drupal": 317631,
"mise-a-jour": "2016-05-09-16-45-49",
"moment-de-creation": "2015-12-06-16-10-44",
"moment-de-modification": "2015-01-04-02-27-57",
"nom": "Nahuatl",
"nom-anglais": ["Nahuatl"],
"nom-arabe": ["&#1606;&#1575;&#1608;&#1575;&#1578;&#1604;"],
"nom-espagnol": ["N&#225;huatl"],
"nom-folder": "Nahuatl",
"nom-francais": ["Nahuatl"],
"nom-italien": ["Nahuatl"],
"nom-machine": "terme-2015-12-06-16-10-44-86966174672",
"nom-russe": ["&#1040;&#1089;&#1090;&#1077;&#1082;&#1089;&#1082;&#1080;&#1077;"],
"sous-type": "langues",
"type": "taxonomies"
}