{
"_id": "terme-2015-12-06-16-10-40-86966174441",
"ajouter-aux-favoris": false,
"breadcrumb": "taxonomies/langues/Arawak/",
"description": "Description de Arawak",
"fiche-a-completer": true,
"fiche-publiee": true,
"identifiant-drupal": 382417,
"mise-a-jour": "2016-05-09-16-45-48",
"moment-de-creation": "2015-12-06-16-10-40",
"moment-de-modification": "2015-01-04-02-27-57",
"nom": "Arawak",
"nom-anglais": ["Arawak"],
"nom-arabe": ["&#1571;&#1585;&#1575;&#1608;&#1575;&#1603;"],
"nom-espagnol": ["Aruaco"],
"nom-folder": "Arawak",
"nom-francais": ["Arawak"],
"nom-italien": ["Arahuaco"],
"nom-machine": "terme-2015-12-06-16-10-40-86966174441",
"nom-russe": ["&#1040;&#1088;&#1072;&#1074;&#1072;&#1082;-&#1083;&#1086;&#1082;&#1086;&#1085;&#1086;"],
"sous-type": "langues",
"type": "taxonomies"
}