{
"_id": "terme-2016-02-04-03-42-40-87274521620",
"ajouter-aux-favoris": false,
"breadcrumb": "taxonomies/langues/Chamorro/",
"description": "Description de Chamorro",
"fiche-a-completer": false,
"fiche-publiee": true,
"ISO-639-1": "ch",
"ISO-639-2": "cha",
"ISO-639-3": "cha",
"mise-a-jour": "2017-01-23-16-33-30",
"moment-de-creation": "2016-02-04-03-42-40",
"moment-de-modification": "2016-02-04-03-43-17",
"nom": "Chamorro",
"nom-anglais": ["Chamorro"],
"nom-espagnol": ["Chamorro"],
"nom-folder": "Chamorro",
"nom-francais": ["Chamorro"],
"nom-italien": ["Chamorro"],
"nom-machine": "terme-2016-02-04-03-42-40-87274521620",
"nom-russe": ["&#1063;&#1072;&#1084;&#1086;&#1088;&#1088;&#1086;"],
"sous-type": "langues",
"type": "taxonomies",
"URL-wikipedia": "https://fr.wikipedia.org/wiki/Chamorro"
}