{
"_id": "terme-2015-12-06-16-10-47-86966174834",
"ajouter-aux-favoris": false,
"breadcrumb": "taxonomies/langues/Yoruba/",
"description": "Description de Yoruba",
"fiche-a-completer": true,
"fiche-publiee": true,
"identifiant-drupal": 317671,
"ISO-639-1": "yo",
"ISO-639-2": "yor",
"ISO-639-3": "yor",
"mise-a-jour": "2016-05-09-16-45-49",
"moment-de-creation": "2015-12-06-16-10-47",
"moment-de-modification": "2016-02-04-07-01-27",
"nom": "Yoruba",
"nom-anglais": ["Yoruba"],
"nom-arabe": ["&#1610;&#1608;&#1585;&#1576;&#1575;"],
"nom-espagnol": ["Yoruba"],
"nom-folder": "Yoruba",
"nom-francais": ["Yoruba"],
"nom-italien": ["Yoruba"],
"nom-machine": "terme-2015-12-06-16-10-47-86966174834",
"nom-russe": ["&#1049;&#1086;&#1088;&#1091;&#1073;&#1072;"],
"sous-type": "langues",
"type": "taxonomies",
"URL-wikipedia": "https://fr.wikipedia.org/wiki/Yoruba_(langue)"
}