{
"_id": "terme-2015-12-06-16-10-41-86966174483",
"ajouter-aux-favoris": false,
"breadcrumb": "taxonomies/langues/Cayuga/",
"description": "Description de Cayuga",
"fiche-a-completer": true,
"fiche-publiee": true,
"identifiant-drupal": 317587,
"mise-a-jour": "2016-05-09-16-45-48",
"moment-de-creation": "2015-12-06-16-10-41",
"moment-de-modification": "2015-01-04-02-27-57",
"nom": "Cayuga",
"nom-anglais": ["Cayuga"],
"nom-arabe": ["&#1603;&#1610;&#1580;&#1575;"],
"nom-espagnol": ["Cayuga"],
"nom-folder": "Cayuga",
"nom-francais": ["Cayuga"],
"nom-italien": ["Cayuga"],
"nom-machine": "terme-2015-12-06-16-10-41-86966174483",
"nom-russe": ["&#1050;&#1072;&#1081;&#1102;&#1075;&#1072;"],
"sous-type": "langues",
"type": "taxonomies"
}