{
"_id": "terme-2016-02-04-04-46-00-87274749626",
"ajouter-aux-favoris": false,
"breadcrumb": "taxonomies/langues/Ido/",
"description": "Description de Ido",
"fiche-a-completer": false,
"fiche-publiee": true,
"ISO-639-1": "io",
"ISO-639-2": "ido",
"ISO-639-3": "ido",
"mise-a-jour": "2017-01-23-16-33-30",
"moment-de-creation": "2016-02-04-04-46-00",
"moment-de-modification": "2016-02-04-04-46-32",
"nom": "Ido",
"nom-anglais": ["Ido"],
"nom-arabe": ["&#1573;&#1610;&#1583;&#1608;"],
"nom-espagnol": ["Ido"],
"nom-folder": "Ido",
"nom-francais": ["Ido"],
"nom-italien": ["Ido"],
"nom-machine": "terme-2016-02-04-04-46-00-87274749626",
"nom-russe": ["&#1048;&#1076;&#1086;"],
"sous-type": "langues",
"type": "taxonomies",
"URL-wikipedia": "https://fr.wikipedia.org/wiki/Ido"
}