{
"_id": "terme-2015-12-06-16-10-41-86966174488",
"ajouter-aux-favoris": false,
"breadcrumb": "taxonomies/langues/Cheyenne/",
"description": "Description de Cheyenne",
"fiche-a-completer": false,
"fiche-publiee": true,
"identifiant-drupal": 317589,
"mise-a-jour": "2017-01-23-16-33-30",
"moment-de-creation": "2015-12-06-16-10-41",
"moment-de-modification": "2015-01-04-02-27-57",
"nom": "Cheyenne",
"nom-anglais": ["Cheyenne"],
"nom-arabe": ["&#1588;&#1575;&#1610;&#1575;&#1606;&#1610;&#1577;"],
"nom-espagnol": ["Cheyenne"],
"nom-folder": "Cheyenne",
"nom-francais": ["Cheyenne"],
"nom-italien": ["Cheyenne"],
"nom-machine": "terme-2015-12-06-16-10-41-86966174488",
"nom-russe": ["&#1064;&#1072;&#1081;&#1077;&#1085;&#1089;&#1082;&#1080;&#1081;"],
"sous-type": "langues",
"type": "taxonomies"
}