{
"_id": "terme-2015-12-06-16-10-40-86966174414",
"ajouter-aux-favoris": false,
"breadcrumb": "taxonomies/langues/Abenaqui/",
"description": "Description de Ab&#233;naqui",
"fiche-a-completer": false,
"fiche-publiee": true,
"identifiant-drupal": 317569,
"mise-a-jour": "2017-01-23-16-33-30",
"moment-de-creation": "2015-12-06-16-10-40",
"moment-de-modification": "2015-01-04-02-27-57",
"nom": "Ab&#233;naqui",
"nom-anglais": ["Abenaki"],
"nom-arabe": ["&#1571;&#1576;&#1606;&#1575;&#1603;&#1610;"],
"nom-espagnol": ["Abenaki"],
"nom-folder": "Abenaqui",
"nom-francais": ["Ab&#233;naqui"],
"nom-italien": ["Abenaki"],
"nom-machine": "terme-2015-12-06-16-10-40-86966174414",
"nom-russe": ["&#1040;&#1073;&#1077;&#1085;&#1072;&#1082;&#1080;"],
"sous-type": "langues",
"type": "taxonomies"
}