{
"_id": "terme-2016-02-04-05-08-01-87274828871",
"ajouter-aux-favoris": false,
"breadcrumb": "taxonomies/langues/Kanouri/",
"description": "Description de Kanouri",
"fiche-a-completer": false,
"fiche-publiee": true,
"ISO-639-1": "kr",
"ISO-639-2": "kau",
"ISO-639-3": "kau",
"mise-a-jour": "2017-01-23-16-33-30",
"moment-de-creation": "2016-02-04-05-08-01",
"moment-de-modification": "2016-02-04-05-08-54",
"nom": "Kanouri",
"nom-anglais": ["Kanuri"],
"nom-arabe": ["&#1603;&#1575;&#1606;&#1608;&#1585;&#1610;&#1577;"],
"nom-espagnol": ["Kanuri"],
"nom-folder": "Kanouri",
"nom-francais": ["Kanouri"],
"nom-italien": ["Kanuri"],
"nom-machine": "terme-2016-02-04-05-08-01-87274828871",
"nom-russe": ["&#1050;&#1072;&#1085;&#1091;&#1088;&#1080;"],
"sous-type": "langues",
"type": "taxonomies",
"URL-wikipedia": "https://fr.wikipedia.org/wiki/Kanouri_(langue)"
}