{
"_id": "terme-2015-12-06-16-10-40-86966174459",
"ajouter-aux-favoris": false,
"breadcrumb": "taxonomies/langues/Basque/",
"description": "Description de Basque",
"fiche-a-completer": true,
"fiche-publiee": true,
"identifiant-drupal": 317582,
"ISO-639-1": "eu",
"ISO-639-2": "baq/eus",
"ISO-639-3": "eus",
"mise-a-jour": "2016-05-09-16-45-48",
"moment-de-creation": "2015-12-06-16-10-40",
"moment-de-modification": "2016-02-04-04-09-51",
"nom": "Basque",
"nom-anglais": ["Basque"],
"nom-arabe": ["&#1576;&#1588;&#1603;&#1606;&#1588;&#1610;&#1577;"],
"nom-espagnol": ["Euskera"],
"nom-folder": "Basque",
"nom-francais": ["Basque"],
"nom-italien": ["Basco"],
"nom-machine": "terme-2015-12-06-16-10-40-86966174459",
"nom-russe": ["&#1041;&#1072;&#1089;&#1082;&#1089;&#1082;&#1080;&#1081;"],
"sous-type": "langues",
"type": "taxonomies",
"URL-wikipedia": "https://fr.wikipedia.org/wiki/Basque"
}