{
"_id": "terme-2016-02-04-06-40-03-87275160204",
"ajouter-aux-favoris": false,
"breadcrumb": "taxonomies/langues/Turkmen/",
"description": "Description de Turkm&#232;ne",
"fiche-a-completer": false,
"fiche-publiee": true,
"ISO-639-1": "tk",
"ISO-639-2": "tuk",
"ISO-639-3": "tuk",
"mise-a-jour": "2017-01-23-16-33-30",
"moment-de-creation": "2016-02-04-06-40-03",
"moment-de-modification": "2016-02-04-06-41-34",
"nom": "Turkm&#232;ne",
"nom-anglais": ["Turkmen"],
"nom-arabe": ["&#1578;&#1585;&#1603;&#1605;&#1575;&#1606;&#1610;&#1577;"],
"nom-espagnol": ["Turcomano"],
"nom-folder": "Turkmen",
"nom-francais": ["Turkm&#232;ne"],
"nom-italien": ["Turkmeno"],
"nom-machine": "terme-2016-02-04-06-40-03-87275160204",
"nom-russe": ["&#1058;&#1091;&#1088;&#1082;&#1084;&#1077;&#1085;&#1089;&#1082;&#1080;&#1081;"],
"sous-type": "langues",
"type": "taxonomies",
"URL-wikipedia": "https://fr.wikipedia.org/wiki/Turkm%C3%A8ne"
}