{
"_id": "terme-2016-02-04-07-01-46-87275238417",
"ajouter-aux-favoris": false,
"breadcrumb": "taxonomies/langues/Zhuang/",
"description": "Description de Zhuang",
"fiche-a-completer": false,
"fiche-publiee": true,
"ISO-639-1": "za",
"ISO-639-2": "zha",
"ISO-639-3": "zha",
"mise-a-jour": "2017-01-23-16-33-30",
"moment-de-creation": "2016-02-04-07-01-46",
"moment-de-modification": "2016-02-04-07-02-58",
"nom": "Zhuang",
"nom-anglais": ["Zhuang"],
"nom-espagnol": ["Chuang"],
"nom-folder": "Zhuang",
"nom-francais": ["Zhuang"],
"nom-italien": ["Zhuang"],
"nom-machine": "terme-2016-02-04-07-01-46-87275238417",
"nom-russe": ["&#1063;&#1078;&#1091;&#1072;&#1085;&#1089;&#1082;&#1080;&#1081;"],
"sous-type": "langues",
"type": "taxonomies",
"URL-wikipedia": "/wiki/Zhuang_(langue)"
}