{
"_id": "terme-2015-12-06-16-10-44-86966174655",
"ajouter-aux-favoris": false,
"breadcrumb": "taxonomies/langues/Mesquakie/",
"description": "Description de Mesquakie",
"fiche-a-completer": false,
"fiche-publiee": true,
"identifiant-drupal": 317628,
"mise-a-jour": "2017-01-23-16-33-30",
"moment-de-creation": "2015-12-06-16-10-44",
"moment-de-modification": "2015-01-04-02-27-57",
"nom": "Mesquakie",
"nom-anglais": ["Meskwaki"],
"nom-espagnol": ["Mescuaki"],
"nom-folder": "Mesquakie",
"nom-francais": ["Mesquakie"],
"nom-italien": ["Meskwaki"],
"nom-machine": "terme-2015-12-06-16-10-44-86966174655",
"nom-russe": ["&#1052;&#1077;&#1089;&#1082;&#1074;&#1086;&#1082;&#1080;"],
"sous-type": "langues",
"type": "taxonomies"
}