{
"_id": "terme-2016-02-04-06-46-27-87275183265",
"ajouter-aux-favoris": false,
"breadcrumb": "taxonomies/langues/Tatar/",
"description": "Description de Tatar",
"fiche-a-completer": true,
"fiche-publiee": true,
"ISO-639-1": "tt",
"ISO-639-2": "tat",
"ISO-639-3": "tat",
"mise-a-jour": "2016-05-09-16-45-50",
"moment-de-creation": "2016-02-04-06-46-27",
"moment-de-modification": "2016-02-04-06-47-15",
"nom": "Tatar",
"nom-anglais": ["Tatar"],
"nom-arabe": ["&#1578;&#1578;&#1585;&#1610;&#1577;"],
"nom-espagnol": ["T&#225;rtaro"],
"nom-folder": "Tatar",
"nom-francais": ["Tatar"],
"nom-italien": ["Tataro"],
"nom-machine": "terme-2016-02-04-06-46-27-87275183265",
"nom-russe": ["&#1058;&#1072;&#1090;&#1072;&#1088;&#1089;&#1082;&#1080;&#1081;"],
"sous-type": "langues",
"type": "taxonomies",
"URL-wikipedia": "https://fr.wikipedia.org/wiki/Tatar"
}