{
"_id": "terme-2016-02-04-05-24-41-87274888896",
"ajouter-aux-favoris": false,
"breadcrumb": "taxonomies/langues/Maori-de-Nouvelle-Zelande/",
"description": "Description de Maori",
"fiche-a-completer": true,
"fiche-publiee": true,
"ISO-639-1": "mi",
"ISO-639-2": "mao/mri",
"ISO-639-3": "mri",
"mise-a-jour": "2016-05-09-16-45-50",
"moment-de-creation": "2016-02-04-05-24-41",
"moment-de-modification": "2016-02-04-05-27-12",
"nom": "Maori",
"nom-anglais": ["Maori"],
"nom-arabe": ["&#1605;&#1575;&#1608;&#1585;&#1610;&#1577;"],
"nom-espagnol": ["Maori"],
"nom-folder": "Maori-de-Nouvelle-Zelande",
"nom-francais": ["Maori"],
"nom-italien": ["M&#257;ori"],
"nom-machine": "terme-2016-02-04-05-24-41-87274888896",
"nom-russe": ["&#1052;&#1072;&#1086;&#1088;&#1080;"],
"sous-type": "langues",
"type": "taxonomies",
"URL-wikipedia": "https://fr.wikipedia.org/wiki/Maori_de_Nouvelle-Z%C3%A9lande"
}