{
"_id": "terme-2016-02-04-04-17-20-87274646429",
"ajouter-aux-favoris": false,
"breadcrumb": "taxonomies/langues/Faroese/",
"description": "Description de F&#233;ro&#239;en",
"fiche-a-completer": false,
"fiche-publiee": true,
"ISO-639-1": "fo",
"ISO-639-2": "fao",
"ISO-639-3": "fao",
"mise-a-jour": "2017-01-23-16-33-30",
"moment-de-creation": "2016-02-04-04-17-20",
"moment-de-modification": "2016-02-04-04-19-40",
"nom": "F&#233;ro&#239;en",
"nom-anglais": ["Faroese"],
"nom-arabe": ["&#1601;&#1575;&#1585;&#1608;&#1610;&#1577;"],
"nom-espagnol": ["Fero&#233;s"],
"nom-folder": "Faroese",
"nom-francais": ["F&#233;ro&#239;en"],
"nom-italien": ["Faroese"],
"nom-machine": "terme-2016-02-04-04-17-20-87274646429",
"nom-russe": ["&#1060;&#1072;&#1088;&#1077;&#1088;&#1089;&#1082;&#1080;&#1081;"],
"sous-type": "langues",
"type": "taxonomies",
"URL-wikipedia": "https://fr.wikipedia.org/wiki/F%C3%A9ro%C3%AFen"
}