{
"_id": "terme-2015-12-06-16-10-46-86966174791",
"ajouter-aux-favoris": false,
"breadcrumb": "taxonomies/langues/Suomen/",
"description": "Suomen",
"fiche-a-completer": true,
"fiche-publiee": true,
"identifiant-drupal": 382379,
"mise-a-jour": "2016-05-09-16-45-49",
"moment-de-creation": "2015-12-06-16-10-46",
"moment-de-modification": "2015-01-04-02-27-57",
"nom": "Finnois",
"nom-anglais": ["Finnish"],
"nom-arabe": ["&#1601;&#1606;&#1604;&#1606;&#1583;&#1610;&#1577;"],
"nom-espagnol": ["Fin&#233;s"],
"nom-folder": "Suomen",
"nom-francais": ["Finnois"],
"nom-italien": ["Finnese"],
"nom-machine": "terme-2015-12-06-16-10-46-86966174791",
"sous-type": "langues",
"type": "taxonomies"
}