{
"_id": "terme-2016-01-29-16-23-52-87246157971",
"breadcrumb": "taxonomies/langues//Nicois/",
"description": "Description de Ni&#231;ois",
"fiche-a-completer": false,
"fiche-publiee": true,
"mise-a-jour": "2017-01-23-16-33-30",
"moment-de-creation": "2016-01-29-16-23-52",
"moment-de-modification": "2016-01-29-16-26-20",
"nom": "Ni&#231;ois",
"nom-anglais": ["Ni&#231;ard"],
"nom-espagnol": ["Nizardo"],
"nom-folder": "Nicois",
"nom-francais": ["Ni&#231;ois"],
"nom-italien": ["Nizzardo"],
"nom-machine": "terme-2016-01-29-16-23-52-87246157971",
"sous-type": "langues",
"type": "taxonomies"
}