{
"_id": "terme-2015-12-06-16-10-44-86966174674",
"ajouter-aux-favoris": false,
"breadcrumb": "taxonomies/langues/Napolitain/",
"description": "Description de Napolitain",
"fiche-a-completer": true,
"fiche-publiee": true,
"identifiant-drupal": 317632,
"mise-a-jour": "2016-05-09-16-45-49",
"moment-de-creation": "2015-12-06-16-10-44",
"moment-de-modification": "2015-01-04-02-27-57",
"nom": "Napolitain",
"nom-anglais": ["Neapolitan"],
"nom-arabe": ["&#1606;&#1575;&#1576;&#1608;&#1604;&#1610;&#1577;"],
"nom-espagnol": ["Napolitano"],
"nom-folder": "Napolitain",
"nom-francais": ["Napolitain"],
"nom-italien": ["Napoletano"],
"nom-machine": "terme-2015-12-06-16-10-44-86966174674",
"nom-russe": ["&#1053;&#1077;&#1072;&#1087;&#1086;&#1083;&#1080;&#1090;&#1072;&#1085;&#1089;&#1082;&#1080;&#1081;"],
"sous-type": "langues",
"type": "taxonomies"
}