{
"_id": "terme-2015-12-06-16-10-46-86966174806",
"ajouter-aux-favoris": false,
"breadcrumb": "taxonomies/langues/Totonaque/",
"description": "Description de Totonaque",
"fiche-a-completer": true,
"fiche-publiee": true,
"identifiant-drupal": 377526,
"mise-a-jour": "2016-05-09-16-45-49",
"moment-de-creation": "2015-12-06-16-10-46",
"moment-de-modification": "2015-01-04-02-27-57",
"nom": "Totonaque",
"nom-anglais": ["Totonac"],
"nom-espagnol": ["Totonaco"],
"nom-folder": "Totonaque",
"nom-francais": ["Totonaque"],
"nom-italien": ["Totonaco"],
"nom-machine": "terme-2015-12-06-16-10-46-86966174806",
"nom-russe": ["&#1058;&#1086;&#1090;&#1086;&#1085;&#1072;&#1082;&#1080;"],
"sous-type": "langues",
"type": "taxonomies"
}