{
"_id": "terme-2015-12-06-16-10-41-86966174481",
"ajouter-aux-favoris": false,
"breadcrumb": "taxonomies/langues/Catalan/",
"description": "Description de Catalan",
"fiche-a-completer": true,
"fiche-publiee": true,
"identifiant-drupal": 317586,
"ISO-639-1": "ca",
"ISO-639-2": "cat",
"ISO-639-3": "cat",
"mise-a-jour": "2016-05-09-16-45-48",
"moment-de-creation": "2015-12-06-16-10-41",
"moment-de-modification": "2016-02-04-03-39-37",
"nom": "Catalan",
"nom-anglais": ["Catalan"],
"nom-arabe": ["&#1603;&#1578;&#1575;&#1604;&#1575;&#1606;&#1610;&#1577;"],
"nom-espagnol": ["Catal&#225;n"],
"nom-folder": "Catalan",
"nom-francais": ["Catalan"],
"nom-italien": ["Catalano"],
"nom-machine": "terme-2015-12-06-16-10-41-86966174481",
"nom-russe": ["&#1050;&#1072;&#1090;&#1072;&#1083;&#1072;&#1085;&#1089;&#1082;&#1080;&#1081;"],
"sous-type": "langues",
"type": "taxonomies",
"URL-wikipedia": "https://fr.wikipedia.org/wiki/Catalan"
}