{
"_id": "terme-2015-12-06-16-10-46-86966174810",
"ajouter-aux-favoris": false,
"breadcrumb": "taxonomies/langues/Turc/",
"description": "Description de Turc",
"fiche-a-completer": true,
"fiche-publiee": true,
"identifiant-drupal": 317663,
"ISO-639-1": "tr",
"ISO-639-2": "tur",
"ISO-639-3": "tur",
"mise-a-jour": "2016-05-09-16-45-49",
"moment-de-creation": "2015-12-06-16-10-46",
"moment-de-modification": "2016-02-04-06-45-16",
"nom": "Turc",
"nom-anglais": ["Turkish"],
"nom-arabe": ["&#1578;&#1585;&#1603;&#1610;&#1577;"],
"nom-espagnol": ["Turco"],
"nom-folder": "Turc",
"nom-francais": ["Turc"],
"nom-italien": ["Turco"],
"nom-machine": "terme-2015-12-06-16-10-46-86966174810",
"nom-russe": ["&#1058;&#1091;&#1088;&#1077;&#1094;&#1082;&#1080;&#1081;"],
"sous-type": "langues",
"type": "taxonomies",
"URL-wikipedia": "https://fr.wikipedia.org/wiki/Turc"
}