{
"_id": "terme-2016-02-04-05-18-08-87274865283",
"ajouter-aux-favoris": false,
"breadcrumb": "taxonomies/langues/Lingala/",
"description": "Description de Lingala",
"fiche-a-completer": false,
"fiche-publiee": true,
"ISO-639-1": "ln",
"ISO-639-2": "lin",
"ISO-639-3": "lin",
"mise-a-jour": "2017-01-23-16-33-30",
"moment-de-creation": "2016-02-04-05-18-08",
"moment-de-modification": "2016-02-04-05-18-40",
"nom": "Lingala",
"nom-anglais": ["Lingala"],
"nom-arabe": ["&#1604;&#1610;&#1606;&#1594;&#1575;&#1604;&#1575;"],
"nom-espagnol": ["Lingala"],
"nom-folder": "Lingala",
"nom-francais": ["Lingala"],
"nom-italien": ["Lingala"],
"nom-machine": "terme-2016-02-04-05-18-08-87274865283",
"nom-russe": ["&#1051;&#1080;&#1085;&#1075;&#1072;&#1083;&#1072;"],
"sous-type": "langues",
"type": "taxonomies",
"URL-wikipedia": "https://fr.wikipedia.org/wiki/Lingala"
}