{
"_id": "terme-2016-02-04-06-24-59-87275105961",
"ajouter-aux-favoris": false,
"breadcrumb": "taxonomies/langues/Soundanais/",
"description": "Description de Soundanais",
"fiche-a-completer": true,
"fiche-publiee": true,
"ISO-639-1": "su",
"ISO-639-2": "sun",
"ISO-639-3": "sun",
"mise-a-jour": "2016-05-09-16-45-50",
"moment-de-creation": "2016-02-04-06-24-59",
"moment-de-modification": "2016-02-04-06-25-53",
"nom": "Soundanais",
"nom-anglais": ["Sundanese"],
"nom-arabe": ["&#1587;&#1608;&#1606;&#1583;&#1610;&#1577;"],
"nom-espagnol": ["Sondan&#233;s"],
"nom-folder": "Soundanais",
"nom-francais": ["Soundanais"],
"nom-italien": ["Sundanese"],
"nom-machine": "terme-2016-02-04-06-24-59-87275105961",
"nom-russe": ["&#1057;&#1091;&#1085;&#1076;&#1072;&#1085;&#1089;&#1082;&#1080;&#1081;"],
"sous-type": "langues",
"type": "taxonomies",
"URL-wikipedia": "https://fr.wikipedia.org/wiki/Soundanais"
}