{
"_id": "terme-2016-02-04-05-02-17-87274808249",
"ajouter-aux-favoris": false,
"breadcrumb": "taxonomies/langues/Kuanyama/",
"description": "Description de Kuanyama",
"fiche-a-completer": false,
"fiche-publiee": true,
"ISO-639-1": "kj",
"ISO-639-2": "kua",
"ISO-639-3": "kua",
"mise-a-jour": "2017-01-23-16-33-30",
"moment-de-creation": "2016-02-04-05-02-17",
"moment-de-modification": "2016-02-04-05-03-03",
"nom": "Kuanyama",
"nom-anglais": ["Kwanyama"],
"nom-espagnol": ["Kuanyama"],
"nom-folder": "Kuanyama",
"nom-francais": ["Kuanyama"],
"nom-italien": ["Kwanyamo"],
"nom-machine": "terme-2016-02-04-05-02-17-87274808249",
"nom-russe": ["&#1050;&#1074;&#1072;&#1085;&#1100;&#1103;&#1084;&#1072;"],
"sous-type": "langues",
"type": "taxonomies",
"URL-wikipedia": "https://fr.wikipedia.org/wiki/Kuanyama"
}