{
"_id": "terme-2015-12-06-16-10-41-86966174497",
"ajouter-aux-favoris": false,
"breadcrumb": "taxonomies/langues/Chinois/",
"description": "Description de Chinois",
"fiche-a-completer": false,
"fiche-publiee": true,
"identifiant-drupal": 381393,
"ISO-639-1": "zh",
"ISO-639-2": "chi/zho",
"ISO-639-3": "zho",
"mise-a-jour": "2017-01-23-16-33-30",
"moment-de-creation": "2015-12-06-16-10-41",
"moment-de-modification": "2016-02-04-07-03-55",
"nom": "Chinois",
"nom-anglais": ["Chinese"],
"nom-arabe": ["&#1589;&#1610;&#1606;&#1610;&#1577;"],
"nom-espagnol": ["Chino"],
"nom-folder": "Chinois",
"nom-francais": ["Chinois"],
"nom-italien": ["Cinese"],
"nom-machine": "terme-2015-12-06-16-10-41-86966174497",
"nom-russe": ["&#1050;&#1080;&#1090;&#1072;&#1081;&#1089;&#1082;&#1080;&#1081;"],
"sous-type": "langues",
"type": "taxonomies",
"URL-wikipedia": "https://fr.wikipedia.org/wiki/ISO_639:zho"
}