{
"_id": "terme-2016-02-04-05-05-00-87274818001",
"ajouter-aux-favoris": false,
"breadcrumb": "taxonomies/langues/Khmer/",
"description": "Description de Khmer",
"fiche-a-completer": false,
"fiche-publiee": true,
"ISO-639-1": "km",
"ISO-639-2": "khm",
"ISO-639-3": "khm",
"mise-a-jour": "2017-01-23-16-33-30",
"moment-de-creation": "2016-02-04-05-05-00",
"moment-de-modification": "2016-02-04-05-05-43",
"nom": "Khmer",
"nom-anglais": ["Khmer"],
"nom-arabe": ["&#1582;&#1605;&#1610;&#1585;&#1610;&#1577;"],
"nom-espagnol": ["Jemer"],
"nom-folder": "Khmer",
"nom-francais": ["Khmer"],
"nom-italien": ["Khmer"],
"nom-machine": "terme-2016-02-04-05-05-00-87274818001",
"nom-russe": ["&#1050;&#1093;&#1084;&#1077;&#1088;&#1089;&#1082;&#1080;&#1081;"],
"sous-type": "langues",
"type": "taxonomies",
"URL-wikipedia": "https://fr.wikipedia.org/wiki/Khmer"
}