{
"_id": "terme-2015-12-06-16-10-42-86966174568",
"ajouter-aux-favoris": false,
"breadcrumb": "taxonomies/langues/Hollandais/",
"description": "Description de Hollandais",
"fiche-a-completer": false,
"fiche-publiee": true,
"identifiant-drupal": 369386,
"mise-a-jour": "2017-01-23-16-33-30",
"moment-de-creation": "2015-12-06-16-10-42",
"moment-de-modification": "2015-01-04-02-27-58",
"nom": "Hollandais",
"nom-anglais": ["Hollandic"],
"nom-arabe": ["&#1607;&#1608;&#1604;&#1606;&#1583;&#1610;&#1617;"],
"nom-espagnol": ["Holand&#233;s"],
"nom-folder": "Hollandais",
"nom-francais": ["Hollandais"],
"nom-italien": ["Olandese"],
"nom-machine": "terme-2015-12-06-16-10-42-86966174568",
"nom-russe": ["&#1043;&#1086;&#1083;&#1083;&#1072;&#1085;&#1076;&#1089;&#1082;&#1080;&#1081;"],
"sous-type": "langues",
"type": "taxonomies"
}