{
"_id": "terme-2015-12-06-16-10-46-86966174782",
"ajouter-aux-favoris": false,
"breadcrumb": "taxonomies/langues/Somali/",
"description": "Description de Somali",
"fiche-a-completer": false,
"fiche-publiee": true,
"identifiant-drupal": 382329,
"ISO-639-1": "so",
"ISO-639-2": "som",
"ISO-639-3": "som",
"mise-a-jour": "2017-01-23-16-33-30",
"moment-de-creation": "2015-12-06-16-10-46",
"moment-de-modification": "2016-02-04-06-20-48",
"nom": "Somali",
"nom-anglais": ["Somali"],
"nom-arabe": ["&#1589;&#1608;&#1605;&#1575;&#1604;&#1610;&#1577;"],
"nom-espagnol": ["Somal&#237;"],
"nom-folder": "Somali",
"nom-francais": ["Somali"],
"nom-italien": ["Somalo"],
"nom-machine": "terme-2015-12-06-16-10-46-86966174782",
"nom-russe": ["&#1057;&#1086;&#1084;&#1072;&#1083;&#1080;&#1081;&#1089;&#1082;&#1080;&#1081;"],
"sous-type": "langues",
"type": "taxonomies",
"URL-wikipedia": "https://fr.wikipedia.org/wiki/Somali"
}