{
"_id": "terme-2016-02-04-04-00-51-87274587115",
"ajouter-aux-favoris": false,
"breadcrumb": "taxonomies/langues/Dzongkha/",
"description": "Description de Dzongkha",
"fiche-a-completer": false,
"fiche-publiee": true,
"ISO-639-1": "dz",
"ISO-639-2": "dzo",
"ISO-639-3": "dzo",
"mise-a-jour": "2017-01-23-16-33-30",
"moment-de-creation": "2016-02-04-04-00-51",
"moment-de-modification": "2016-02-04-04-02-19",
"nom": "Dzongkha",
"nom-anglais": ["Dzongkha"],
"nom-arabe": ["&#1583;&#1586;&#1608;&#1606;&#1603;&#1575;"],
"nom-espagnol": ["Dzongkha"],
"nom-folder": "Dzongkha",
"nom-francais": ["Dzongkha"],
"nom-italien": ["Dzongkha"],
"nom-machine": "terme-2016-02-04-04-00-51-87274587115",
"nom-russe": ["&#1044;&#1079;&#1086;&#1085;&#1075;-&#1082;&#1101;"],
"sous-type": "langues",
"type": "taxonomies",
"URL-wikipedia": "https://fr.wikipedia.org/wiki/Dzongkha/wiki/Dzongkha"
}