{
"_id": "terme-2015-12-06-16-10-40-86966174417",
"ajouter-aux-favoris": false,
"breadcrumb": "taxonomies/langues/Afghan/",
"description": "Description de Afghan",
"fiche-a-completer": false,
"fiche-publiee": true,
"identifiant-drupal": 382375,
"mise-a-jour": "2017-01-23-16-33-30",
"moment-de-creation": "2015-12-06-16-10-40",
"moment-de-modification": "2015-01-04-02-27-57",
"nom": "Afghan",
"nom-anglais": ["Pashto"],
"nom-arabe": ["&#1576;&#1588;&#1578;&#1608;&#1610;&#1577;"],
"nom-espagnol": ["Past&#250;n"],
"nom-folder": "Afghan",
"nom-francais": ["Afghan"],
"nom-italien": ["Pashtu"],
"nom-machine": "terme-2015-12-06-16-10-40-86966174417",
"nom-russe": ["&#1055;&#1091;&#1096;&#1090;&#1091;"],
"sous-type": "langues",
"type": "taxonomies"
}