{
"_id": "terme-2016-02-04-03-28-04-87274469083",
"ajouter-aux-favoris": false,
"breadcrumb": "taxonomies/langues/Bihari/",
"description": "Code de langue collectif pour le bhodjpouri, le magahi et le ma&#195;&#175;thili",
"fiche-a-completer": true,
"fiche-publiee": true,
"ISO-639-1": "bh",
"ISO-639-2": "bih",
"ISO-639-3": "--",
"mise-a-jour": "2016-05-09-16-45-50",
"moment-de-creation": "2016-02-04-03-28-04",
"moment-de-modification": "2016-02-04-03-30-37",
"nom": "Bihari",
"nom-anglais": ["Bihari"],
"nom-arabe": ["&#1575;&#1604;&#1576;&#1607;&#1575;&#1585;&#1610;&#1577;"],
"nom-espagnol": ["Bihari"],
"nom-folder": "Bihari",
"nom-francais": ["Bihari"],
"nom-italien": ["Bihari"],
"nom-machine": "terme-2016-02-04-03-28-04-87274469083",
"nom-russe": ["&#1041;&#1080;&#1093;&#1072;&#1088;&#1089;&#1082;&#1080;&#1077;"],
"sous-type": "langues",
"type": "taxonomies",
"URL-wikipedia": "https://fr.wikipedia.org/wiki/Bihari"
}