{
"_id": "terme-2015-12-06-16-10-43-86966174612",
"ajouter-aux-favoris": false,
"breadcrumb": "taxonomies/langues/Kinyarwanda/",
"description": "Description de Kinyarwanda",
"fiche-a-completer": true,
"fiche-publiee": true,
"identifiant-drupal": 380431,
"ISO-639-1": "rw",
"ISO-639-2": "kin",
"ISO-639-3": "kin",
"mise-a-jour": "2016-05-09-16-45-48",
"moment-de-creation": "2015-12-06-16-10-43",
"moment-de-modification": "2016-02-04-06-05-55",
"nom": "Kinyarwanda",
"nom-anglais": ["Kinyarwanda"],
"nom-arabe": ["&#1603;&#1610;&#1606;&#1610;&#1575;&#1585;&#1608;&#1575;&#1606;&#1583;&#1575;"],
"nom-espagnol": ["Ki&#241;aruanda"],
"nom-folder": "Kinyarwanda",
"nom-francais": ["Kinyarwanda"],
"nom-italien": ["Kinyarwanda"],
"nom-machine": "terme-2015-12-06-16-10-43-86966174612",
"nom-russe": ["&#1056;&#1091;&#1072;&#1085;&#1076;&#1072;"],
"sous-type": "langues",
"type": "taxonomies",
"URL-wikipedia": "https://fr.wikipedia.org/wiki/Kinyarwanda"
}