{
"_id": "terme-2016-02-04-06-11-55-87275058950",
"ajouter-aux-favoris": false,
"breadcrumb": "taxonomies/langues/Sindhi/",
"description": "Description de Sindhi",
"fiche-a-completer": false,
"fiche-publiee": true,
"ISO-639-1": "sd",
"ISO-639-2": "snd",
"ISO-639-3": "snd",
"mise-a-jour": "2017-01-23-16-33-30",
"moment-de-creation": "2016-02-04-06-11-55",
"moment-de-modification": "2016-02-04-06-12-31",
"nom": "Sindhi",
"nom-anglais": ["Sindhi"],
"nom-arabe": ["&#1587;&#1606;&#1583;&#1610;&#1577;"],
"nom-espagnol": ["Sindhi"],
"nom-folder": "Sindhi",
"nom-francais": ["Sindhi"],
"nom-italien": ["Sindhi"],
"nom-machine": "terme-2016-02-04-06-11-55-87275058950",
"nom-russe": ["&#1057;&#1080;&#1085;&#1076;&#1093;&#1080;"],
"sous-type": "langues",
"type": "taxonomies",
"URL-wikipedia": "https://fr.wikipedia.org/wiki/Sindhi"
}