{
"_id": "terme-2015-12-06-16-10-46-86966174794",
"ajouter-aux-favoris": false,
"breadcrumb": "taxonomies/langues/Swahili/",
"description": "Description de Swahili",
"fiche-a-completer": true,
"fiche-publiee": true,
"identifiant-drupal": 317660,
"ISO-639-1": "sw",
"ISO-639-2": "swa",
"ISO-639-3": "swa",
"mise-a-jour": "2016-05-09-16-45-49",
"moment-de-creation": "2015-12-06-16-10-46",
"moment-de-modification": "2016-02-04-06-27-20",
"nom": "Swahili",
"nom-anglais": ["Swahili"],
"nom-arabe": ["&#1587;&#1608;&#1575;&#1581;&#1604;&#1610;&#1577;"],
"nom-espagnol": ["Suajili"],
"nom-folder": "Swahili",
"nom-francais": ["Swahili"],
"nom-italien": ["Swahili"],
"nom-machine": "terme-2015-12-06-16-10-46-86966174794",
"nom-russe": ["&#1057;&#1091;&#1072;&#1093;&#1080;&#1083;&#1080;"],
"sous-type": "langues",
"type": "taxonomies",
"URL-wikipedia": "https://fr.wikipedia.org/wiki/Swahili"
}