{
"_id": "terme-2015-12-06-16-10-42-86966174561",
"ajouter-aux-favoris": false,
"breadcrumb": "taxonomies/langues/Haoussa/",
"description": "Description de Haoussa",
"fiche-a-completer": false,
"fiche-publiee": true,
"identifiant-drupal": 382164,
"ISO-639-1": "ha",
"ISO-639-2": "hau",
"ISO-639-3": "hau",
"mise-a-jour": "2017-01-23-16-33-30",
"moment-de-creation": "2015-12-06-16-10-42",
"moment-de-modification": "2016-02-04-04-29-47",
"nom": "Haoussa",
"nom-anglais": ["Hausa"],
"nom-arabe": ["&#1607;&#1608;&#1587;&#1610;&#1577;"],
"nom-espagnol": ["Hausa"],
"nom-folder": "Haoussa",
"nom-francais": ["Haoussa"],
"nom-italien": ["Hausa"],
"nom-machine": "terme-2015-12-06-16-10-42-86966174561",
"nom-russe": ["&#1061;&#1072;&#1091;&#1089;&#1072;"],
"sous-type": "langues",
"type": "taxonomies",
"URL-wikipedia": "https://fr.wikipedia.org/wiki/Haoussa"
}