{
"_id": "terme-2016-02-04-06-01-57-87275023035",
"ajouter-aux-favoris": false,
"breadcrumb": "taxonomies/langues/Kirundi/",
"description": "Description de Kirundi",
"fiche-a-completer": true,
"fiche-publiee": true,
"ISO-639-1": "rn",
"ISO-639-2": "run",
"ISO-639-3": "run",
"mise-a-jour": "2016-05-09-16-45-50",
"moment-de-creation": "2016-02-04-06-01-57",
"moment-de-modification": "2016-02-04-06-02-33",
"nom": "Kirundi",
"nom-anglais": ["Kirundi"],
"nom-arabe": ["&#1603;&#1610;&#1585;&#1608;&#1606;&#1583;&#1610;&#1577;"],
"nom-espagnol": ["Kirundi"],
"nom-folder": "Kirundi",
"nom-francais": ["Kirundi"],
"nom-italien": ["Kirundi"],
"nom-machine": "terme-2016-02-04-06-01-57-87275023035",
"nom-russe": ["&#1056;&#1091;&#1085;&#1076;&#1080;"],
"sous-type": "langues",
"type": "taxonomies",
"URL-wikipedia": "https://fr.wikipedia.org/wiki/Kirundi"
}