{
"_id": "terme-2015-12-06-16-10-42-86966174551",
"ajouter-aux-favoris": false,
"breadcrumb": "taxonomies/langues/Grec/",
"description": "Description de Grec",
"fiche-a-completer": true,
"fiche-publiee": true,
"identifiant-drupal": 317606,
"ISO-639-1": "el",
"ISO-639-2": "gre/ell",
"ISO-639-3": "ell",
"mise-a-jour": "2016-05-09-16-45-48",
"moment-de-creation": "2015-12-06-16-10-42",
"moment-de-modification": "2016-02-04-04-05-06",
"nom": "Grec",
"nom-anglais": ["Greek"],
"nom-arabe": ["&#1610;&#1608;&#1606;&#1575;&#1606;&#1610;&#1577;"],
"nom-espagnol": ["Griego"],
"nom-folder": "Grec",
"nom-francais": ["Grec"],
"nom-italien": ["Greco"],
"nom-machine": "terme-2015-12-06-16-10-42-86966174551",
"nom-russe": ["&#1043;&#1088;&#1077;&#1095;&#1077;&#1089;&#1082;&#1080;&#1081;"],
"sous-type": "langues",
"type": "taxonomies",
"URL-wikipedia": "https://fr.wikipedia.org/wiki/Grec_moderne"
}