{
"_id": "terme-2016-02-04-03-32-00-87274483240",
"ajouter-aux-favoris": false,
"breadcrumb": "taxonomies/langues/Bichelamar/",
"description": "Description de Bichelamar",
"fiche-a-completer": false,
"fiche-publiee": true,
"ISO-639-1": "bi",
"ISO-639-2": "bis",
"ISO-639-3": "bis",
"mise-a-jour": "2017-01-23-16-33-30",
"moment-de-creation": "2016-02-04-03-32-00",
"moment-de-modification": "2016-02-04-03-32-37",
"nom": "Bichelamar",
"nom-anglais": ["Bislama"],
"nom-arabe": ["&#1576;&#1587;&#1604;&#1575;&#1605;&#1575;"],
"nom-espagnol": ["Bislama"],
"nom-folder": "Bichelamar",
"nom-francais": ["Bichelamar"],
"nom-italien": ["Bislama"],
"nom-machine": "terme-2016-02-04-03-32-00-87274483240",
"nom-russe": ["&#1041;&#1080;&#1089;&#1083;&#1072;&#1084;&#1072;"],
"sous-type": "langues",
"type": "taxonomies",
"URL-wikipedia": "https://fr.wikipedia.org/wiki/Bichelamar"
}