{
"_id": "terme-2015-12-06-16-10-41-86966174490",
"ajouter-aux-favoris": false,
"breadcrumb": "taxonomies/langues/Chibcha/",
"description": "Description de Chibcha",
"fiche-a-completer": true,
"fiche-publiee": true,
"identifiant-drupal": 317590,
"mise-a-jour": "2016-05-09-16-45-48",
"moment-de-creation": "2015-12-06-16-10-41",
"moment-de-modification": "2015-01-04-02-27-57",
"nom": "Chibcha",
"nom-anglais": ["Chibcha"],
"nom-arabe": ["&#1578;&#1588;&#1576;&#1578;&#1588;&#1575;"],
"nom-espagnol": ["Muisca"],
"nom-folder": "Chibcha",
"nom-francais": ["Chibcha"],
"nom-italien": ["Chibcha"],
"nom-machine": "terme-2015-12-06-16-10-41-86966174490",
"nom-russe": ["&#1063;&#1080;&#1073;&#1095;&#1072;"],
"sous-type": "langues",
"type": "taxonomies"
}