{
"_id": "terme-2015-12-06-16-10-42-86966174577",
"ajouter-aux-favoris": false,
"breadcrumb": "taxonomies/langues/Huron-wendat/",
"description": "Huron-wendat",
"fiche-a-completer": false,
"fiche-publiee": true,
"identifiant-drupal": 317610,
"mise-a-jour": "2017-01-23-16-33-30",
"moment-de-creation": "2015-12-06-16-10-42",
"moment-de-modification": "2015-01-04-02-27-57",
"nom": "Wendat",
"nom-anglais": ["Wendat"],
"nom-arabe": ["&#1602;&#1576;&#1575;&#1574;&#1604; &#1607;&#1608;&#1585;&#1608;&#1606;"],
"nom-espagnol": ["Wendat"],
"nom-folder": "Huron-wendat",
"nom-francais": ["Wendat"],
"nom-italien": ["Wendat"],
"nom-machine": "terme-2015-12-06-16-10-42-86966174577",
"sous-type": "langues",
"type": "taxonomies"
}