{
"_id": "terme-2016-02-04-05-00-22-87274801322",
"ajouter-aux-favoris": false,
"breadcrumb": "taxonomies/langues/Kikuyu/",
"description": "Description de Kikuyu",
"fiche-a-completer": false,
"fiche-publiee": true,
"ISO-639-1": "ki",
"ISO-639-2": "kik",
"ISO-639-3": "kik",
"mise-a-jour": "2017-01-23-16-33-30",
"moment-de-creation": "2016-02-04-05-00-22",
"moment-de-modification": "2016-02-04-05-01-07",
"nom": "Kikuyu",
"nom-anglais": ["Kikuyu"],
"nom-arabe": ["&#1603;&#1610;&#1603;&#1608;&#1610;&#1608;"],
"nom-espagnol": ["Kikuyu"],
"nom-folder": "Kikuyu",
"nom-francais": ["Kikuyu"],
"nom-italien": ["Gikuyu"],
"nom-machine": "terme-2016-02-04-05-00-22-87274801322",
"nom-russe": ["&#1050;&#1080;&#1082;&#1091;&#1081;&#1102;"],
"sous-type": "langues",
"type": "taxonomies",
"URL-wikipedia": "https://fr.wikipedia.org/wiki/Kikuyu_(langue)"
}