{
"_id": "terme-2015-12-06-16-10-44-86966174679",
"ajouter-aux-favoris": false,
"breadcrumb": "taxonomies/langues/Navajo/",
"description": "Description de Navajo",
"fiche-a-completer": false,
"fiche-publiee": true,
"identifiant-drupal": 317633,
"ISO-639-1": "nv",
"ISO-639-2": "nav",
"ISO-639-3": "nav",
"mise-a-jour": "2017-01-23-16-33-30",
"moment-de-creation": "2015-12-06-16-10-44",
"moment-de-modification": "2016-02-04-05-45-08",
"nom": "Navajo",
"nom-anglais": ["Navajo"],
"nom-espagnol": ["Navajo"],
"nom-folder": "Navajo",
"nom-francais": ["Navajo"],
"nom-italien": ["Navajo"],
"nom-machine": "terme-2015-12-06-16-10-44-86966174679",
"nom-russe": ["&#1053;&#1072;&#1074;&#1072;&#1093;&#1086;"],
"sous-type": "langues",
"type": "taxonomies",
"URL-wikipedia": "https://fr.wikipedia.org/wiki/Navajo_(langue)"
}