{
"_id": "terme-2015-12-06-16-10-47-86966174839",
"ajouter-aux-favoris": false,
"breadcrumb": "taxonomies/langues/Zapotheque/",
"description": "Description de Zapoth&#232;que",
"fiche-a-completer": false,
"fiche-publiee": true,
"identifiant-drupal": 377525,
"mise-a-jour": "2017-01-23-16-33-30",
"moment-de-creation": "2015-12-06-16-10-47",
"moment-de-modification": "2015-01-04-02-27-58",
"nom": "Zapoth&#232;que",
"nom-anglais": ["Zapotec"],
"nom-espagnol": ["Zapoteca"],
"nom-folder": "Zapotheque",
"nom-francais": ["Zapoth&#232;que"],
"nom-italien": ["Zapoteche"],
"nom-machine": "terme-2015-12-06-16-10-47-86966174839",
"nom-russe": ["&#1057;&#1072;&#1087;&#1086;&#1090;&#1077;&#1082;&#1089;&#1082;&#1080;&#1077;"],
"sous-type": "langues",
"type": "taxonomies"
}