{
"_id": "terme-2016-03-02-16-48-49-87417319757",
"ajouter-aux-favoris": false,
"breadcrumb": "taxonomies/langues/Anglais-simplifie/",
"description": "Description de Anglais technique simplifi&#233;",
"fiche-a-completer": true,
"fiche-publiee": true,
"mise-a-jour": "2016-05-09-16-45-51",
"moment-de-creation": "2016-03-02-16-48-49",
"moment-de-modification": "2016-03-02-16-52-25",
"nom": "Anglais technique simplifi&#233;",
"nom-anglais": ["Simplified english"],
"nom-arabe": ["&#1575;&#1604;&#1573;&#1606;&#1580;&#1604;&#1610;&#1586;&#1610;&#1577; &#1576;&#1587;&#1610;&#1591;&#1577;"],
"nom-espagnol": ["Ingl&#233;s simple"],
"nom-folder": "Anglais-simplifie",
"nom-francais": ["Anglais technique simplifi&#233;"],
"nom-italien": ["Inglese semplificato"],
"nom-machine": "terme-2016-03-02-16-48-49-87417319757",
"nom-russe": ["&#1091;&#1087;&#1088;&#1086;&#1097;&#1077;&#1085;&#1085;&#1099;&#1081; &#1072;&#1085;&#1075;&#1083;&#1080;&#1081;&#1089;&#1082;&#1080;&#1081;"],
"sous-type": "langues",
"type": "taxonomies"
}