{
"_id": "terme-2015-12-06-16-10-46-86966174808",
"ajouter-aux-favoris": false,
"breadcrumb": "taxonomies/langues/Touareg/",
"description": "Description de Touareg",
"fiche-a-completer": false,
"fiche-publiee": true,
"identifiant-drupal": 317662,
"mise-a-jour": "2017-01-23-16-33-30",
"moment-de-creation": "2015-12-06-16-10-46",
"moment-de-modification": "2015-01-04-02-27-57",
"nom": "Touareg",
"nom-anglais": ["Tuareg"],
"nom-arabe": ["&#1591;&#1608;&#1575;&#1585;&#1602;"],
"nom-espagnol": ["Tuareg"],
"nom-folder": "Touareg",
"nom-francais": ["Touareg"],
"nom-italien": ["Tuareg"],
"nom-machine": "terme-2015-12-06-16-10-46-86966174808",
"nom-russe": ["&#1058;&#1091;&#1072;&#1088;&#1077;&#1075;&#1080;"],
"sous-type": "langues",
"type": "taxonomies"
}