{
"_id": "terme-2015-12-06-16-10-46-86966174784",
"ajouter-aux-favoris": false,
"breadcrumb": "taxonomies/langues/Soninke/",
"description": "Description de Sonink&#233;",
"fiche-a-completer": true,
"fiche-publiee": true,
"identifiant-drupal": 382513,
"mise-a-jour": "2016-05-09-16-45-49",
"moment-de-creation": "2015-12-06-16-10-46",
"moment-de-modification": "2015-01-04-02-27-57",
"nom": "Sonink&#233;",
"nom-anglais": ["Soninke"],
"nom-arabe": ["&#1587;&#1608;&#1606;&#1606;&#1603;&#1610;&#1577;"],
"nom-espagnol": ["Sonink&#233;"],
"nom-folder": "Soninke",
"nom-francais": ["Sonink&#233;"],
"nom-italien": ["Soninke"],
"nom-machine": "terme-2015-12-06-16-10-46-86966174784",
"nom-russe": ["&#1057;&#1086;&#1085;&#1080;&#1085;&#1082;&#1077;"],
"sous-type": "langues",
"type": "taxonomies"
}