{
"_id": "terme-2015-12-06-16-10-44-86966174697",
"ajouter-aux-favoris": false,
"breadcrumb": "taxonomies/langues/Norvegien/Norvegien-bokmal/",
"description": "Norv&#233;gien bokm&#229;l",
"fiche-a-completer": true,
"fiche-publiee": true,
"identifiant-drupal": 317635,
"mise-a-jour": "2016-05-09-16-45-49",
"moment-de-creation": "2015-12-06-16-10-44",
"moment-de-modification": "2015-01-04-02-27-57",
"nom": "Bokm&#229;l",
"nom-anglais": ["Norwegian bokm&#229;l"],
"nom-arabe": ["&#1576;&#1608;&#1603;&#1605;&#1608;&#1604;"],
"nom-espagnol": ["Bokm&#229;l"],
"nom-folder": "Norvegien-bokmal",
"nom-francais": ["Bokm&#229;l"],
"nom-italien": ["Bokm&#229;l"],
"nom-machine": "terme-2015-12-06-16-10-44-86966174697",
"nom-russe": ["&#1041;&#1091;&#1082;&#1084;&#1086;&#1083;"],
"sous-type": "langues",
"type": "taxonomies"
}