{
"_id": "terme-2015-12-06-16-10-42-86966174563",
"ajouter-aux-favoris": false,
"breadcrumb": "taxonomies/langues/Hebreu/",
"description": "Description de H&#233;breu",
"fiche-a-completer": false,
"fiche-publiee": true,
"identifiant-drupal": 317608,
"ISO-639-1": "he",
"ISO-639-2": "heb",
"ISO-639-3": "heb",
"mise-a-jour": "2017-01-23-16-33-30",
"moment-de-creation": "2015-12-06-16-10-42",
"moment-de-modification": "2016-02-04-04-30-31",
"nom": "H&#233;breu",
"nom-anglais": ["Hebrew"],
"nom-arabe": ["&#1593;&#1576;&#1585;&#1610;&#1577;"],
"nom-espagnol": ["Hebreo"],
"nom-folder": "Hebreu",
"nom-francais": ["H&#233;breu"],
"nom-italien": ["Ebraico"],
"nom-machine": "terme-2015-12-06-16-10-42-86966174563",
"nom-russe": ["&#1048;&#1074;&#1088;&#1080;&#1090;"],
"sous-type": "langues",
"type": "taxonomies",
"URL-wikipedia": "https://fr.wikipedia.org/wiki/H%C3%A9breu"
}