{
"_id": "terme-2016-02-04-06-47-18-87275186283",
"ajouter-aux-favoris": false,
"breadcrumb": "taxonomies/langues/Twi/",
"description": "Description de Twi",
"fiche-a-completer": false,
"fiche-publiee": true,
"ISO-639-1": "tw",
"ISO-639-2": "twi",
"ISO-639-3": "twi",
"mise-a-jour": "2017-01-23-16-33-30",
"moment-de-creation": "2016-02-04-06-47-18",
"moment-de-modification": "2016-02-04-06-47-53",
"nom": "Twi",
"nom-anglais": ["Twi"],
"nom-arabe": ["&#1578;&#1608;&#1610;"],
"nom-espagnol": ["Twi"],
"nom-folder": "Twi",
"nom-francais": ["Twi"],
"nom-italien": ["Twi"],
"nom-machine": "terme-2016-02-04-06-47-18-87275186283",
"nom-russe": ["&#1063;&#1074;&#1080;"],
"sous-type": "langues",
"type": "taxonomies",
"URL-wikipedia": "https://fr.wikipedia.org/wiki/Twi"
}