{
"_id": "terme-2015-12-06-16-10-47-86966174827",
"ajouter-aux-favoris": false,
"breadcrumb": "taxonomies/langues/Wayuu/",
"description": "Description de Wayuu",
"fiche-a-completer": true,
"fiche-publiee": true,
"identifiant-drupal": 382418,
"mise-a-jour": "2016-05-09-16-45-49",
"moment-de-creation": "2015-12-06-16-10-47",
"moment-de-modification": "2015-01-04-02-27-58",
"nom": "Wayuu",
"nom-anglais": ["Wayuu"],
"nom-arabe": ["&#1608;&#1575;&#1610;&#1610;&#1608;&#1610;&#1577;"],
"nom-espagnol": ["Way&#250;"],
"nom-folder": "Wayuu",
"nom-francais": ["Wayuu"],
"nom-italien": ["Wayu"],
"nom-machine": "terme-2015-12-06-16-10-47-86966174827",
"nom-russe": ["&#1043;&#1091;&#1072;&#1093;&#1080;&#1088;&#1086;"],
"sous-type": "langues",
"type": "taxonomies"
}