{
"_id": "terme-2016-02-04-05-52-31-87274989078",
"ajouter-aux-favoris": false,
"breadcrumb": "taxonomies/langues/Pendjabi/",
"description": "Description de Pendjabi",
"fiche-a-completer": true,
"fiche-publiee": true,
"ISO-639-1": "pa",
"ISO-639-2": "pan",
"ISO-639-3": "pan",
"mise-a-jour": "2016-05-09-16-45-50",
"moment-de-creation": "2016-02-04-05-52-31",
"moment-de-modification": "2016-02-04-05-53-06",
"nom": "Pendjabi",
"nom-anglais": ["Punjabi"],
"nom-arabe": ["&#1576;&#1606;&#1580;&#1575;&#1576;&#1610;&#1577;"],
"nom-espagnol": ["Panyab&#237;"],
"nom-folder": "Pendjabi",
"nom-francais": ["Pendjabi"],
"nom-italien": ["Punjabi"],
"nom-machine": "terme-2016-02-04-05-52-31-87274989078",
"nom-russe": ["&#1055;&#1072;&#1085;&#1076;&#1078;&#1072;&#1073;&#1080;"],
"sous-type": "langues",
"type": "taxonomies",
"URL-wikipedia": "https://fr.wikipedia.org/wiki/Pendjabi"
}