{
"_id": "terme-2016-02-04-06-11-03-87275055786",
"ajouter-aux-favoris": false,
"breadcrumb": "taxonomies/langues/Sarde/",
"description": "Description de Sarde",
"fiche-a-completer": false,
"fiche-publiee": true,
"ISO-639-1": "sc",
"ISO-639-2": "srd",
"ISO-639-3": "srd",
"mise-a-jour": "2017-01-23-16-33-30",
"moment-de-creation": "2016-02-04-06-11-03",
"moment-de-modification": "2016-02-04-06-11-39",
"nom": "Sarde",
"nom-anglais": ["Sardinian"],
"nom-arabe": ["&#1587;&#1585;&#1583;&#1610;&#1606;&#1610;&#1577;"],
"nom-espagnol": ["Sardo"],
"nom-folder": "Sarde",
"nom-francais": ["Sarde"],
"nom-italien": ["Sardo"],
"nom-machine": "terme-2016-02-04-06-11-03-87275055786",
"nom-russe": ["&#1057;&#1072;&#1088;&#1076;&#1080;&#1085;&#1089;&#1082;&#1080;&#1081;"],
"sous-type": "langues",
"type": "taxonomies",
"URL-wikipedia": "https://fr.wikipedia.org/wiki/Sarde"
}