{
"_id": "terme-2015-12-06-16-10-46-86966174815",
"ajouter-aux-favoris": false,
"breadcrumb": "taxonomies/langues/Tzotzil/",
"description": "Description de Tzotzil",
"fiche-a-completer": true,
"fiche-publiee": true,
"identifiant-drupal": 317665,
"mise-a-jour": "2016-05-09-16-45-49",
"moment-de-creation": "2015-12-06-16-10-46",
"moment-de-modification": "2015-01-04-02-27-58",
"nom": "Tzotzil",
"nom-anglais": ["Tzotzil"],
"nom-arabe": ["&#1578;&#1587;&#1608;&#1578;&#1587;&#1610;&#1604;"],
"nom-espagnol": ["Tzotzil"],
"nom-folder": "Tzotzil",
"nom-francais": ["Tzotzil"],
"nom-italien": ["Tzotzil"],
"nom-machine": "terme-2015-12-06-16-10-46-86966174815",
"nom-russe": ["&#1062;&#1086;&#1094;&#1080;&#1083;&#1100;"],
"sous-type": "langues",
"type": "taxonomies"
}