{
"_id": "terme-2016-02-04-05-39-24-87274941887",
"ajouter-aux-favoris": false,
"breadcrumb": "taxonomies/langues/Ndonga/",
"description": "Description de Ndonga",
"fiche-a-completer": false,
"fiche-publiee": true,
"ISO-639-1": "ng",
"ISO-639-2": "ndo",
"ISO-639-3": "ndo",
"mise-a-jour": "2017-01-23-16-33-30",
"moment-de-creation": "2016-02-04-05-39-24",
"moment-de-modification": "2016-02-04-05-39-57",
"nom": "Ndonga",
"nom-anglais": ["Ndonga"],
"nom-espagnol": ["Ndonga"],
"nom-folder": "Ndonga",
"nom-francais": ["Ndonga"],
"nom-italien": ["Ndonga"],
"nom-machine": "terme-2016-02-04-05-39-24-87274941887",
"nom-russe": ["&#1053;&#1076;&#1086;&#1085;&#1075;&#1072;"],
"sous-type": "langues",
"type": "taxonomies",
"URL-wikipedia": "https://fr.wikipedia.org/wiki/Ndonga"
}