{
"_id": "terme-2015-12-06-16-10-44-86966174664",
"ajouter-aux-favoris": false,
"breadcrumb": "taxonomies/langues/Mohawk/",
"description": "Description de Mohawk",
"fiche-a-completer": false,
"fiche-publiee": true,
"identifiant-drupal": 317630,
"mise-a-jour": "2017-01-23-16-33-30",
"moment-de-creation": "2015-12-06-16-10-44",
"moment-de-modification": "2015-01-04-02-27-58",
"nom": "Mohawk",
"nom-anglais": ["Mohawk"],
"nom-espagnol": ["Mohawk"],
"nom-folder": "Mohawk",
"nom-francais": ["Mohawk"],
"nom-italien": ["Mohawk"],
"nom-machine": "terme-2015-12-06-16-10-44-86966174664",
"nom-russe": ["&#1052;&#1086;&#1075;&#1072;&#1091;&#1082;&#1089;&#1082;&#1080;&#1081;"],
"sous-type": "langues",
"type": "taxonomies"
}