{
"_id": "terme-2015-12-06-16-10-42-86966174554",
"ajouter-aux-favoris": false,
"breadcrumb": "taxonomies/langues/Groenlandais/",
"description": "Description de Groenlandais",
"fiche-a-completer": true,
"fiche-publiee": true,
"identifiant-drupal": 380799,
"ISO-639-1": "kl",
"ISO-639-2": "kal",
"ISO-639-3": "kal",
"mise-a-jour": "2016-05-09-16-45-48",
"moment-de-creation": "2015-12-06-16-10-42",
"moment-de-modification": "2016-02-04-05-04-40",
"nom": "Groenlandais",
"nom-anglais": ["Greenlandic"],
"nom-arabe": ["&#1580;&#1585;&#1610;&#1606;&#1604;&#1575;&#1606;&#1583;&#1610;&#1577;"],
"nom-espagnol": ["Groenland&#233;s"],
"nom-folder": "Groenlandais",
"nom-francais": ["Groenlandais"],
"nom-italien": ["Groenlandese"],
"nom-machine": "terme-2015-12-06-16-10-42-86966174554",
"nom-russe": ["&#1043;&#1088;&#1077;&#1085;&#1083;&#1072;&#1085;&#1076;&#1089;&#1082;&#1080;&#1081;"],
"sous-type": "langues",
"type": "taxonomies",
"URL-wikipedia": "https://fr.wikipedia.org/wiki/Groenlandais"
}