{
"_id": "terme-2015-12-06-16-10-43-86966174619",
"ajouter-aux-favoris": false,
"breadcrumb": "taxonomies/langues/Kurde/",
"description": "Description de Kurde",
"fiche-a-completer": false,
"fiche-publiee": true,
"identifiant-drupal": 317621,
"ISO-639-1": "ku",
"ISO-639-2": "kur",
"ISO-639-3": "kur",
"mise-a-jour": "2017-01-23-16-33-30",
"moment-de-creation": "2015-12-06-16-10-43",
"moment-de-modification": "2016-02-04-05-11-08",
"nom": "Kurde",
"nom-anglais": ["Kurdish"],
"nom-arabe": ["&#1603;&#1585;&#1583;&#1610;&#1577;"],
"nom-espagnol": ["Kurdo"],
"nom-folder": "Kurde",
"nom-francais": ["Kurde"],
"nom-italien": ["Curdo"],
"nom-machine": "terme-2015-12-06-16-10-43-86966174619",
"nom-russe": ["&#1050;&#1091;&#1088;&#1076;&#1089;&#1082;&#1080;&#1077;"],
"sous-type": "langues",
"type": "taxonomies",
"URL-wikipedia": "https://fr.wikipedia.org/wiki/Kurde"
}