{
"_id": "terme-2016-02-04-05-11-26-87274841213",
"ajouter-aux-favoris": false,
"breadcrumb": "taxonomies/langues/Komi/",
"description": "Description de Komi",
"fiche-a-completer": true,
"fiche-publiee": true,
"ISO-639-1": "kv",
"ISO-639-2": "kom",
"ISO-639-3": "kom",
"mise-a-jour": "2016-05-09-16-45-50",
"moment-de-creation": "2016-02-04-05-11-26",
"moment-de-modification": "2016-02-04-05-12-00",
"nom": "Komi",
"nom-anglais": ["Komi"],
"nom-arabe": ["&#1603;&#1608;&#1605;&#1610;&#1577;"],
"nom-espagnol": ["Komi"],
"nom-folder": "Komi",
"nom-francais": ["Komi"],
"nom-italien": ["Komi"],
"nom-machine": "terme-2016-02-04-05-11-26-87274841213",
"nom-russe": ["&#1050;&#1086;&#1084;&#1080;"],
"sous-type": "langues",
"type": "taxonomies",
"URL-wikipedia": "https://fr.wikipedia.org/wiki/Komi_(langue)"
}