{
"_id": "terme-2015-12-06-16-10-42-86966174528",
"ajouter-aux-favoris": false,
"breadcrumb": "taxonomies/langues/Flamand-occidental/",
"description": "Description de Flamand occidental",
"fiche-a-completer": true,
"fiche-publiee": true,
"identifiant-drupal": 317601,
"mise-a-jour": "2016-05-09-16-45-48",
"moment-de-creation": "2015-12-06-16-10-42",
"moment-de-modification": "2015-01-04-02-27-58",
"nom": "Flamand occidental",
"nom-anglais": ["West flemish"],
"nom-arabe": ["&#1575;&#1604;&#1601;&#1604;&#1605;&#1606;&#1610;&#1577; &#1575;&#1604;&#1594;&#1585;&#1576;&#1610;&#1577;"],
"nom-espagnol": ["Flamenco occidental"],
"nom-folder": "Flamand-occidental",
"nom-francais": ["Flamand occidental"],
"nom-italien": ["Fiammingo occidentale"],
"nom-machine": "terme-2015-12-06-16-10-42-86966174528",
"nom-russe": ["&#1047;&#1072;&#1087;&#1072;&#1076;&#1085;&#1086;&#1092;&#1083;&#1072;&#1084;&#1072;&#1085;&#1076;&#1089;&#1082;&#1072;&#1103;"],
"sous-type": "langues",
"type": "taxonomies"
}