{
"_id": "terme-2015-12-06-16-10-44-86966174688",
"ajouter-aux-favoris": false,
"breadcrumb": "taxonomies/langues/Normand/",
"description": "Description de Normand",
"fiche-a-completer": true,
"fiche-publiee": true,
"identifiant-drupal": 380797,
"mise-a-jour": "2016-05-09-16-45-49",
"moment-de-creation": "2015-12-06-16-10-44",
"moment-de-modification": "2015-01-04-02-27-57",
"nom": "Normand",
"nom-anglais": ["Norman"],
"nom-arabe": ["&#1606;&#1608;&#1585;&#1605;&#1606;&#1583;&#1610;&#1577;"],
"nom-espagnol": ["Normando"],
"nom-folder": "Normand",
"nom-francais": ["Normand"],
"nom-italien": ["Normanno"],
"nom-machine": "terme-2015-12-06-16-10-44-86966174688",
"nom-russe": ["&#1053;&#1086;&#1088;&#1084;&#1072;&#1085;&#1076;&#1089;&#1082;&#1080;&#1081;"],
"sous-type": "langues",
"type": "taxonomies"
}