{
"_id": "terme-2015-12-06-16-10-44-86966174691",
"ajouter-aux-favoris": false,
"breadcrumb": "taxonomies/langues/Norvegien/",
"description": "Description de Norv&#233;gien",
"enfants": ["terme-2015-12-06-16-10-44-86966174693","terme-2015-12-06-16-10-44-86966174695","terme-2015-12-06-16-10-44-86966174697","terme-2015-12-06-16-10-44-86966174700","terme-2015-12-06-16-10-45-86966174702","terme-2015-12-06-16-10-45-86966174704"],
"fiche-a-completer": true,
"fiche-publiee": true,
"identifiant-drupal": 369384,
"ISO-639-1": "nb",
"ISO-639-2": "nob",
"ISO-639-3": "nob",
"mise-a-jour": "2016-05-09-16-45-49",
"moment-de-creation": "2015-12-06-16-10-44",
"moment-de-modification": "2016-02-04-05-37-04",
"nom": "Norv&#233;gien",
"nom-anglais": ["Norwegian"],
"nom-arabe": ["&#1606;&#1585;&#1608;&#1610;&#1580;&#1610;&#1577;"],
"nom-espagnol": ["Noruego"],
"nom-folder": "Norvegien",
"nom-francais": ["Norv&#233;gien"],
"nom-italien": ["Norvegese"],
"nom-machine": "terme-2015-12-06-16-10-44-86966174691",
"nom-russe": ["&#1053;&#1086;&#1088;&#1074;&#1077;&#1078;&#1089;&#1082;&#1080;&#1081;"],
"sous-type": "langues",
"type": "taxonomies",
"URL-wikipedia": "https://fr.wikipedia.org/wiki/Bokm%C3%A5l"
}