{
"_id": "terme-2015-12-06-16-10-43-86966174636",
"ajouter-aux-favoris": false,
"breadcrumb": "taxonomies/langues/Magyar/",
"description": "Magyar",
"fiche-a-completer": false,
"fiche-publiee": true,
"mise-a-jour": "2017-01-23-16-33-30",
"moment-de-creation": "2015-12-06-16-10-43",
"moment-de-modification": "2015-09-22-23-09-00",
"nom": "Hongrois",
"nom-anglais": ["Hungarian"],
"nom-arabe": ["&#1605;&#1580;&#1585;&#1610;&#1577;"],
"nom-espagnol": ["H&#250;ngaro"],
"nom-folder": "Magyar",
"nom-francais": ["Hongrois"],
"nom-italien": ["Ungherese"],
"nom-machine": "terme-2015-12-06-16-10-43-86966174636",
"nom-russe": ["&#1042;&#1077;&#1085;&#1075;&#1077;&#1088;&#1089;&#1082;&#1080;&#1081;"],
"sous-type": "langues",
"type": "taxonomies"
}