{
"_id": "terme-2015-12-06-16-10-43-86966174598",
"ajouter-aux-favoris": false,
"breadcrumb": "taxonomies/langues/Islandais/",
"description": "Description de Islandais",
"fiche-a-completer": true,
"fiche-publiee": true,
"identifiant-drupal": 317618,
"ISO-639-1": "is",
"ISO-639-2": "ice/isl",
"ISO-639-3": "isl",
"mise-a-jour": "2016-05-09-16-45-48",
"moment-de-creation": "2015-12-06-16-10-43",
"moment-de-modification": "2016-02-04-04-47-33",
"nom": "Islandais",
"nom-anglais": ["Icelandic"],
"nom-arabe": ["&#1570;&#1610;&#1587;&#1604;&#1606;&#1583;&#1610;&#1577;"],
"nom-espagnol": ["Island&#233;s"],
"nom-folder": "Islandais",
"nom-francais": ["Islandais"],
"nom-italien": ["Islandese"],
"nom-machine": "terme-2015-12-06-16-10-43-86966174598",
"nom-russe": ["&#1048;&#1089;&#1083;&#1072;&#1085;&#1076;&#1089;&#1082;&#1080;&#1081;"],
"sous-type": "langues",
"type": "taxonomies",
"URL-wikipedia": "https://fr.wikipedia.org/wiki/Islandais"
}