{
"_id": "terme-2015-12-06-16-10-40-86966174438",
"ajouter-aux-favoris": false,
"breadcrumb": "taxonomies/langues/Arapaho/",
"description": "Description de Arapaho",
"fiche-a-completer": true,
"fiche-publiee": true,
"identifiant-drupal": 317576,
"mise-a-jour": "2016-05-09-16-45-48",
"moment-de-creation": "2015-12-06-16-10-40",
"moment-de-modification": "2015-01-04-02-27-58",
"nom": "Arapaho",
"nom-anglais": ["Arapaho"],
"nom-arabe": ["&#1571;&#1585;&#1576;&#1575;&#1607;&#1608;"],
"nom-espagnol": ["Arapaho"],
"nom-folder": "Arapaho",
"nom-francais": ["Arapaho"],
"nom-italien": ["Arapaho"],
"nom-machine": "terme-2015-12-06-16-10-40-86966174438",
"nom-russe": ["&#1040;&#1088;&#1072;&#1087;&#1072;&#1093;&#1086;"],
"sous-type": "langues",
"type": "taxonomies"
}