{
"_id": "terme-2015-12-06-16-10-41-86966174478",
"ajouter-aux-favoris": false,
"breadcrumb": "taxonomies/langues/Cantonnais/",
"description": "Description de Cantonnais",
"fiche-a-completer": false,
"fiche-publiee": true,
"identifiant-drupal": 369328,
"mise-a-jour": "2017-01-23-16-33-30",
"moment-de-creation": "2015-12-06-16-10-41",
"moment-de-modification": "2015-01-04-02-27-57",
"nom": "Cantonnais",
"nom-anglais": ["Yue chinese"],
"nom-arabe": ["&#1589;&#1610;&#1606;&#1610;&#1577; &#1610;&#1572;"],
"nom-espagnol": ["Canton&#233;s"],
"nom-folder": "Cantonnais",
"nom-francais": ["Cantonnais"],
"nom-italien": ["Cantonese"],
"nom-machine": "terme-2015-12-06-16-10-41-86966174478",
"nom-russe": ["&#1070;&#1101;"],
"sous-type": "langues",
"type": "taxonomies"
}