{
"_id": "terme-2015-12-06-16-10-45-86966174754",
"ajouter-aux-favoris": false,
"breadcrumb": "taxonomies/langues/Quiche/",
"description": "Quich&#233;",
"fiche-a-completer": true,
"fiche-publiee": true,
"identifiant-drupal": 317649,
"mise-a-jour": "2016-05-09-16-45-49",
"moment-de-creation": "2015-12-06-16-10-45",
"moment-de-modification": "2015-01-04-02-27-57",
"nom": "K'iche'",
"nom-anglais": ["K'iche'"],
"nom-espagnol": ["Quich&#233;"],
"nom-folder": "Quiche",
"nom-francais": ["K'iche'"],
"nom-italien": ["Quich&#233;"],
"nom-machine": "terme-2015-12-06-16-10-45-86966174754",
"nom-russe": ["&#1050;&#1080;&#1095;&#1077;"],
"sous-type": "langues",
"type": "taxonomies"
}