{
"_id": "terme-2016-02-04-03-35-13-87274494814",
"ajouter-aux-favoris": false,
"breadcrumb": "taxonomies/langues/Tibetain/",
"description": "Description de Tib&#233;tain",
"fiche-a-completer": false,
"fiche-publiee": true,
"ISO-639-1": "bo",
"ISO-639-2": "tib/bod",
"ISO-639-3": "bod",
"mise-a-jour": "2017-01-23-16-33-30",
"moment-de-creation": "2016-02-04-03-35-13",
"moment-de-modification": "2016-02-04-03-36-59",
"nom": "Tib&#233;tain",
"nom-anglais": ["Tibetan"],
"nom-arabe": ["&#1578;&#1576;&#1578;&#1610;&#1577;"],
"nom-espagnol": ["Tibetano"],
"nom-folder": "Tibetain",
"nom-francais": ["Tib&#233;tain"],
"nom-italien": ["Tibetano"],
"nom-machine": "terme-2016-02-04-03-35-13-87274494814",
"nom-russe": ["&#1058;&#1080;&#1073;&#1077;&#1090;&#1089;&#1082;&#1080;&#1081;"],
"sous-type": "langues",
"type": "taxonomies",
"URL-wikipedia": "https://fr.wikipedia.org/wiki/Tib%C3%A9tain"
}