{
"_id": "terme-2015-12-06-16-10-42-86966174530",
"ajouter-aux-favoris": false,
"breadcrumb": "taxonomies/langues/Flamand-oriental/",
"description": "Description de Flamand oriental",
"fiche-a-completer": false,
"fiche-publiee": true,
"identifiant-drupal": 380794,
"mise-a-jour": "2017-01-23-16-33-30",
"moment-de-creation": "2015-12-06-16-10-42",
"moment-de-modification": "2015-01-04-02-27-57",
"nom": "Flamand oriental",
"nom-anglais": ["East flemish"],
"nom-arabe": ["&#1575;&#1604;&#1601;&#1604;&#1605;&#1606;&#1610;&#1577; &#1575;&#1604;&#1588;&#1585;&#1602;&#1610;&#1577;"],
"nom-espagnol": ["Flamenco oriental"],
"nom-folder": "Flamand-oriental",
"nom-francais": ["Flamand oriental"],
"nom-italien": ["Fiammingo orientale"],
"nom-machine": "terme-2015-12-06-16-10-42-86966174530",
"nom-russe": ["&#1042;&#1086;&#1089;&#1090;&#1086;&#1095;&#1085;&#1086;&#1092;&#1083;&#1072;&#1084;&#1072;&#1085;&#1076;&#1089;&#1082;&#1080;&#1081;"],
"sous-type": "langues",
"type": "taxonomies"
}