{
"_id": "terme-2016-02-04-05-31-38-87274913933",
"ajouter-aux-favoris": false,
"breadcrumb": "taxonomies/langues/Marathi/",
"description": "Description de Marathi",
"fiche-a-completer": false,
"fiche-publiee": true,
"ISO-639-1": "mr",
"ISO-639-2": "mar",
"ISO-639-3": "mar",
"mise-a-jour": "2017-01-23-16-33-30",
"moment-de-creation": "2016-02-04-05-31-38",
"moment-de-modification": "2016-02-04-05-32-13",
"nom": "Marathi",
"nom-anglais": ["Marathi"],
"nom-arabe": ["&#1605;&#1585;&#1575;&#1579;&#1610;&#1577;"],
"nom-espagnol": ["Marathi"],
"nom-folder": "Marathi",
"nom-francais": ["Marathi"],
"nom-italien": ["Marathi"],
"nom-machine": "terme-2016-02-04-05-31-38-87274913933",
"nom-russe": ["&#1052;&#1072;&#1088;&#1072;&#1090;&#1093;&#1080;"],
"sous-type": "langues",
"type": "taxonomies",
"URL-wikipedia": "https://fr.wikipedia.org/wiki/Marathi_(langue)"
}