{
"_id": "terme-2016-02-04-05-09-25-87274833936",
"ajouter-aux-favoris": false,
"breadcrumb": "taxonomies/langues/Cachemiri/",
"description": "Description de Cachemiri",
"fiche-a-completer": true,
"fiche-publiee": true,
"ISO-639-1": "ks",
"ISO-639-2": "kas",
"ISO-639-3": "kas",
"mise-a-jour": "2016-05-09-16-45-50",
"moment-de-creation": "2016-02-04-05-09-25",
"moment-de-modification": "2016-02-04-05-10-15",
"nom": "Cachemiri",
"nom-anglais": ["Kashmiri"],
"nom-arabe": ["&#1603;&#1588;&#1605;&#1610;&#1585;&#1610;&#1577;"],
"nom-espagnol": ["Cachemir"],
"nom-folder": "Cachemiri",
"nom-francais": ["Cachemiri"],
"nom-italien": ["Kashmiri"],
"nom-machine": "terme-2016-02-04-05-09-25-87274833936",
"nom-russe": ["&#1050;&#1072;&#1096;&#1084;&#1080;&#1088;&#1089;&#1082;&#1080;&#1081;"],
"sous-type": "langues",
"type": "taxonomies",
"URL-wikipedia": "https://fr.wikipedia.org/wiki/Cachemiri"
}