{
"_id": "terme-2015-12-06-16-10-45-86966174704",
"ajouter-aux-favoris": false,
"breadcrumb": "taxonomies/langues/Norvegien/Samnorsk/",
"description": "Description de Norv&#233;gien",
"fiche-a-completer": false,
"fiche-publiee": true,
"identifiant-drupal": 369384,
"mise-a-jour": "2017-01-23-16-33-30",
"moment-de-creation": "2015-12-06-16-10-45",
"moment-de-modification": "2015-01-04-02-27-57",
"nom": "Norv&#233;gien",
"nom-anglais": ["Norwegian"],
"nom-arabe": ["&#1606;&#1585;&#1608;&#1610;&#1580;&#1610;&#1577;"],
"nom-espagnol": ["Noruego"],
"nom-folder": "Samnorsk",
"nom-francais": ["Norv&#233;gien"],
"nom-italien": ["Norvegese"],
"nom-machine": "terme-2015-12-06-16-10-45-86966174704",
"nom-russe": ["&#1053;&#1086;&#1088;&#1074;&#1077;&#1078;&#1089;&#1082;&#1080;&#1081;"],
"parent": "terme-2015-12-06-16-10-44-86966174691",
"sous-type": "langues",
"type": "taxonomies"
}