{
"_id": "terme-2015-12-06-16-10-46-86966174777",
"ajouter-aux-favoris": false,
"breadcrumb": "taxonomies/langues/Shuswap/",
"description": "Description de Shuswap",
"fiche-a-completer": false,
"fiche-publiee": true,
"identifiant-drupal": 382165,
"mise-a-jour": "2017-01-23-16-33-30",
"moment-de-creation": "2015-12-06-16-10-46",
"moment-de-modification": "2015-01-04-02-27-57",
"nom": "Shuswap",
"nom-anglais": ["Shuswap"],
"nom-espagnol": ["Shuswap"],
"nom-folder": "Shuswap",
"nom-francais": ["Shuswap"],
"nom-italien": ["Shuswap"],
"nom-machine": "terme-2015-12-06-16-10-46-86966174777",
"nom-russe": ["&#1064;&#1091;&#1089;&#1074;&#1072;&#1087;"],
"sous-type": "langues",
"type": "taxonomies"
}