{
"_id": "terme-2015-12-06-16-10-44-86966174683",
"ajouter-aux-favoris": false,
"breadcrumb": "taxonomies/langues/Nehlueun/",
"description": "Description de Nehlueun",
"fiche-a-completer": false,
"fiche-publiee": true,
"identifiant-drupal": 379832,
"mise-a-jour": "2017-01-23-16-33-30",
"moment-de-creation": "2015-12-06-16-10-44",
"moment-de-modification": "2015-01-04-02-27-57",
"nom": "Nehlueun",
"nom-anglais": ["Nehlueun"],
"nom-espagnol": ["Nehlueun"],
"nom-folder": "Nehlueun",
"nom-francais": ["Nehlueun"],
"nom-italien": ["Nehlueun"],
"nom-machine": "terme-2015-12-06-16-10-44-86966174683",
"sous-type": "langues",
"type": "taxonomies"
}