{
"_id": "terme-2015-12-06-16-10-40-86966174445",
"ajouter-aux-favoris": false,
"breadcrumb": "taxonomies/langues/Asturien/",
"description": "Description de Asturien",
"fiche-a-completer": false,
"fiche-publiee": true,
"identifiant-drupal": 317577,
"mise-a-jour": "2017-01-23-16-33-30",
"moment-de-creation": "2015-12-06-16-10-40",
"moment-de-modification": "2015-01-04-02-27-57",
"nom": "Asturien",
"nom-anglais": ["Asturian"],
"nom-arabe": ["&#1571;&#1587;&#1578;&#1608;&#1585;&#1610;&#1577;"],
"nom-espagnol": ["Asturiano"],
"nom-folder": "Asturien",
"nom-francais": ["Asturien"],
"nom-italien": ["Asturiano"],
"nom-machine": "terme-2015-12-06-16-10-40-86966174445",
"nom-russe": ["&#1040;&#1089;&#1090;&#1091;&#1088;&#1080;&#1081;&#1089;&#1082;&#1080;&#1081;"],
"sous-type": "langues",
"type": "taxonomies"
}