{
"_id": "terme-2015-12-06-16-10-42-86966174544",
"ajouter-aux-favoris": false,
"breadcrumb": "taxonomies/langues/Galicien/",
"description": "Description de Galicien",
"fiche-a-completer": false,
"fiche-publiee": true,
"identifiant-drupal": 369944,
"ISO-639-1": "gl",
"ISO-639-2": "glg",
"ISO-639-3": "glg",
"mise-a-jour": "2017-01-23-16-33-30",
"moment-de-creation": "2015-12-06-16-10-42",
"moment-de-modification": "2016-02-04-04-25-53",
"nom": "Galicien",
"nom-anglais": ["Galician"],
"nom-arabe": ["&#1594;&#1575;&#1604;&#1610;&#1587;&#1610;&#1577;"],
"nom-espagnol": ["Gallego"],
"nom-folder": "Galicien",
"nom-francais": ["Galicien"],
"nom-italien": ["Gallego"],
"nom-machine": "terme-2015-12-06-16-10-42-86966174544",
"nom-russe": ["&#1043;&#1072;&#1083;&#1080;&#1089;&#1080;&#1081;&#1089;&#1082;&#1080;&#1081;"],
"sous-type": "langues",
"type": "taxonomies",
"URL-wikipedia": "https://fr.wikipedia.org/wiki/Galicien"
}