{
"_id": "terme-2016-02-04-06-27-41-87275115668",
"ajouter-aux-favoris": false,
"breadcrumb": "taxonomies/langues/Tamoul/",
"description": "Description de Tamoul",
"fiche-a-completer": false,
"fiche-publiee": true,
"ISO-639-1": "ta",
"ISO-639-2": "tam",
"ISO-639-3": "tam",
"mise-a-jour": "2017-01-23-16-33-30",
"moment-de-creation": "2016-02-04-06-27-41",
"moment-de-modification": "2016-02-04-06-34-32",
"nom": "Tamoul",
"nom-anglais": ["Tamil"],
"nom-arabe": ["&#1578;&#1575;&#1605;&#1610;&#1604;&#1610;&#1577;"],
"nom-espagnol": ["T&#225;mil"],
"nom-folder": "Tamoul",
"nom-francais": ["Tamoul"],
"nom-italien": ["Tamil"],
"nom-machine": "terme-2016-02-04-06-27-41-87275115668",
"nom-russe": ["&#1058;&#1072;&#1084;&#1080;&#1083;&#1100;&#1089;&#1082;&#1080;&#1081;"],
"sous-type": "langues",
"type": "taxonomies",
"URL-wikipedia": "https://fr.wikipedia.org/wiki/Tamoul"
}