{
"_id": "terme-2016-02-04-05-20-48-87274874910",
"ajouter-aux-favoris": false,
"breadcrumb": "taxonomies/langues/Luba-katanga/",
"description": "Description de Luba-katanga",
"fiche-a-completer": false,
"fiche-publiee": true,
"ISO-639-1": "lu",
"ISO-639-2": "lub",
"ISO-639-3": "lub",
"mise-a-jour": "2017-01-23-16-33-30",
"moment-de-creation": "2016-02-04-05-20-48",
"moment-de-modification": "2016-02-04-05-21-29",
"nom": "Luba-katanga",
"nom-anglais": ["Luba-katanga"],
"nom-espagnol": ["Kiluba"],
"nom-folder": "Luba-katanga",
"nom-francais": ["Luba-katanga"],
"nom-italien": ["Kiluba"],
"nom-machine": "terme-2016-02-04-05-20-48-87274874910",
"nom-russe": ["&#1051;&#1091;&#1073;&#1072;-&#1082;&#1072;&#1090;&#1072;&#1085;&#1075;&#1072;"],
"sous-type": "langues",
"type": "taxonomies",
"URL-wikipedia": "https://fr.wikipedia.org/wiki/Luba-katanga"
}