{
"_id": "terme-2015-12-06-16-10-41-86966174507",
"ajouter-aux-favoris": false,
"breadcrumb": "taxonomies/langues/Creole-louisianais/",
"description": "Description de Cr&#233;ole louisianais",
"fiche-a-completer": true,
"fiche-publiee": true,
"identifiant-drupal": 317593,
"mise-a-jour": "2016-05-09-16-45-48",
"moment-de-creation": "2015-12-06-16-10-41",
"moment-de-modification": "2015-01-04-02-27-57",
"nom": "Cr&#233;ole louisianais",
"nom-anglais": ["Louisiana creole"],
"nom-arabe": ["&#1604;&#1608;&#1610;&#1586;&#1610;&#1575;&#1606;&#1575; &#1575;&#1604;&#1603;&#1585;&#1610;&#1608;&#1604; &#1575;&#1604;&#1601;&#1585;&#1606;&#1587;&#1610;&#1577;"],
"nom-espagnol": ["Criollo franc&#233;s"],
"nom-folder": "Creole-louisianais",
"nom-francais": ["Cr&#233;ole louisianais"],
"nom-italien": ["Creolo della Louisiana"],
"nom-machine": "terme-2015-12-06-16-10-41-86966174507",
"nom-russe": ["&#1051;&#1091;&#1080;&#1079;&#1080;&#1072;&#1085;&#1089;&#1082;&#1080;&#1081; &#1082;&#1088;&#1077;&#1086;&#1083;&#1100;&#1089;&#1082;&#1080;&#1081;"],
"sous-type": "langues",
"type": "taxonomies"
}