{
"_id": "terme-2015-12-06-16-10-41-86966174469",
"ajouter-aux-favoris": false,
"breadcrumb": "taxonomies/langues/Birman/",
"description": "Description de Birman",
"fiche-a-completer": true,
"fiche-publiee": true,
"identifiant-drupal": 380970,
"ISO-639-1": "my",
"ISO-639-2": "bur/mya",
"ISO-639-3": "mya",
"mise-a-jour": "2016-05-09-16-45-48",
"moment-de-creation": "2015-12-06-16-10-41",
"moment-de-modification": "2016-02-04-05-35-09",
"nom": "Birman",
"nom-anglais": ["Burmese"],
"nom-arabe": ["&#1576;&#1608;&#1585;&#1605;&#1610;&#1577;"],
"nom-espagnol": ["Birmano"],
"nom-folder": "Birman",
"nom-francais": ["Birman"],
"nom-italien": ["Birmano"],
"nom-machine": "terme-2015-12-06-16-10-41-86966174469",
"nom-russe": ["&#1041;&#1080;&#1088;&#1084;&#1072;&#1085;&#1089;&#1082;&#1080;&#1081;"],
"sous-type": "langues",
"type": "taxonomies",
"URL-wikipedia": "https://fr.wikipedia.org/wiki/Birman_(langue)"
}