{
"_id": "terme-2016-02-04-03-01-26-87274373201",
"ajouter-aux-favoris": false,
"breadcrumb": "taxonomies/langues/Avestique/",
"description": "Description de Avestique",
"fiche-a-completer": false,
"fiche-publiee": true,
"ISO-639-1": "ae",
"ISO-639-2": "ave",
"ISO-639-3": "ave",
"mise-a-jour": "2017-01-23-16-33-30",
"moment-de-creation": "2016-02-04-03-01-26",
"moment-de-modification": "2016-02-04-03-08-47",
"nom": "Avestique",
"nom-anglais": ["Avestan"],
"nom-espagnol": ["Av&#233;stico"],
"nom-folder": "Avestique",
"nom-francais": ["Avestique"],
"nom-italien": ["Avestico"],
"nom-machine": "terme-2016-02-04-03-01-26-87274373201",
"nom-russe": ["&#1040;&#1074;&#1077;&#1089;&#1090;&#1080;&#1081;&#1089;&#1082;&#1080;&#1081;"],
"sous-type": "langues",
"type": "taxonomies",
"URL-wikipedia": "https://fr.wikipedia.org/wiki/Avestique"
}