{
"_id": "terme-2015-12-06-16-10-42-86966174572",
"ajouter-aux-favoris": false,
"breadcrumb": "taxonomies/langues/Hopi/",
"description": "Description de Hopi",
"fiche-a-completer": false,
"fiche-publiee": true,
"identifiant-drupal": 377529,
"mise-a-jour": "2017-01-23-16-33-30",
"moment-de-creation": "2015-12-06-16-10-42",
"moment-de-modification": "2015-01-04-02-27-58",
"nom": "Hopi",
"nom-anglais": ["Hopi"],
"nom-arabe": ["&#1607;&#1608;&#1576;&#1610;"],
"nom-espagnol": ["Hopi"],
"nom-folder": "Hopi",
"nom-francais": ["Hopi"],
"nom-italien": ["Hopi"],
"nom-machine": "terme-2015-12-06-16-10-42-86966174572",
"nom-russe": ["&#1061;&#1086;&#1087;&#1080;"],
"sous-type": "langues",
"type": "taxonomies"
}