{
"_id": "terme-2016-01-29-15-35-40-87245984432",
"breadcrumb": "taxonomies/langues/Gascon/",
"description": "Description de Gascon",
"fiche-a-completer": false,
"fiche-publiee": true,
"mise-a-jour": "2017-01-23-16-33-30",
"moment-de-creation": "2016-01-29-15-35-40",
"moment-de-modification": "2016-01-29-15-39-43",
"nom": "Gascon",
"nom-anglais": ["Gascon"],
"nom-espagnol": ["Gasc&#243;n"],
"nom-folder": "Gascon",
"nom-francais": ["Gascon"],
"nom-italien": ["Guascone"],
"nom-machine": "terme-2016-01-29-15-35-40-87245984432",
"nom-russe": ["&#1043;&#1072;&#1089;&#1082;&#1086;&#1085;&#1089;&#1082;&#1080;&#1081;"],
"sous-type": "langues",
"type": "taxonomies"
}