{
"_id": "terme-2015-12-06-16-10-42-86966174547",
"ajouter-aux-favoris": false,
"breadcrumb": "taxonomies/langues/Gallois/",
"description": "Description de Gallois",
"fiche-a-completer": true,
"fiche-publiee": true,
"identifiant-drupal": 317605,
"ISO-639-1": "cy",
"ISO-639-2": "wel/cym",
"ISO-639-3": "cym",
"mise-a-jour": "2016-05-09-16-45-48",
"moment-de-creation": "2015-12-06-16-10-42",
"moment-de-modification": "2016-02-04-03-49-28",
"nom": "Gallois",
"nom-anglais": ["Welsh"],
"nom-arabe": ["&#1608;&#1610;&#1604;&#1586;&#1610;&#1577;"],
"nom-espagnol": ["Gal&#233;s"],
"nom-folder": "Gallois",
"nom-francais": ["Gallois"],
"nom-italien": ["Gallese"],
"nom-machine": "terme-2015-12-06-16-10-42-86966174547",
"nom-russe": ["&#1042;&#1072;&#1083;&#1083;&#1080;&#1081;&#1089;&#1082;&#1080;&#1081;"],
"sous-type": "langues",
"type": "taxonomies",
"URL-wikipedia": "https://fr.wikipedia.org/wiki/Gallois"
}