{
"_id": "terme-2016-02-04-04-58-32-87274794726",
"ajouter-aux-favoris": false,
"breadcrumb": "taxonomies/langues/Kikongo/",
"description": "Description de Kikongo",
"fiche-a-completer": true,
"fiche-publiee": true,
"ISO-639-1": "kg",
"ISO-639-2": "kon",
"ISO-639-3": "kon",
"mise-a-jour": "2016-05-09-16-45-50",
"moment-de-creation": "2016-02-04-04-58-32",
"moment-de-modification": "2016-02-04-04-59-20",
"nom": "Kikongo",
"nom-anglais": ["Kongo"],
"nom-arabe": ["&#1603;&#1610;&#1603;&#1608;&#1606;&#1594;&#1608;"],
"nom-espagnol": ["Kikongo"],
"nom-folder": "Kikongo",
"nom-francais": ["Kikongo"],
"nom-italien": ["Kongo"],
"nom-machine": "terme-2016-02-04-04-58-32-87274794726",
"nom-russe": ["&#1050;&#1086;&#1085;&#1075;&#1086;"],
"sous-type": "langues",
"type": "taxonomies",
"URL-wikipedia": "https://fr.wikipedia.org/wiki/Kikongo"
}