{
"_id": "terme-2015-12-06-16-10-41-86966174500",
"ajouter-aux-favoris": false,
"breadcrumb": "taxonomies/langues/Coreen/",
"description": "Description de Cor&#233;en",
"fiche-a-completer": true,
"fiche-publiee": true,
"identifiant-drupal": 369387,
"ISO-639-1": "ko",
"ISO-639-2": "kor",
"ISO-639-3": "kor",
"mise-a-jour": "2016-05-09-16-45-48",
"moment-de-creation": "2015-12-06-16-10-41",
"moment-de-modification": "2016-02-04-05-07-36",
"nom": "Cor&#233;en",
"nom-anglais": ["Korean"],
"nom-arabe": ["&#1603;&#1608;&#1585;&#1610;&#1577;"],
"nom-espagnol": ["Coreano"],
"nom-folder": "Coreen",
"nom-francais": ["Cor&#233;en"],
"nom-italien": ["Coreano"],
"nom-machine": "terme-2015-12-06-16-10-41-86966174500",
"nom-russe": ["&#1050;&#1086;&#1088;&#1077;&#1081;&#1089;&#1082;&#1080;&#1081;"],
"sous-type": "langues",
"type": "taxonomies",
"URL-wikipedia": "https://fr.wikipedia.org/wiki/Cor%C3%A9en"
}