{
"_id": "terme-2016-02-04-05-49-43-87274979030",
"ajouter-aux-favoris": false,
"breadcrumb": "taxonomies/langues/Oriya/",
"description": "Description de Oriya",
"fiche-a-completer": false,
"fiche-publiee": true,
"ISO-639-1": "or",
"ISO-639-2": "ori",
"ISO-639-3": "ori",
"mise-a-jour": "2017-01-23-16-33-30",
"moment-de-creation": "2016-02-04-05-49-43",
"moment-de-modification": "2016-02-04-05-50-48",
"nom": "Oriya",
"nom-anglais": ["Odia"],
"nom-arabe": ["&#1575;&#1604;&#1571;&#1608;&#1585;&#1610;&#1575;"],
"nom-espagnol": ["Oriya"],
"nom-folder": "Oriya",
"nom-francais": ["Oriya"],
"nom-italien": ["Oriya"],
"nom-machine": "terme-2016-02-04-05-49-43-87274979030",
"nom-russe": ["&#1054;&#1088;&#1080;&#1103;"],
"sous-type": "langues",
"type": "taxonomies",
"URL-wikipedia": "https://fr.wikipedia.org/wiki/Oriya"
}