{
"_id": "terme-2015-12-06-16-10-40-86966174452",
"ajouter-aux-favoris": false,
"breadcrumb": "taxonomies/langues/Aymara/",
"description": "Description de Aymara",
"fiche-a-completer": false,
"fiche-publiee": true,
"identifiant-drupal": 317580,
"ISO-639-1": "ay",
"ISO-639-2": "aym",
"ISO-639-3": "aym",
"mise-a-jour": "2017-01-23-16-33-30",
"moment-de-creation": "2015-12-06-16-10-40",
"moment-de-modification": "2016-02-04-03-24-12",
"nom": "Aymara",
"nom-anglais": ["Aymara"],
"nom-arabe": ["&#1571;&#1610;&#1605;&#1575;&#1585;&#1575;"],
"nom-espagnol": ["Aimara"],
"nom-folder": "Aymara",
"nom-francais": ["Aymara"],
"nom-italien": ["Aymara"],
"nom-machine": "terme-2015-12-06-16-10-40-86966174452",
"nom-russe": ["&#1040;&#1081;&#1084;&#1072;&#1088;&#1072;"],
"sous-type": "langues",
"type": "taxonomies",
"URL-wikipedia": "https://fr.wikipedia.org/wiki/Aymara_(langue)"
}