{
"_id": "terme-2015-12-06-16-10-42-86966174579",
"ajouter-aux-favoris": false,
"breadcrumb": "taxonomies/langues/Igbo/",
"description": "Description de Igbo",
"fiche-a-completer": true,
"fiche-publiee": true,
"identifiant-drupal": 317611,
"ISO-639-1": "ig",
"ISO-639-2": "ibo",
"ISO-639-3": "ibo",
"mise-a-jour": "2016-05-09-16-45-48",
"moment-de-creation": "2015-12-06-16-10-42",
"moment-de-modification": "2016-02-04-04-43-08",
"nom": "Igbo",
"nom-anglais": ["Igbo"],
"nom-arabe": ["&#1575;&#1604;&#1573;&#1610;&#1580;&#1576;&#1608;"],
"nom-espagnol": ["Igbo"],
"nom-folder": "Igbo",
"nom-francais": ["Igbo"],
"nom-italien": ["Igbo"],
"nom-machine": "terme-2015-12-06-16-10-42-86966174579",
"nom-russe": ["&#1048;&#1075;&#1073;&#1086;"],
"sous-type": "langues",
"type": "taxonomies",
"URL-wikipedia": "https://fr.wikipedia.org/wiki/Igbo"
}