{
"_id": "terme-2016-02-04-05-43-33-87274956834",
"ajouter-aux-favoris": false,
"breadcrumb": "taxonomies/langues/Nrebele/",
"description": "Description de Nrebele",
"fiche-a-completer": false,
"fiche-publiee": true,
"ISO-639-1": "nr",
"ISO-639-2": "nbl",
"ISO-639-3": "nbl",
"mise-a-jour": "2017-01-23-16-33-30",
"moment-de-creation": "2016-02-04-05-43-33",
"moment-de-modification": "2016-02-04-05-44-20",
"nom": "Nrebele",
"nom-anglais": ["South ndebele"],
"nom-arabe": ["&#1606;&#1583;&#1610;&#1576;&#1604;&#1610; &#1580;&#1606;&#1608;&#1576;&#1610;&#1577;"],
"nom-espagnol": ["Ndebele del sur"],
"nom-folder": "Nrebele",
"nom-francais": ["Nrebele"],
"nom-italien": ["Ndebele del Sud"],
"nom-machine": "terme-2016-02-04-05-43-33-87274956834",
"nom-russe": ["&#1070;&#1078;&#1085;&#1099;&#1081; &#1085;&#1076;&#1077;&#1073;&#1077;&#1083;&#1077;"],
"sous-type": "langues",
"type": "taxonomies",
"URL-wikipedia": "https://fr.wikipedia.org/wiki/Nrebele"
}