{
"_id": "terme-2016-02-04-04-26-44-87274680273",
"ajouter-aux-favoris": false,
"breadcrumb": "taxonomies/langues/Gujarati/",
"description": "Description de Gujarati",
"fiche-a-completer": false,
"fiche-publiee": true,
"ISO-639-1": "gu",
"ISO-639-2": "guj",
"ISO-639-3": "guj",
"mise-a-jour": "2017-01-23-16-33-30",
"moment-de-creation": "2016-02-04-04-26-44",
"moment-de-modification": "2016-02-04-04-27-50",
"nom": "Gujarati",
"nom-anglais": ["Gujarati"],
"nom-arabe": ["&#1603;&#1580;&#1585;&#1575;&#1578;&#1610;&#1577;"],
"nom-espagnol": ["Guyarat&#237;"],
"nom-folder": "Gujarati",
"nom-francais": ["Gujarati"],
"nom-italien": ["Gujarati"],
"nom-machine": "terme-2016-02-04-04-26-44-87274680273",
"nom-russe": ["&#1043;&#1091;&#1076;&#1078;&#1072;&#1088;&#1072;&#1090;&#1080;"],
"sous-type": "langues",
"type": "taxonomies",
"URL-wikipedia": "https://fr.wikipedia.org/wiki/Gujarati"
}