{
"_id": "terme-2015-12-06-16-10-45-86966174751",
"ajouter-aux-favoris": false,
"breadcrumb": "taxonomies/langues/Quechua/",
"description": "Description de Quechua",
"fiche-a-completer": true,
"fiche-publiee": true,
"identifiant-drupal": 317648,
"ISO-639-1": "qu",
"ISO-639-2": "que",
"ISO-639-3": "que",
"mise-a-jour": "2016-05-09-16-45-49",
"moment-de-creation": "2015-12-06-16-10-45",
"moment-de-modification": "2016-02-04-06-00-46",
"nom": "Quechua",
"nom-anglais": ["Quechua"],
"nom-arabe": ["&#1603;&#1578;&#1588;&#1608;&#1575;"],
"nom-espagnol": ["Quechua"],
"nom-folder": "Quechua",
"nom-francais": ["Quechua"],
"nom-italien": ["Quechua"],
"nom-machine": "terme-2015-12-06-16-10-45-86966174751",
"nom-russe": ["&#1050;&#1077;&#1095;&#1091;&#1072;&#1085;&#1089;&#1082;&#1080;&#1077;"],
"sous-type": "langues",
"type": "taxonomies",
"URL-wikipedia": "https://fr.wikipedia.org/wiki/Quechua"
}