{
"_id": "terme-2015-12-06-16-10-43-86966174582",
"ajouter-aux-favoris": false,
"breadcrumb": "taxonomies/langues/Indonesien/",
"description": "Description de Indon&#233;sien",
"fiche-a-completer": false,
"fiche-publiee": true,
"identifiant-drupal": 369389,
"ISO-639-1": "id",
"ISO-639-2": "ind",
"ISO-639-3": "ind",
"mise-a-jour": "2017-01-23-16-33-30",
"moment-de-creation": "2015-12-06-16-10-43",
"moment-de-modification": "2016-02-04-04-41-01",
"nom": "Indon&#233;sien",
"nom-anglais": ["Indonesian"],
"nom-arabe": ["&#1573;&#1606;&#1583;&#1608;&#1606;&#1610;&#1587;&#1610;&#1577;"],
"nom-espagnol": ["Indonesio"],
"nom-folder": "Indonesien",
"nom-francais": ["Indon&#233;sien"],
"nom-italien": ["Indonesiano"],
"nom-machine": "terme-2015-12-06-16-10-43-86966174582",
"nom-russe": ["&#1048;&#1085;&#1076;&#1086;&#1085;&#1077;&#1079;&#1080;&#1081;&#1089;&#1082;&#1080;&#1081;"],
"sous-type": "langues",
"type": "taxonomies",
"URL-wikipedia": "https://fr.wikipedia.org/wiki/Indon%C3%A9sien"
}