{
"_id": "terme-2016-02-04-05-48-54-87274976098",
"ajouter-aux-favoris": false,
"breadcrumb": "taxonomies/langues/Oromo/",
"description": "Description de Oromo",
"fiche-a-completer": true,
"fiche-publiee": true,
"ISO-639-1": "om",
"ISO-639-2": "orm",
"ISO-639-3": "orm",
"mise-a-jour": "2016-05-09-16-45-50",
"moment-de-creation": "2016-02-04-05-48-54",
"moment-de-modification": "2016-02-04-05-49-26",
"nom": "Oromo",
"nom-anglais": ["Oromo"],
"nom-arabe": ["&#1575;&#1604;&#1571;&#1608;&#1585;&#1608;&#1605;&#1608;"],
"nom-espagnol": ["Oromo"],
"nom-folder": "Oromo",
"nom-francais": ["Oromo"],
"nom-italien": ["Oromo"],
"nom-machine": "terme-2016-02-04-05-48-54-87274976098",
"nom-russe": ["&#1054;&#1088;&#1086;&#1084;&#1086;"],
"sous-type": "langues",
"type": "taxonomies",
"URL-wikipedia": "https://fr.wikipedia.org/wiki/Oromo_(langue)"
}