{
"_id": "terme-2015-12-06-16-10-45-86966174725",
"ajouter-aux-favoris": false,
"breadcrumb": "taxonomies/langues/Ouzbek/",
"description": "Description de Ouzbek",
"fiche-a-completer": true,
"fiche-publiee": true,
"identifiant-drupal": 382374,
"ISO-639-1": "uz",
"ISO-639-2": "uzb",
"ISO-639-3": "uzb",
"mise-a-jour": "2016-05-09-16-45-49",
"moment-de-creation": "2015-12-06-16-10-45",
"moment-de-modification": "2016-02-04-06-53-37",
"nom": "Ouzbek",
"nom-anglais": ["Uzbek"],
"nom-arabe": ["&#1571;&#1608;&#1586;&#1576;&#1603;&#1610;&#1577;"],
"nom-espagnol": ["Uzbeko"],
"nom-folder": "Ouzbek",
"nom-francais": ["Ouzbek"],
"nom-italien": ["Uzbeko"],
"nom-machine": "terme-2015-12-06-16-10-45-86966174725",
"nom-russe": ["&#1059;&#1079;&#1073;&#1077;&#1082;&#1089;&#1082;&#1080;&#1081;"],
"sous-type": "langues",
"type": "taxonomies",
"URL-wikipedia": "https://fr.wikipedia.org/wiki/Ouzbek"
}