{
"_id": "terme-2015-12-06-16-10-45-86966174758",
"ajouter-aux-favoris": false,
"breadcrumb": "taxonomies/langues/Roumain/",
"description": "Description de Roumain",
"fiche-a-completer": false,
"fiche-publiee": true,
"identifiant-drupal": 317651,
"ISO-639-1": "ro",
"ISO-639-2": "rum/ron",
"ISO-639-3": "ron",
"mise-a-jour": "2017-01-23-16-33-30",
"moment-de-creation": "2015-12-06-16-10-45",
"moment-de-modification": "2016-02-04-06-04-00",
"nom": "Roumain",
"nom-anglais": ["Romanian"],
"nom-arabe": ["&#1585;&#1608;&#1605;&#1575;&#1606;&#1610;&#1577;"],
"nom-espagnol": ["Rumano"],
"nom-folder": "Roumain",
"nom-francais": ["Roumain"],
"nom-italien": ["Romeno"],
"nom-machine": "terme-2015-12-06-16-10-45-86966174758",
"nom-russe": ["&#1056;&#1091;&#1084;&#1099;&#1085;&#1089;&#1082;&#1080;&#1081;"],
"sous-type": "langues",
"type": "taxonomies",
"URL-wikipedia": "https://fr.wikipedia.org/wiki/Roumain"
}