{
"_id": "terme-2016-02-04-06-13-53-87275066020",
"ajouter-aux-favoris": false,
"breadcrumb": "taxonomies/langues/Sango/",
"description": "Description de Sango",
"fiche-a-completer": false,
"fiche-publiee": true,
"ISO-639-1": "sg",
"ISO-639-2": "sag",
"ISO-639-3": "sag",
"mise-a-jour": "2017-01-23-16-33-30",
"moment-de-creation": "2016-02-04-06-13-53",
"moment-de-modification": "2016-02-04-06-14-26",
"nom": "Sango",
"nom-anglais": ["Sango"],
"nom-arabe": ["&#1575;&#1604;&#1587;&#1575;&#1606;&#1594;&#1608;&#1610;&#1577;"],
"nom-espagnol": ["Sango"],
"nom-folder": "Sango",
"nom-francais": ["Sango"],
"nom-italien": ["Sango"],
"nom-machine": "terme-2016-02-04-06-13-53-87275066020",
"nom-russe": ["&#1057;&#1072;&#1085;&#1075;&#1086;"],
"sous-type": "langues",
"type": "taxonomies",
"URL-wikipedia": "https://fr.wikipedia.org/wiki/Sango"
}