{
"_id": "terme-2015-12-06-16-10-45-86966174723",
"ajouter-aux-favoris": false,
"breadcrumb": "taxonomies/langues/Ourdou/",
"description": "Description de Ourdou",
"fiche-a-completer": false,
"fiche-publiee": true,
"identifiant-drupal": 380943,
"ISO-639-1": "ur",
"ISO-639-2": "urd",
"ISO-639-3": "urd",
"mise-a-jour": "2017-01-23-16-33-30",
"moment-de-creation": "2015-12-06-16-10-45",
"moment-de-modification": "2016-02-04-06-52-22",
"nom": "Ourdou",
"nom-anglais": ["Urdu"],
"nom-arabe": ["&#1571;&#1585;&#1583;&#1610;&#1577;"],
"nom-espagnol": ["Urd&#250;"],
"nom-folder": "Ourdou",
"nom-francais": ["Ourdou"],
"nom-italien": ["Urdu"],
"nom-machine": "terme-2015-12-06-16-10-45-86966174723",
"nom-russe": ["&#1059;&#1088;&#1076;&#1091;"],
"sous-type": "langues",
"type": "taxonomies",
"URL-wikipedia": "https://fr.wikipedia.org/wiki/Ourdou"
}