{
"_id": "terme-2015-12-06-16-10-45-86966174721",
"ajouter-aux-favoris": false,
"breadcrumb": "taxonomies/langues/Ouighour/",
"description": "Description de Ou&#239;ghour",
"fiche-a-completer": true,
"fiche-publiee": true,
"identifiant-drupal": 317641,
"ISO-639-1": "ug",
"ISO-639-2": "uig",
"ISO-639-3": "uig",
"mise-a-jour": "2016-05-09-16-45-49",
"moment-de-creation": "2015-12-06-16-10-45",
"moment-de-modification": "2016-02-04-06-50-31",
"nom": "Ou&#239;ghour",
"nom-anglais": ["Uyghur"],
"nom-arabe": ["&#1571;&#1608;&#1610;&#1594;&#1608;&#1585;&#1610;&#1577;"],
"nom-espagnol": ["Uigur"],
"nom-folder": "Ouighour",
"nom-francais": ["Ou&#239;ghour"],
"nom-italien": ["Uiguro"],
"nom-machine": "terme-2015-12-06-16-10-45-86966174721",
"nom-russe": ["&#1059;&#1081;&#1075;&#1091;&#1088;&#1089;&#1082;&#1080;&#1081;"],
"sous-type": "langues",
"type": "taxonomies",
"URL-wikipedia": "https://fr.wikipedia.org/wiki/Ou%C3%AFghour"
}