{
"_id": "terme-2015-12-06-16-10-42-86966174556",
"ajouter-aux-favoris": false,
"breadcrumb": "taxonomies/langues/Guarani/",
"description": "Description de Guarani",
"fiche-a-completer": false,
"fiche-publiee": true,
"identifiant-drupal": 380800,
"ISO-639-1": "gn",
"ISO-639-2": "grn",
"ISO-639-3": "grn",
"mise-a-jour": "2017-01-23-16-33-30",
"moment-de-creation": "2015-12-06-16-10-42",
"moment-de-modification": "2016-02-04-04-26-26",
"nom": "Guarani",
"nom-anglais": ["Guarani"],
"nom-arabe": ["&#1594;&#1608;&#1575;&#1585;&#1575;&#1606;&#1610;&#1577;"],
"nom-espagnol": ["Guaran&#237;"],
"nom-folder": "Guarani",
"nom-francais": ["Guarani"],
"nom-italien": ["Guarani"],
"nom-machine": "terme-2015-12-06-16-10-42-86966174556",
"nom-russe": ["&#1043;&#1091;&#1072;&#1088;&#1072;&#1085;&#1080;"],
"sous-type": "langues",
"type": "taxonomies",
"URL-wikipedia": "https://fr.wikipedia.org/wiki/Guarani_(langue)"
}