{
"_id": "terme-2015-12-06-16-10-44-86966174669",
"ajouter-aux-favoris": false,
"breadcrumb": "taxonomies/langues/Mongol/",
"description": "Description de Mongol",
"fiche-a-completer": true,
"fiche-publiee": true,
"identifiant-drupal": 382378,
"ISO-639-1": "mn",
"ISO-639-2": "mon",
"ISO-639-3": "mon",
"mise-a-jour": "2016-05-09-16-45-49",
"moment-de-creation": "2015-12-06-16-10-44",
"moment-de-modification": "2016-02-04-05-30-00",
"nom": "Mongol",
"nom-anglais": ["Mongolian"],
"nom-arabe": ["&#1605;&#1606;&#1594;&#1608;&#1604;&#1610;&#1577;"],
"nom-espagnol": ["Mongol"],
"nom-folder": "Mongol",
"nom-francais": ["Mongol"],
"nom-italien": ["Mongolo"],
"nom-machine": "terme-2015-12-06-16-10-44-86966174669",
"nom-russe": ["&#1052;&#1086;&#1085;&#1075;&#1086;&#1083;&#1100;&#1089;&#1082;&#1080;&#1081;"],
"sous-type": "langues",
"type": "taxonomies",
"URL-wikipedia": "https://fr.wikipedia.org/wiki/Mongol"
}