{
"_id": "terme-2016-02-04-04-16-02-87274641736",
"ajouter-aux-favoris": false,
"breadcrumb": "taxonomies/langues/Fidjien/",
"description": "Description de Fidjien",
"fiche-a-completer": true,
"fiche-publiee": true,
"ISO-639-1": "fj",
"ISO-639-2": "fij",
"ISO-639-3": "fij",
"mise-a-jour": "2016-05-09-16-45-50",
"moment-de-creation": "2016-02-04-04-16-02",
"moment-de-modification": "2016-02-04-04-16-48",
"nom": "Fidjien",
"nom-anglais": ["Fijian"],
"nom-arabe": ["&#1601;&#1610;&#1580;&#1610;&#1577;"],
"nom-espagnol": ["Fiyiano"],
"nom-folder": "Fidjien",
"nom-francais": ["Fidjien"],
"nom-italien": ["Figiano"],
"nom-machine": "terme-2016-02-04-04-16-02-87274641736",
"nom-russe": ["&#1060;&#1080;&#1076;&#1078;&#1080;&#1081;&#1089;&#1082;&#1080;&#1081;"],
"sous-type": "langues",
"type": "taxonomies",
"URL-wikipedia": "https://fr.wikipedia.org/wiki/Fidjien"
}