{
"_id": "terme-2015-12-06-16-10-45-86966174746",
"ajouter-aux-favoris": false,
"breadcrumb": "taxonomies/langues/Polonais/",
"description": "Description de Polonais",
"fiche-a-completer": true,
"fiche-publiee": true,
"identifiant-drupal": 317646,
"ISO-639-1": "pl",
"ISO-639-2": "pol",
"ISO-639-3": "pol",
"mise-a-jour": "2016-05-09-16-45-49",
"moment-de-creation": "2015-12-06-16-10-45",
"moment-de-modification": "2016-02-04-05-55-15",
"nom": "Polonais",
"nom-anglais": ["Polish"],
"nom-arabe": ["&#1576;&#1608;&#1604;&#1606;&#1583;&#1610;&#1577;"],
"nom-espagnol": ["Polaco"],
"nom-folder": "Polonais",
"nom-francais": ["Polonais"],
"nom-italien": ["Polacco"],
"nom-machine": "terme-2015-12-06-16-10-45-86966174746",
"nom-russe": ["&#1055;&#1086;&#1083;&#1100;&#1089;&#1082;&#1080;&#1081;"],
"sous-type": "langues",
"type": "taxonomies",
"URL-wikipedia": "https://fr.wikipedia.org/wiki/Polonais"
}