{
"_id": "terme-2015-12-06-16-10-47-86966174836",
"ajouter-aux-favoris": false,
"breadcrumb": "taxonomies/langues/Yup'ik/",
"description": "Description de Yup'ik",
"fiche-a-completer": false,
"fiche-publiee": true,
"identifiant-drupal": 377532,
"mise-a-jour": "2017-01-23-16-33-30",
"moment-de-creation": "2015-12-06-16-10-47",
"moment-de-modification": "2015-01-04-02-27-57",
"nom": "Yup'ik",
"nom-anglais": ["Yupik"],
"nom-espagnol": ["Yupik"],
"nom-folder": "Yup'ik",
"nom-francais": ["Yup'ik"],
"nom-italien": ["Yupik"],
"nom-machine": "terme-2015-12-06-16-10-47-86966174836",
"nom-russe": ["&#1070;&#1087;&#1080;&#1082;&#1089;&#1082;&#1080;&#1077;"],
"sous-type": "langues",
"type": "taxonomies"
}