{
"_id": "terme-2016-02-04-03-47-44-87274539891",
"ajouter-aux-favoris": false,
"breadcrumb": "taxonomies/langues/Tchouvache/",
"description": "Description de Tchouvache",
"fiche-a-completer": false,
"fiche-publiee": true,
"ISO-639-1": "cv",
"ISO-639-2": "chv",
"ISO-639-3": "chv",
"mise-a-jour": "2017-01-23-16-33-30",
"moment-de-creation": "2016-02-04-03-47-44",
"moment-de-modification": "2016-02-04-03-48-43",
"nom": "Tchouvache",
"nom-anglais": ["Chuvash"],
"nom-arabe": ["&#1578;&#1588;&#1608;&#1601;&#1575;&#1588;"],
"nom-espagnol": ["Chuvasio"],
"nom-folder": "Tchouvache",
"nom-francais": ["Tchouvache"],
"nom-italien": ["Ciuvascio"],
"nom-machine": "terme-2016-02-04-03-47-44-87274539891",
"nom-russe": ["&#1063;&#1091;&#1074;&#1072;&#1096;&#1089;&#1082;&#1080;&#1081;"],
"sous-type": "langues",
"type": "taxonomies",
"URL-wikipedia": "https://fr.wikipedia.org/wiki/Tchouvache"
}