{
"_id": "terme-2015-12-06-16-10-43-86966174584",
"ajouter-aux-favoris": false,
"breadcrumb": "taxonomies/langues/Innu-aimun-(Montagnais)/",
"description": "Innu-aimun (Montagnais)",
"fiche-a-completer": false,
"fiche-publiee": true,
"identifiant-drupal": 317612,
"mise-a-jour": "2017-01-23-16-33-30",
"moment-de-creation": "2015-12-06-16-10-43",
"moment-de-modification": "2015-01-04-02-27-57",
"nom": "Innu-aimun",
"nom-anglais": ["Innu"],
"nom-arabe": ["&#1573;&#1610;&#1606;&#1608;"],
"nom-espagnol": ["Innu"],
"nom-folder": "Innu-aimun-(Montagnais)",
"nom-francais": ["Innu-aimun"],
"nom-italien": ["Innu"],
"nom-machine": "terme-2015-12-06-16-10-43-86966174584",
"nom-russe": ["&#1052;&#1086;&#1085;&#1090;&#1072;&#1085;&#1100;&#1077;-&#1085;&#1072;&#1089;&#1082;&#1072;&#1087;&#1080;"],
"sous-type": "langues",
"type": "taxonomies"
}