{
"_id": "terme-2016-02-04-07-00-04-87275232241",
"ajouter-aux-favoris": false,
"breadcrumb": "taxonomies/langues/Yiddish/",
"description": "Description de Yiddish",
"fiche-a-completer": true,
"fiche-publiee": true,
"ISO-639-1": "yi",
"ISO-639-2": "yid",
"ISO-639-3": "yid",
"mise-a-jour": "2016-05-09-16-45-50",
"moment-de-creation": "2016-02-04-07-00-04",
"moment-de-modification": "2016-02-04-07-00-52",
"nom": "Yiddish",
"nom-anglais": ["Yiddish"],
"nom-arabe": ["&#1610;&#1583;&#1610;&#1588;&#1610;&#1577;"],
"nom-espagnol": ["Yidis"],
"nom-folder": "Yiddish",
"nom-francais": ["Yiddish"],
"nom-italien": ["Yiddish"],
"nom-machine": "terme-2016-02-04-07-00-04-87275232241",
"nom-russe": ["&#1080;&#1076;&#1080;&#1096;"],
"sous-type": "langues",
"type": "taxonomies",
"URL-wikipedia": "https://fr.wikipedia.org/wiki/Yiddish"
}