{
"_id": "terme-2015-12-06-16-10-40-86966174419",
"ajouter-aux-favoris": false,
"breadcrumb": "taxonomies/langues/Afrikaans/",
"description": "Description de Afrikaans",
"fiche-a-completer": false,
"fiche-publiee": true,
"identifiant-drupal": 317570,
"ISO-639-1": "af",
"ISO-639-2": "afr",
"ISO-639-3": "afr",
"mise-a-jour": "2017-01-23-16-33-30",
"moment-de-creation": "2015-12-06-16-10-40",
"moment-de-modification": "2016-02-04-03-09-46",
"nom": "Afrikaans",
"nom-anglais": ["Afrikaans"],
"nom-arabe": ["&#1571;&#1601;&#1585;&#1610;&#1602;&#1575;&#1606;&#1610;&#1577;"],
"nom-espagnol": ["Afrik&#225;ans"],
"nom-folder": "Afrikaans",
"nom-francais": ["Afrikaans"],
"nom-italien": ["Afrikaans"],
"nom-machine": "terme-2015-12-06-16-10-40-86966174419",
"nom-russe": ["&#1040;&#1092;&#1088;&#1080;&#1082;&#1072;&#1072;&#1085;&#1089;"],
"sous-type": "langues",
"type": "taxonomies",
"URL-wikipedia": "https://fr.wikipedia.org/wiki/Afrikaans"
}