{
"_id": "terme-2015-12-06-16-10-45-86966174734",
"ajouter-aux-favoris": false,
"breadcrumb": "taxonomies/langues/Philippin/",
"description": "Philippin",
"fiche-a-completer": true,
"fiche-publiee": true,
"identifiant-drupal": 382167,
"mise-a-jour": "2016-05-09-16-45-49",
"moment-de-creation": "2015-12-06-16-10-45",
"moment-de-modification": "2015-01-04-02-27-57",
"nom": "Filipino",
"nom-anglais": ["Filipino"],
"nom-arabe": ["&#1601;&#1604;&#1576;&#1610;&#1606;&#1610;&#1577;"],
"nom-espagnol": ["Filipino"],
"nom-folder": "Philippin",
"nom-francais": ["Filipino"],
"nom-italien": ["Filippino"],
"nom-machine": "terme-2015-12-06-16-10-45-86966174734",
"nom-russe": ["&#1060;&#1080;&#1083;&#1080;&#1087;&#1087;&#1080;&#1085;&#1089;&#1082;&#1080;&#1081;"],
"sous-type": "langues",
"type": "taxonomies"
}