{
"_id": "terme-2015-12-06-16-10-47-86966174822",
"ajouter-aux-favoris": false,
"breadcrumb": "taxonomies/langues/Volapuk/",
"description": "Description de Volap&#252;k",
"fiche-a-completer": false,
"fiche-publiee": true,
"identifiant-drupal": 317667,
"ISO-639-1": "vo",
"ISO-639-2": "vol",
"ISO-639-3": "vol",
"mise-a-jour": "2017-01-23-16-33-30",
"moment-de-creation": "2015-12-06-16-10-47",
"moment-de-modification": "2016-02-04-06-57-22",
"nom": "Volap&#252;k",
"nom-anglais": ["Volap&#252;k"],
"nom-arabe": ["&#1601;&#1608;&#1604;&#1575;&#1576;&#1608;&#1603;"],
"nom-espagnol": ["Volap&#252;k"],
"nom-folder": "Volapuk",
"nom-francais": ["Volap&#252;k"],
"nom-italien": ["Volap&#252;k"],
"nom-machine": "terme-2015-12-06-16-10-47-86966174822",
"nom-russe": ["&#1042;&#1086;&#1083;&#1072;&#1087;&#1102;&#1082;"],
"sous-type": "langues",
"type": "taxonomies",
"URL-wikipedia": "https://fr.wikipedia.org/wiki/Volap%C3%BCk"
}