{
"_id": "terme-2015-12-06-16-10-46-86966174798",
"ajouter-aux-favoris": false,
"breadcrumb": "taxonomies/langues/Tcheque/",
"description": "Description de Tch&#232;que",
"fiche-a-completer": true,
"fiche-publiee": true,
"identifiant-drupal": 317661,
"ISO-639-1": "cs",
"ISO-639-2": "cze/ces",
"ISO-639-3": "ces",
"mise-a-jour": "2016-05-09-16-45-49",
"moment-de-creation": "2015-12-06-16-10-46",
"moment-de-modification": "2016-02-04-03-46-12",
"nom": "Tch&#232;que",
"nom-anglais": ["Czech"],
"nom-arabe": ["&#1578;&#1588;&#1610;&#1603;&#1610;&#1577;"],
"nom-espagnol": ["Checo"],
"nom-folder": "Tcheque",
"nom-francais": ["Tch&#232;que"],
"nom-italien": ["Ceco"],
"nom-machine": "terme-2015-12-06-16-10-46-86966174798",
"nom-russe": ["&#1063;&#1077;&#1096;&#1089;&#1082;&#1080;&#1081;"],
"sous-type": "langues",
"type": "taxonomies",
"URL-wikipedia": "https://fr.wikipedia.org/wiki/Tch%C3%A8que"
}