{
"_id": "terme-2015-12-06-16-10-45-86966174718",
"ajouter-aux-favoris": false,
"breadcrumb": "taxonomies/langues/Onondaga/",
"description": "Description de Onondaga",
"fiche-a-completer": false,
"fiche-publiee": true,
"identifiant-drupal": 317640,
"mise-a-jour": "2017-01-23-16-33-30",
"moment-de-creation": "2015-12-06-16-10-45",
"moment-de-modification": "2015-01-04-02-27-58",
"nom": "Onondaga",
"nom-anglais": ["Onondaga"],
"nom-espagnol": ["Onondaga"],
"nom-folder": "Onondaga",
"nom-francais": ["Onondaga"],
"nom-italien": ["Onondaga"],
"nom-machine": "terme-2015-12-06-16-10-45-86966174718",
"nom-russe": ["&#1054;&#1085;&#1086;&#1085;&#1076;&#1072;&#1075;&#1072;"],
"sous-type": "langues",
"type": "taxonomies"
}