{
"_id": "terme-2016-01-29-16-08-44-87246103457",
"breadcrumb": "taxonomies/langues//Vivaro-alpin/",
"description": "Description de Vivaro-alpin",
"fiche-a-completer": false,
"fiche-publiee": true,
"mise-a-jour": "2017-01-23-16-33-30",
"moment-de-creation": "2016-01-29-16-08-44",
"moment-de-modification": "2016-01-29-16-14-34",
"nom": "Vivaro-alpin",
"nom-anglais": ["Vivaro-alpine"],
"nom-espagnol": ["Vivaroalpino"],
"nom-folder": "Vivaro-alpin",
"nom-francais": ["Vivaro-alpin"],
"nom-italien": ["Vivaro-alpino"],
"nom-machine": "terme-2016-01-29-16-08-44-87246103457",
"nom-russe": ["&#1042;&#1080;&#1074;&#1072;&#1088;&#1086;-&#1072;&#1083;&#1100;&#1087;&#1080;&#1081;&#1089;&#1082;&#1080;&#1081;"],
"sous-type": "langues",
"type": "taxonomies"
}