{
"_id": "terme-2015-12-06-16-10-44-86966174657",
"ajouter-aux-favoris": false,
"breadcrumb": "taxonomies/langues/Metchif/",
"description": "Description de M&#233;tchif",
"fiche-a-completer": false,
"fiche-publiee": true,
"identifiant-drupal": 380432,
"mise-a-jour": "2017-01-23-16-33-30",
"moment-de-creation": "2015-12-06-16-10-44",
"moment-de-modification": "2015-01-04-02-27-57",
"nom": "M&#233;tchif",
"nom-anglais": ["Michif"],
"nom-espagnol": ["Metchif"],
"nom-folder": "Metchif",
"nom-francais": ["M&#233;tchif"],
"nom-italien": ["Metchif"],
"nom-machine": "terme-2015-12-06-16-10-44-86966174657",
"nom-russe": ["&#1052;&#1080;&#1095;&#1080;&#1092;"],
"sous-type": "langues",
"type": "taxonomies"
}