{
"_id": "terme-2015-12-06-16-10-46-86966174779",
"ajouter-aux-favoris": false,
"breadcrumb": "taxonomies/langues/Slovaque/",
"description": "Description de Slovaque",
"fiche-a-completer": false,
"fiche-publiee": true,
"identifiant-drupal": 317657,
"ISO-639-1": "sk",
"ISO-639-2": "slo/slk",
"ISO-639-3": "slk",
"mise-a-jour": "2017-01-23-16-33-30",
"moment-de-creation": "2015-12-06-16-10-46",
"moment-de-modification": "2016-02-04-06-16-18",
"nom": "Slovaque",
"nom-anglais": ["Slovak"],
"nom-arabe": ["&#1587;&#1604;&#1608;&#1601;&#1575;&#1603;&#1610;&#1577;"],
"nom-espagnol": ["Eslovaco"],
"nom-folder": "Slovaque",
"nom-francais": ["Slovaque"],
"nom-italien": ["Slovacco"],
"nom-machine": "terme-2015-12-06-16-10-46-86966174779",
"nom-russe": ["&#1089;&#1083;&#1086;&#1074;&#1072;&#1094;&#1082;&#1080;&#1081;"],
"sous-type": "langues",
"type": "taxonomies",
"URL-wikipedia": "https://fr.wikipedia.org/wiki/Slovaque"
}