{
"_id": "terme-2015-12-06-16-10-43-86966174626",
"ajouter-aux-favoris": false,
"breadcrumb": "taxonomies/langues/Letton/",
"description": "Description de Letton",
"fiche-a-completer": true,
"fiche-publiee": true,
"identifiant-drupal": 379455,
"ISO-639-1": "lv",
"ISO-639-2": "lav",
"ISO-639-3": "lav",
"mise-a-jour": "2016-05-09-16-45-48",
"moment-de-creation": "2015-12-06-16-10-43",
"moment-de-modification": "2016-02-04-05-22-12",
"nom": "Letton",
"nom-anglais": ["Latvian"],
"nom-arabe": ["&#1604;&#1575;&#1578;&#1601;&#1610;&#1577;"],
"nom-espagnol": ["Let&#243;n"],
"nom-folder": "Letton",
"nom-francais": ["Letton"],
"nom-italien": ["Lettone"],
"nom-machine": "terme-2015-12-06-16-10-43-86966174626",
"nom-russe": ["&#1051;&#1072;&#1090;&#1099;&#1096;&#1089;&#1082;&#1080;&#1081;"],
"sous-type": "langues",
"type": "taxonomies",
"URL-wikipedia": "https://fr.wikipedia.org/wiki/Letton"
}