{
"_id": "terme-2015-12-06-16-10-45-86966174756",
"ajouter-aux-favoris": false,
"breadcrumb": "taxonomies/langues/Romani/",
"description": "Description de Romani",
"fiche-a-completer": true,
"fiche-publiee": true,
"identifiant-drupal": 317650,
"mise-a-jour": "2016-05-09-16-45-49",
"moment-de-creation": "2015-12-06-16-10-45",
"moment-de-modification": "2015-01-04-02-27-58",
"nom": "Romani",
"nom-anglais": ["Romani"],
"nom-arabe": ["&#1585;&#1608;&#1605;&#1606;&#1610;&#1577;"],
"nom-espagnol": ["Roman&#237;"],
"nom-folder": "Romani",
"nom-francais": ["Romani"],
"nom-italien": ["Roman&#237;"],
"nom-machine": "terme-2015-12-06-16-10-45-86966174756",
"nom-russe": ["&#1062;&#1099;&#1075;&#1072;&#1085;&#1089;&#1082;&#1080;&#1081;"],
"sous-type": "langues",
"type": "taxonomies"
}