{
"_id": "terme-2015-12-06-16-10-45-86966174728",
"ajouter-aux-favoris": false,
"breadcrumb": "taxonomies/langues/Pashtou/",
"description": "Description de Pachto",
"fiche-a-completer": true,
"fiche-publiee": true,
"identifiant-drupal": 382403,
"ISO-639-1": "ps",
"ISO-639-2": "pus",
"ISO-639-3": "pus",
"mise-a-jour": "2016-05-09-16-45-49",
"moment-de-creation": "2015-12-06-16-10-45",
"moment-de-modification": "2016-02-04-05-58-56",
"nom": "Pachto",
"nom-anglais": ["Pashto"],
"nom-arabe": ["&#1576;&#1588;&#1578;&#1608;&#1610;&#1577;"],
"nom-espagnol": ["Past&#250;n"],
"nom-folder": "Pachto",
"nom-francais": ["Pachto"],
"nom-italien": ["Pashtu"],
"nom-machine": "terme-2015-12-06-16-10-45-86966174728",
"nom-russe": ["&#1055;&#1091;&#1096;&#1090;&#1091;"],
"sous-type": "langues",
"type": "taxonomies",
"URL-wikipedia": "https://fr.wikipedia.org/wiki/Pachto"
}