{
"_id": "terme-2015-12-06-16-10-40-86966174429",
"ajouter-aux-favoris": false,
"breadcrumb": "taxonomies/langues/Amharique/",
"description": "Description de Amharique",
"fiche-a-completer": false,
"fiche-publiee": true,
"identifiant-drupal": 317572,
"ISO-639-1": "am",
"ISO-639-2": "amh",
"ISO-639-3": "amh",
"mise-a-jour": "2017-01-23-16-33-30",
"moment-de-creation": "2015-12-06-16-10-40",
"moment-de-modification": "2016-02-04-03-12-51",
"nom": "Amharique",
"nom-anglais": ["Amharic"],
"nom-arabe": ["&#1571;&#1605;&#1607;&#1585;&#1610;&#1577;"],
"nom-espagnol": ["Amh&#225;rico"],
"nom-folder": "Amharique",
"nom-francais": ["Amharique"],
"nom-italien": ["Amarico"],
"nom-machine": "terme-2015-12-06-16-10-40-86966174429",
"nom-russe": ["&#1040;&#1084;&#1093;&#1072;&#1088;&#1089;&#1082;&#1080;&#1081;"],
"sous-type": "langues",
"type": "taxonomies",
"URL-wikipedia": "https://fr.wikipedia.org/wiki/Amharique"
}