{
"_id": "terme-2015-12-06-16-10-44-86966174662",
"ajouter-aux-favoris": false,
"breadcrumb": "taxonomies/langues/Mixteque/",
"description": "Description de Mixt&#232;que",
"fiche-a-completer": false,
"fiche-publiee": true,
"identifiant-drupal": 377524,
"mise-a-jour": "2017-01-23-16-33-30",
"moment-de-creation": "2015-12-06-16-10-44",
"moment-de-modification": "2015-01-04-02-27-57",
"nom": "Mixt&#232;que",
"nom-anglais": ["Mixtec"],
"nom-espagnol": ["Mixteco"],
"nom-folder": "Mixteque",
"nom-francais": ["Mixt&#232;que"],
"nom-italien": ["Mixteco"],
"nom-machine": "terme-2015-12-06-16-10-44-86966174662",
"nom-russe": ["&#1052;&#1080;&#1096;&#1090;&#1077;&#1082;&#1072;&#1085;&#1089;&#1082;&#1080;&#1077;"],
"sous-type": "langues",
"type": "taxonomies"
}