{
"_id": "terme-2015-12-06-16-10-46-86966174763",
"ajouter-aux-favoris": false,
"breadcrumb": "taxonomies/langues/Seneca/",
"description": "Description de Seneca",
"fiche-a-completer": false,
"fiche-publiee": true,
"identifiant-drupal": 317653,
"mise-a-jour": "2017-01-23-16-33-30",
"moment-de-creation": "2015-12-06-16-10-46",
"moment-de-modification": "2015-01-04-02-27-58",
"nom": "Seneca",
"nom-anglais": ["Seneca"],
"nom-espagnol": ["Seneca"],
"nom-folder": "Seneca",
"nom-francais": ["Seneca"],
"nom-italien": ["Seneca"],
"nom-machine": "terme-2015-12-06-16-10-46-86966174763",
"nom-russe": ["&#1057;&#1077;&#1085;&#1077;&#1082;&#1072;"],
"sous-type": "langues",
"type": "taxonomies"
}