{
"_id": "terme-2016-02-04-06-53-39-87275209192",
"ajouter-aux-favoris": false,
"breadcrumb": "taxonomies/langues/Venda/",
"description": "Description de Venda",
"fiche-a-completer": true,
"fiche-publiee": true,
"ISO-639-1": "ve",
"ISO-639-2": "ven",
"ISO-639-3": "ven",
"mise-a-jour": "2016-05-09-16-45-50",
"moment-de-creation": "2016-02-04-06-53-39",
"moment-de-modification": "2016-02-04-06-54-28",
"nom": "Venda",
"nom-anglais": ["Venda"],
"nom-arabe": ["&#1601;&#1610;&#1606;&#1583;&#1610;&#1577;"],
"nom-espagnol": ["Venda"],
"nom-folder": "Venda",
"nom-francais": ["Venda"],
"nom-italien": ["Venda"],
"nom-machine": "terme-2016-02-04-06-53-39-87275209192",
"nom-russe": ["&#1042;&#1077;&#1085;&#1076;&#1072;"],
"sous-type": "langues",
"type": "taxonomies",
"URL-wikipedia": "https://fr.wikipedia.org/wiki/Venda_(langue)"
}