{
"_id": "terme-2015-12-06-16-10-46-86966174820",
"ajouter-aux-favoris": false,
"breadcrumb": "taxonomies/langues/Vietnamien/",
"description": "Description de Vietnamien",
"fiche-a-completer": false,
"fiche-publiee": true,
"identifiant-drupal": 317666,
"ISO-639-1": "vi",
"ISO-639-2": "vie",
"ISO-639-3": "vie",
"mise-a-jour": "2017-01-23-16-33-30",
"moment-de-creation": "2015-12-06-16-10-46",
"moment-de-modification": "2016-02-04-06-55-23",
"nom": "Vietnamien",
"nom-anglais": ["Vietnamese"],
"nom-arabe": ["&#1601;&#1610;&#1578;&#1606;&#1575;&#1605;&#1610;&#1577;"],
"nom-espagnol": ["Vietnamita"],
"nom-folder": "Vietnamien",
"nom-francais": ["Vietnamien"],
"nom-italien": ["Vietnamita"],
"nom-machine": "terme-2015-12-06-16-10-46-86966174820",
"nom-russe": ["&#1042;&#1100;&#1077;&#1090;&#1085;&#1072;&#1084;&#1089;&#1082;&#1080;&#1081;"],
"sous-type": "langues",
"type": "taxonomies",
"URL-wikipedia": "https://fr.wikipedia.org/wiki/Vietnamien"
}