{
"_id": "terme-2015-12-06-16-10-46-86966174817",
"ajouter-aux-favoris": false,
"breadcrumb": "taxonomies/langues/Ukrainien/",
"description": "Description de Ukrainien",
"fiche-a-completer": false,
"fiche-publiee": true,
"identifiant-drupal": 369945,
"ISO-639-1": "uk",
"ISO-639-2": "ukr",
"ISO-639-3": "ukr",
"mise-a-jour": "2017-01-23-16-33-30",
"moment-de-creation": "2015-12-06-16-10-46",
"moment-de-modification": "2016-02-04-06-51-46",
"nom": "Ukrainien",
"nom-anglais": ["Ukrainian"],
"nom-arabe": ["&#1571;&#1608;&#1603;&#1585;&#1575;&#1606;&#1610;&#1577;"],
"nom-espagnol": ["Ucraniano"],
"nom-folder": "Ukrainien",
"nom-francais": ["Ukrainien"],
"nom-italien": ["Ucraino"],
"nom-machine": "terme-2015-12-06-16-10-46-86966174817",
"nom-russe": ["&#1059;&#1082;&#1088;&#1072;&#1080;&#1085;&#1089;&#1082;&#1080;&#1081;"],
"sous-type": "langues",
"type": "taxonomies",
"URL-wikipedia": "https://fr.wikipedia.org/wiki/Ukrainien"
}