{
"_id": "terme-2016-02-04-05-50-52-87274983174",
"ajouter-aux-favoris": false,
"breadcrumb": "taxonomies/langues/Ossetian/",
"description": "Description de Ossetian",
"fiche-a-completer": false,
"fiche-publiee": true,
"ISO-639-1": "os",
"ISO-639-2": "oss",
"ISO-639-3": "oss",
"mise-a-jour": "2017-01-23-16-33-30",
"moment-de-creation": "2016-02-04-05-50-52",
"moment-de-modification": "2016-02-04-05-52-28",
"nom": "Ossetian",
"nom-anglais": ["Ossetian"],
"nom-arabe": ["&#1571;&#1608;&#1587;&#1610;&#1578;&#1610;&#1577;"],
"nom-espagnol": ["Osetio"],
"nom-folder": "Ossetian",
"nom-francais": ["Ossetian"],
"nom-italien": ["Osseto"],
"nom-machine": "terme-2016-02-04-05-50-52-87274983174",
"nom-russe": ["&#1054;&#1089;&#1077;&#1090;&#1080;&#1085;&#1089;&#1082;&#1080;&#1081;"],
"sous-type": "langues",
"type": "taxonomies",
"URL-wikipedia": "https://fr.wikipedia.org/wiki/Oss%C3%A8te"
}