{
"_id": "terme-2015-12-06-16-10-40-86966174436",
"ajouter-aux-favoris": false,
"breadcrumb": "taxonomies/langues/Aragonais/",
"description": "Description de Aragonais",
"fiche-a-completer": false,
"fiche-publiee": true,
"identifiant-drupal": 317575,
"ISO-639-1": "an",
"ISO-639-2": "arg",
"ISO-639-3": "arg",
"mise-a-jour": "2017-01-23-16-33-30",
"moment-de-creation": "2015-12-06-16-10-40",
"moment-de-modification": "2016-02-04-03-13-51",
"nom": "Aragonais",
"nom-anglais": ["Aragonese"],
"nom-arabe": ["&#1571;&#1585;&#1575;&#1594;&#1608;&#1606;&#1610;&#1577;"],
"nom-espagnol": ["Aragon&#233;s"],
"nom-folder": "Aragonais",
"nom-francais": ["Aragonais"],
"nom-italien": ["Aragonese"],
"nom-machine": "terme-2015-12-06-16-10-40-86966174436",
"nom-russe": ["&#1040;&#1088;&#1072;&#1075;&#1086;&#1085;&#1089;&#1082;&#1080;&#1081;"],
"sous-type": "langues",
"type": "taxonomies",
"URL-wikipedia": "https://fr.wikipedia.org/wiki/Aragonais"
}