{
"_id": "terme-2015-12-06-16-10-43-86966174631",
"ajouter-aux-favoris": false,
"breadcrumb": "taxonomies/langues/Maa/",
"description": "Description de Maa",
"fiche-a-completer": false,
"fiche-publiee": true,
"identifiant-drupal": 317626,
"mise-a-jour": "2017-01-23-16-33-30",
"moment-de-creation": "2015-12-06-16-10-43",
"moment-de-modification": "2015-01-04-02-27-57",
"nom": "Maa",
"nom-anglais": ["Maasai"],
"nom-arabe": ["&#1575;&#1604;&#1605;&#1575;&#1587;&#1575;&#1610;"],
"nom-espagnol": ["Mas&#225;i"],
"nom-folder": "Maa",
"nom-francais": ["Maa"],
"nom-italien": ["Masai"],
"nom-machine": "terme-2015-12-06-16-10-43-86966174631",
"nom-russe": ["&#1052;&#1072;&#1089;&#1072;&#1081;&#1089;&#1082;&#1080;&#1081;"],
"sous-type": "langues",
"type": "taxonomies"
}