{
"_id": "terme-2015-12-06-16-10-44-86966174641",
"ajouter-aux-favoris": false,
"breadcrumb": "taxonomies/langues/Malgache/",
"description": "Description de Malgache",
"fiche-a-completer": true,
"fiche-publiee": true,
"identifiant-drupal": 317623,
"ISO-639-1": "mg",
"ISO-639-2": "mlg",
"ISO-639-3": "mlg",
"mise-a-jour": "2016-05-09-16-45-49",
"moment-de-creation": "2015-12-06-16-10-44",
"moment-de-modification": "2016-02-04-05-23-01",
"nom": "Malgache",
"nom-anglais": ["Malagasy"],
"nom-arabe": ["&#1605;&#1604;&#1594;&#1575;&#1588;&#1610;&#1577;"],
"nom-espagnol": ["Malgache"],
"nom-folder": "Malgache",
"nom-francais": ["Malgache"],
"nom-italien": ["Malgascio"],
"nom-machine": "terme-2015-12-06-16-10-44-86966174641",
"nom-russe": ["&#1052;&#1072;&#1083;&#1072;&#1075;&#1072;&#1089;&#1080;&#1081;&#1089;&#1082;&#1080;&#1081;"],
"sous-type": "langues",
"type": "taxonomies",
"URL-wikipedia": "https://fr.wikipedia.org/wiki/Malgache"
}