{
"_id": "terme-2015-12-06-16-10-44-86966174650",
"ajouter-aux-favoris": false,
"breadcrumb": "taxonomies/langues/Maya-yucateque/",
"description": "Description de Maya yucat&#232;que",
"fiche-a-completer": false,
"fiche-publiee": true,
"identifiant-drupal": 317627,
"mise-a-jour": "2017-01-23-16-33-30",
"moment-de-creation": "2015-12-06-16-10-44",
"moment-de-modification": "2015-01-04-02-27-57",
"nom": "Maya yucat&#232;que",
"nom-anglais": ["Maya"],
"nom-arabe": ["&#1575;&#1604;&#1605;&#1575;&#1610;&#1575; &#1575;&#1604;&#1610;&#1608;&#1603;&#1575;&#1578;&#1610;&#1577;"],
"nom-espagnol": ["Maya"],
"nom-folder": "Maya-yucateque",
"nom-francais": ["Maya yucat&#232;que"],
"nom-italien": ["Maya"],
"nom-machine": "terme-2015-12-06-16-10-44-86966174650",
"nom-russe": ["&#1070;&#1082;&#1072;&#1090;&#1077;&#1082;&#1089;&#1082;&#1080;&#1081;"],
"sous-type": "langues",
"type": "taxonomies"
}