{
"_id": "terme-2015-12-06-16-10-42-86966174539",
"ajouter-aux-favoris": false,
"breadcrumb": "taxonomies/langues/Gaelique-canadien/",
"description": "Description de Ga&#233;lique canadien",
"fiche-a-completer": true,
"fiche-publiee": true,
"identifiant-drupal": 380793,
"mise-a-jour": "2016-05-09-16-45-48",
"moment-de-creation": "2015-12-06-16-10-42",
"moment-de-modification": "2015-01-04-02-27-58",
"nom": "Ga&#233;lique canadien",
"nom-anglais": ["Canadian gaelic"],
"nom-arabe": ["&#1575;&#1604;&#1594;&#1610;&#1604;&#1610;&#1577; &#1575;&#1604;&#1603;&#1606;&#1583;&#1610;"],
"nom-espagnol": ["Ga&#233;lico canadiense"],
"nom-folder": "Gaelique-canadien",
"nom-francais": ["Ga&#233;lique canadien"],
"nom-italien": ["Gaelico canadese"],
"nom-machine": "terme-2015-12-06-16-10-42-86966174539",
"nom-russe": ["&#1050;&#1072;&#1085;&#1072;&#1076;&#1089;&#1082;&#1080;&#1081; &#1043;&#1101;&#1083;&#1100;&#1089;&#1082;&#1086;&#1077;"],
"sous-type": "langues",
"type": "taxonomies"
}