{
"_id": "terme-2015-12-06-16-10-44-86966174700",
"ajouter-aux-favoris": false,
"breadcrumb": "taxonomies/langues/Norvegien/Norvegien-nynorsk/",
"description": "Description de Nynorsk",
"fiche-a-completer": true,
"fiche-publiee": true,
"identifiant-drupal": 317636,
"ISO-639-1": "nn",
"ISO-639-2": "nno",
"ISO-639-3": "nno",
"mise-a-jour": "2016-05-09-16-45-49",
"moment-de-creation": "2015-12-06-16-10-44",
"moment-de-modification": "2016-02-04-05-42-15",
"nom": "Nynorsk",
"nom-anglais": ["Norwegian nynorsk"],
"nom-arabe": ["&#1606;&#1610;&#1606;&#1608;&#1588;&#1603;"],
"nom-espagnol": ["Nynorsk"],
"nom-folder": "Norvegien-nynorsk",
"nom-francais": ["Nynorsk"],
"nom-italien": ["Nynorsk"],
"nom-machine": "terme-2015-12-06-16-10-44-86966174700",
"nom-russe": ["&#1053;&#1086;&#1074;&#1086;&#1085;&#1086;&#1088;&#1074;&#1077;&#1078;&#1089;&#1082;&#1080;&#1081;"],
"sous-type": "langues",
"type": "taxonomies",
"URL-wikipedia": "https://fr.wikipedia.org/wiki/Nynorsk"
}