{
"_id": "terme-2015-12-06-16-10-43-86966174603",
"ajouter-aux-favoris": false,
"breadcrumb": "taxonomies/langues/Japonais/",
"description": "Description de Japonais",
"fiche-a-completer": true,
"fiche-publiee": true,
"identifiant-drupal": 369385,
"ISO-639-1": "ja",
"ISO-639-2": "jpn",
"ISO-639-3": "jpn",
"mise-a-jour": "2016-05-09-16-45-48",
"moment-de-creation": "2015-12-06-16-10-43",
"moment-de-modification": "2016-02-04-04-52-51",
"nom": "Japonais",
"nom-anglais": ["Japanese"],
"nom-arabe": [" &#1610;&#1575;&#1576;&#1575;&#1606;&#1610;&#1577;"],
"nom-espagnol": ["Japon&#233;s"],
"nom-folder": "Japonais",
"nom-francais": ["Japonais"],
"nom-italien": ["Giapponese"],
"nom-machine": "terme-2015-12-06-16-10-43-86966174603",
"nom-russe": ["&#1071;&#1087;&#1086;&#1085;&#1089;&#1082;&#1080;&#1081;"],
"sous-type": "langues",
"type": "taxonomies",
"URL-wikipedia": "https://fr.wikipedia.org/wiki/Japonais"
}