{
"_id": "terme-2015-12-06-16-10-45-86966174741",
"ajouter-aux-favoris": false,
"breadcrumb": "taxonomies/langues/Piemontais/",
"description": "Description de Pi&#233;montais",
"fiche-a-completer": true,
"fiche-publiee": true,
"identifiant-drupal": 317645,
"mise-a-jour": "2016-05-09-16-45-49",
"moment-de-creation": "2015-12-06-16-10-45",
"moment-de-modification": "2015-01-04-02-27-57",
"nom": "Pi&#233;montais",
"nom-anglais": ["Piedmontese"],
"nom-arabe": ["&#1576;&#1610;&#1583;&#1605;&#1608;&#1606;&#1578;&#1610;&#1577;"],
"nom-espagnol": ["Piamont&#233;s"],
"nom-folder": "Piemontais",
"nom-francais": ["Pi&#233;montais"],
"nom-italien": ["Piemontese"],
"nom-machine": "terme-2015-12-06-16-10-45-86966174741",
"nom-russe": ["&#1055;&#1100;&#1077;&#1084;&#1086;&#1085;&#1090;&#1089;&#1082;&#1080;&#1081;"],
"sous-type": "langues",
"type": "taxonomies"
}