{
"_id": "terme-2015-12-06-16-10-45-86966174748",
"ajouter-aux-favoris": false,
"breadcrumb": "taxonomies/langues/Portugais/",
"description": "Description de Portugais",
"fiche-a-completer": true,
"fiche-publiee": true,
"identifiant-drupal": 317647,
"ISO-639-1": "pt",
"ISO-639-2": "por",
"ISO-639-3": "por",
"mise-a-jour": "2016-05-09-16-45-49",
"moment-de-creation": "2015-12-06-16-10-45",
"moment-de-modification": "2016-02-04-05-59-52",
"nom": "Portugais",
"nom-anglais": ["Portuguese"],
"nom-arabe": ["&#1576;&#1585;&#1578;&#1594;&#1575;&#1604;&#1610;&#1577;"],
"nom-espagnol": ["Portugu&#233;s brasile&#241;o"],
"nom-folder": "Portugais",
"nom-francais": ["Portugais"],
"nom-italien": ["Portoghese"],
"nom-machine": "terme-2015-12-06-16-10-45-86966174748",
"nom-russe": ["&#1055;&#1086;&#1088;&#1090;&#1091;&#1075;&#1072;&#1083;&#1100;&#1089;&#1082;&#1080;&#1081;"],
"sous-type": "langues",
"type": "taxonomies",
"URL-wikipedia": "https://fr.wikipedia.org/wiki/Portugais"
}