{
"_id": "terme-2015-12-06-16-10-46-86966174770",
"ajouter-aux-favoris": false,
"breadcrumb": "taxonomies/langues/Serere/",
"description": "Description de S&#233;r&#232;re",
"fiche-a-completer": false,
"fiche-publiee": true,
"identifiant-drupal": 382166,
"mise-a-jour": "2017-01-23-16-33-30",
"moment-de-creation": "2015-12-06-16-10-46",
"moment-de-modification": "2015-01-04-02-27-58",
"nom": "S&#233;r&#232;re",
"nom-anglais": ["Serer"],
"nom-arabe": ["&#1587;&#1610;&#1585;&#1610;&#1585;&#1610;&#1577;"],
"nom-espagnol": ["Serer"],
"nom-folder": "Serere",
"nom-francais": ["S&#233;r&#232;re"],
"nom-italien": ["Serer"],
"nom-machine": "terme-2015-12-06-16-10-46-86966174770",
"nom-russe": ["&#1057;&#1077;&#1088;&#1077;&#1088;"],
"sous-type": "langues",
"type": "taxonomies"
}