{
"_id": "terme-2016-02-04-03-21-40-87274446040",
"ajouter-aux-favoris": false,
"breadcrumb": "taxonomies/langues/Avar/",
"description": "Description de Avar",
"fiche-a-completer": true,
"fiche-publiee": true,
"ISO-639-1": "av",
"ISO-639-2": "ava",
"ISO-639-3": "ava",
"mise-a-jour": "2016-05-09-16-45-50",
"moment-de-creation": "2016-02-04-03-21-40",
"moment-de-modification": "2016-02-04-03-22-19",
"nom": "Avar",
"nom-anglais": ["Avaric"],
"nom-arabe": ["&#1571;&#1608;&#1575;&#1585;&#1610;&#1577;"],
"nom-espagnol": ["Avar"],
"nom-folder": "Avar",
"nom-francais": ["Avar"],
"nom-italien": ["Avaro"],
"nom-machine": "terme-2016-02-04-03-21-40-87274446040",
"nom-russe": ["&#1040;&#1074;&#1072;&#1088;&#1089;&#1082;&#1080;&#1081;"],
"sous-type": "langues",
"type": "taxonomies",
"URL-wikipedia": "https://fr.wikipedia.org/wiki/Avar"
}