{
"_id": "terme-2015-12-06-16-10-42-86966174523",
"ajouter-aux-favoris": false,
"breadcrumb": "taxonomies/langues/Estonien/",
"description": "Description de Estonien",
"fiche-a-completer": true,
"fiche-publiee": true,
"identifiant-drupal": 380446,
"ISO-639-1": "et",
"ISO-639-2": "est",
"ISO-639-3": "est",
"mise-a-jour": "2016-05-09-16-45-48",
"moment-de-creation": "2015-12-06-16-10-42",
"moment-de-modification": "2016-02-04-04-08-47",
"nom": "Estonien",
"nom-anglais": ["Estonian"],
"nom-arabe": ["&#1573;&#1587;&#1578;&#1608;&#1606;&#1610;&#1577;"],
"nom-espagnol": ["Estonio"],
"nom-folder": "Estonien",
"nom-francais": ["Estonien"],
"nom-italien": ["Estone"],
"nom-machine": "terme-2015-12-06-16-10-42-86966174523",
"nom-russe": ["&#1069;&#1089;&#1090;&#1086;&#1085;&#1089;&#1082;&#1080;&#1081;"],
"sous-type": "langues",
"type": "taxonomies",
"URL-wikipedia": "https://fr.wikipedia.org/wiki/Estonien"
}