{
"_id": "terme-2016-01-29-16-04-45-87246089128",
"breadcrumb": "taxonomies/langues//Provencal/",
"description": "Description de Proven&#231;al",
"fiche-a-completer": false,
"fiche-publiee": true,
"mise-a-jour": "2017-01-23-16-33-30",
"moment-de-creation": "2016-01-29-16-04-45",
"moment-de-modification": "2016-01-29-16-07-15",
"nom": "Proven&#231;al",
"nom-anglais": ["Proven&#231;al"],
"nom-arabe": ["&#1576;&#1585;&#1608;&#1601;&#1606;&#1587;&#1575;&#1604;&#1610;&#1577;"],
"nom-espagnol": ["Provenzal"],
"nom-folder": "Provencal",
"nom-francais": ["Proven&#231;al"],
"nom-italien": ["Provenzale"],
"nom-machine": "terme-2016-01-29-16-04-45-87246089128",
"nom-russe": ["&#1055;&#1088;&#1086;&#1074;&#1072;&#1085;&#1089;&#1072;&#1083;&#1100;&#1089;&#1082;&#1080;&#1081;"],
"sous-type": "langues",
"type": "taxonomies"
}