{
"_id": "terme-2016-02-04-06-37-48-87275152110",
"ajouter-aux-favoris": false,
"breadcrumb": "taxonomies/langues/Tigrigna/",
"description": "Description de Tigrigna",
"fiche-a-completer": false,
"fiche-publiee": true,
"ISO-639-1": "ti",
"ISO-639-2": "tir",
"ISO-639-3": "tir",
"mise-a-jour": "2017-01-23-16-33-30",
"moment-de-creation": "2016-02-04-06-37-48",
"moment-de-modification": "2016-02-04-06-40-00",
"nom": "Tigrigna",
"nom-anglais": ["Tigrinya"],
"nom-arabe": ["&#1578;&#1594;&#1585;&#1610;&#1606;&#1610;&#1577;"],
"nom-espagnol": ["Tigri&#241;a"],
"nom-folder": "Tigrigna",
"nom-francais": ["Tigrigna"],
"nom-italien": ["Tigrino"],
"nom-machine": "terme-2016-02-04-06-37-48-87275152110",
"nom-russe": ["&#1058;&#1080;&#1075;&#1088;&#1080;&#1085;&#1100;&#1103;"],
"sous-type": "langues",
"type": "taxonomies",
"URL-wikipedia": "https://fr.wikipedia.org/wiki/Tigrigna"
}