{
"_id": "terme-2015-12-06-16-10-43-86966174639",
"ajouter-aux-favoris": false,
"breadcrumb": "taxonomies/langues/Malecite-passamaquoddy/",
"description": "Mal&#233;cite-passamaquoddy",
"fiche-a-completer": true,
"fiche-publiee": true,
"identifiant-drupal": 317622,
"mise-a-jour": "2016-05-09-16-45-49",
"moment-de-creation": "2015-12-06-16-10-43",
"moment-de-modification": "2015-01-04-02-27-58",
"nom": "Mal&#233;cite",
"nom-anglais": ["Malecite"],
"nom-espagnol": ["Maliseet"],
"nom-folder": "Malecite-passamaquoddy",
"nom-francais": ["Mal&#233;cite"],
"nom-italien": ["Malecite"],
"nom-machine": "terme-2015-12-06-16-10-43-86966174639",
"nom-russe": ["&#1052;&#1072;&#1083;&#1077;&#1089;&#1080;&#1090;-&#1087;&#1072;&#1089;&#1089;&#1072;&#1084;&#1072;&#1082;&#1074;&#1086;&#1076;&#1076;&#1080;"],
"sous-type": "langues",
"type": "taxonomies"
}