{
"_id": "terme-2016-02-04-04-02-31-87274593107",
"ajouter-aux-favoris": false,
"breadcrumb": "taxonomies/langues/Ewe/",
"description": "Description de Ewe",
"fiche-a-completer": true,
"fiche-publiee": true,
"ISO-639-1": "ee",
"ISO-639-2": "ewe",
"ISO-639-3": "ewe",
"mise-a-jour": "2016-05-09-16-45-50",
"moment-de-creation": "2016-02-04-04-02-31",
"moment-de-modification": "2016-02-04-04-03-11",
"nom": "Ewe",
"nom-anglais": ["Ewe"],
"nom-espagnol": ["Ew&#233;"],
"nom-folder": "Ewe",
"nom-francais": ["Ewe"],
"nom-italien": ["Ewe"],
"nom-machine": "terme-2016-02-04-04-02-31-87274593107",
"nom-russe": ["&#1069;&#1074;&#1077;"],
"sous-type": "langues",
"type": "taxonomies",
"URL-wikipedia": "https://fr.wikipedia.org/wiki/Ewe_(langue)"
}