{
"_id": "terme-2016-02-04-06-41-40-87275166040",
"ajouter-aux-favoris": false,
"breadcrumb": "taxonomies/langues/Tagalog/",
"description": "Description de Tagalog",
"fiche-a-completer": false,
"fiche-publiee": true,
"ISO-639-1": "tl",
"ISO-639-2": "tgl",
"ISO-639-3": "tgl",
"mise-a-jour": "2017-01-23-16-33-30",
"moment-de-creation": "2016-02-04-06-41-40",
"moment-de-modification": "2016-02-04-06-42-36",
"nom": "Tagalog",
"nom-anglais": ["Tagalog"],
"nom-arabe": ["&#1578;&#1575;&#1594;&#1575;&#1604;&#1608;&#1594;&#1610;&#1577;"],
"nom-espagnol": ["Tagalo"],
"nom-folder": "Tagalog",
"nom-francais": ["Tagalog"],
"nom-italien": ["Tagalog"],
"nom-machine": "terme-2016-02-04-06-41-40-87275166040",
"nom-russe": ["&#1058;&#1072;&#1075;&#1072;&#1083;&#1100;&#1089;&#1082;&#1080;&#1081;"],
"sous-type": "langues",
"type": "taxonomies",
"URL-wikipedia": "https://fr.wikipedia.org/wiki/Tagalog"
}