{
"_id": "terme-2015-12-06-16-10-42-86966174565",
"ajouter-aux-favoris": false,
"breadcrumb": "taxonomies/langues/Hindi/",
"description": "Description de Hindi",
"fiche-a-completer": false,
"fiche-publiee": true,
"identifiant-drupal": 380448,
"ISO-639-1": "hi",
"ISO-639-2": "hin",
"ISO-639-3": "hin",
"mise-a-jour": "2017-01-23-16-33-30",
"moment-de-creation": "2015-12-06-16-10-42",
"moment-de-modification": "2016-02-04-04-31-24",
"nom": "Hindi",
"nom-anglais": ["Hindi"],
"nom-arabe": ["&#1607;&#1606;&#1583;&#1610;&#1577;"],
"nom-espagnol": ["Hindi"],
"nom-folder": "Hindi",
"nom-francais": ["Hindi"],
"nom-italien": ["Hindi"],
"nom-machine": "terme-2015-12-06-16-10-42-86966174565",
"nom-russe": ["&#1080;&#1085;&#1076;&#1080;"],
"sous-type": "langues",
"type": "taxonomies",
"URL-wikipedia": "https://fr.wikipedia.org/wiki/Hindi"
}