{
"_id": "terme-2015-12-06-16-10-40-86966174433",
"ajouter-aux-favoris": true,
"breadcrumb": "taxonomies/langues/Arabe/",
"description": "L'arabe standard est <b>arb</b> en ISO 639-3.",
"fiche-a-completer": true,
"fiche-defectueuse": false,
"fiche-publiee": true,
"identifiant-drupal": 317574,
"identifiant-drupal-parent": 0,
"ISO-639-1": "ar",
"ISO-639-2": "ara",
"ISO-639-3": "arb",
"mise-a-jour": "2016-05-09-16-45-48",
"moment-de-creation": "2015-12-06-16-10-40",
"moment-de-modification": "2016-04-30-22-27-37",
"nom": "Arabe",
"nom-anglais": ["Arabic"],
"nom-arabe": ["&#1575;&#1604;&#1593;&#1585;&#1576;&#1610;&#1577;"],
"nom-espagnol": ["&#193;rabe"],
"nom-folder": "Arabe",
"nom-francais": ["Arabe"],
"nom-italien": ["Arabo"],
"nom-machine": "terme-2015-12-06-16-10-40-86966174433",
"nom-russe": ["&#1040;&#1088;&#1072;&#1073;&#1089;&#1082;&#1080;&#1081;"],
"sous-type": "langues",
"type": "taxonomies",
"URL-wikipedia": "https://fr.wikipedia.org/wiki/Arabe"
}