{
"_id": "terme-2016-01-29-15-17-27-87245918860",
"breadcrumb": "taxonomies/langues/Creole-reunionnais/",
"description": "Description de Cr&#233;ole r&#233;unionnais",
"fiche-a-completer": false,
"fiche-publiee": true,
"mise-a-jour": "2017-01-23-16-33-30",
"moment-de-creation": "2016-01-29-15-17-27",
"moment-de-modification": "2016-01-29-15-23-47",
"nom": "Cr&#233;ole r&#233;unionnais",
"nom-anglais": ["R&#233;union creole"],
"nom-arabe": ["&#1585;&#1610;&#1608;&#1606;&#1610;&#1608;&#1606; &#1575;&#1604;&#1603;&#1585;&#1610;&#1608;&#1604;"],
"nom-espagnol": ["Criollo reunion&#233;s"],
"nom-folder": "Creole-reunionnais",
"nom-francais": ["Cr&#233;ole r&#233;unionnais"],
"nom-italien": ["Creolo della Riunione (isola)"],
"nom-machine": "terme-2016-01-29-15-17-27-87245918860",
"nom-russe": ["&#1056;&#1077;&#1102;&#1085;&#1100;&#1086;&#1085; &#1082;&#1088;&#1077;&#1086;&#1083;&#1100;&#1089;&#1082;&#1080;&#1081;"],
"sous-type": "langues",
"type": "taxonomies"
}