{
"_id": "terme-2015-12-06-16-10-46-86966174765",
"ajouter-aux-favoris": false,
"breadcrumb": "taxonomies/langues/Serbe/",
"description": "Description de Serbe",
"fiche-a-completer": true,
"fiche-publiee": true,
"identifiant-drupal": 317654,
"ISO-639-1": "sr",
"ISO-639-2": "scc/srp",
"ISO-639-3": "srp",
"mise-a-jour": "2016-05-09-16-45-49",
"moment-de-creation": "2015-12-06-16-10-46",
"moment-de-modification": "2016-02-04-06-22-44",
"nom": "Serbe",
"nom-anglais": ["Serbian"],
"nom-arabe": ["&#1589;&#1585;&#1576;&#1610;&#1577; &#1603;&#1585;&#1608;&#1575;&#1578;&#1610;&#1577;"],
"nom-espagnol": ["Serbio"],
"nom-folder": "Serbe",
"nom-francais": ["Serbe"],
"nom-italien": ["Serbo"],
"nom-machine": "terme-2015-12-06-16-10-46-86966174765",
"nom-russe": ["&#1057;&#1077;&#1088;&#1073;&#1089;&#1082;&#1080;&#1081;"],
"sous-type": "langues",
"type": "taxonomies",
"URL-wikipedia": "https://fr.wikipedia.org/wiki/Serbe"
}