{
"_id": "terme-2016-02-04-05-17-19-87274862390",
"ajouter-aux-favoris": false,
"breadcrumb": "taxonomies/langues/Limbourgeois/",
"description": "Description de Limbourgeois",
"fiche-a-completer": false,
"fiche-publiee": true,
"ISO-639-1": "li",
"ISO-639-2": "lim",
"ISO-639-3": "lim",
"mise-a-jour": "2017-01-23-16-33-30",
"moment-de-creation": "2016-02-04-05-17-19",
"moment-de-modification": "2016-02-04-05-17-55",
"nom": "Limbourgeois",
"nom-anglais": ["Limburgish"],
"nom-arabe": ["&#1604;&#1610;&#1605;&#1576;&#1608;&#1585;&#1594;&#1610;&#1577;"],
"nom-espagnol": ["Limburgu&#233;s"],
"nom-folder": "Limbourgeois",
"nom-francais": ["Limbourgeois"],
"nom-italien": ["Imburghese"],
"nom-machine": "terme-2016-02-04-05-17-19-87274862390",
"nom-russe": ["&#1051;&#1080;&#1084;&#1073;&#1091;&#1088;&#1075;&#1089;&#1082;&#1080;&#1081;"],
"sous-type": "langues",
"type": "taxonomies",
"URL-wikipedia": "https://fr.wikipedia.org/wiki/Limbourgeois"
}