{
"_id": "terme-2015-12-06-16-10-41-86966174493",
"ajouter-aux-favoris": false,
"breadcrumb": "taxonomies/langues/Chinois-simplifie/",
"description": "Description de Chinois simplifi&#233;",
"fiche-a-completer": false,
"fiche-publiee": true,
"identifiant-drupal": 369325,
"mise-a-jour": "2017-01-23-16-33-30",
"moment-de-creation": "2015-12-06-16-10-41",
"moment-de-modification": "2015-01-04-02-27-57",
"nom": "Chinois simplifi&#233;",
"nom-anglais": ["Simplified chinese characters"],
"nom-arabe": ["&#1581;&#1585;&#1608;&#1601; &#1589;&#1610;&#1606;&#1610;&#1577; &#1605;&#1576;&#1587;&#1591;&#1577;"],
"nom-espagnol": ["Caracteres chinos simplificados"],
"nom-folder": "Chinois-simplifie",
"nom-francais": ["Chinois simplifi&#233;"],
"nom-italien": ["Caratteri cinesi semplificati"],
"nom-machine": "terme-2015-12-06-16-10-41-86966174493",
"nom-russe": ["&#1059;&#1087;&#1088;&#1086;&#1097;&#1077;&#1085;&#1080;&#1077; &#1080;&#1077;&#1088;&#1086;&#1075;&#1083;&#1080;&#1092;&#1086;&#1074;"],
"sous-type": "langues",
"type": "taxonomies"
}