{
"_id": "terme-2015-12-06-16-10-41-86966174464",
"ajouter-aux-favoris": false,
"breadcrumb": "taxonomies/langues/Berbere/",
"description": "Description de Berb&#232;re",
"fiche-a-completer": true,
"fiche-publiee": true,
"identifiant-drupal": 317583,
"mise-a-jour": "2016-05-09-16-45-48",
"moment-de-creation": "2015-12-06-16-10-41",
"moment-de-modification": "2015-01-04-02-27-58",
"nom": "Berb&#232;re",
"nom-anglais": ["Berber"],
"nom-arabe": ["&#1571;&#1605;&#1575;&#1586;&#1610;&#1594;&#1610;&#1577;"],
"nom-espagnol": ["Berebere"],
"nom-folder": "Berbere",
"nom-francais": ["Berb&#232;re"],
"nom-italien": ["Berbero"],
"nom-machine": "terme-2015-12-06-16-10-41-86966174464",
"nom-russe": ["&#1041;&#1077;&#1088;&#1073;&#1077;&#1088;&#1089;&#1082;&#1080;&#1077;"],
"sous-type": "langues",
"type": "taxonomies"
}