{
"_id": "terme-2015-12-06-16-10-42-86966174521",
"ajouter-aux-favoris": false,
"breadcrumb": "taxonomies/langues/Esperanto/",
"description": "Description de Esp&#233;ranto",
"fiche-a-completer": false,
"fiche-publiee": true,
"identifiant-drupal": 317599,
"ISO-639-1": "eo",
"ISO-639-2": "epo",
"ISO-639-3": "epo",
"mise-a-jour": "2017-01-23-16-33-30",
"moment-de-creation": "2015-12-06-16-10-42",
"moment-de-modification": "2016-02-04-04-07-12",
"nom": "Esp&#233;ranto",
"nom-anglais": ["Esperanto"],
"nom-arabe": ["&#1573;&#1587;&#1576;&#1585;&#1575;&#1606;&#1578;&#1608;"],
"nom-espagnol": ["Esperanto"],
"nom-folder": "Esperanto",
"nom-francais": ["Esp&#233;ranto"],
"nom-italien": ["Esperanto"],
"nom-machine": "terme-2015-12-06-16-10-42-86966174521",
"nom-russe": ["&#1069;&#1089;&#1087;&#1077;&#1088;&#1072;&#1085;&#1090;&#1086;"],
"sous-type": "langues",
"type": "taxonomies",
"URL-wikipedia": "https://fr.wikipedia.org/wiki/Esp%C3%A9ranto"
}