{
"_id": "terme-2015-12-06-16-10-42-86966174533",
"ajouter-aux-favoris": false,
"breadcrumb": "taxonomies/langues/Francais-cadien/",
"description": "Description de Fran&#231;ais cadien",
"fiche-a-completer": false,
"fiche-publiee": true,
"identifiant-drupal": 317603,
"mise-a-jour": "2017-01-23-16-33-30",
"moment-de-creation": "2015-12-06-16-10-42",
"moment-de-modification": "2015-01-04-02-27-57",
"nom": "Fran&#231;ais cadien",
"nom-anglais": ["Cajun french"],
"nom-arabe": ["&#1575;&#1604;&#1601;&#1585;&#1606;&#1587;&#1610;&#1577; &#1575;&#1604;&#1603;&#1575;&#1580;&#1608;&#1606;"],
"nom-espagnol": ["Franc&#233;s caj&#250;n"],
"nom-folder": "Francais-cadien",
"nom-francais": ["Fran&#231;ais cadien"],
"nom-italien": ["Francese cajun"],
"nom-machine": "terme-2015-12-06-16-10-42-86966174533",
"nom-russe": ["&#1050;&#1072;&#1078;&#1091;&#1085;&#1089;&#1082;&#1080;&#1081; &#1092;&#1088;&#1072;&#1085;&#1094;&#1091;&#1079;&#1089;&#1082;&#1086;&#1075;&#1086;"],
"sous-type": "langues",
"type": "taxonomies"
}