{
"_id": "terme-2015-12-06-16-10-41-86966174502",
"ajouter-aux-favoris": false,
"breadcrumb": "taxonomies/langues/Corse/",
"description": "Description de Corse",
"fiche-a-completer": false,
"fiche-publiee": true,
"identifiant-drupal": 317591,
"ISO-639-1": "co",
"ISO-639-2": "cos",
"ISO-639-3": "cos",
"mise-a-jour": "2017-01-23-16-33-30",
"moment-de-creation": "2015-12-06-16-10-41",
"moment-de-modification": "2016-02-04-03-44-09",
"nom": "Corse",
"nom-anglais": ["Corsican"],
"nom-arabe": ["&#1603;&#1608;&#1585;&#1587;&#1610;&#1603;&#1610;&#1577;"],
"nom-espagnol": ["Corso"],
"nom-folder": "Corse",
"nom-francais": ["Corse"],
"nom-italien": ["Corso"],
"nom-machine": "terme-2015-12-06-16-10-41-86966174502",
"nom-russe": ["&#1050;&#1086;&#1088;&#1089;&#1080;&#1082;&#1072;&#1085;&#1089;&#1082;&#1080;&#1081;"],
"sous-type": "langues",
"type": "taxonomies",
"URL-wikipedia": "https://fr.wikipedia.org/wiki/Corse"
}