{
"_id": "terme-2015-12-06-16-10-44-86966174648",
"ajouter-aux-favoris": false,
"breadcrumb": "taxonomies/langues/Mapudungun-(Mapuche)/",
"description": "Mapudungun (Mapuche)",
"fiche-a-completer": true,
"fiche-publiee": true,
"identifiant-drupal": 317625,
"mise-a-jour": "2016-05-09-16-45-49",
"moment-de-creation": "2015-12-06-16-10-44",
"moment-de-modification": "2015-01-04-02-27-57",
"nom": "Mapuche",
"nom-anglais": ["Mapuche"],
"nom-arabe": ["&#1605;&#1575;&#1576;&#1608;&#1578;&#1588;&#1610;&#1577;"],
"nom-espagnol": ["Mapuche"],
"nom-folder": "Mapudungun-(Mapuche)",
"nom-francais": ["Mapuche"],
"nom-italien": ["Mapuce"],
"nom-machine": "terme-2015-12-06-16-10-44-86966174648",
"nom-russe": ["&#1052;&#1072;&#1087;&#1091;&#1095;&#1077;"],
"sous-type": "langues",
"type": "taxonomies"
}