{
"_id": "terme-2016-02-04-04-43-58-87274742325",
"ajouter-aux-favoris": false,
"breadcrumb": "taxonomies/langues/Yi/",
"description": "Description de Yi",
"fiche-a-completer": true,
"fiche-publiee": true,
"ISO-639-1": "ii",
"ISO-639-2": "iii",
"ISO-639-3": "iii",
"mise-a-jour": "2016-05-09-16-45-50",
"moment-de-creation": "2016-02-04-04-43-58",
"moment-de-modification": "2016-02-04-04-45-05",
"nom": "Yi",
"nom-anglais": ["Sichuan yi"],
"nom-arabe": ["&#1610;&#1610;"],
"nom-espagnol": ["Yi"],
"nom-folder": "Yi",
"nom-francais": ["Yi"],
"nom-italien": ["Yi"],
"nom-machine": "terme-2016-02-04-04-43-58-87274742325",
"nom-russe": ["&#1053;&#1086;&#1089;&#1091;"],
"sous-type": "langues",
"type": "taxonomies",
"URL-wikipedia": "https://fr.wikipedia.org/wiki/Yi_(langue)"
}