{
"_id": "terme-2016-02-04-04-23-02-87274666966",
"ajouter-aux-favoris": false,
"breadcrumb": "taxonomies/langues/Ecossais/",
"description": "Description de Ga&#233;lique &#233;cossais",
"fiche-a-completer": true,
"fiche-publiee": true,
"ISO-639-1": "gd",
"ISO-639-2": "gla",
"ISO-639-3": "gla",
"mise-a-jour": "2016-05-09-16-45-50",
"moment-de-creation": "2016-02-04-04-23-02",
"moment-de-modification": "2016-02-04-04-24-58",
"nom": "Ga&#233;lique &#233;cossais",
"nom-anglais": ["Scottish gaelic"],
"nom-arabe": ["&#1594;&#1610;&#1604;&#1610;&#1577; &#1575;&#1587;&#1603;&#1578;&#1604;&#1606;&#1583;&#1610;&#1577;"],
"nom-espagnol": ["Ga&#233;lico escoc&#233;s"],
"nom-folder": "Ecossais",
"nom-francais": ["Ga&#233;lique &#233;cossais"],
"nom-italien": ["Gaelico scozzese"],
"nom-machine": "terme-2016-02-04-04-23-02-87274666966",
"nom-russe": ["&#1050;&#1077;&#1083;&#1100;&#1090;&#1089;&#1082;&#1080;&#1081; &#1064;&#1086;&#1090;&#1083;&#1072;&#1085;&#1076;&#1089;&#1082;&#1080;&#1081;"],
"sous-type": "langues",
"type": "taxonomies",
"URL-wikipedia": "https://fr.wikipedia.org/wiki/Ga%C3%A9lique_%C3%A9cossais"
}