{
"_id": "terme-2016-02-04-05-16-15-87274858534",
"ajouter-aux-favoris": false,
"breadcrumb": "taxonomies/langues/Ganda/",
"description": "Description de Luganda",
"fiche-a-completer": true,
"fiche-publiee": true,
"ISO-639-1": "lg",
"ISO-639-2": "lug",
"ISO-639-3": "lug",
"mise-a-jour": "2016-05-09-16-45-50",
"moment-de-creation": "2016-02-04-05-16-15",
"moment-de-modification": "2016-02-04-05-16-53",
"nom": "Luganda",
"nom-anglais": ["Luganda"],
"nom-espagnol": ["Luganda"],
"nom-folder": "Ganda",
"nom-francais": ["Luganda"],
"nom-italien": ["Luganda"],
"nom-machine": "terme-2016-02-04-05-16-15-87274858534",
"nom-russe": ["&#1051;&#1091;&#1075;&#1072;&#1085;&#1076;&#1072;"],
"sous-type": "langues",
"type": "taxonomies",
"URL-wikipedia": "https://fr.wikipedia.org/wiki/Luganda"
}