{
"_id": "terme-2016-02-04-06-16-40-87275076018",
"ajouter-aux-favoris": false,
"breadcrumb": "taxonomies/langues/Slovene/",
"description": "Description de Slov&#232;ne",
"fiche-a-completer": false,
"fiche-publiee": true,
"ISO-639-1": "sl",
"ISO-639-2": "slv",
"ISO-639-3": "slv",
"mise-a-jour": "2017-01-23-16-33-30",
"moment-de-creation": "2016-02-04-06-16-40",
"moment-de-modification": "2016-02-04-06-17-13",
"nom": "Slov&#232;ne",
"nom-anglais": ["Slovene"],
"nom-arabe": ["&#1587;&#1604;&#1608;&#1601;&#1610;&#1606;&#1610;&#1577;"],
"nom-espagnol": ["Esloveno"],
"nom-folder": "Slovene",
"nom-francais": ["Slov&#232;ne"],
"nom-italien": ["Sloveno"],
"nom-machine": "terme-2016-02-04-06-16-40-87275076018",
"nom-russe": ["&#1057;&#1083;&#1086;&#1074;&#1077;&#1085;&#1089;&#1082;&#1080;&#1081;"],
"sous-type": "langues",
"type": "taxonomies",
"URL-wikipedia": "https://fr.wikipedia.org/wiki/Slov%C3%A8ne"
}