{
"_id": "terme-2016-02-04-06-18-21-87275082060",
"ajouter-aux-favoris": false,
"breadcrumb": "taxonomies/langues/Samoan/",
"description": "Description de Samoan",
"fiche-a-completer": true,
"fiche-publiee": true,
"ISO-639-1": "sm",
"ISO-639-2": "smo",
"ISO-639-3": "smo",
"mise-a-jour": "2016-05-09-16-45-50",
"moment-de-creation": "2016-02-04-06-18-21",
"moment-de-modification": "2016-02-04-06-18-57",
"nom": "Samoan",
"nom-anglais": ["Samoan"],
"nom-arabe": ["&#1587;&#1575;&#1605;&#1608;&#1610;&#1577;"],
"nom-espagnol": ["Samoano"],
"nom-folder": "Samoan",
"nom-francais": ["Samoan"],
"nom-italien": ["Samoano"],
"nom-machine": "terme-2016-02-04-06-18-21-87275082060",
"nom-russe": ["&#1057;&#1072;&#1084;&#1086;&#1072;&#1085;&#1089;&#1082;&#1080;&#1081;"],
"sous-type": "langues",
"type": "taxonomies",
"URL-wikipedia": "https://fr.wikipedia.org/wiki/Samoan"
}