{
"_id": "terme-2016-02-04-05-45-40-87274964433",
"ajouter-aux-favoris": false,
"breadcrumb": "taxonomies/langues/Chichewa/",
"description": "Description de Chichewa",
"fiche-a-completer": false,
"fiche-publiee": true,
"ISO-639-1": "ny",
"ISO-639-2": "nya",
"ISO-639-3": "nya",
"mise-a-jour": "2017-01-23-16-33-30",
"moment-de-creation": "2016-02-04-05-45-40",
"moment-de-modification": "2016-02-04-05-46-16",
"nom": "Chichewa",
"nom-anglais": ["Chichewa"],
"nom-arabe": ["&#1575;&#1604;&#1588;&#1610;&#1588;&#1610;&#1608;&#1575;"],
"nom-espagnol": ["Chichewa"],
"nom-folder": "Chichewa",
"nom-francais": ["Chichewa"],
"nom-italien": ["Chewa"],
"nom-machine": "terme-2016-02-04-05-45-40-87274964433",
"nom-russe": ["&#1053;&#1100;&#1103;&#1085;&#1076;&#1078;&#1072;"],
"sous-type": "langues",
"type": "taxonomies",
"URL-wikipedia": "https://fr.wikipedia.org/wiki/Chichewa"
}