{
"_id": "terme-2015-12-06-16-10-42-86966174549",
"ajouter-aux-favoris": false,
"breadcrumb": "taxonomies/langues/Georgien/",
"description": "Description de G&#233;orgien",
"fiche-a-completer": false,
"fiche-publiee": true,
"identifiant-drupal": 382367,
"ISO-639-1": "ka",
"ISO-639-2": "geo/kat",
"ISO-639-3": "kat",
"mise-a-jour": "2017-01-23-16-33-30",
"moment-de-creation": "2015-12-06-16-10-42",
"moment-de-modification": "2016-02-04-04-57-57",
"nom": "G&#233;orgien",
"nom-anglais": ["Georgian"],
"nom-arabe": ["&#1580;&#1608;&#1585;&#1580;&#1610;&#1577;"],
"nom-espagnol": ["Georgiano"],
"nom-folder": "Georgien",
"nom-francais": ["G&#233;orgien"],
"nom-italien": ["Georgiano"],
"nom-machine": "terme-2015-12-06-16-10-42-86966174549",
"nom-russe": ["&#1043;&#1088;&#1091;&#1079;&#1080;&#1085;&#1089;&#1082;&#1080;&#1081;"],
"sous-type": "langues",
"type": "taxonomies",
"URL-wikipedia": "https://fr.wikipedia.org/wiki/G%C3%A9orgien"
}