{
"_id": "terme-2016-02-04-05-53-20-87274992049",
"ajouter-aux-favoris": false,
"breadcrumb": "taxonomies/langues/Pali/",
"description": "Description de Pali",
"fiche-a-completer": false,
"fiche-publiee": true,
"ISO-639-1": "pi",
"ISO-639-2": "pli",
"ISO-639-3": "pli",
"mise-a-jour": "2017-01-23-16-33-30",
"moment-de-creation": "2016-02-04-05-53-20",
"moment-de-modification": "2016-02-04-05-54-35",
"nom": "Pali",
"nom-anglais": ["Pali"],
"nom-arabe": ["&#1576;&#1575;&#1604;&#1610;"],
"nom-espagnol": ["Pali"],
"nom-folder": "Pali",
"nom-francais": ["Pali"],
"nom-italien": ["P&#257;li"],
"nom-machine": "terme-2016-02-04-05-53-20-87274992049",
"nom-russe": ["&#1055;&#1072;&#1083;&#1080;"],
"sous-type": "langues",
"type": "taxonomies",
"URL-wikipedia": "https://fr.wikipedia.org/wiki/Pali"
}