{
"_id": "terme-2015-12-06-16-10-46-86966174803",
"ajouter-aux-favoris": false,
"breadcrumb": "taxonomies/langues/Thai/",
"description": "Description de Tha&#239;",
"fiche-a-completer": true,
"fiche-publiee": true,
"identifiant-drupal": 382408,
"ISO-639-1": "th",
"ISO-639-2": "tha",
"ISO-639-3": "tha",
"mise-a-jour": "2016-05-09-16-45-49",
"moment-de-creation": "2015-12-06-16-10-46",
"moment-de-modification": "2016-02-04-06-37-32",
"nom": "Tha&#239;",
"nom-anglais": ["Thai"],
"nom-arabe": ["&#1578;&#1575;&#1610;&#1604;&#1606;&#1583;&#1610;&#1577;"],
"nom-espagnol": ["Tailand&#233;s"],
"nom-folder": "Thai",
"nom-francais": ["Tha&#239;"],
"nom-italien": ["Thailandese"],
"nom-machine": "terme-2015-12-06-16-10-46-86966174803",
"nom-russe": ["&#1058;&#1072;&#1081;&#1089;&#1082;&#1080;&#1081;"],
"sous-type": "langues",
"type": "taxonomies",
"URL-wikipedia": "https://fr.wikipedia.org/wiki/Tha%C3%AF"
}