{
"_id": "terme-2015-12-06-16-10-45-86966174732",
"ajouter-aux-favoris": false,
"breadcrumb": "taxonomies/langues/Peul-(fulfulde)/",
"description": "Description de Peul",
"fiche-a-completer": true,
"fiche-publiee": true,
"identifiant-drupal": 317643,
"ISO-639-1": "ff",
"ISO-639-2": "ful",
"ISO-639-3": "ful",
"mise-a-jour": "2016-05-09-16-45-49",
"moment-de-creation": "2015-12-06-16-10-45",
"moment-de-modification": "2016-02-04-04-11-58",
"nom": "Peul",
"nom-anglais": ["Fula"],
"nom-arabe": ["&#1601;&#1608;&#1604;&#1575;&#1606;&#1610;&#1577;"],
"nom-espagnol": ["Fula"],
"nom-folder": "Peul-(fulfulde)",
"nom-francais": ["Peul"],
"nom-italien": ["Fula"],
"nom-machine": "terme-2015-12-06-16-10-45-86966174732",
"nom-russe": ["&#1060;&#1091;&#1083;&#1072;"],
"sous-type": "langues",
"type": "taxonomies",
"URL-wikipedia": "https://fr.wikipedia.org/wiki/Peul"
}