{
"_id": "terme-2015-12-06-16-10-41-86966174518",
"ajouter-aux-favoris": true,
"breadcrumb": "taxonomies/langues/Espagnol/",
"description": "Description de Espagnol",
"fiche-a-completer": true,
"fiche-defectueuse": false,
"fiche-publiee": true,
"identifiant-drupal": 317598,
"identifiant-drupal-parent": 0,
"ISO-639-1": "es",
"ISO-639-2": "spa",
"ISO-639-3": "spa",
"mise-a-jour": "2016-05-09-16-45-48",
"moment-de-creation": "2015-12-06-16-10-41",
"moment-de-modification": "2016-04-30-17-58-02",
"nom": "Espagnol",
"nom-anglais": ["Spanish"],
"nom-arabe": ["&#1573;&#1587;&#1576;&#1575;&#1606;&#1610;&#1577;"],
"nom-espagnol": ["Espa&#241;ol"],
"nom-folder": "Espagnol",
"nom-francais": ["Espagnol"],
"nom-italien": ["Spagnolo"],
"nom-machine": "terme-2015-12-06-16-10-41-86966174518",
"nom-russe": ["&#1048;&#1089;&#1087;&#1072;&#1085;&#1089;&#1082;&#1080;&#1081;"],
"sous-type": "langues",
"type": "taxonomies",
"URL-wikipedia": "https://fr.wikipedia.org/wiki/Espagnol"
}