{
"_id": "terme-2015-12-06-16-10-43-86966174589",
"ajouter-aux-favoris": false,
"breadcrumb": "taxonomies/langues/Inuinnaqtun/",
"description": "Description de Inuinnaqtun",
"fiche-a-completer": true,
"fiche-publiee": true,
"identifiant-drupal": 317614,
"mise-a-jour": "2016-05-09-16-45-48",
"moment-de-creation": "2015-12-06-16-10-43",
"moment-de-modification": "2015-01-04-02-27-57",
"nom": "Inuinnaqtun",
"nom-anglais": ["Inuinnaqtun"],
"nom-espagnol": ["Inuinnaqtun"],
"nom-folder": "Inuinnaqtun",
"nom-francais": ["Inuinnaqtun"],
"nom-italien": ["Inuinnaqtun"],
"nom-machine": "terme-2015-12-06-16-10-43-86966174589",
"nom-russe": ["&#1048;&#1085;&#1091;&#1080;&#1085;&#1085;&#1072;&#1082;&#1090;&#1091;&#1085;"],
"sous-type": "langues",
"type": "taxonomies"
}