{
"_id": "terme-2015-12-06-16-10-46-86966174789",
"ajouter-aux-favoris": false,
"breadcrumb": "taxonomies/langues/Suisse-allemand/",
"description": "Description de Suisse allemand",
"fiche-a-completer": true,
"fiche-publiee": true,
"identifiant-drupal": 317659,
"mise-a-jour": "2016-05-09-16-45-49",
"moment-de-creation": "2015-12-06-16-10-46",
"moment-de-modification": "2015-01-04-02-27-57",
"nom": "Suisse allemand",
"nom-anglais": ["Swiss german"],
"nom-arabe": ["&#1575;&#1604;&#1571;&#1604;&#1605;&#1575;&#1606;&#1610;&#1577; &#1575;&#1604;&#1587;&#1608;&#1610;&#1587;&#1585;&#1610;&#1577;"],
"nom-espagnol": ["Alem&#225;n de suiza"],
"nom-folder": "Suisse-allemand",
"nom-francais": ["Suisse allemand"],
"nom-italien": ["Svizzero tedesco"],
"nom-machine": "terme-2015-12-06-16-10-46-86966174789",
"nom-russe": ["&#1064;&#1074;&#1077;&#1081;&#1094;&#1072;&#1088;&#1089;&#1082;&#1080;&#1081; &#1076;&#1080;&#1072;&#1083;&#1077;&#1082;&#1090;"],
"sous-type": "langues",
"type": "taxonomies"
}