{
"_id": "terme-2016-02-04-06-23-00-87275098816",
"ajouter-aux-favoris": false,
"breadcrumb": "taxonomies/langues/Swati/",
"description": "Description de Swati",
"fiche-a-completer": false,
"fiche-publiee": true,
"ISO-639-1": "ss",
"ISO-639-2": "ssw",
"ISO-639-3": "ssw",
"mise-a-jour": "2017-01-23-16-33-30",
"moment-de-creation": "2016-02-04-06-23-00",
"moment-de-modification": "2016-02-04-06-23-58",
"nom": "Swati",
"nom-anglais": ["Swati"],
"nom-arabe": ["&#1587;&#1608;&#1575;&#1586;&#1610;"],
"nom-espagnol": ["Suazi"],
"nom-folder": "Swati",
"nom-francais": ["Swati"],
"nom-italien": ["Swati"],
"nom-machine": "terme-2016-02-04-06-23-00-87275098816",
"nom-russe": ["&#1057;&#1074;&#1072;&#1090;&#1080;"],
"sous-type": "langues",
"type": "taxonomies",
"URL-wikipedia": "https://fr.wikipedia.org/wiki/Swati"
}