{
"_id": "terme-2016-02-04-06-43-28-87275172483",
"ajouter-aux-favoris": false,
"breadcrumb": "taxonomies/langues/Tongien/",
"description": "Description de Tongien",
"fiche-a-completer": false,
"fiche-publiee": true,
"ISO-639-1": "to",
"ISO-639-2": "ton",
"ISO-639-3": "ton",
"mise-a-jour": "2017-01-23-16-33-30",
"moment-de-creation": "2016-02-04-06-43-28",
"moment-de-modification": "2016-02-04-06-44-15",
"nom": "Tongien",
"nom-anglais": ["Tongan"],
"nom-arabe": ["&#1575;&#1604;&#1578;&#1608;&#1606;&#1594;&#1610;&#1577;"],
"nom-espagnol": ["Tongano"],
"nom-folder": "Tongien",
"nom-francais": ["Tongien"],
"nom-italien": ["Tongano"],
"nom-machine": "terme-2016-02-04-06-43-28-87275172483",
"nom-russe": ["&#1058;&#1086;&#1085;&#1075;&#1072;&#1085;&#1089;&#1082;&#1080;&#1081;"],
"sous-type": "langues",
"type": "taxonomies",
"URL-wikipedia": "https://fr.wikipedia.org/wiki/Tongien"
}