{
"_id": "terme-2015-12-06-16-10-46-86966174761",
"ajouter-aux-favoris": true,
"breadcrumb": "taxonomies/langues/Russe/",
"description": "Description de Russe",
"fiche-a-completer": false,
"fiche-defectueuse": false,
"fiche-publiee": true,
"identifiant-drupal": 317652,
"identifiant-drupal-parent": 0,
"ISO-639-1": "ru",
"ISO-639-2": "rus",
"ISO-639-3": "rus",
"mise-a-jour": "2017-01-23-16-33-30",
"moment-de-creation": "2015-12-06-16-10-46",
"moment-de-modification": "2016-04-30-17-59-29",
"nom": "Russe",
"nom-anglais": ["Russian"],
"nom-arabe": ["&#1585;&#1608;&#1587;&#1610;&#1577;"],
"nom-espagnol": ["Ruso"],
"nom-folder": "Russe",
"nom-francais": ["Russe"],
"nom-italien": ["Russo"],
"nom-machine": "terme-2015-12-06-16-10-46-86966174761",
"nom-russe": ["&#1056;&#1091;&#1089;&#1089;&#1082;&#1080;&#1081;"],
"sous-type": "langues",
"type": "taxonomies",
"URL-wikipedia": "https://fr.wikipedia.org/wiki/Russe"
}