{
"_id": "terme-2016-02-04-04-27-53-87274684415",
"ajouter-aux-favoris": false,
"breadcrumb": "taxonomies/langues/Mannois/",
"description": "Description de Mannois",
"fiche-a-completer": false,
"fiche-publiee": true,
"ISO-639-1": "gv",
"ISO-639-2": "glv",
"ISO-639-3": "glv",
"mise-a-jour": "2017-01-23-16-33-30",
"moment-de-creation": "2016-02-04-04-27-53",
"moment-de-modification": "2016-02-04-04-29-04",
"nom": "Mannois",
"nom-anglais": ["Manx"],
"nom-arabe": ["&#1605;&#1606;&#1603;&#1610;&#1577;"],
"nom-espagnol": ["Man&#233;s"],
"nom-folder": "Mannois",
"nom-francais": ["Mannois"],
"nom-italien": ["Mannese"],
"nom-machine": "terme-2016-02-04-04-27-53-87274684415",
"nom-russe": ["&#1052;&#1101;&#1085;&#1089;&#1082;&#1080;&#1081;"],
"sous-type": "langues",
"type": "taxonomies",
"URL-wikipedia": "https://fr.wikipedia.org/wiki/Mannois"
}