{
"_id": "terme-2015-12-06-16-10-45-86966174739",
"ajouter-aux-favoris": false,
"breadcrumb": "taxonomies/langues/Pied-noir/",
"description": "Description de Pied-noir",
"fiche-a-completer": false,
"fiche-publiee": true,
"identifiant-drupal": 317644,
"mise-a-jour": "2017-01-23-16-33-30",
"moment-de-creation": "2015-12-06-16-10-45",
"moment-de-modification": "2015-01-04-02-27-57",
"nom": "Pied-noir",
"nom-anglais": ["Blackfoot"],
"nom-espagnol": ["Siksik&#225;"],
"nom-folder": "Pied-noir",
"nom-francais": ["Pied-noir"],
"nom-italien": ["Piedi neri"],
"nom-machine": "terme-2015-12-06-16-10-45-86966174739",
"nom-russe": ["&#1041;&#1083;&#1101;&#1082;&#1092;&#1091;&#1090;"],
"sous-type": "langues",
"type": "taxonomies"
}