{
"_id": "terme-2016-02-04-06-42-41-87275169688",
"ajouter-aux-favoris": false,
"breadcrumb": "taxonomies/langues/Tswana/",
"description": "Description de Tswana",
"fiche-a-completer": false,
"fiche-publiee": true,
"ISO-639-1": "tn",
"ISO-639-2": "tsn",
"ISO-639-3": "tsn",
"mise-a-jour": "2017-01-23-16-33-30",
"moment-de-creation": "2016-02-04-06-42-41",
"moment-de-modification": "2016-02-04-06-43-16",
"nom": "Tswana",
"nom-anglais": ["Tswana"],
"nom-arabe": ["&#1578;&#1587;&#1608;&#1575;&#1606;&#1610;&#1577;"],
"nom-espagnol": ["Setsuana"],
"nom-folder": "Tswana",
"nom-francais": ["Tswana"],
"nom-italien": ["Tswana"],
"nom-machine": "terme-2016-02-04-06-42-41-87275169688",
"nom-russe": ["&#1058;&#1089;&#1074;&#1072;&#1085;&#1072;"],
"sous-type": "langues",
"type": "taxonomies",
"URL-wikipedia": "https://fr.wikipedia.org/wiki/Tswana"
}