{
"_id": "terme-2016-02-04-06-14-47-87275069231",
"ajouter-aux-favoris": false,
"breadcrumb": "taxonomies/langues/Cingalais/",
"description": "Description de Cingalais",
"fiche-a-completer": true,
"fiche-publiee": true,
"ISO-639-1": "si",
"ISO-639-2": "sin",
"ISO-639-3": "sin",
"mise-a-jour": "2016-05-09-16-45-50",
"moment-de-creation": "2016-02-04-06-14-47",
"moment-de-modification": "2016-02-04-06-15-25",
"nom": "Cingalais",
"nom-anglais": ["Sinhalese"],
"nom-arabe": ["&#1587;&#1606;&#1607;&#1575;&#1604;&#1610;&#1577;"],
"nom-espagnol": ["Cingal&#233;s"],
"nom-folder": "Cingalais",
"nom-francais": ["Cingalais"],
"nom-italien": ["Singalese"],
"nom-machine": "terme-2016-02-04-06-14-47-87275069231",
"nom-russe": ["&#1057;&#1080;&#1085;&#1075;&#1072;&#1083;&#1100;&#1089;&#1082;&#1080;&#1081;"],
"sous-type": "langues",
"type": "taxonomies",
"URL-wikipedia": "https://fr.wikipedia.org/wiki/Cingalais"
}