{
"_id": "terme-2015-12-06-16-10-47-86966174841",
"ajouter-aux-favoris": false,
"breadcrumb": "taxonomies/langues/Zoulou/",
"description": "Description de Zoulou",
"fiche-a-completer": false,
"fiche-publiee": true,
"identifiant-drupal": 317672,
"ISO-639-1": "zu",
"ISO-639-2": "zul",
"ISO-639-3": "zul",
"mise-a-jour": "2017-01-23-16-33-30",
"moment-de-creation": "2015-12-06-16-10-47",
"moment-de-modification": "2016-02-04-07-04-31",
"nom": "Zoulou",
"nom-anglais": ["Zulu"],
"nom-arabe": ["&#1586;&#1608;&#1604;&#1608;&#1610;&#1577;"],
"nom-espagnol": ["Zul&#250;"],
"nom-folder": "Zoulou",
"nom-francais": ["Zoulou"],
"nom-italien": ["Zulu"],
"nom-machine": "terme-2015-12-06-16-10-47-86966174841",
"nom-russe": ["&#1047;&#1091;&#1083;&#1091;"],
"sous-type": "langues",
"type": "taxonomies",
"URL-wikipedia": "https://fr.wikipedia.org/wiki/Zoulou"
}