{
"_id": "terme-2016-02-04-06-12-55-87275062555",
"ajouter-aux-favoris": false,
"breadcrumb": "taxonomies/langues/Same-du-Nord/",
"description": "Description de Same du Nord",
"fiche-a-completer": true,
"fiche-publiee": true,
"ISO-639-1": "se",
"ISO-639-2": "sme",
"ISO-639-3": "sme",
"mise-a-jour": "2016-05-09-16-45-50",
"moment-de-creation": "2016-02-04-06-12-55",
"moment-de-modification": "2016-02-04-06-13-39",
"nom": "Same du Nord",
"nom-anglais": ["Northern sami"],
"nom-arabe": ["&#1587;&#1575;&#1605;&#1610; &#1575;&#1604;&#1588;&#1605;&#1575;&#1604;&#1610;&#1577;"],
"nom-espagnol": ["Sami septentrional"],
"nom-folder": "Same-du-Nord",
"nom-francais": ["Same du Nord"],
"nom-italien": ["Sami settentrionale"],
"nom-machine": "terme-2016-02-04-06-12-55-87275062555",
"nom-russe": ["&#1057;&#1077;&#1074;&#1077;&#1088;&#1085;&#1086;&#1089;&#1072;&#1072;&#1084;&#1089;&#1082;&#1080;&#1081;"],
"sous-type": "langues",
"type": "taxonomies",
"URL-wikipedia": "https://fr.wikipedia.org/wiki/Same_du_Nord"
}