{
"_id": "terme-2015-12-06-16-10-40-86966174454",
"ajouter-aux-favoris": false,
"breadcrumb": "taxonomies/langues/Azeri/",
"description": "Description de Az&#233;ri",
"fiche-a-completer": true,
"fiche-publiee": true,
"identifiant-drupal": 382366,
"ISO-639-1": "az",
"ISO-639-2": "aze",
"ISO-639-3": "aze",
"mise-a-jour": "2016-05-09-16-45-48",
"moment-de-creation": "2015-12-06-16-10-40",
"moment-de-modification": "2016-02-04-03-24-58",
"nom": "Az&#233;ri",
"nom-anglais": ["Azerbaijani"],
"nom-arabe": ["&#1571;&#1584;&#1585;&#1610;&#1577;"],
"nom-espagnol": ["Azer&#237;"],
"nom-folder": "Azeri",
"nom-francais": ["Az&#233;ri"],
"nom-italien": ["Azero"],
"nom-machine": "terme-2015-12-06-16-10-40-86966174454",
"nom-russe": ["&#1040;&#1079;&#1077;&#1088;&#1073;&#1072;&#1081;&#1076;&#1078;&#1072;&#1085;&#1089;&#1082;&#1080;&#1081;"],
"sous-type": "langues",
"type": "taxonomies",
"URL-wikipedia": "https://fr.wikipedia.org/wiki/Az%C3%A9ri"
}