{
"_id": "terme-2016-02-04-03-59-29-87274582183",
"ajouter-aux-favoris": false,
"breadcrumb": "taxonomies/langues/Maldivien/",
"description": "Description de Maldivien",
"fiche-a-completer": false,
"fiche-publiee": true,
"ISO-639-1": "dv",
"ISO-639-2": "div",
"ISO-639-3": "div",
"mise-a-jour": "2017-01-23-16-33-30",
"moment-de-creation": "2016-02-04-03-59-29",
"moment-de-modification": "2016-02-04-04-00-09",
"nom": "Maldivien",
"nom-anglais": ["Maldivian"],
"nom-arabe": ["&#1583;&#1610;&#1601;&#1607;&#1610;"],
"nom-espagnol": ["Maldivo"],
"nom-folder": "Maldivien",
"nom-francais": ["Maldivien"],
"nom-italien": ["Maldiviano"],
"nom-machine": "terme-2016-02-04-03-59-29-87274582183",
"nom-russe": ["&#1052;&#1072;&#1083;&#1100;&#1076;&#1080;&#1074;&#1089;&#1082;&#1080;&#1081;"],
"sous-type": "langues",
"type": "taxonomies",
"URL-wikipedia": "https://fr.wikipedia.org/wiki/Maldivien"
}