{
"_id": "terme-2015-12-06-16-10-44-86966174643",
"ajouter-aux-favoris": false,
"breadcrumb": "taxonomies/langues/Maltais/",
"description": "Description de Maltais",
"fiche-a-completer": false,
"fiche-publiee": true,
"identifiant-drupal": 317624,
"ISO-639-1": "mt",
"ISO-639-2": "mlt",
"ISO-639-3": "mlt",
"mise-a-jour": "2017-01-23-16-33-30",
"moment-de-creation": "2015-12-06-16-10-44",
"moment-de-modification": "2016-02-04-05-34-11",
"nom": "Maltais",
"nom-anglais": ["Maltese"],
"nom-arabe": ["&#1605;&#1575;&#1604;&#1591;&#1610;&#1577;"],
"nom-espagnol": ["Malt&#233;s"],
"nom-folder": "Maltais",
"nom-francais": ["Maltais"],
"nom-italien": ["Maltese"],
"nom-machine": "terme-2015-12-06-16-10-44-86966174643",
"nom-russe": ["&#1052;&#1072;&#1083;&#1100;&#1090;&#1080;&#1081;&#1089;&#1082;&#1080;&#1081;"],
"sous-type": "langues",
"type": "taxonomies",
"URL-wikipedia": "https://fr.wikipedia.org/wiki/Maltais"
}