{
"_id": "terme-2015-12-06-16-10-40-86966174448",
"ajouter-aux-favoris": false,
"breadcrumb": "taxonomies/langues/Atikamekw/",
"description": "Description de Atikamekw",
"fiche-a-completer": true,
"fiche-publiee": true,
"identifiant-drupal": 317578,
"mise-a-jour": "2016-05-09-16-45-48",
"moment-de-creation": "2015-12-06-16-10-40",
"moment-de-modification": "2015-01-04-02-27-57",
"nom": "Atikamekw",
"nom-anglais": ["Atikamekw"],
"nom-arabe": ["&#1571;&#1578;&#1610;&#1603;&#1575;&#1605;&#1610;&#1603;&#1610;&#1577;"],
"nom-espagnol": ["Atikamekw"],
"nom-folder": "Atikamekw",
"nom-francais": ["Atikamekw"],
"nom-italien": ["Atikamekw"],
"nom-machine": "terme-2015-12-06-16-10-40-86966174448",
"nom-russe": ["&#1040;&#1090;&#1080;&#1082;&#1072;&#1084;&#1077;&#1082;"],
"sous-type": "langues",
"type": "taxonomies"
}