{
"_id": "terme-2015-12-06-16-10-46-86966174801",
"ajouter-aux-favoris": false,
"breadcrumb": "taxonomies/langues/Tetoum/",
"description": "Description de T&#233;toum",
"fiche-a-completer": true,
"fiche-publiee": true,
"identifiant-drupal": 382407,
"mise-a-jour": "2016-05-09-16-45-49",
"moment-de-creation": "2015-12-06-16-10-46",
"moment-de-modification": "2015-01-04-02-27-57",
"nom": "T&#233;toum",
"nom-anglais": ["Tetum"],
"nom-arabe": ["&#1578;&#1610;&#1578;&#1608;&#1605;&#1610;&#1577;"],
"nom-espagnol": ["Tetun"],
"nom-folder": "Tetoum",
"nom-francais": ["T&#233;toum"],
"nom-italien": ["Tetum"],
"nom-machine": "terme-2015-12-06-16-10-46-86966174801",
"nom-russe": ["&#1058;&#1077;&#1090;&#1091;&#1084;"],
"sous-type": "langues",
"type": "taxonomies"
}