{
"_id": "terme-2015-12-06-16-10-42-86966174575",
"ajouter-aux-favoris": false,
"breadcrumb": "taxonomies/langues/Huasteque/",
"description": "Description de Huast&#232;que",
"fiche-a-completer": false,
"fiche-publiee": true,
"identifiant-drupal": 377528,
"mise-a-jour": "2017-01-23-16-33-30",
"moment-de-creation": "2015-12-06-16-10-42",
"moment-de-modification": "2015-01-04-02-27-58",
"nom": "Huast&#232;que",
"nom-anglais": ["Huastec"],
"nom-espagnol": ["Huasteco"],
"nom-folder": "Huasteque",
"nom-francais": ["Huast&#232;que"],
"nom-italien": ["Huasteco"],
"nom-machine": "terme-2015-12-06-16-10-42-86966174575",
"nom-russe": ["&#1059;&#1072;&#1089;&#1090;&#1077;&#1082;&#1089;&#1082;&#1080;&#1081;"],
"sous-type": "langues",
"type": "taxonomies"
}