{
"_id": "terme-2016-02-04-05-35-27-87274927670",
"ajouter-aux-favoris": false,
"breadcrumb": "taxonomies/langues/Nauruan/",
"description": "Description de Nauruan",
"fiche-a-completer": true,
"fiche-publiee": true,
"ISO-639-1": "na",
"ISO-639-2": "nau",
"ISO-639-3": "nau",
"mise-a-jour": "2016-05-09-16-45-50",
"moment-de-creation": "2016-02-04-05-35-27",
"moment-de-modification": "2016-02-04-05-36-04",
"nom": "Nauruan",
"nom-anglais": ["Nauru"],
"nom-arabe": ["&#1606;&#1575;&#1608;&#1585;&#1608;&#1606;&#1610;&#1577;"],
"nom-espagnol": ["Nauruano"],
"nom-folder": "Nauruan",
"nom-francais": ["Nauruan"],
"nom-italien": ["Nauruano"],
"nom-machine": "terme-2016-02-04-05-35-27-87274927670",
"nom-russe": ["&#1053;&#1072;&#1091;&#1088;&#1091;&#1072;&#1085;&#1089;&#1082;&#1080;&#1081;"],
"sous-type": "langues",
"type": "taxonomies",
"URL-wikipedia": "https://fr.wikipedia.org/wiki/Nauruan"
}