{
"_id": "terme-2016-02-04-05-37-31-87274935067",
"ajouter-aux-favoris": false,
"breadcrumb": "taxonomies/langues/Sindebele/",
"description": "Description de Sindebele",
"fiche-a-completer": false,
"fiche-publiee": true,
"ISO-639-1": "nd",
"ISO-639-2": "nde",
"ISO-639-3": "nde",
"mise-a-jour": "2017-01-23-16-33-30",
"moment-de-creation": "2016-02-04-05-37-31",
"moment-de-modification": "2016-02-04-05-38-11",
"nom": "Sindebele",
"nom-anglais": ["North ndebele"],
"nom-espagnol": ["Ndebele del norte"],
"nom-folder": "Sindebele",
"nom-francais": ["Sindebele"],
"nom-italien": ["Ndebele del Nord"],
"nom-machine": "terme-2016-02-04-05-37-31-87274935067",
"nom-russe": ["&#1057;&#1077;&#1074;&#1077;&#1088;&#1085;&#1099;&#1081; &#1085;&#1076;&#1077;&#1073;&#1077;&#1083;&#1077;"],
"sous-type": "langues",
"type": "taxonomies",
"URL-wikipedia": "https://fr.wikipedia.org/wiki/Sindebele"
}