{
"_id": "terme-2016-02-04-06-24-00-87275102422",
"ajouter-aux-favoris": false,
"breadcrumb": "taxonomies/langues/Sotho-du-Sud/",
"description": "Description de Sotho du Sud",
"fiche-a-completer": false,
"fiche-publiee": true,
"ISO-639-1": "st",
"ISO-639-2": "sot",
"ISO-639-3": "sot",
"mise-a-jour": "2017-01-23-16-33-30",
"moment-de-creation": "2016-02-04-06-24-00",
"moment-de-modification": "2016-02-04-06-24-57",
"nom": "Sotho du Sud",
"nom-anglais": ["Sotho"],
"nom-arabe": ["&#1587;&#1608;&#1578;&#1610;&#1577;"],
"nom-espagnol": ["Sesotho"],
"nom-folder": "Sotho-du-Sud",
"nom-francais": ["Sotho du Sud"],
"nom-italien": ["Sotho del Sud"],
"nom-machine": "terme-2016-02-04-06-24-00-87275102422",
"nom-russe": ["&#1057;&#1077;&#1089;&#1086;&#1090;&#1086;"],
"sous-type": "langues",
"type": "taxonomies",
"URL-wikipedia": "https://fr.wikipedia.org/wiki/Sotho_du_Sud"
}