{
"_id": "terme-2015-12-06-16-10-41-86966174476",
"ajouter-aux-favoris": false,
"breadcrumb": "taxonomies/langues/Bulgare/",
"description": "Description de Bulgare",
"fiche-a-completer": true,
"fiche-publiee": true,
"identifiant-drupal": 317585,
"ISO-639-1": "bg",
"ISO-639-2": "bul",
"ISO-639-3": "bul",
"mise-a-jour": "2016-05-09-16-45-48",
"moment-de-creation": "2015-12-06-16-10-41",
"moment-de-modification": "2016-02-04-03-27-47",
"nom": "Bulgare",
"nom-anglais": ["Bulgarian"],
"nom-arabe": ["&#1576;&#1604;&#1594;&#1575;&#1585;&#1610;&#1577;"],
"nom-espagnol": ["B&#250;lgaro"],
"nom-folder": "Bulgare",
"nom-francais": ["Bulgare"],
"nom-italien": ["Bulgaro"],
"nom-machine": "terme-2015-12-06-16-10-41-86966174476",
"nom-russe": ["&#1041;&#1086;&#1083;&#1075;&#1072;&#1088;&#1089;&#1082;&#1080;&#1081;"],
"sous-type": "langues",
"type": "taxonomies",
"URL-wikipedia": "https://fr.wikipedia.org/wiki/Bulgare"
}