{
"_id": "terme-2016-02-04-03-20-10-87274440639",
"ajouter-aux-favoris": false,
"breadcrumb": "taxonomies/langues/Assamais/",
"description": "Description de Assamais",
"fiche-a-completer": false,
"fiche-publiee": true,
"ISO-639-1": "as",
"ISO-639-2": "asm",
"ISO-639-3": "asm",
"mise-a-jour": "2017-01-23-16-33-30",
"moment-de-creation": "2016-02-04-03-20-10",
"moment-de-modification": "2016-02-04-03-20-53",
"nom": "Assamais",
"nom-anglais": ["Assamese"],
"nom-arabe": ["&#1570;&#1587;&#1575;&#1605;&#1610;&#1577;"],
"nom-espagnol": ["Asam&#233;s"],
"nom-folder": "Assamais",
"nom-francais": ["Assamais"],
"nom-italien": ["Assamese"],
"nom-machine": "terme-2016-02-04-03-20-10-87274440639",
"nom-russe": ["&#1040;&#1089;&#1089;&#1072;&#1084;&#1089;&#1082;&#1080;&#1081;"],
"sous-type": "langues",
"type": "taxonomies",
"URL-wikipedia": "https://fr.wikipedia.org/wiki/Assamais"
}