{
"_id": "terme-2016-01-29-15-48-17-87246029830",
"breadcrumb": "taxonomies/langues//Limousin/",
"description": "Description de Limousin",
"fiche-publiee": true,
"mise-a-jour": "2016-05-09-16-45-49",
"moment-de-creation": "2016-01-29-15-48-17",
"moment-de-modification": "2016-01-29-15-50-22",
"nom": "Limousin",
"nom-anglais": ["Limousin"],
"nom-espagnol": ["Occitano limos&#237;n"],
"nom-folder": "Limousin",
"nom-francais": ["Limousin"],
"nom-italien": ["Limosino"],
"nom-machine": "terme-2016-01-29-15-48-17-87246029830",
"nom-russe": ["&#1051;&#1080;&#1084;&#1091;&#1079;&#1077;&#1085;&#1089;&#1082;&#1080;&#1081;"],
"sous-type": "langues",
"type": "taxonomies"
}