{
"_id": "terme-2015-12-06-16-10-41-86966174485",
"ajouter-aux-favoris": false,
"breadcrumb": "taxonomies/langues/Cheroki/",
"description": "Description de Ch&#233;roki",
"fiche-a-completer": true,
"fiche-publiee": true,
"identifiant-drupal": 317588,
"mise-a-jour": "2016-05-09-16-45-48",
"moment-de-creation": "2015-12-06-16-10-41",
"moment-de-modification": "2015-01-04-02-27-57",
"nom": "Ch&#233;roki",
"nom-anglais": ["Cherokee"],
"nom-arabe": ["&#1588;&#1610;&#1585;&#1608;&#1603;&#1610;"],
"nom-espagnol": ["Cheroqui"],
"nom-folder": "Cheroki",
"nom-francais": ["Ch&#233;roki"],
"nom-italien": ["Cherokee"],
"nom-machine": "terme-2015-12-06-16-10-41-86966174485",
"nom-russe": ["&#1063;&#1077;&#1088;&#1086;&#1082;&#1080;"],
"sous-type": "langues",
"type": "taxonomies"
}