{
"_id": "terme-2016-02-04-05-06-02-87274821760",
"ajouter-aux-favoris": false,
"breadcrumb": "taxonomies/langues/Kannada/",
"description": "Description de Kannada",
"fiche-a-completer": true,
"fiche-publiee": true,
"ISO-639-1": "kn",
"ISO-639-2": "kan",
"ISO-639-3": "kan",
"mise-a-jour": "2016-05-09-16-45-50",
"moment-de-creation": "2016-02-04-05-06-02",
"moment-de-modification": "2016-02-04-05-06-38",
"nom": "Kannada",
"nom-anglais": ["Kannada"],
"nom-arabe": ["&#1603;&#1606;&#1575;&#1583;&#1610;&#1577;"],
"nom-espagnol": ["Canar&#233;s"],
"nom-folder": "Kannada",
"nom-francais": ["Kannada"],
"nom-italien": ["Kannada"],
"nom-machine": "terme-2016-02-04-05-06-02-87274821760",
"nom-russe": ["&#1050;&#1072;&#1085;&#1085;&#1072;&#1076;&#1072;"],
"sous-type": "langues",
"type": "taxonomies",
"URL-wikipedia": "https://fr.wikipedia.org/wiki/Kannada"
}