{
"_id": "terme-2015-12-06-16-10-41-86966174509",
"ajouter-aux-favoris": false,
"breadcrumb": "taxonomies/langues/Cri/",
"description": "Description de Cri",
"fiche-a-completer": true,
"fiche-publiee": true,
"identifiant-drupal": 317594,
"ISO-639-1": "cr",
"ISO-639-2": "cre",
"ISO-639-3": "cre",
"mise-a-jour": "2016-05-09-16-45-48",
"moment-de-creation": "2015-12-06-16-10-41",
"moment-de-modification": "2016-02-04-03-44-58",
"nom": "Cri",
"nom-anglais": ["Cree"],
"nom-arabe": ["&#1603;&#1585;&#1610;"],
"nom-espagnol": ["Cree"],
"nom-folder": "Cri",
"nom-francais": ["Cri"],
"nom-italien": ["Cree"],
"nom-machine": "terme-2015-12-06-16-10-41-86966174509",
"nom-russe": ["&#1050;&#1088;&#1080;"],
"sous-type": "langues",
"type": "taxonomies",
"URL-wikipedia": "https://fr.wikipedia.org/wiki/Cri_(langue)"
}