{
"_id": "terme-2016-02-04-03-40-09-87274512588",
"ajouter-aux-favoris": false,
"breadcrumb": "taxonomies/langues/Tchetchene/",
"description": "Description de Tch&#233;tch&#232;ne",
"fiche-a-completer": true,
"fiche-publiee": true,
"ISO-639-1": "ce",
"ISO-639-2": "che",
"ISO-639-3": "che",
"mise-a-jour": "2016-05-09-16-45-50",
"moment-de-creation": "2016-02-04-03-40-09",
"moment-de-modification": "2016-02-04-03-41-28",
"nom": "Tch&#233;tch&#232;ne",
"nom-anglais": ["Chechen"],
"nom-arabe": ["&#1588;&#1610;&#1588;&#1575;&#1606;&#1610;&#1577;"],
"nom-espagnol": ["Checheno"],
"nom-folder": "Tchetchene",
"nom-francais": ["Tch&#233;tch&#232;ne"],
"nom-italien": ["Ceceno"],
"nom-machine": "terme-2016-02-04-03-40-09-87274512588",
"nom-russe": ["&#1063;&#1077;&#1095;&#1077;&#1085;&#1089;&#1082;&#1080;&#1081;"],
"sous-type": "langues",
"type": "taxonomies",
"URL-wikipedia": "https://fr.wikipedia.org/wiki/Tch%C3%A9tch%C3%A8ne"
}