{
"_id": "terme-2016-01-29-16-16-31-87246131496",
"breadcrumb": "taxonomies/langues//Portugais-bresilien/",
"description": "Description de Portugais br&#233;silien",
"fiche-publiee": true,
"mise-a-jour": "2016-05-09-16-45-50",
"moment-de-creation": "2016-01-29-16-16-31",
"moment-de-modification": "2016-01-29-16-23-48",
"nom": "Portugais br&#233;silien",
"nom-anglais": ["Brasilian portuguese"],
"nom-arabe": ["&#1575;&#1604;&#1576;&#1585;&#1578;&#1594;&#1575;&#1604;&#1610;&#1577; &#1575;&#1604;&#1576;&#1585;&#1575;&#1586;&#1610;&#1604;&#1610;&#1577;"],
"nom-espagnol": ["Portugu&#233;s brasile&#241;o"],
"nom-folder": "Portugais-bresilien",
"nom-francais": ["Portugais br&#233;silien"],
"nom-italien": ["Portoghese brasiliano"],
"nom-machine": "terme-2016-01-29-16-16-31-87246131496",
"nom-russe": ["&#1041;&#1088;&#1072;&#1079;&#1080;&#1083;&#1100;&#1089;&#1082;&#1080;&#1081; &#1087;&#1086;&#1088;&#1090;&#1091;&#1075;&#1072;&#1083;&#1100;&#1089;&#1082;&#1080;&#1081;"],
"sous-type": "langues",
"type": "taxonomies"
}