{
"_id": "terme-2015-12-06-16-10-43-86966174629",
"ajouter-aux-favoris": false,
"breadcrumb": "taxonomies/langues/Lituanien/",
"description": "Description de Lituanien",
"fiche-a-completer": false,
"fiche-publiee": true,
"identifiant-drupal": 379456,
"ISO-639-1": "lt",
"ISO-639-2": "lit",
"ISO-639-3": "lit",
"mise-a-jour": "2017-01-23-16-33-30",
"moment-de-creation": "2015-12-06-16-10-43",
"moment-de-modification": "2016-02-04-05-20-33",
"nom": "Lituanien",
"nom-anglais": ["Lithuanian"],
"nom-arabe": ["&#1604;&#1610;&#1578;&#1608;&#1575;&#1606;&#1610;&#1577;"],
"nom-espagnol": ["Lituano"],
"nom-folder": "Lituanien",
"nom-francais": ["Lituanien"],
"nom-italien": ["Lituano"],
"nom-machine": "terme-2015-12-06-16-10-43-86966174629",
"nom-russe": ["&#1051;&#1080;&#1090;&#1086;&#1074;&#1089;&#1082;&#1080;&#1081;"],
"sous-type": "langues",
"type": "taxonomies",
"URL-wikipedia": "https://fr.wikipedia.org/wiki/Lituanien"
}