{
"_id": "terme-2015-12-06-16-10-41-86966174471",
"ajouter-aux-favoris": false,
"breadcrumb": "taxonomies/langues/Bosnien/",
"description": "Description de Bosnien",
"fiche-a-completer": true,
"fiche-publiee": true,
"identifiant-drupal": 382405,
"ISO-639-1": "bs",
"ISO-639-2": "bos",
"ISO-639-3": "bos",
"mise-a-jour": "2016-05-09-16-45-48",
"moment-de-creation": "2015-12-06-16-10-41",
"moment-de-modification": "2016-02-04-03-38-35",
"nom": "Bosnien",
"nom-anglais": ["Bosnian"],
"nom-arabe": ["&#1576;&#1608;&#1587;&#1606;&#1608;&#1610;&#1577;"],
"nom-espagnol": ["Bosnio"],
"nom-folder": "Bosnien",
"nom-francais": ["Bosnien"],
"nom-italien": ["Bosniaco"],
"nom-machine": "terme-2015-12-06-16-10-41-86966174471",
"nom-russe": ["&#1041;&#1086;&#1089;&#1085;&#1080;&#1081;&#1089;&#1082;&#1080;&#1081;"],
"sous-type": "langues",
"type": "taxonomies",
"URL-wikipedia": "https://fr.wikipedia.org/wiki/Bosnien"
}