{
"_id": "terme-2015-12-06-16-10-46-86966174786",
"ajouter-aux-favoris": false,
"breadcrumb": "taxonomies/langues/Suedois/",
"description": "Description de Su&#233;dois",
"fiche-a-completer": true,
"fiche-publiee": true,
"identifiant-drupal": 317658,
"ISO-639-1": "sv",
"ISO-639-2": "swe",
"ISO-639-3": "swe",
"mise-a-jour": "2016-05-09-16-45-49",
"moment-de-creation": "2015-12-06-16-10-46",
"moment-de-modification": "2016-02-04-06-26-46",
"nom": "Su&#233;dois",
"nom-anglais": ["Swedish"],
"nom-arabe": ["&#1587;&#1608;&#1610;&#1583;&#1610;&#1577;"],
"nom-espagnol": ["Sueco"],
"nom-folder": "Suedois",
"nom-francais": ["Su&#233;dois"],
"nom-italien": ["Svedese"],
"nom-machine": "terme-2015-12-06-16-10-46-86966174786",
"nom-russe": ["&#1064;&#1074;&#1077;&#1076;&#1089;&#1082;&#1080;&#1081;"],
"sous-type": "langues",
"type": "taxonomies",
"URL-wikipedia": "https://fr.wikipedia.org/wiki/Su%C3%A9dois"
}