{
"_id": "terme-2015-12-06-16-10-44-86966174686",
"ajouter-aux-favoris": false,
"breadcrumb": "taxonomies/langues/Nepalais/",
"description": "Description de N&#233;palais",
"fiche-a-completer": true,
"fiche-publiee": true,
"identifiant-drupal": 382404,
"ISO-639-1": "ne",
"ISO-639-2": "nep",
"ISO-639-3": "nep",
"mise-a-jour": "2016-05-09-16-45-49",
"moment-de-creation": "2015-12-06-16-10-44",
"moment-de-modification": "2016-02-04-05-39-03",
"nom": "N&#233;palais",
"nom-anglais": ["Nepali"],
"nom-arabe": ["&#1606;&#1610;&#1576;&#1575;&#1604;&#1610;&#1577;"],
"nom-espagnol": ["Nepal&#237;"],
"nom-folder": "Nepalais",
"nom-francais": ["N&#233;palais"],
"nom-italien": ["Nepalese"],
"nom-machine": "terme-2015-12-06-16-10-44-86966174686",
"nom-russe": ["&#1053;&#1077;&#1087;&#1072;&#1083;&#1100;&#1089;&#1082;&#1080;&#1081;"],
"sous-type": "langues",
"type": "taxonomies",
"URL-wikipedia": "https://fr.wikipedia.org/wiki/N%C3%A9palais"
}