{
"_id": "terme-2015-12-06-16-10-44-86966174653",
"ajouter-aux-favoris": false,
"breadcrumb": "taxonomies/langues/Mazateque/",
"description": "Description de Mazat&#232;que",
"fiche-a-completer": false,
"fiche-publiee": true,
"identifiant-drupal": 377527,
"mise-a-jour": "2017-01-23-16-33-30",
"moment-de-creation": "2015-12-06-16-10-44",
"moment-de-modification": "2015-01-04-02-27-58",
"nom": "Mazat&#232;que",
"nom-anglais": ["Mazatec"],
"nom-espagnol": ["Mazateco"],
"nom-folder": "Mazateque",
"nom-francais": ["Mazat&#232;que"],
"nom-italien": ["Mazateco"],
"nom-machine": "terme-2015-12-06-16-10-44-86966174653",
"nom-russe": ["&#1052;&#1072;&#1089;&#1072;&#1090;&#1077;&#1082;&#1080;"],
"sous-type": "langues",
"type": "taxonomies"
}