{
"_id": "terme-2015-12-06-16-10-40-86966174424",
"ajouter-aux-favoris": false,
"breadcrumb": "taxonomies/langues/Algonquin/",
"description": "Description de Algonquin",
"fiche-a-completer": false,
"fiche-publiee": true,
"identifiant-drupal": 317568,
"mise-a-jour": "2017-01-23-16-33-30",
"moment-de-creation": "2015-12-06-16-10-40",
"moment-de-modification": "2015-01-04-02-27-57",
"nom": "Algonquin",
"nom-anglais": ["Algonkin"],
"nom-arabe": ["&#1570;&#1604;&#1594;&#1608;&#1606;&#1603;&#1608;&#1610;&#1606;"],
"nom-espagnol": ["Algonquino"],
"nom-folder": "Algonquin",
"nom-francais": ["Algonquin"],
"nom-italien": ["Algonchino"],
"nom-machine": "terme-2015-12-06-16-10-40-86966174424",
"nom-russe": ["&#1040;&#1083;&#1075;&#1086;&#1085;&#1082;&#1074;&#1080;&#1085;&#1089;&#1082;&#1080;&#1081;"],
"sous-type": "langues",
"type": "taxonomies"
}