{
"_id": "terme-2016-02-04-06-00-58-87275019532",
"ajouter-aux-favoris": false,
"breadcrumb": "taxonomies/langues/Romanche/",
"description": "Description de Romanche",
"fiche-a-completer": true,
"fiche-publiee": true,
"ISO-639-1": "rm",
"ISO-639-2": "roh",
"ISO-639-3": "roh",
"mise-a-jour": "2016-05-09-16-45-50",
"moment-de-creation": "2016-02-04-06-00-58",
"moment-de-modification": "2016-02-04-06-01-37",
"nom": "Romanche",
"nom-anglais": ["Romansh"],
"nom-arabe": ["&#1585;&#1608;&#1605;&#1575;&#1606;&#1588;&#1610;&#1577;"],
"nom-espagnol": ["Romanche"],
"nom-folder": "Romanche",
"nom-francais": ["Romanche"],
"nom-italien": ["Romancio"],
"nom-machine": "terme-2016-02-04-06-00-58-87275019532",
"nom-russe": ["&#1056;&#1086;&#1084;&#1072;&#1085;&#1096;&#1089;&#1082;&#1080;&#1081;"],
"sous-type": "langues",
"type": "taxonomies",
"URL-wikipedia": "https://fr.wikipedia.org/wiki/Romanche"
}