{
"_id": "terme-2015-12-06-16-10-43-86966174593",
"ajouter-aux-favoris": false,
"breadcrumb": "taxonomies/langues/Inupiak/",
"description": "Description de Inupiaq",
"fiche-a-completer": true,
"fiche-publiee": true,
"identifiant-drupal": 317616,
"ISO-639-1": "ik",
"ISO-639-2": "ipk",
"ISO-639-3": "ipk",
"mise-a-jour": "2016-05-09-16-45-48",
"moment-de-creation": "2015-12-06-16-10-43",
"moment-de-modification": "2016-02-04-04-45-54",
"nom": "Inupiaq",
"nom-anglais": ["Inupiaq"],
"nom-espagnol": ["I&#241;upiaq"],
"nom-folder": "Inupiak",
"nom-francais": ["Inupiaq"],
"nom-italien": ["Inupiaq"],
"nom-machine": "terme-2015-12-06-16-10-43-86966174593",
"nom-russe": ["&#1040;&#1083;&#1103;&#1089;&#1082;&#1080;&#1085;&#1089;&#1082;&#1086;-&#1080;&#1085;&#1091;&#1080;&#1090;&#1089;&#1082;&#1080;&#1077;"],
"sous-type": "langues",
"type": "taxonomies",
"URL-wikipedia": "https://fr.wikipedia.org/wiki/Inupiak"
}