{
"_id": "terme-2015-12-06-16-10-46-86966174796",
"ajouter-aux-favoris": false,
"breadcrumb": "taxonomies/langues/Tadjik/",
"description": "Description de Tadjik",
"fiche-a-completer": true,
"fiche-publiee": true,
"identifiant-drupal": 382372,
"ISO-639-1": "tg",
"ISO-639-2": "tgk",
"ISO-639-3": "tgk",
"mise-a-jour": "2016-05-09-16-45-49",
"moment-de-creation": "2015-12-06-16-10-46",
"moment-de-modification": "2016-02-04-06-36-57",
"nom": "Tadjik",
"nom-anglais": ["Tajik"],
"nom-arabe": ["&#1591;&#1575;&#1580;&#1610;&#1603;&#1610;&#1577;"],
"nom-espagnol": ["Tayiko"],
"nom-folder": "Tadjik",
"nom-francais": ["Tadjik"],
"nom-italien": ["Tagico"],
"nom-machine": "terme-2015-12-06-16-10-46-86966174796",
"nom-russe": ["&#1058;&#1072;&#1076;&#1078;&#1080;&#1082;&#1089;&#1082;&#1080;&#1081;"],
"sous-type": "langues",
"type": "taxonomies",
"URL-wikipedia": "https://fr.wikipedia.org/wiki/Tadjik"
}