{
"_id": "terme-2016-02-04-05-19-02-87274868579",
"ajouter-aux-favoris": false,
"breadcrumb": "taxonomies/langues/Lao/",
"description": "Description de Lao",
"fiche-a-completer": false,
"fiche-publiee": true,
"ISO-639-1": "lo",
"ISO-639-2": "lao",
"ISO-639-3": "lao",
"mise-a-jour": "2017-01-23-16-33-30",
"moment-de-creation": "2016-02-04-05-19-02",
"moment-de-modification": "2016-02-04-05-19-44",
"nom": "Lao",
"nom-anglais": ["Lao"],
"nom-arabe": ["&#1604;&#1575;&#1608;"],
"nom-espagnol": ["Lao"],
"nom-folder": "Lao",
"nom-francais": ["Lao"],
"nom-italien": ["Lao"],
"nom-machine": "terme-2016-02-04-05-19-02-87274868579",
"nom-russe": ["&#1051;&#1072;&#1086;&#1089;&#1089;&#1082;&#1080;&#1081;"],
"sous-type": "langues",
"type": "taxonomies",
"URL-wikipedia": "https://fr.wikipedia.org/wiki/Lao_(langue)"
}