{
"_id": "terme-2016-02-04-05-23-24-87274884272",
"ajouter-aux-favoris": false,
"breadcrumb": "taxonomies/langues/Marshallais/",
"description": "Description de Marshallais",
"fiche-a-completer": true,
"fiche-publiee": true,
"ISO-639-1": "mh",
"ISO-639-2": "mah",
"ISO-639-3": "mah",
"mise-a-jour": "2016-05-09-16-45-50",
"moment-de-creation": "2016-02-04-05-23-24",
"moment-de-modification": "2016-02-04-05-24-12",
"nom": "Marshallais",
"nom-anglais": ["Marshallese"],
"nom-arabe": ["&#1605;&#1575;&#1585;&#1588;&#1575;&#1604;&#1610;&#1577;"],
"nom-espagnol": ["Marshal&#233;s"],
"nom-folder": "Marshallais",
"nom-francais": ["Marshallais"],
"nom-italien": ["Marshallese"],
"nom-machine": "terme-2016-02-04-05-23-24-87274884272",
"nom-russe": ["&#1052;&#1072;&#1088;&#1096;&#1072;&#1083;&#1083;&#1100;&#1089;&#1082;&#1080;&#1081;"],
"sous-type": "langues",
"type": "taxonomies",
"URL-wikipedia": "https://fr.wikipedia.org/wiki/Marshallais"
}