{
"_id": "terme-2015-12-06-16-10-40-86966174443",
"ajouter-aux-favoris": false,
"breadcrumb": "taxonomies/langues/Armenien/",
"description": "Description de Arm&#233;nien",
"fiche-a-completer": true,
"fiche-publiee": true,
"identifiant-drupal": 380942,
"ISO-639-1": "hy",
"ISO-639-2": "arm/hye",
"ISO-639-3": "hye",
"mise-a-jour": "2016-05-09-16-45-48",
"moment-de-creation": "2015-12-06-16-10-40",
"moment-de-modification": "2016-02-04-04-36-17",
"nom": "Arm&#233;nien",
"nom-anglais": ["Armenian"],
"nom-arabe": ["&#1571;&#1585;&#1605;&#1606;&#1610;&#1577;"],
"nom-espagnol": ["Armenio"],
"nom-folder": "Armenien",
"nom-francais": ["Arm&#233;nien"],
"nom-italien": ["Armeno"],
"nom-machine": "terme-2015-12-06-16-10-40-86966174443",
"nom-russe": ["&#1040;&#1088;&#1084;&#1103;&#1085;&#1089;&#1082;&#1080;&#1081;"],
"sous-type": "langues",
"type": "taxonomies",
"URL-wikipedia": "https://fr.wikipedia.org/wiki/Arm%C3%A9nien"
}