{
"_id": "terme-2015-12-06-16-10-41-86966174516",
"ajouter-aux-favoris": false,
"breadcrumb": "taxonomies/langues/Dari/",
"description": "Description de Dari",
"fiche-a-completer": true,
"fiche-publiee": true,
"identifiant-drupal": 382377,
"mise-a-jour": "2016-05-09-16-45-48",
"moment-de-creation": "2015-12-06-16-10-41",
"moment-de-modification": "2015-01-04-02-27-57",
"nom": "Dari",
"nom-anglais": ["Dari"],
"nom-arabe": ["&#1583;&#1585;&#1610;&#1577;"],
"nom-espagnol": ["Persa dar&#237;"],
"nom-folder": "Dari",
"nom-francais": ["Dari"],
"nom-italien": ["Dari"],
"nom-machine": "terme-2015-12-06-16-10-41-86966174516",
"nom-russe": ["&#1044;&#1072;&#1088;&#1080;"],
"sous-type": "langues",
"type": "taxonomies"
}