{
"_id": "terme-2015-12-06-16-10-45-86966174711",
"ajouter-aux-favoris": false,
"breadcrumb": "taxonomies/langues/Ojibwemowin/",
"description": "Description de Ojibwemowin",
"fiche-a-completer": true,
"fiche-publiee": true,
"identifiant-drupal": 380972,
"mise-a-jour": "2016-05-09-16-45-49",
"moment-de-creation": "2015-12-06-16-10-45",
"moment-de-modification": "2015-01-04-02-27-58",
"nom": "Ojibwemowin",
"nom-anglais": ["Ojibwa"],
"nom-arabe": ["&#1571;&#1580;&#1610;&#1576;&#1608;&#1610;"],
"nom-espagnol": ["Ojibwa"],
"nom-folder": "Ojibwemowin",
"nom-francais": ["Ojibwemowin"],
"nom-italien": ["Ojibwe"],
"nom-machine": "terme-2015-12-06-16-10-45-86966174711",
"nom-russe": ["&#1054;&#1076;&#1078;&#1080;&#1073;&#1074;&#1077;"],
"sous-type": "langues",
"type": "taxonomies"
}