{
"_id": "terme-2016-02-04-06-06-28-87275039317",
"ajouter-aux-favoris": false,
"breadcrumb": "taxonomies/langues/Sanskrit/",
"description": "Description de Sanskrit",
"fiche-a-completer": true,
"fiche-publiee": true,
"ISO-639-1": "sa",
"ISO-639-2": "san",
"ISO-639-3": "san",
"mise-a-jour": "2016-05-09-16-45-50",
"moment-de-creation": "2016-02-04-06-06-28",
"moment-de-modification": "2016-02-04-06-07-03",
"nom": "Sanskrit",
"nom-anglais": ["Sanskrit"],
"nom-arabe": ["&#1587;&#1606;&#1587;&#1603;&#1585;&#1610;&#1578;&#1610;&#1577;"],
"nom-espagnol": ["S&#225;nscrito"],
"nom-folder": "Sanskrit",
"nom-francais": ["Sanskrit"],
"nom-italien": ["Sanscrito"],
"nom-machine": "terme-2016-02-04-06-06-28-87275039317",
"nom-russe": ["&#1057;&#1072;&#1085;&#1089;&#1082;&#1088;&#1080;&#1090;"],
"sous-type": "langues",
"type": "taxonomies",
"URL-wikipedia": "https://fr.wikipedia.org/wiki/Sanskrit"
}