{
"_id": "terme-2015-12-06-16-10-43-86966174624",
"ajouter-aux-favoris": false,
"breadcrumb": "taxonomies/langues/Latin/",
"description": "Description de Latin",
"fiche-a-completer": true,
"fiche-publiee": true,
"identifiant-drupal": 380796,
"ISO-639-1": "la",
"ISO-639-2": "lat",
"ISO-639-3": "lat",
"mise-a-jour": "2016-05-09-16-45-48",
"moment-de-creation": "2015-12-06-16-10-43",
"moment-de-modification": "2016-02-04-05-14-52",
"nom": "Latin",
"nom-anglais": ["Latin"],
"nom-arabe": ["&#1604;&#1575;&#1578;&#1610;&#1606;&#1610;&#1577;"],
"nom-espagnol": ["Latino"],
"nom-folder": "Latin",
"nom-francais": ["Latin"],
"nom-italien": ["Latino"],
"nom-machine": "terme-2015-12-06-16-10-43-86966174624",
"nom-russe": ["&#1051;&#1072;&#1090;&#1080;&#1085;&#1089;&#1082;&#1080;&#1081;"],
"sous-type": "langues",
"type": "taxonomies",
"URL-wikipedia": "https://fr.wikipedia.org/wiki/Latin"
}