{
"_id": "terme-2016-02-04-04-14-47-87274637265",
"ajouter-aux-favoris": false,
"breadcrumb": "taxonomies/langues/Finnois/",
"description": "Description de Finnois",
"fiche-a-completer": false,
"fiche-publiee": true,
"ISO-639-1": "fi",
"ISO-639-2": "fin",
"ISO-639-3": "fin",
"mise-a-jour": "2017-01-23-16-33-30",
"moment-de-creation": "2016-02-04-04-14-47",
"moment-de-modification": "2016-02-04-04-15-42",
"nom": "Finnois",
"nom-anglais": ["Finnish"],
"nom-arabe": ["&#1601;&#1606;&#1604;&#1606;&#1583;&#1610;&#1577;"],
"nom-espagnol": ["Fin&#233;s"],
"nom-folder": "Finnois",
"nom-francais": ["Finnois"],
"nom-italien": ["Finlandese"],
"nom-machine": "terme-2016-02-04-04-14-47-87274637265",
"nom-russe": ["&#1060;&#1080;&#1085;&#1089;&#1082;&#1080;&#1081;"],
"sous-type": "langues",
"type": "taxonomies",
"URL-wikipedia": "https://fr.wikipedia.org/wiki/Finnois"
}