{
"_id": "terme-2016-02-04-04-20-47-87274658846",
"ajouter-aux-favoris": false,
"breadcrumb": "taxonomies/langues/Frison/",
"description": "Description de Frison occidental",
"fiche-a-completer": false,
"fiche-publiee": true,
"ISO-639-1": "fy",
"ISO-639-2": "fry",
"ISO-639-3": "fry",
"mise-a-jour": "2017-01-23-16-33-30",
"moment-de-creation": "2016-02-04-04-20-47",
"moment-de-modification": "2016-02-04-04-21-29",
"nom": "Frison occidental",
"nom-anglais": ["Western frisian"],
"nom-arabe": ["&#1575;&#1604;&#1601;&#1585;&#1610;&#1586;&#1610;&#1577; &#1575;&#1604;&#1594;&#1585;&#1576;&#1610;&#1577;"],
"nom-espagnol": ["Fris&#243;n occidental"],
"nom-folder": "Frison",
"nom-francais": ["Frison occidental"],
"nom-italien": ["Frisone occidentale"],
"nom-machine": "terme-2016-02-04-04-20-47-87274658846",
"nom-russe": ["&#1047;&#1072;&#1087;&#1072;&#1076;&#1085;&#1086;&#1092;&#1088;&#1080;&#1079;&#1089;&#1082;&#1080;&#1081;"],
"sous-type": "langues",
"type": "taxonomies",
"URL-wikipedia": "https://fr.wikipedia.org/wiki/Frison_(langue)"
}