{
"_id": "terme-2015-12-06-16-10-41-86966174466",
"ajouter-aux-favoris": false,
"breadcrumb": "taxonomies/langues/Bielorusse/",
"description": "Description de Bi&#233;lorusse",
"fiche-a-completer": false,
"fiche-publiee": true,
"identifiant-drupal": 380445,
"ISO-639-1": "be",
"ISO-639-2": "bel",
"ISO-639-3": "bel",
"mise-a-jour": "2017-01-23-16-33-30",
"moment-de-creation": "2015-12-06-16-10-41",
"moment-de-modification": "2016-02-04-03-26-56",
"nom": "Bi&#233;lorusse",
"nom-anglais": ["Belarusian"],
"nom-arabe": ["&#1576;&#1610;&#1604;&#1575;&#1585;&#1608;&#1587;&#1610;&#1577;"],
"nom-espagnol": ["Bielorruso"],
"nom-folder": "Bielorusse",
"nom-francais": ["Bi&#233;lorusse"],
"nom-italien": ["Bielorusso"],
"nom-machine": "terme-2015-12-06-16-10-41-86966174466",
"nom-russe": ["&#1041;&#1077;&#1083;&#1086;&#1088;&#1091;&#1089;&#1089;&#1082;&#1080;&#1081;"],
"sous-type": "langues",
"type": "taxonomies",
"URL-wikipedia": "https://fr.wikipedia.org/wiki/Bi%C3%A9lorusse"
}