{
"_id": "terme-2015-12-06-16-10-44-86966174693",
"ajouter-aux-favoris": false,
"breadcrumb": "taxonomies/langues/Norvegien/Hognorsk/",
"description": "Description de Hognorsk",
"fiche-a-completer": true,
"fiche-publiee": true,
"identifiant-drupal": 380437,
"mise-a-jour": "2016-05-09-16-45-49",
"moment-de-creation": "2015-12-06-16-10-44",
"moment-de-modification": "2015-01-04-02-27-57",
"nom": "Hognorsk",
"nom-anglais": ["H&#248;gnorsk"],
"nom-espagnol": ["H&#248;gnorsk"],
"nom-folder": "Hognorsk",
"nom-francais": ["Hognorsk"],
"nom-italien": ["H&#248;gnorsk"],
"nom-machine": "terme-2015-12-06-16-10-44-86966174693",
"sous-type": "langues",
"type": "taxonomies"
}