{
"_id": "terme-2015-12-06-16-10-40-86966174426",
"ajouter-aux-favoris": true,
"breadcrumb": "taxonomies/langues/Allemand/",
"description": "Description de Allemand",
"fiche-a-completer": true,
"fiche-defectueuse": false,
"fiche-publiee": true,
"identifiant-drupal": 317571,
"identifiant-drupal-parent": 0,
"ISO-639-1": "de",
"ISO-639-2": "ger/deu",
"ISO-639-3": "deu",
"mise-a-jour": "2016-05-09-16-45-48",
"moment-de-creation": "2015-12-06-16-10-40",
"moment-de-modification": "2016-04-30-17-57-05",
"nom": "Allemand",
"nom-anglais": ["German"],
"nom-arabe": ["&#1571;&#1604;&#1605;&#1575;&#1606;&#1610;&#1577;"],
"nom-espagnol": ["Alem&#225;n"],
"nom-folder": "Allemand",
"nom-francais": ["Allemand"],
"nom-italien": ["Tedesco"],
"nom-machine": "terme-2015-12-06-16-10-40-86966174426",
"nom-russe": ["&#1053;&#1077;&#1084;&#1077;&#1094;&#1082;&#1080;&#1081;"],
"sous-type": "langues",
"type": "taxonomies",
"URL-wikipedia": "https://fr.wikipedia.org/wiki/Allemand"
}