{
"_id": "terme-2015-12-06-16-10-43-86966174600",
"ajouter-aux-favoris": true,
"breadcrumb": "taxonomies/langues/Italien/",
"description": "Description de Italien",
"fiche-a-completer": true,
"fiche-defectueuse": false,
"fiche-publiee": true,
"identifiant-drupal": 317619,
"identifiant-drupal-parent": 0,
"ISO-639-1": "it",
"ISO-639-2": "ita",
"ISO-639-3": "ita",
"mise-a-jour": "2016-05-09-16-45-48",
"moment-de-creation": "2015-12-06-16-10-43",
"moment-de-modification": "2016-04-30-17-58-46",
"nom": "Italien",
"nom-anglais": ["Italian"],
"nom-arabe": ["&#1573;&#1610;&#1591;&#1575;&#1604;&#1610;&#1577;"],
"nom-espagnol": ["Italiano"],
"nom-folder": "Italien",
"nom-francais": ["Italien"],
"nom-italien": ["Italiano"],
"nom-machine": "terme-2015-12-06-16-10-43-86966174600",
"nom-russe": ["&#1048;&#1090;&#1072;&#1083;&#1100;&#1103;&#1085;&#1089;&#1082;&#1080;&#1081;"],
"sous-type": "langues",
"type": "taxonomies",
"URL-wikipedia": "https://fr.wikipedia.org/wiki/Italien"
}