{
"_id": "terme-2015-12-06-16-10-44-86966174646",
"ajouter-aux-favoris": false,
"breadcrumb": "taxonomies/langues/Mandarin/",
"description": "Description de Mandarin",
"fiche-a-completer": true,
"fiche-publiee": true,
"identifiant-drupal": 369327,
"mise-a-jour": "2016-05-09-16-45-49",
"moment-de-creation": "2015-12-06-16-10-44",
"moment-de-modification": "2015-01-04-02-27-57",
"nom": "Mandarin",
"nom-anglais": ["Mandarin"],
"nom-arabe": ["&#1605;&#1575;&#1606;&#1583;&#1585;&#1575;&#1610;&#1606; &#1575;&#1604;&#1589;&#1610;&#1606;&#1610;&#1577;"],
"nom-espagnol": ["Mandar&#237;n"],
"nom-folder": "Mandarin",
"nom-francais": ["Mandarin"],
"nom-italien": ["Mandarino"],
"nom-machine": "terme-2015-12-06-16-10-44-86966174646",
"nom-russe": ["&#1057;&#1077;&#1074;&#1077;&#1088;&#1085;&#1086;&#1082;&#1080;&#1090;&#1072;&#1081;&#1089;&#1082;&#1080;&#1081;"],
"sous-type": "langues",
"type": "taxonomies"
}