{
"_id": "terme-2015-12-06-16-10-45-86966174714",
"ajouter-aux-favoris": false,
"breadcrumb": "taxonomies/langues/Old-English/",
"description": "Description de Old english",
"fiche-a-completer": false,
"fiche-publiee": true,
"identifiant-drupal": 380795,
"mise-a-jour": "2017-01-23-16-33-30",
"moment-de-creation": "2015-12-06-16-10-45",
"moment-de-modification": "2015-01-04-02-27-57",
"nom": "Old english",
"nom-anglais": ["Vieil anglais"],
"nom-arabe": ["&#1573;&#1606;&#1580;&#1604;&#1610;&#1586;&#1610;&#1577; &#1602;&#1583;&#1610;&#1605;&#1577;"],
"nom-espagnol": ["Ingl&#233;s antiguo"],
"nom-folder": "Old-English",
"nom-francais": ["Old english"],
"nom-italien": ["Inglese antico"],
"nom-machine": "terme-2015-12-06-16-10-45-86966174714",
"nom-russe": ["&#1044;&#1088;&#1077;&#1074;&#1085;&#1077;&#1072;&#1085;&#1075;&#1083;&#1080;&#1081;&#1089;&#1082;&#1080;&#1081;"],
"sous-type": "langues",
"type": "taxonomies"
}