{
"_id": "terme-2015-12-06-16-10-41-86966174505",
"ajouter-aux-favoris": false,
"breadcrumb": "taxonomies/langues/Creole-haitien/",
"description": "Description de Cr&#233;ole ha&#239;tien",
"fiche-a-completer": false,
"fiche-publiee": true,
"identifiant-drupal": 317592,
"ISO-639-1": "ht",
"ISO-639-2": "hat",
"ISO-639-3": "hat",
"mise-a-jour": "2017-01-23-16-33-30",
"moment-de-creation": "2015-12-06-16-10-41",
"moment-de-modification": "2016-02-04-04-34-29",
"nom": "Cr&#233;ole ha&#239;tien",
"nom-anglais": ["Haitian creole"],
"nom-arabe": ["&#1603;&#1585;&#1610;&#1608;&#1604;&#1610;&#1577; &#1607;&#1575;&#1610;&#1578;&#1610;&#1577;"],
"nom-espagnol": ["Criollo haitiano"],
"nom-folder": "Creole-haitien",
"nom-francais": ["Cr&#233;ole ha&#239;tien"],
"nom-italien": ["Creolo haitiano"],
"nom-machine": "terme-2015-12-06-16-10-41-86966174505",
"nom-russe": ["&#1043;&#1072;&#1080;&#1090;&#1103;&#1085;&#1089;&#1082;&#1080;&#1081; &#1082;&#1088;&#1077;&#1086;&#1083;&#1100;&#1089;&#1082;&#1080;&#1081;"],
"sous-type": "langues",
"type": "taxonomies",
"URL-wikipedia": "https://fr.wikipedia.org/wiki/Cr%C3%A9ole_ha%C3%AFtien"
}