{
"_id": "terme-2015-12-06-16-10-41-86966174514",
"ajouter-aux-favoris": false,
"breadcrumb": "taxonomies/langues/Danois/",
"description": "Description de Danois",
"fiche-a-completer": false,
"fiche-publiee": true,
"identifiant-drupal": 317596,
"ISO-639-1": "da",
"ISO-639-2": "dan",
"ISO-639-3": "dan",
"mise-a-jour": "2017-01-23-16-33-30",
"moment-de-creation": "2015-12-06-16-10-41",
"moment-de-modification": "2016-02-04-03-51-23",
"nom": "Danois",
"nom-anglais": ["Danish"],
"nom-arabe": ["&#1583;&#1606;&#1605;&#1575;&#1585;&#1603;&#1610;&#1577;"],
"nom-espagnol": ["Dan&#233;s"],
"nom-folder": "Danois",
"nom-francais": ["Danois"],
"nom-italien": ["Danese"],
"nom-machine": "terme-2015-12-06-16-10-41-86966174514",
"nom-russe": ["&#1044;&#1072;&#1090;&#1089;&#1082;&#1080;&#1081;"],
"sous-type": "langues",
"type": "taxonomies",
"URL-wikipedia": "https://fr.wikipedia.org/wiki/Danois"
}