{
"_id": "terme-2015-12-06-16-10-41-86966174512",
"ajouter-aux-favoris": false,
"breadcrumb": "taxonomies/langues/Croate/",
"description": "Description de Croate",
"fiche-a-completer": true,
"fiche-publiee": true,
"identifiant-drupal": 317595,
"ISO-639-1": "hr",
"ISO-639-2": "scr/hrv",
"ISO-639-3": "hrv",
"mise-a-jour": "2016-05-09-16-45-48",
"moment-de-creation": "2015-12-06-16-10-41",
"moment-de-modification": "2016-02-04-04-33-34",
"nom": "Croate",
"nom-anglais": ["Croatian"],
"nom-arabe": ["&#1603;&#1585;&#1608;&#1575;&#1578;&#1610;&#1577;"],
"nom-espagnol": ["Croata"],
"nom-folder": "Croate",
"nom-francais": ["Croate"],
"nom-italien": ["Croato"],
"nom-machine": "terme-2015-12-06-16-10-41-86966174512",
"nom-russe": ["&#1061;&#1086;&#1088;&#1074;&#1072;&#1090;&#1089;&#1082;&#1080;&#1081;"],
"sous-type": "langues",
"type": "taxonomies",
"URL-wikipedia": "https://fr.wikipedia.org/wiki/Croate"
}