{
"_id": "terme-2015-12-06-16-10-45-86966174707",
"ajouter-aux-favoris": false,
"breadcrumb": "taxonomies/langues/Occitan/",
"description": "Description de Occitan",
"fiche-a-completer": false,
"fiche-publiee": true,
"identifiant-drupal": 317637,
"ISO-639-1": "oc",
"ISO-639-2": "oci",
"ISO-639-3": "oci",
"mise-a-jour": "2017-01-23-16-33-30",
"moment-de-creation": "2015-12-06-16-10-45",
"moment-de-modification": "2016-02-04-05-47-55",
"nom": "Occitan",
"nom-anglais": ["Occitan"],
"nom-arabe": ["&#1602;&#1587;&#1591;&#1575;&#1606;&#1610;&#1577;"],
"nom-espagnol": ["Occitano"],
"nom-folder": "Occitan",
"nom-francais": ["Occitan"],
"nom-italien": ["Occitano"],
"nom-machine": "terme-2015-12-06-16-10-45-86966174707",
"nom-russe": ["&#1054;&#1082;&#1089;&#1080;&#1090;&#1072;&#1085;&#1089;&#1082;&#1080;&#1081;"],
"sous-type": "langues",
"type": "taxonomies",
"URL-wikipedia": "https://fr.wikipedia.org/wiki/Occitan"
}