{
"_id": "terme-2015-12-06-16-10-43-86966174615",
"ajouter-aux-favoris": false,
"breadcrumb": "taxonomies/langues/Kirghiz/",
"description": "Description de Kirghize",
"fiche-a-completer": false,
"fiche-publiee": true,
"identifiant-drupal": 382369,
"ISO-639-1": "ky",
"ISO-639-2": "kir",
"ISO-639-3": "kir",
"mise-a-jour": "2017-01-23-16-33-30",
"moment-de-creation": "2015-12-06-16-10-43",
"moment-de-modification": "2016-02-04-05-14-05",
"nom": "Kirghize",
"nom-anglais": ["Kyrgyz"],
"nom-arabe": [" &#1602;&#1610;&#1585;&#1594;&#1610;&#1586;&#1610;&#1577;"],
"nom-espagnol": ["Kirgu&#237;s"],
"nom-folder": "Kirghiz",
"nom-francais": ["Kirghize"],
"nom-italien": ["Kirghizo"],
"nom-machine": "terme-2015-12-06-16-10-43-86966174615",
"nom-russe": ["&#1050;&#1080;&#1088;&#1075;&#1080;&#1079;&#1089;&#1082;&#1080;&#1081;"],
"sous-type": "langues",
"type": "taxonomies",
"URL-wikipedia": "https://fr.wikipedia.org/wiki/Kirghize_(langue)"
}