{
"_id": "terme-2015-12-06-16-10-43-86966174591",
"ajouter-aux-favoris": false,
"breadcrumb": "taxonomies/langues/Inuktitut/",
"description": "Description de Inuktitut",
"fiche-a-completer": false,
"fiche-publiee": true,
"identifiant-drupal": 317615,
"ISO-639-1": "iu",
"ISO-639-2": "iku",
"ISO-639-3": "iku",
"mise-a-jour": "2017-01-23-16-33-30",
"moment-de-creation": "2015-12-06-16-10-43",
"moment-de-modification": "2016-02-04-04-51-28",
"nom": "Inuktitut",
"nom-anglais": ["Inuktitut"],
"nom-arabe": ["&#1573;&#1606;&#1603;&#1578;&#1610;&#1578;&#1608;&#1578;&#1610;&#1577;"],
"nom-espagnol": ["Inuktitut"],
"nom-folder": "Inuktitut",
"nom-francais": ["Inuktitut"],
"nom-italien": ["Inuktitut"],
"nom-machine": "terme-2015-12-06-16-10-43-86966174591",
"nom-russe": ["&#1048;&#1085;&#1091;&#1082;&#1090;&#1080;&#1090;&#1091;&#1090;"],
"sous-type": "langues",
"type": "taxonomies",
"URL-wikipedia": "https://fr.wikipedia.org/wiki/Inuktitut"
}