{
"_id": "terme-2016-02-04-04-41-43-87274734216",
"ajouter-aux-favoris": false,
"breadcrumb": "taxonomies/langues/Occidental/",
"description": "Description de Occidental",
"fiche-a-completer": false,
"fiche-publiee": true,
"ISO-639-1": "ie",
"ISO-639-2": "ile",
"ISO-639-3": "ile",
"mise-a-jour": "2017-01-23-16-33-30",
"moment-de-creation": "2016-02-04-04-41-43",
"moment-de-modification": "2016-02-04-04-42-35",
"nom": "Occidental",
"nom-anglais": ["Interlingue"],
"nom-arabe": ["&#1575;&#1604;&#1594;&#1585;&#1576;&#1610;"],
"nom-espagnol": ["Occidental"],
"nom-folder": "Occidental",
"nom-francais": ["Occidental"],
"nom-italien": ["Occidental"],
"nom-machine": "terme-2016-02-04-04-41-43-87274734216",
"nom-russe": ["&#1048;&#1085;&#1090;&#1077;&#1088;&#1083;&#1080;&#1085;&#1075;&#1074;&#1077;"],
"sous-type": "langues",
"type": "taxonomies",
"URL-wikipedia": "https://fr.wikipedia.org/wiki/Occidental_(langue)"
}