{
"_id": "terme-2015-12-06-16-10-43-86966174605",
"ajouter-aux-favoris": false,
"breadcrumb": "taxonomies/langues/Kabyle/",
"description": "Description de Kabyle",
"fiche-a-completer": true,
"fiche-publiee": true,
"identifiant-drupal": 380430,
"mise-a-jour": "2016-05-09-16-45-48",
"moment-de-creation": "2015-12-06-16-10-43",
"moment-de-modification": "2015-01-04-02-27-57",
"nom": "Kabyle",
"nom-anglais": ["Kabyle"],
"nom-arabe": ["&#1604;&#1607;&#1580;&#1577; &#1602;&#1576;&#1575;&#1574;&#1604;&#1610;&#1577;"],
"nom-espagnol": ["Cabilio"],
"nom-folder": "Kabyle",
"nom-francais": ["Kabyle"],
"nom-italien": ["Cabilo"],
"nom-machine": "terme-2015-12-06-16-10-43-86966174605",
"nom-russe": ["&#1050;&#1072;&#1073;&#1080;&#1083;&#1100;&#1089;&#1082;&#1080;&#1081;"],
"sous-type": "langues",
"type": "taxonomies"
}