{
"_id": "terme-2016-02-04-06-34-35-87275140552",
"ajouter-aux-favoris": false,
"breadcrumb": "taxonomies/langues/Telugu/",
"description": "Description de T&#233;lougou",
"fiche-a-completer": true,
"fiche-publiee": true,
"ISO-639-1": "te",
"ISO-639-2": "tel",
"ISO-639-3": "tel",
"mise-a-jour": "2016-05-09-16-45-50",
"moment-de-creation": "2016-02-04-06-34-35",
"moment-de-modification": "2016-02-04-06-36-03",
"nom": "T&#233;lougou",
"nom-anglais": ["Telugu"],
"nom-arabe": ["&#1578;&#1610;&#1604;&#1608;&#1594;&#1608;&#1610;&#1577;"],
"nom-espagnol": ["T&#233;lugu"],
"nom-folder": "Telugu",
"nom-francais": ["T&#233;lougou"],
"nom-italien": ["Telugu"],
"nom-machine": "terme-2016-02-04-06-34-35-87275140552",
"nom-russe": ["&#1058;&#1077;&#1083;&#1091;&#1075;&#1091;"],
"sous-type": "langues",
"type": "taxonomies",
"URL-wikipedia": "https://fr.wikipedia.org/wiki/T%C3%A9lougou"
}