{
"_id": "terme-2015-12-06-16-10-46-86966174772",
"ajouter-aux-favoris": false,
"breadcrumb": "taxonomies/langues/Shawnee/",
"description": "Description de Shawnee",
"fiche-a-completer": false,
"fiche-publiee": true,
"identifiant-drupal": 317655,
"mise-a-jour": "2017-01-23-16-33-30",
"moment-de-creation": "2015-12-06-16-10-46",
"moment-de-modification": "2015-01-04-02-27-58",
"nom": "Shawnee",
"nom-anglais": ["Shawnee"],
"nom-espagnol": ["Shawnee"],
"nom-folder": "Shawnee",
"nom-francais": ["Shawnee"],
"nom-italien": ["Shawnee"],
"nom-machine": "terme-2015-12-06-16-10-46-86966174772",
"nom-russe": ["&#1064;&#1086;&#1085;&#1080;"],
"sous-type": "langues",
"type": "taxonomies"
}