{
"_id": "terme-2016-02-04-02-56-27-87274355231",
"ajouter-aux-favoris": false,
"breadcrumb": "taxonomies/langues/Abkhaze/",
"description": "Description de Abkhaze",
"fiche-a-completer": false,
"fiche-publiee": true,
"ISO-639-1": "ab",
"ISO-639-2": "abk",
"ISO-639-3": "abk",
"mise-a-jour": "2017-01-23-16-33-30",
"moment-de-creation": "2016-02-04-02-56-27",
"moment-de-modification": "2016-02-04-02-59-17",
"nom": "Abkhaze",
"nom-anglais": ["Abkhaz"],
"nom-arabe": ["&#1571;&#1576;&#1582;&#1575;&#1586;&#1610;&#1577;"],
"nom-espagnol": ["Abjasio"],
"nom-folder": "Abkhaze",
"nom-francais": ["Abkhaze"],
"nom-italien": ["Abcaso"],
"nom-machine": "terme-2016-02-04-02-56-27-87274355231",
"nom-russe": ["&#1040;&#1073;&#1093;&#1072;&#1079;&#1089;&#1082;&#1080;&#1081;"],
"sous-type": "langues",
"type": "taxonomies",
"URL-wikipedia": "https://fr.wikipedia.org/wiki/Abkhaze"
}