{
"_id": "terme-2015-12-06-16-10-43-86966174622",
"ajouter-aux-favoris": false,
"breadcrumb": "taxonomies/langues/Langues-amerindiennes/",
"description": "Description de Langues am&#233;rindiennes",
"fiche-a-completer": true,
"fiche-publiee": true,
"identifiant-drupal": 382419,
"mise-a-jour": "2016-05-09-16-45-48",
"moment-de-creation": "2015-12-06-16-10-43",
"moment-de-modification": "2015-01-04-02-27-58",
"nom": "Langues am&#233;rindiennes",
"nom-anglais": ["Indigenous languages of the americas"],
"nom-arabe": ["&#1575;&#1604;&#1604;&#1594;&#1575;&#1578; &#1575;&#1604;&#1571;&#1589;&#1604;&#1610;&#1577; &#1604;&#1604;&#1571;&#1605;&#1585;&#1610;&#1603;&#1578;&#1610;&#1606;"],
"nom-espagnol": ["Lenguas ind&#237;genas de am&#233;rica"],
"nom-folder": "Langues-amerindiennes",
"nom-francais": ["Langues am&#233;rindiennes"],
"nom-italien": ["Lingue native americane"],
"nom-machine": "terme-2015-12-06-16-10-43-86966174622",
"nom-russe": ["&#1048;&#1085;&#1076;&#1077;&#1081;&#1089;&#1082;&#1080;&#1077; &#1103;&#1079;&#1099;&#1082;&#1080;"],
"sous-type": "langues",
"type": "taxonomies"
}