{
"_id": "terme-2016-02-04-02-47-02-87274321348",
"ajouter-aux-favoris": false,
"breadcrumb": "taxonomies/langues/Afar/",
"description": "Description de Afar",
"fiche-a-completer": true,
"fiche-publiee": true,
"ISO-639-1": "aa",
"ISO-639-2": "aar",
"ISO-639-3": "aar",
"mise-a-jour": "2016-05-09-16-45-50",
"moment-de-creation": "2016-02-04-02-47-02",
"moment-de-modification": "2016-02-04-02-50-06",
"nom": "Afar",
"nom-anglais": ["Afar"],
"nom-arabe": ["&#1593;&#1601;&#1575;&#1585;&#1610;&#1577;"],
"nom-espagnol": ["Afar"],
"nom-folder": "Afar",
"nom-francais": ["Afar"],
"nom-italien": ["Afar"],
"nom-machine": "terme-2016-02-04-02-47-02-87274321348",
"nom-russe": ["&#1040;&#1092;&#1072;&#1088;&#1089;&#1082;&#1080;&#1081;"],
"sous-type": "langues",
"type": "taxonomies",
"URL-wikipedia": "https://fr.wikipedia.org/wiki/Afar_(langue)"
}