{
"_id": "terme-2015-12-06-16-10-41-86966174462",
"ajouter-aux-favoris": false,
"breadcrumb": "taxonomies/langues/Bengali/",
"description": "Description de Bengali",
"fiche-a-completer": false,
"fiche-publiee": true,
"identifiant-drupal": 382376,
"ISO-639-1": "bn",
"ISO-639-2": "ben",
"ISO-639-3": "ben",
"mise-a-jour": "2017-01-23-16-33-30",
"moment-de-creation": "2015-12-06-16-10-41",
"moment-de-modification": "2016-02-04-03-34-20",
"nom": "Bengali",
"nom-anglais": ["Bengali"],
"nom-arabe": [" &#1576;&#1606;&#1594;&#1575;&#1604;&#1610;&#1577;"],
"nom-espagnol": ["Bengal&#237;"],
"nom-folder": "Bengali",
"nom-francais": ["Bengali"],
"nom-italien": ["Bengali"],
"nom-machine": "terme-2015-12-06-16-10-41-86966174462",
"nom-russe": ["&#1041;&#1077;&#1085;&#1075;&#1072;&#1083;&#1100;&#1089;&#1082;&#1080;&#1081;"],
"sous-type": "langues",
"type": "taxonomies",
"URL-wikipedia": "https://fr.wikipedia.org/wiki/Bengali"
}