{
"_id": "terme-2015-12-06-16-10-44-86966174660",
"ajouter-aux-favoris": false,
"breadcrumb": "taxonomies/langues/Micmac/",
"description": "The ethnonym has traditionally been spelled Micmac in English, but the people themselves have used different spellings: Mi&#8217;kmaq (singular Mi&#8217;kmaw) in Prince Edward Island, Nova Scotia and Newfoundland, Miigmaq (Miigmao) in New Brunswick, Mi&#8217;gmaq by the Listuguj Council in Quebec, and M&#236;gmaq (M&#236;gmaw) in some native literature.[14]",
"fiche-a-completer": false,
"fiche-publiee": true,
"identifiant-drupal": 317629,
"mise-a-jour": "2017-01-23-16-33-30",
"moment-de-creation": "2015-12-06-16-10-44",
"moment-de-modification": "2016-02-27-12-52-52",
"nom": "Micmac",
"nom-anglais": ["Mi'kmaq"],
"nom-arabe": ["&#1605;&#1610;&#1594;&#1605;&#1575;&#1603;&#1610;&#1577;"],
"nom-espagnol": ["Micmac"],
"nom-folder": "Micmac",
"nom-francais": ["Micmac"],
"nom-italien": ["Micmac"],
"nom-machine": "terme-2015-12-06-16-10-44-86966174660",
"nom-russe": ["&#1052;&#1080;&#1082;&#1084;&#1072;&#1082;&#1080;"],
"sous-type": "langues",
"type": "taxonomies"
}