{
"_id": "lieu-2015-12-06-16-11-37-86966177841",
"breadcrumb": "lieux/region/Allemagne/Konigstein-(Sachsische-Schweiz)-(Sa)/",
"fiche-publiee": true,
"mise-a-jour": "2016-04-16-01-36-56",
"moment-de-creation": "2015-12-06-16-11-37",
"nom": "K&#246;nigstein (S&#228;chsische Schweiz) (Sa.)",
"nom-folder": "Konigstein-(Sachsische-Schweiz)-(Sa)",
"nom-francais": ["K&#246;nigstein (S&#228;chsische Schweiz) (Sa.)"],
"nom-machine": "lieu-2015-12-06-16-11-37-86966177841",
"sous-type": "region",
"type": "lieux"
}