{
"_id": "lieu-2015-12-06-16-10-51-86966175063",
"breadcrumb": "lieux/region/Algerie-Wilayas/Ain Defla-w/",
"fiche-publiee": true,
"mise-a-jour": "2016-04-16-01-36-56",
"moment-de-creation": "2015-12-06-16-10-51",
"nom": "A&#239;n Defla-w",
"nom-arabe": ["&#1608;&#1604;&#1575;&#1610;&#1577; &#1593;&#1610;&#1606; &#1575;&#1604;&#1583;&#1601;&#1604;&#1609;"],
"nom-folder": "Ain Defla-w",
"nom-francais": ["A&#239;n Defla-w"],
"nom-machine": "lieu-2015-12-06-16-10-51-86966175063",
"sous-type": "region",
"type": "lieux"
}