{
"_id": "lieu-2015-12-06-16-10-51-86966175099",
"breadcrumb": "lieux/region/Algerie-Wilayas/Bordj-Bou-Arreridj-w/",
"fiche-publiee": true,
"mise-a-jour": "2016-04-16-01-36-56",
"moment-de-creation": "2015-12-06-16-10-51",
"nom": "Bordj Bou Arreridj-w",
"nom-arabe": ["&#1608;&#1604;&#1575;&#1610;&#1577; &#1576;&#1585;&#1580; &#1576;&#1608;&#1593;&#1585;&#1610;&#1585;&#1610;&#1580;"],
"nom-folder": "Bordj-Bou-Arreridj-w",
"nom-francais": ["Bordj Bou Arreridj-w"],
"nom-machine": "lieu-2015-12-06-16-10-51-86966175099",
"sous-type": "region",
"type": "lieux"
}