{
"_id": "lieu-2015-12-06-16-10-53-86966175206",
"breadcrumb": "lieux/region/Algerie-Wilayas/Tizi-Ouzou-w/",
"fiche-publiee": true,
"mise-a-jour": "2016-04-16-01-36-56",
"moment-de-creation": "2015-12-06-16-10-53",
"nom": "Tizi Ouzou-w",
"nom-arabe": ["&#1608;&#1604;&#1575;&#1610;&#1577;&#160;&#1578;&#1610;&#1586;&#1610; &#1608;&#1586;&#1608;"],
"nom-folder": "Tizi-Ouzou-w",
"nom-francais": ["Tizi Ouzou-w"],
"nom-machine": "lieu-2015-12-06-16-10-53-86966175206",
"sous-type": "region",
"type": "lieux"
}