{
"_id": "lieu-2015-12-06-16-10-50-86966175051",
"breadcrumb": "lieux/region/Algerie-Regions/Les-Hauts-plateaux/",
"fiche-publiee": true,
"mise-a-jour": "2016-04-16-01-36-56",
"moment-de-creation": "2015-12-06-16-10-50",
"nom": "Les Hauts plateaux",
"nom-arabe": ["&#1575;&#1604;&#1605;&#1585;&#1578;&#1601;&#1593;&#1575;&#1578;"],
"nom-folder": "Les-Hauts-plateaux",
"nom-francais": ["Les Hauts plateaux"],
"nom-machine": "lieu-2015-12-06-16-10-50-86966175051",
"sous-type": "region",
"type": "lieux"
}