{
"_id": "lieu-2015-12-06-16-10-52-86966175177",
"breadcrumb": "lieux/region/Algerie-Wilayas/Sidi-Bel-Abbes-w/",
"fiche-publiee": true,
"mise-a-jour": "2016-04-16-01-36-56",
"moment-de-creation": "2015-12-06-16-10-52",
"nom": "Sidi Bel Abb&#232;s-w",
"nom-arabe": ["&#1608;&#1604;&#1575;&#1610;&#1577; &#1587;&#1610;&#1583;&#1610; &#1576;&#1604;&#1593;&#1576;&#1575;&#1587;"],
"nom-folder": "Sidi-Bel-Abbes-w",
"nom-francais": ["Sidi Bel Abb&#232;s-w"],
"nom-machine": "lieu-2015-12-06-16-10-52-86966175177",
"sous-type": "region",
"type": "lieux"
}