{
"_id": "lieu-2015-12-06-16-10-53-86966175189",
"breadcrumb": "lieux/region/Algerie-Wilayas/Tamanrasset-w/",
"fiche-publiee": true,
"mise-a-jour": "2016-04-16-01-36-56",
"moment-de-creation": "2015-12-06-16-10-53",
"nom": "Tamanrasset-w",
"nom-arabe": ["&#1608;&#1604;&#1575;&#1610;&#1577; &#1578;&#1605;&#1606;&#1585;&#1575;&#1587;&#1578;"],
"nom-folder": "Tamanrasset-w",
"nom-francais": ["Tamanrasset-w"],
"nom-machine": "lieu-2015-12-06-16-10-53-86966175189",
"sous-type": "region",
"type": "lieux"
}