{
"_id": "lieu-2015-12-06-16-10-51-86966175065",
"breadcrumb": "lieux/region/Algerie-Wilayas/Ain Temouchent-w/",
"fiche-publiee": true,
"mise-a-jour": "2016-04-16-01-36-56",
"moment-de-creation": "2015-12-06-16-10-51",
"nom": "A&#239;n T&#233;mouchent-w",
"nom-arabe": ["&#1608;&#1604;&#1575;&#1610;&#1577; &#1593;&#1610;&#1606; &#1578;&#1605;&#1608;&#1588;&#1606;&#1578;"],
"nom-folder": "Ain Temouchent-w",
"nom-francais": ["A&#239;n T&#233;mouchent-w"],
"nom-machine": "lieu-2015-12-06-16-10-51-86966175065",
"sous-type": "region",
"type": "lieux"
}