{
"_id": "lieu-2015-12-06-16-10-50-86966175058",
"breadcrumb": "lieux/region/Algerie-Wilayas/",
"fiche-publiee": true,
"mise-a-jour": "2016-04-16-01-36-56",
"moment-de-creation": "2015-12-06-16-10-50",
"nom": "Wilayas d'Alg&#233;rie",
"nom-arabe": ["&#1605;&#1581;&#1575;&#1601;&#1592;&#1575;&#1578; &#1575;&#1604;&#1580;&#1586;&#1575;&#1574;&#1585;"],
"nom-folder": "Algerie-Wilayas",
"nom-francais": ["Wilayas d'Alg&#233;rie"],
"nom-machine": "lieu-2015-12-06-16-10-50-86966175058",
"sous-type": "region",
"type": "lieux"
}