{
"_id": "lieu-2015-12-06-16-10-52-86966175165",
"breadcrumb": "lieux/region/Algerie-Wilayas/Oum-El-Bouaghi-w/",
"fiche-publiee": true,
"mise-a-jour": "2016-04-16-01-36-56",
"moment-de-creation": "2015-12-06-16-10-52",
"nom": "Oum El Bouaghi-w",
"nom-arabe": ["&#1608;&#1604;&#1575;&#1610;&#1577; &#1571;&#1605; &#1575;&#1604;&#1576;&#1608;&#1575;&#1602;&#1610;"],
"nom-folder": "Oum-El-Bouaghi-w",
"nom-francais": ["Oum El Bouaghi-w"],
"nom-machine": "lieu-2015-12-06-16-10-52-86966175165",
"sous-type": "region",
"type": "lieux"
}