{
"_id": "lieu-2015-12-06-16-10-52-86966175149",
"breadcrumb": "lieux/region/Algerie-Wilayas/Mostaganem-w/",
"fiche-publiee": true,
"mise-a-jour": "2016-04-16-01-36-56",
"moment-de-creation": "2015-12-06-16-10-52",
"nom": "Mostaganem-w",
"nom-arabe": ["&#1608;&#1604;&#1575;&#1610;&#1577; &#1605;&#1587;&#1578;&#1594;&#1575;&#1606;&#1605;"],
"nom-folder": "Mostaganem-w",
"nom-francais": ["Mostaganem-w"],
"nom-machine": "lieu-2015-12-06-16-10-52-86966175149",
"sous-type": "region",
"type": "lieux"
}