{
"_id": "lieu-2015-12-06-16-10-50-86966175020",
"breadcrumb": "lieux/region/Algerie-Regions/La-vallee-du-Chelif,-la-Dahra-et-l'Ouarsenis/",
"fiche-publiee": true,
"mise-a-jour": "2016-04-16-01-36-56",
"moment-de-creation": "2015-12-06-16-10-50",
"nom": "La vall&#233;e du Ch&#233;lif, La Dahra et l'Ouarsenis",
"nom-arabe": ["&#1608;&#1575;&#1583;&#1610; &#1575;&#1604;&#1588;&#1604;&#1601;&#1548; &#1608;&#1575;&#1604;&#1592;&#1607;&#1585;&#1577; &#1608;&#1575;&#1604;&#1608;&#1606;&#1588;&#1585;&#1610;&#1587;"],
"nom-folder": "La-vallee-du-Chelif,-La-Dahra-et-l'Ouarsenis",
"nom-francais": ["La vall&#233;e du Ch&#233;lif, La Dahra et l'Ouarsenis"],
"nom-machine": "lieu-2015-12-06-16-10-50-86966175020",
"sous-type": "region",
"type": "lieux"
}