{
"_id": "lieu-2015-12-06-16-10-50-86966175034",
"breadcrumb": "lieux/region/Algerie-Regions/Le-pays-Annabi/",
"fiche-publiee": true,
"mise-a-jour": "2016-04-16-01-36-56",
"moment-de-creation": "2015-12-06-16-10-50",
"nom": "Le pays Annabi",
"nom-arabe": ["&#1575;&#1604;&#1576;&#1604;&#1575;&#1583; &#1593;&#1606;&#1617;&#1575;&#1576;&#1610;"],
"nom-folder": "Le-pays-Annabi",
"nom-francais": ["Le pays Annabi"],
"nom-machine": "lieu-2015-12-06-16-10-50-86966175034",
"sous-type": "region",
"type": "lieux"
}