{
"_id": "lieu-2015-12-06-16-12-24-86966180696",
"breadcrumb": "lieux/region/Argentine/Tierra-del-Fuego/",
"fiche-publiee": true,
"mise-a-jour": "2016-04-16-01-36-56",
"moment-de-creation": "2015-12-06-16-12-24",
"nom": "Tierra del Fuego, Ant&#225;rtida e Islas del Atl&#225;ntico Sur",
"nom-folder": "Tierra-del-Fuego",
"nom-francais": ["Tierra del Fuego, Ant&#225;rtida e Islas del Atl&#225;ntico Sur"],
"nom-machine": "lieu-2015-12-06-16-12-24-86966180696",
"sous-type": "region",
"type": "lieux"
}