{
"_id": "lieu-2015-12-06-16-10-51-86966175111",
"breadcrumb": "lieux/region/Algerie-Wilayas/Constantine-w/",
"fiche-publiee": true,
"mise-a-jour": "2016-04-16-01-36-56",
"moment-de-creation": "2015-12-06-16-10-51",
"nom": "Constantine-w",
"nom-arabe": ["&#1608;&#1604;&#1575;&#1610;&#1577; &#1602;&#1587;&#1606;&#1591;&#1610;&#1606;&#1577;"],
"nom-folder": "Constantine-w",
"nom-francais": ["Constantine-w"],
"nom-machine": "lieu-2015-12-06-16-10-51-86966175111",
"sous-type": "region",
"type": "lieux"
}