{
"_id": "lieu-2015-12-06-16-10-51-86966175103",
"breadcrumb": "lieux/region/Algerie-Wilayas/Boumerdes-w/",
"fiche-publiee": true,
"mise-a-jour": "2016-04-16-01-36-56",
"moment-de-creation": "2015-12-06-16-10-51",
"nom": "Boumerd&#232;s-w",
"nom-arabe": ["&#1608;&#1604;&#1575;&#1610;&#1577; &#1576;&#1608;&#1605;&#1585;&#1583;&#1575;&#1587;"],
"nom-folder": "Boumerdes-w",
"nom-francais": ["Boumerd&#232;s-w"],
"nom-machine": "lieu-2015-12-06-16-10-51-86966175103",
"sous-type": "region",
"type": "lieux"
}