{
"_id": "lieu-2015-12-06-16-10-49-86966174997",
"breadcrumb": "lieux/region/Algerie-Regions/",
"fiche-publiee": true,
"mise-a-jour": "2016-04-16-01-36-56",
"moment-de-creation": "2015-12-06-16-10-49",
"nom": "R&#233;gions d'Alg&#233;rie",
"nom-arabe": ["&#1605;&#1606;&#1575;&#1591;&#1602; &#1575;&#1604;&#1580;&#1586;&#1575;&#1574;&#1585;"],
"nom-folder": "Algerie-Regions",
"nom-francais": ["R&#233;gions d'Alg&#233;rie"],
"nom-machine": "lieu-2015-12-06-16-10-49-86966174997",
"sous-type": "region",
"type": "lieux"
}