{
"_id": "lieu-2015-12-06-16-10-53-86966175187",
"breadcrumb": "lieux/region/Algerie-Wilayas/Souk-Ahras-w/",
"fiche-publiee": true,
"mise-a-jour": "2016-04-16-01-36-56",
"moment-de-creation": "2015-12-06-16-10-53",
"nom": "Souk Ahras-w",
"nom-arabe": ["&#1608;&#1604;&#1575;&#1610;&#1577; &#1587;&#1608;&#1602; &#1571;&#1607;&#1585;&#1575;&#1587;"],
"nom-folder": "Souk-Ahras-w",
"nom-francais": ["Souk Ahras-w"],
"nom-machine": "lieu-2015-12-06-16-10-53-86966175187",
"sous-type": "region",
"type": "lieux"
}