{
"_id": "terme-2015-12-06-16-23-48-86966221726",
"ajouter-aux-favoris": false,
"breadcrumb": "taxonomies/sujets-dialnet/Ciencias-biologicas/Zoologia/",
"description": "Description de Zoologia",
"fiche-a-completer": true,
"fiche-publiee": true,
"identifiant-drupal": 380861,
"identifiant-drupal-parent": 380837,
"mise-a-jour": "2016-05-09-16-45-56",
"moment-de-creation": "2015-12-06-16-23-48",
"moment-de-modification": "2015-01-04-02-27-56",
"nom": "Zoologia",
"nom-folder": "Zoologia",
"nom-francais": ["Zoologia"],
"nom-machine": "terme-2015-12-06-16-23-48-86966221726",
"sous-type": "sujets-dialnet",
"type": "taxonomies"
}