{
"_id": "terme-2015-12-06-16-23-50-86966221847",
"ajouter-aux-favoris": false,
"breadcrumb": "taxonomies/sujets-dialnet/Filologias/Linguistica/",
"description": "Description de Linguistica",
"fiche-a-completer": true,
"fiche-publiee": true,
"identifiant-drupal": 380919,
"identifiant-drupal-parent": 380847,
"mise-a-jour": "2016-05-09-16-45-56",
"moment-de-creation": "2015-12-06-16-23-50",
"moment-de-modification": "2015-01-04-02-27-56",
"nom": "Linguistica",
"nom-folder": "Linguistica",
"nom-francais": ["Linguistica"],
"nom-machine": "terme-2015-12-06-16-23-50-86966221847",
"sous-type": "sujets-dialnet",
"type": "taxonomies"
}