{
"_id": "terme-2015-12-06-16-23-51-86966221904",
"ajouter-aux-favoris": false,
"breadcrumb": "taxonomies/sujets-dialnet/Tecnologias/Construccion.-Arquitectura.-Tecnologia-ambiental/",
"description": "Description de Construccion. Arquitectura. Tecnologia ambiental",
"fiche-a-completer": true,
"fiche-publiee": true,
"identifiant-drupal": 380878,
"identifiant-drupal-parent": 380840,
"mise-a-jour": "2016-05-09-16-45-56",
"moment-de-creation": "2015-12-06-16-23-51",
"moment-de-modification": "2015-01-04-02-27-56",
"nom": "Construccion. Arquitectura. Tecnologia ambiental",
"nom-folder": "Construccion.-Arquitectura.-Tecnologia-ambiental",
"nom-francais": ["Construccion. Arquitectura. Tecnologia ambiental"],
"nom-machine": "terme-2015-12-06-16-23-51-86966221904",
"sous-type": "sujets-dialnet",
"type": "taxonomies"
}