{
"_id": "terme-2015-12-06-16-23-47-86966221667",
"ajouter-aux-favoris": false,
"breadcrumb": "taxonomies/sujets-dialnet/Agricultura-y-alimentacion/Jardineria.-Forestas/",
"description": "Description de Jardineria. Forestas",
"fiche-a-completer": true,
"fiche-publiee": true,
"identifiant-drupal": 380873,
"identifiant-drupal-parent": 380839,
"mise-a-jour": "2016-05-09-16-45-55",
"moment-de-creation": "2015-12-06-16-23-47",
"moment-de-modification": "2015-01-04-02-27-56",
"nom": "Jardineria. Forestas",
"nom-folder": "Jardineria.-Forestas",
"nom-francais": ["Jardineria. Forestas"],
"nom-machine": "terme-2015-12-06-16-23-47-86966221667",
"sous-type": "sujets-dialnet",
"type": "taxonomies"
}