{
"_id": "terme-2015-12-06-16-23-49-86966221793",
"ajouter-aux-favoris": false,
"breadcrumb": "taxonomies/sujets-dialnet/Ciencias-sociales/Antropologia.-Etnologia/",
"description": "Description de Antropologia. Etnologia",
"fiche-a-completer": true,
"fiche-publiee": true,
"identifiant-drupal": 380902,
"identifiant-drupal-parent": 380843,
"mise-a-jour": "2016-05-09-16-45-56",
"moment-de-creation": "2015-12-06-16-23-49",
"moment-de-modification": "2015-01-04-02-27-56",
"nom": "Antropologia. Etnologia",
"nom-folder": "Antropologia.-Etnologia",
"nom-francais": ["Antropologia. Etnologia"],
"nom-machine": "terme-2015-12-06-16-23-49-86966221793",
"sous-type": "sujets-dialnet",
"type": "taxonomies"
}