{
"_id": "terme-2015-12-06-16-23-48-86966221682",
"ajouter-aux-favoris": false,
"breadcrumb": "taxonomies/sujets-dialnet/Arte/Artes-escenicas.-Cine/",
"description": "Description de Artes escenicas. Cine",
"fiche-a-completer": true,
"fiche-publiee": true,
"identifiant-drupal": 380917,
"identifiant-drupal-parent": 380846,
"mise-a-jour": "2016-05-09-16-45-55",
"moment-de-creation": "2015-12-06-16-23-48",
"moment-de-modification": "2015-01-04-02-27-56",
"nom": "Artes escenicas. Cine",
"nom-folder": "Artes-escenicas.-Cine",
"nom-francais": ["Artes escenicas. Cine"],
"nom-machine": "terme-2015-12-06-16-23-48-86966221682",
"sous-type": "sujets-dialnet",
"type": "taxonomies"
}