{
"_id": "terme-2015-12-06-16-23-49-86966221781",
"ajouter-aux-favoris": false,
"breadcrumb": "taxonomies/sujets-dialnet/Ciencias-juridicas/Dcho-romano,-Ha-y-Fa-del-derecho/",
"description": "Description de Dcho romano, ha y fa del derecho",
"fiche-a-completer": true,
"fiche-publiee": true,
"identifiant-drupal": 380933,
"identifiant-drupal-parent": 380842,
"mise-a-jour": "2016-05-09-16-45-56",
"moment-de-creation": "2015-12-06-16-23-49",
"moment-de-modification": "2015-01-04-02-27-56",
"nom": "Dcho romano, ha y fa del derecho",
"nom-folder": "Dcho-romano,-Ha-y-Fa-del-derecho",
"nom-francais": ["Dcho romano, ha y fa del derecho"],
"nom-machine": "terme-2015-12-06-16-23-49-86966221781",
"sous-type": "sujets-dialnet",
"type": "taxonomies"
}