{
"_id": "terme-2015-12-06-16-23-50-86966221810",
"ajouter-aux-favoris": false,
"breadcrumb": "taxonomies/sujets-dialnet/Economia-y-empresa/Administracion-de-empresas/",
"description": "Description de Administracion de empresas",
"fiche-a-completer": true,
"fiche-publiee": true,
"identifiant-drupal": 380930,
"identifiant-drupal-parent": 380841,
"mise-a-jour": "2016-05-09-16-45-56",
"moment-de-creation": "2015-12-06-16-23-50",
"moment-de-modification": "2015-01-04-02-27-56",
"nom": "Administracion de empresas",
"nom-folder": "Administracion-de-empresas",
"nom-francais": ["Administracion de empresas"],
"nom-machine": "terme-2015-12-06-16-23-50-86966221810",
"sous-type": "sujets-dialnet",
"type": "taxonomies"
}