{
"_id": "terme-2015-12-06-16-23-49-86966221770",
"ajouter-aux-favoris": false,
"breadcrumb": "taxonomies/sujets-dialnet/Ciencias-juridicas/Dcho-eclesiastico-y-canonico/",
"description": "Description de Dcho eclesiastico y canonico",
"fiche-a-completer": true,
"fiche-publiee": true,
"identifiant-drupal": 380941,
"identifiant-drupal-parent": 380842,
"mise-a-jour": "2016-05-09-16-45-56",
"moment-de-creation": "2015-12-06-16-23-49",
"moment-de-modification": "2015-01-04-02-27-56",
"nom": "Dcho eclesiastico y canonico",
"nom-folder": "Dcho-eclesiastico-y-canonico",
"nom-francais": ["Dcho eclesiastico y canonico"],
"nom-machine": "terme-2015-12-06-16-23-49-86966221770",
"sous-type": "sujets-dialnet",
"type": "taxonomies"
}