{
"_id": "terme-2015-12-06-16-23-50-86966221828",
"ajouter-aux-favoris": false,
"breadcrumb": "taxonomies/sujets-dialnet/Filologias/",
"description": "Description de Filologias",
"enfants": ["terme-2015-12-06-16-23-50-86966221830","terme-2015-12-06-16-23-50-86966221833","terme-2015-12-06-16-23-50-86966221836","terme-2015-12-06-16-23-50-86966221838","terme-2015-12-06-16-23-50-86966221841","terme-2015-12-06-16-23-50-86966221844","terme-2015-12-06-16-23-50-86966221847","terme-2015-12-06-16-23-50-86966221850"],
"fiche-a-completer": true,
"fiche-publiee": true,
"identifiant-drupal": 380847,
"identifiant-drupal-parent": 0,
"mise-a-jour": "2016-05-09-16-45-56",
"moment-de-creation": "2015-12-06-16-23-50",
"moment-de-modification": "2015-01-04-02-27-56",
"nom": "Filologias",
"nom-folder": "Filologias",
"nom-francais": ["Filologias"],
"nom-machine": "terme-2015-12-06-16-23-50-86966221828",
"sous-type": "sujets-dialnet",
"type": "taxonomies"
}