{
"_id": "terme-2015-12-06-16-23-49-86966221798",
"ajouter-aux-favoris": false,
"breadcrumb": "taxonomies/sujets-dialnet/Ciencias-sociales/Informacion.-Documentacion/",
"description": "Description de Informacion. Documentacion",
"fiche-a-completer": true,
"fiche-publiee": true,
"identifiant-drupal": 380903,
"identifiant-drupal-parent": 380843,
"mise-a-jour": "2016-05-09-16-45-56",
"moment-de-creation": "2015-12-06-16-23-49",
"moment-de-modification": "2015-01-04-02-27-56",
"nom": "Informacion. Documentacion",
"nom-folder": "Informacion.-Documentacion",
"nom-francais": ["Informacion. Documentacion"],
"nom-machine": "terme-2015-12-06-16-23-49-86966221798",
"sous-type": "sujets-dialnet",
"type": "taxonomies"
}