{
"_id": "terme-2015-12-06-16-23-51-86966221879",
"ajouter-aux-favoris": false,
"breadcrumb": "taxonomies/sujets-dialnet/Humanidades/Historia/",
"description": "Description de Historia",
"fiche-a-completer": true,
"fiche-publiee": true,
"identifiant-drupal": 380910,
"identifiant-drupal-parent": 380845,
"mise-a-jour": "2016-05-09-16-45-56",
"moment-de-creation": "2015-12-06-16-23-51",
"moment-de-modification": "2015-01-04-02-27-56",
"nom": "Historia",
"nom-folder": "Historia",
"nom-francais": ["Historia"],
"nom-machine": "terme-2015-12-06-16-23-51-86966221879",
"sous-type": "sujets-dialnet",
"type": "taxonomies"
}