{
"_id": "terme-2015-12-06-16-23-51-86966221913",
"ajouter-aux-favoris": false,
"breadcrumb": "taxonomies/sujets-dialnet/Tecnologias/Tecnologia-electronica.-Telecomunicaciones/",
"description": "Description de Tecnologia electronica. Telecomunicaciones",
"fiche-a-completer": true,
"fiche-publiee": true,
"identifiant-drupal": 380881,
"identifiant-drupal-parent": 380840,
"mise-a-jour": "2016-05-09-16-45-56",
"moment-de-creation": "2015-12-06-16-23-51",
"moment-de-modification": "2015-01-04-02-27-56",
"nom": "Tecnologia electronica. Telecomunicaciones",
"nom-folder": "Tecnologia-electronica.-Telecomunicaciones",
"nom-francais": ["Tecnologia electronica. Telecomunicaciones"],
"nom-machine": "terme-2015-12-06-16-23-51-86966221913",
"sous-type": "sujets-dialnet",
"type": "taxonomies"
}