{
"_id": "terme-2015-12-06-16-23-50-86966221804",
"ajouter-aux-favoris": false,
"breadcrumb": "taxonomies/sujets-dialnet/Ciencias-sociales/Sociologia.-Poblacion.-Trabajo-social/",
"description": "Description de Sociologia. Poblacion. Trabajo social",
"fiche-a-completer": true,
"fiche-publiee": true,
"identifiant-drupal": 380900,
"identifiant-drupal-parent": 380843,
"mise-a-jour": "2016-05-09-16-45-56",
"moment-de-creation": "2015-12-06-16-23-50",
"moment-de-modification": "2015-01-04-02-27-56",
"nom": "Sociologia. Poblacion. Trabajo social",
"nom-folder": "Sociologia.-Poblacion.-Trabajo-social",
"nom-francais": ["Sociologia. Poblacion. Trabajo social"],
"nom-machine": "terme-2015-12-06-16-23-50-86966221804",
"sous-type": "sujets-dialnet",
"type": "taxonomies"
}