{
"_id": "terme-2015-12-06-16-23-51-86966221901",
"ajouter-aux-favoris": false,
"breadcrumb": "taxonomies/sujets-dialnet/Tecnologias/",
"description": "Description de Tecnologias",
"enfants": ["terme-2015-12-06-16-23-51-86966221904","terme-2015-12-06-16-23-51-86966221907","terme-2015-12-06-16-23-51-86966221910","terme-2015-12-06-16-23-51-86966221913","terme-2015-12-06-16-23-51-86966221915"],
"fiche-a-completer": true,
"fiche-publiee": true,
"identifiant-drupal": 380840,
"identifiant-drupal-parent": 0,
"mise-a-jour": "2016-05-09-16-45-56",
"moment-de-creation": "2015-12-06-16-23-51",
"moment-de-modification": "2015-01-04-02-27-55",
"nom": "Tecnologias",
"nom-folder": "Tecnologias",
"nom-francais": ["Tecnologias"],
"nom-machine": "terme-2015-12-06-16-23-51-86966221901",
"sous-type": "sujets-dialnet",
"type": "taxonomies"
}