{
"_id": "terme-2015-12-06-16-23-47-86966221662",
"ajouter-aux-favoris": false,
"breadcrumb": "taxonomies/sujets-dialnet/Agricultura-y-alimentacion/Agronomia/",
"description": "Description de Agronomia",
"fiche-a-completer": true,
"fiche-publiee": true,
"identifiant-drupal": 380872,
"identifiant-drupal-parent": 380839,
"mise-a-jour": "2016-05-09-16-45-55",
"moment-de-creation": "2015-12-06-16-23-47",
"moment-de-modification": "2015-01-04-02-27-56",
"nom": "Agronomia",
"nom-folder": "Agronomia",
"nom-francais": ["Agronomia"],
"nom-machine": "terme-2015-12-06-16-23-47-86966221662",
"sous-type": "sujets-dialnet",
"type": "taxonomies"
}