{
"_id": "terme-2015-12-06-16-23-51-86966221865",
"ajouter-aux-favoris": false,
"breadcrumb": "taxonomies/sujets-dialnet/Geociencias.-Medio-ambiente/Medio-ambiente/",
"description": "Description de Medio ambiente",
"fiche-a-completer": true,
"fiche-publiee": true,
"identifiant-drupal": 380855,
"identifiant-drupal-parent": 380836,
"mise-a-jour": "2016-05-09-16-45-56",
"moment-de-creation": "2015-12-06-16-23-51",
"moment-de-modification": "2015-01-04-02-27-56",
"nom": "Medio ambiente",
"nom-folder": "Medio-ambiente",
"nom-francais": ["Medio ambiente"],
"nom-machine": "terme-2015-12-06-16-23-51-86966221865",
"sous-type": "sujets-dialnet",
"type": "taxonomies"
}