{
"_id": "terme-2015-12-06-16-23-49-86966221764",
"ajouter-aux-favoris": false,
"breadcrumb": "taxonomies/sujets-dialnet/Ciencias-juridicas/Dcho-civil-y-mercantil/",
"description": "Description de Dcho civil y mercantil",
"fiche-a-completer": true,
"fiche-publiee": true,
"identifiant-drupal": 380938,
"identifiant-drupal-parent": 380842,
"mise-a-jour": "2016-05-09-16-45-56",
"moment-de-creation": "2015-12-06-16-23-49",
"moment-de-modification": "2015-01-04-02-27-56",
"nom": "Dcho civil y mercantil",
"nom-folder": "Dcho-civil-y-mercantil",
"nom-francais": ["Dcho civil y mercantil"],
"nom-machine": "terme-2015-12-06-16-23-49-86966221764",
"sous-type": "sujets-dialnet",
"type": "taxonomies"
}