{
"_id": "terme-2015-12-06-16-23-50-86966221836",
"ajouter-aux-favoris": false,
"breadcrumb": "taxonomies/sujets-dialnet/Filologias/Filologias-clasicas-y-antiguas/",
"description": "Description de Filologias clasicas y antiguas",
"fiche-a-completer": true,
"fiche-publiee": true,
"identifiant-drupal": 380921,
"identifiant-drupal-parent": 380847,
"mise-a-jour": "2016-05-09-16-45-56",
"moment-de-creation": "2015-12-06-16-23-50",
"moment-de-modification": "2015-01-04-02-27-56",
"nom": "Filologias clasicas y antiguas",
"nom-folder": "Filologias-clasicas-y-antiguas",
"nom-francais": ["Filologias clasicas y antiguas"],
"nom-machine": "terme-2015-12-06-16-23-50-86966221836",
"sous-type": "sujets-dialnet",
"type": "taxonomies"
}