{
"_id": "terme-2015-12-06-16-23-48-86966221716",
"ajouter-aux-favoris": false,
"breadcrumb": "taxonomies/sujets-dialnet/Ciencias-biologicas/",
"description": "Description de Ciencias biologicas",
"enfants": ["terme-2015-12-06-16-23-48-86966221718","terme-2015-12-06-16-23-48-86966221721","terme-2015-12-06-16-23-48-86966221724","terme-2015-12-06-16-23-48-86966221726"],
"fiche-a-completer": true,
"fiche-publiee": true,
"identifiant-drupal": 380837,
"identifiant-drupal-parent": 0,
"mise-a-jour": "2016-05-09-16-45-55",
"moment-de-creation": "2015-12-06-16-23-48",
"moment-de-modification": "2015-01-04-02-27-56",
"nom": "Ciencias biologicas",
"nom-folder": "Ciencias-biologicas",
"nom-francais": ["Ciencias biologicas"],
"nom-machine": "terme-2015-12-06-16-23-48-86966221716",
"sous-type": "sujets-dialnet",
"type": "taxonomies"
}