{
"_id": "terme-2015-12-06-16-23-49-86966221746",
"ajouter-aux-favoris": false,
"breadcrumb": "taxonomies/sujets-dialnet/Ciencias-de-la-salud/Medicina-legal/",
"description": "Description de Medicina legal",
"fiche-a-completer": true,
"fiche-publiee": true,
"identifiant-drupal": 380866,
"identifiant-drupal-parent": 380838,
"mise-a-jour": "2016-05-09-16-45-56",
"moment-de-creation": "2015-12-06-16-23-49",
"moment-de-modification": "2015-01-04-02-27-56",
"nom": "Medicina legal",
"nom-folder": "Medicina-legal",
"nom-francais": ["Medicina legal"],
"nom-machine": "terme-2015-12-06-16-23-49-86966221746",
"sous-type": "sujets-dialnet",
"type": "taxonomies"
}