{
"_id": "terme-2015-12-06-16-23-48-86966221712",
"ajouter-aux-favoris": false,
"breadcrumb": "taxonomies/sujets-dialnet/Ciencias-basicas-y-experimentales/Quimica/",
"description": "Description de Quimica",
"fiche-a-completer": true,
"fiche-publiee": true,
"identifiant-drupal": 380853,
"identifiant-drupal-parent": 380835,
"mise-a-jour": "2016-05-09-16-45-55",
"moment-de-creation": "2015-12-06-16-23-48",
"moment-de-modification": "2015-01-04-02-27-56",
"nom": "Quimica",
"nom-folder": "Quimica",
"nom-francais": ["Quimica"],
"nom-machine": "terme-2015-12-06-16-23-48-86966221712",
"sous-type": "sujets-dialnet",
"type": "taxonomies"
}