{
"_id": "terme-2015-12-06-16-23-49-86966221784",
"ajouter-aux-favoris": false,
"breadcrumb": "taxonomies/sujets-dialnet/Ciencias-juridicas/Dcho-social/",
"description": "Description de Dcho social",
"fiche-a-completer": true,
"fiche-publiee": true,
"identifiant-drupal": 380940,
"identifiant-drupal-parent": 380842,
"mise-a-jour": "2016-05-09-16-45-56",
"moment-de-creation": "2015-12-06-16-23-49",
"moment-de-modification": "2015-01-04-02-27-56",
"nom": "Dcho social",
"nom-folder": "Dcho-social",
"nom-francais": ["Dcho social"],
"nom-machine": "terme-2015-12-06-16-23-49-86966221784",
"sous-type": "sujets-dialnet",
"type": "taxonomies"
}