{
"_id": "terme-2015-12-06-16-23-49-86966221778",
"ajouter-aux-favoris": false,
"breadcrumb": "taxonomies/sujets-dialnet/Ciencias-juridicas/Dcho-procesal-y-penal/",
"description": "Description de Dcho procesal y penal",
"fiche-a-completer": true,
"fiche-publiee": true,
"identifiant-drupal": 380937,
"identifiant-drupal-parent": 380842,
"mise-a-jour": "2016-05-09-16-45-56",
"moment-de-creation": "2015-12-06-16-23-49",
"moment-de-modification": "2015-01-04-02-27-56",
"nom": "Dcho procesal y penal",
"nom-folder": "Dcho-procesal-y-penal",
"nom-francais": ["Dcho procesal y penal"],
"nom-machine": "terme-2015-12-06-16-23-49-86966221778",
"sous-type": "sujets-dialnet",
"type": "taxonomies"
}