{
"_id": "terme-2015-12-06-16-23-50-86966221850",
"ajouter-aux-favoris": false,
"breadcrumb": "taxonomies/sujets-dialnet/Filologias/Otras-filologias-modernas/",
"description": "Description de Otras filologias modernas",
"fiche-a-completer": true,
"fiche-publiee": true,
"identifiant-drupal": 380925,
"identifiant-drupal-parent": 380847,
"mise-a-jour": "2016-05-09-16-45-56",
"moment-de-creation": "2015-12-06-16-23-50",
"moment-de-modification": "2015-01-04-02-27-56",
"nom": "Otras filologias modernas",
"nom-folder": "Otras-filologias-modernas",
"nom-francais": ["Otras filologias modernas"],
"nom-machine": "terme-2015-12-06-16-23-50-86966221850",
"sous-type": "sujets-dialnet",
"type": "taxonomies"
}