{
"_id": "terme-2015-12-06-16-23-51-86966221887",
"ajouter-aux-favoris": false,
"breadcrumb": "taxonomies/sujets-dialnet/Psicologia-y-educacion/Didacticas-aplicadas/",
"description": "Description de Didacticas aplicadas",
"fiche-a-completer": true,
"fiche-publiee": true,
"identifiant-drupal": 380907,
"identifiant-drupal-parent": 380844,
"mise-a-jour": "2016-05-09-16-45-56",
"moment-de-creation": "2015-12-06-16-23-51",
"moment-de-modification": "2015-01-04-02-27-56",
"nom": "Didacticas aplicadas",
"nom-folder": "Didacticas-aplicadas",
"nom-francais": ["Didacticas aplicadas"],
"nom-machine": "terme-2015-12-06-16-23-51-86966221887",
"sous-type": "sujets-dialnet",
"type": "taxonomies"
}