{
"_id": "terme-2015-12-06-16-23-49-86966221755",
"ajouter-aux-favoris": false,
"breadcrumb": "taxonomies/sujets-dialnet/Ciencias-de-la-salud/Psiquiatria/",
"description": "Description de Psiquiatria",
"fiche-a-completer": true,
"fiche-publiee": true,
"identifiant-drupal": 380864,
"identifiant-drupal-parent": 380838,
"mise-a-jour": "2016-05-09-16-45-56",
"moment-de-creation": "2015-12-06-16-23-49",
"moment-de-modification": "2015-01-04-02-27-56",
"nom": "Psiquiatria",
"nom-folder": "Psiquiatria",
"nom-francais": ["Psiquiatria"],
"nom-machine": "terme-2015-12-06-16-23-49-86966221755",
"sous-type": "sujets-dialnet",
"type": "taxonomies"
}