{
"_id": "terme-2015-12-06-16-23-51-86966221862",
"ajouter-aux-favoris": false,
"breadcrumb": "taxonomies/sujets-dialnet/Geociencias.-Medio-ambiente/Geologia.-Paleontologia/",
"description": "Description de Geologia. Paleontologia",
"fiche-a-completer": true,
"fiche-publiee": true,
"identifiant-drupal": 380857,
"identifiant-drupal-parent": 380836,
"mise-a-jour": "2016-05-09-16-45-56",
"moment-de-creation": "2015-12-06-16-23-51",
"moment-de-modification": "2015-01-04-02-27-56",
"nom": "Geologia. Paleontologia",
"nom-folder": "Geologia.-Paleontologia",
"nom-francais": ["Geologia. Paleontologia"],
"nom-machine": "terme-2015-12-06-16-23-51-86966221862",
"sous-type": "sujets-dialnet",
"type": "taxonomies"
}