{
"_id": "terme-2015-12-06-16-23-51-86966221907",
"ajouter-aux-favoris": false,
"breadcrumb": "taxonomies/sujets-dialnet/Tecnologias/Energia.-Tecnologia-electrica/",
"description": "Description de Energia. Tecnologia electrica",
"fiche-a-completer": true,
"fiche-publiee": true,
"identifiant-drupal": 380880,
"identifiant-drupal-parent": 380840,
"mise-a-jour": "2016-05-09-16-45-56",
"moment-de-creation": "2015-12-06-16-23-51",
"moment-de-modification": "2015-01-04-02-27-56",
"nom": "Energia. Tecnologia electrica",
"nom-folder": "Energia.-Tecnologia-electrica",
"nom-francais": ["Energia. Tecnologia electrica"],
"nom-machine": "terme-2015-12-06-16-23-51-86966221907",
"sous-type": "sujets-dialnet",
"type": "taxonomies"
}