{
"_id": "terme-2015-12-06-16-23-51-86966221868",
"ajouter-aux-favoris": false,
"breadcrumb": "taxonomies/sujets-dialnet/Humanidades/",
"description": "Description de Humanidades",
"enfants": ["terme-2015-12-06-16-23-51-86966221871","terme-2015-12-06-16-23-51-86966221873","terme-2015-12-06-16-23-51-86966221876","terme-2015-12-06-16-23-51-86966221879","terme-2015-12-06-16-23-51-86966221881"],
"fiche-a-completer": true,
"fiche-publiee": true,
"identifiant-drupal": 380845,
"identifiant-drupal-parent": 0,
"mise-a-jour": "2016-05-09-16-45-56",
"moment-de-creation": "2015-12-06-16-23-51",
"moment-de-modification": "2015-01-04-02-27-56",
"nom": "Humanidades",
"nom-folder": "Humanidades",
"nom-francais": ["Humanidades"],
"nom-machine": "terme-2015-12-06-16-23-51-86966221868",
"sous-type": "sujets-dialnet",
"type": "taxonomies"
}