{
"_id": "terme-2015-12-06-16-23-48-86966221732",
"ajouter-aux-favoris": false,
"breadcrumb": "taxonomies/sujets-dialnet/Ciencias-de-la-salud/Enfermeria/",
"description": "Description de Enfermeria",
"fiche-a-completer": true,
"fiche-publiee": true,
"identifiant-drupal": 380869,
"identifiant-drupal-parent": 380838,
"mise-a-jour": "2016-05-09-16-45-56",
"moment-de-creation": "2015-12-06-16-23-48",
"moment-de-modification": "2015-01-04-02-27-56",
"nom": "Enfermeria",
"nom-folder": "Enfermeria",
"nom-francais": ["Enfermeria"],
"nom-machine": "terme-2015-12-06-16-23-48-86966221732",
"sous-type": "sujets-dialnet",
"type": "taxonomies"
}