{
"_id": "terme-2015-12-06-16-23-51-86966221873",
"ajouter-aux-favoris": false,
"breadcrumb": "taxonomies/sujets-dialnet/Humanidades/Filosofia.-Etica/",
"description": "Description de Filosofia. Etica",
"fiche-a-completer": true,
"fiche-publiee": true,
"identifiant-drupal": 380912,
"identifiant-drupal-parent": 380845,
"mise-a-jour": "2016-05-09-16-45-56",
"moment-de-creation": "2015-12-06-16-23-51",
"moment-de-modification": "2015-01-04-02-27-56",
"nom": "Filosofia. Etica",
"nom-folder": "Filosofia.-Etica",
"nom-francais": ["Filosofia. Etica"],
"nom-machine": "terme-2015-12-06-16-23-51-86966221873",
"sous-type": "sujets-dialnet",
"type": "taxonomies"
}