{
"_id": "terme-2015-12-06-16-23-51-86966221871",
"ajouter-aux-favoris": false,
"breadcrumb": "taxonomies/sujets-dialnet/Humanidades/Estudios-regionales-y-locales/",
"description": "Description de Estudios regionales y locales",
"fiche-a-completer": true,
"fiche-publiee": true,
"identifiant-drupal": 380913,
"identifiant-drupal-parent": 380845,
"mise-a-jour": "2016-05-09-16-45-56",
"moment-de-creation": "2015-12-06-16-23-51",
"moment-de-modification": "2015-01-04-02-27-56",
"nom": "Estudios regionales y locales",
"nom-folder": "Estudios-regionales-y-locales",
"nom-francais": ["Estudios regionales y locales"],
"nom-machine": "terme-2015-12-06-16-23-51-86966221871",
"sous-type": "sujets-dialnet",
"type": "taxonomies"
}