{
"_id": "terme-2015-12-06-16-23-48-86966221738",
"ajouter-aux-favoris": false,
"breadcrumb": "taxonomies/sujets-dialnet/Ciencias-de-la-salud/Generalidades/",
"description": "Description de Generalidades",
"fiche-a-completer": true,
"fiche-publiee": true,
"identifiant-drupal": 380862,
"identifiant-drupal-parent": 380838,
"mise-a-jour": "2016-05-09-16-45-56",
"moment-de-creation": "2015-12-06-16-23-48",
"moment-de-modification": "2015-01-04-02-27-56",
"nom": "Generalidades",
"nom-folder": "Generalidades",
"nom-francais": ["Generalidades"],
"nom-machine": "terme-2015-12-06-16-23-48-86966221738",
"sous-type": "sujets-dialnet",
"type": "taxonomies"
}