{
"_id": "terme-2015-12-06-16-23-50-86966221844",
"ajouter-aux-favoris": false,
"breadcrumb": "taxonomies/sujets-dialnet/Filologias/Historia-y-critica-literaria/",
"description": "Description de Historia y critica literaria",
"fiche-a-completer": true,
"fiche-publiee": true,
"identifiant-drupal": 380920,
"identifiant-drupal-parent": 380847,
"mise-a-jour": "2016-05-09-16-45-56",
"moment-de-creation": "2015-12-06-16-23-50",
"moment-de-modification": "2015-01-04-02-27-56",
"nom": "Historia y critica literaria",
"nom-folder": "Historia-y-critica-literaria",
"nom-francais": ["Historia y critica literaria"],
"nom-machine": "terme-2015-12-06-16-23-50-86966221844",
"sous-type": "sujets-dialnet",
"type": "taxonomies"
}