{
"_id": "terme-2015-12-06-16-23-51-86966221881",
"ajouter-aux-favoris": false,
"breadcrumb": "taxonomies/sujets-dialnet/Humanidades/Religion.-Ha-de-las-religiones/",
"description": "Description de Religion. Ha de las religiones",
"fiche-a-completer": true,
"fiche-publiee": true,
"identifiant-drupal": 380911,
"identifiant-drupal-parent": 380845,
"mise-a-jour": "2016-05-09-16-45-56",
"moment-de-creation": "2015-12-06-16-23-51",
"moment-de-modification": "2015-01-04-02-27-56",
"nom": "Religion. Ha de las religiones",
"nom-folder": "Religion.-Ha-de-las-religiones",
"nom-francais": ["Religion. Ha de las religiones"],
"nom-machine": "terme-2015-12-06-16-23-51-86966221881",
"sous-type": "sujets-dialnet",
"type": "taxonomies"
}