{
"_id": "terme-2015-12-06-16-23-48-86966221687",
"ajouter-aux-favoris": false,
"breadcrumb": "taxonomies/sujets-dialnet/Arte/Historia-del-arte.-Artes-plasticas/",
"description": "Description de Historia del arte. Artes plasticas",
"fiche-a-completer": true,
"fiche-publiee": true,
"identifiant-drupal": 380915,
"identifiant-drupal-parent": 380846,
"mise-a-jour": "2016-05-09-16-45-55",
"moment-de-creation": "2015-12-06-16-23-48",
"moment-de-modification": "2015-01-04-02-27-56",
"nom": "Historia del arte. Artes plasticas",
"nom-folder": "Historia-del-arte.-Artes-plasticas",
"nom-francais": ["Historia del arte. Artes plasticas"],
"nom-machine": "terme-2015-12-06-16-23-48-86966221687",
"sous-type": "sujets-dialnet",
"type": "taxonomies"
}