{
"_id": "terme-2015-12-06-16-23-48-86966221690",
"ajouter-aux-favoris": false,
"breadcrumb": "taxonomies/sujets-dialnet/Arte/Musica/",
"description": "Description de Musica",
"fiche-a-completer": true,
"fiche-publiee": true,
"identifiant-drupal": 380916,
"identifiant-drupal-parent": 380846,
"mise-a-jour": "2016-05-09-16-45-55",
"moment-de-creation": "2015-12-06-16-23-48",
"moment-de-modification": "2015-01-04-02-27-56",
"nom": "Musica",
"nom-folder": "Musica",
"nom-francais": ["Musica"],
"nom-machine": "terme-2015-12-06-16-23-48-86966221690",
"sous-type": "sujets-dialnet",
"type": "taxonomies"
}