{
"_id": "terme-2015-12-06-16-23-48-86966221718",
"ajouter-aux-favoris": false,
"breadcrumb": "taxonomies/sujets-dialnet/Ciencias-biologicas/Botanica/",
"description": "Description de Botanica",
"fiche-a-completer": true,
"fiche-publiee": true,
"identifiant-drupal": 380860,
"identifiant-drupal-parent": 380837,
"mise-a-jour": "2016-05-09-16-45-55",
"moment-de-creation": "2015-12-06-16-23-48",
"moment-de-modification": "2015-01-04-02-27-56",
"nom": "Botanica",
"nom-folder": "Botanica",
"nom-francais": ["Botanica"],
"nom-machine": "terme-2015-12-06-16-23-48-86966221718",
"sous-type": "sujets-dialnet",
"type": "taxonomies"
}