{
"_id": "terme-2015-12-06-16-23-51-86966221892",
"ajouter-aux-favoris": false,
"breadcrumb": "taxonomies/sujets-dialnet/Psicologia-y-educacion/Educacion/",
"description": "Description de Educacion",
"fiche-a-completer": true,
"fiche-publiee": true,
"identifiant-drupal": 380906,
"identifiant-drupal-parent": 380844,
"mise-a-jour": "2016-05-09-16-45-56",
"moment-de-creation": "2015-12-06-16-23-51",
"moment-de-modification": "2015-01-04-02-27-56",
"nom": "Educacion",
"nom-folder": "Educacion",
"nom-francais": ["Educacion"],
"nom-machine": "terme-2015-12-06-16-23-51-86966221892",
"sous-type": "sujets-dialnet",
"type": "taxonomies"
}