{
"_id": "terme-2015-12-06-16-23-51-86966221915",
"ajouter-aux-favoris": false,
"breadcrumb": "taxonomies/sujets-dialnet/Tecnologias/Tecnologia-industrial.-Tecnologia-mecanica/",
"description": "Description de Tecnologia industrial. Tecnologia mecanica",
"fiche-a-completer": true,
"fiche-publiee": true,
"identifiant-drupal": 380879,
"identifiant-drupal-parent": 380840,
"mise-a-jour": "2016-05-09-16-45-56",
"moment-de-creation": "2015-12-06-16-23-51",
"moment-de-modification": "2015-01-04-02-27-55",
"nom": "Tecnologia industrial. Tecnologia mecanica",
"nom-folder": "Tecnologia-industrial.-Tecnologia-mecanica",
"nom-francais": ["Tecnologia industrial. Tecnologia mecanica"],
"nom-machine": "terme-2015-12-06-16-23-51-86966221915",
"sous-type": "sujets-dialnet",
"type": "taxonomies"
}