{
"_id": "terme-2015-12-06-16-23-48-86966221706",
"ajouter-aux-favoris": false,
"breadcrumb": "taxonomies/sujets-dialnet/Ciencias-basicas-y-experimentales/Ha-y-Fa-de-la-Ciencia/",
"description": "Description de Ha y fa de la ciencia",
"fiche-a-completer": true,
"fiche-publiee": true,
"identifiant-drupal": 380849,
"identifiant-drupal-parent": 380835,
"mise-a-jour": "2016-05-09-16-45-55",
"moment-de-creation": "2015-12-06-16-23-48",
"moment-de-modification": "2015-01-04-02-27-56",
"nom": "Ha y fa de la ciencia",
"nom-folder": "Ha-y-Fa-de-la-Ciencia",
"nom-francais": ["Ha y fa de la ciencia"],
"nom-machine": "terme-2015-12-06-16-23-48-86966221706",
"sous-type": "sujets-dialnet",
"type": "taxonomies"
}