{
"_id": "terme-2015-12-06-16-23-30-86966220631",
"ajouter-aux-favoris": false,
"breadcrumb": "taxonomies/sections/Entreprise/",
"description": "Description de Entreprise",
"enfants": ["terme-2015-12-06-16-23-30-86966220635","terme-2015-12-06-16-23-30-86966220655","terme-2015-12-06-16-23-31-86966220685","terme-2015-12-06-16-23-32-86966220753","terme-2015-12-06-16-23-32-86966220770","terme-2015-12-06-16-23-33-86966220832","terme-2015-12-06-16-23-35-86966220902","terme-2015-12-06-16-23-35-86966220946"],
"fiche-a-completer": true,
"fiche-publiee": true,
"identifiant-drupal": 270471,
"identifiant-drupal-parent": 1664,
"mise-a-jour": "2016-05-09-16-45-51",
"moment-de-creation": "2015-12-06-16-23-30",
"moment-de-modification": "2016-03-17-23-55-21",
"nom": "Entreprise",
"nom-anglais": ["Business|enterprise|firm"],
"nom-arabe": ["&#1593;&#1605;&#1604; &#1578;&#1580;&#1575;&#1585;&#1610;"],
"nom-espagnol": ["Empresa"],
"nom-folder": "Entreprise",
"nom-francais": ["Entreprise"],
"nom-italien": ["Impresa"],
"nom-machine": ["terme-2015-12-06-16-23-30-86966220631"],
"nom-russe": ["&#1055;&#1088;&#1077;&#1076;&#1087;&#1088;&#1080;&#1103;&#1090;&#1080;&#1077;"],
"sous-type": "sections",
"type": "taxonomies"
}