{
"_id": "terme-2015-12-06-16-23-32-86966220742",
"ajouter-aux-favoris": false,
"breadcrumb": "taxonomies/sections/Entreprise/Industries/Industries-extractives/Industrie-petroliere/",
"description": "Description de Industrie p&#233;troli&#232;re",
"fiche-a-completer": false,
"fiche-publiee": true,
"identifiant-drupal": 270590,
"identifiant-drupal-parent": 270583,
"mise-a-jour": "2016-05-09-16-45-52",
"moment-de-creation": "2015-12-06-16-23-32",
"moment-de-modification": "2015-01-04-02-27-34",
"nom": "Industrie p&#233;troli&#232;re",
"nom-anglais": ["Petroleum industry"],
"nom-arabe": ["&#1589;&#1606;&#1575;&#1593;&#1577; &#1606;&#1601;&#1591;&#1610;&#1577;"],
"nom-espagnol": ["Industria del petr&#243;leo"],
"nom-folder": "Industrie-petroliere",
"nom-francais": ["Industrie p&#233;troli&#232;re"],
"nom-italien": ["Industria petrolifera"],
"nom-machine": ["terme-2015-12-06-16-23-32-86966220742"],
"sous-type": "sections",
"type": "taxonomies"
}