{
"_id": "terme-2015-12-06-16-23-31-86966220662",
"ajouter-aux-favoris": false,
"breadcrumb": "taxonomies/sections/Entreprise/Formes-d'organisations/Cooperatives/",
"description": "Description de Coop&#233;ratives",
"fiche-a-completer": false,
"fiche-publiee": true,
"identifiant-drupal": 270513,
"identifiant-drupal-parent": 270512,
"mise-a-jour": "2016-05-09-16-45-52",
"moment-de-creation": "2015-12-06-16-23-31",
"moment-de-modification": "2015-01-04-02-27-34",
"nom": "Coop&#233;ratives",
"nom-anglais": ["Cooperatives"],
"nom-arabe": ["&#1575;&#1604;&#1578;&#1593;&#1575;&#1608;&#1606;&#1610;&#1575;&#1578;"],
"nom-espagnol": ["Cooperativas"],
"nom-folder": "Cooperatives",
"nom-francais": ["Coop&#233;ratives"],
"nom-italien": ["Cooperative"],
"nom-machine": ["terme-2015-12-06-16-23-31-86966220662"],
"sous-type": "sections",
"type": "taxonomies"
}