{
"_id": "terme-2015-12-06-16-23-31-86966220670",
"ajouter-aux-favoris": false,
"breadcrumb": "taxonomies/sections/Entreprise/Formes-d'organisations/Micro-entreprise/",
"description": "Description de Micro-entreprise",
"fiche-a-completer": false,
"fiche-publiee": true,
"identifiant-drupal": 270518,
"identifiant-drupal-parent": 270512,
"mise-a-jour": "2016-05-09-16-45-52",
"moment-de-creation": "2015-12-06-16-23-31",
"moment-de-modification": "2015-01-04-02-27-34",
"nom": "Micro-entreprise",
"nom-anglais": ["Micro-enterprise"],
"nom-arabe": ["&#1575;&#1604;&#1605;&#1588;&#1575;&#1585;&#1610;&#1593; &#1575;&#1604;&#1589;&#1594;&#1610;&#1585;&#1577;"],
"nom-espagnol": ["Microempresa"],
"nom-folder": "Micro-entreprise",
"nom-francais": ["Micro-entreprise"],
"nom-italien": ["Microimpresa"],
"nom-machine": "terme-2015-12-06-16-23-31-86966220670",
"nom-russe": ["&#1052;&#1080;&#1082;&#1088;&#1086;-&#1087;&#1088;&#1077;&#1076;&#1087;&#1088;&#1080;&#1103;&#1090;&#1080;&#1077;"],
"sous-type": "sections",
"type": "taxonomies"
}