{
"_id": "terme-2015-12-06-16-23-32-86966220762",
"ajouter-aux-favoris": false,
"breadcrumb": "taxonomies/sections/Entreprise/Investissement/Fonds-mutuels/",
"description": "Description de Fonds mutuels",
"fiche-a-completer": false,
"fiche-publiee": true,
"identifiant-drupal": 270551,
"identifiant-drupal-parent": 270550,
"mise-a-jour": "2016-05-09-16-45-52",
"moment-de-creation": "2015-12-06-16-23-32",
"moment-de-modification": "2015-01-04-02-27-33",
"nom": "Fonds mutuels",
"nom-anglais": ["Mutual funds"],
"nom-arabe": ["&#1589;&#1606;&#1583;&#1608;&#1602; &#1575;&#1587;&#1578;&#1579;&#1605;&#1575;&#1585;"],
"nom-espagnol": ["Fondos mutualistas"],
"nom-folder": "Fonds-mutuels",
"nom-francais": ["Fonds mutuels"],
"nom-italien": ["Fondi comuni di investimento"],
"nom-machine": "terme-2015-12-06-16-23-32-86966220762",
"sous-type": "sections",
"type": "taxonomies"
}