{
"_id": "terme-2015-12-06-16-23-33-86966220785",
"ajouter-aux-favoris": false,
"breadcrumb": "taxonomies/sections/Entreprise/L'environnement-externe-de-l'entreprise/Environnement-juridique/",
"description": "Description de Environnement juridique",
"fiche-a-completer": false,
"fiche-publiee": true,
"identifiant-drupal": 270493,
"identifiant-drupal-parent": 270483,
"mise-a-jour": "2016-05-09-16-45-52",
"moment-de-creation": "2015-12-06-16-23-33",
"moment-de-modification": "2015-01-04-02-27-33",
"nom": "Environnement juridique",
"nom-anglais": ["Judicial environment"],
"nom-arabe": ["&#1575;&#1604;&#1576;&#1610;&#1574;&#1577; &#1575;&#1604;&#1602;&#1575;&#1606;&#1608;&#1606;&#1610;&#1577;"],
"nom-espagnol": ["Entorno jur&#237;dico"],
"nom-folder": "Environnement-juridique",
"nom-francais": ["Environnement juridique"],
"nom-italien": ["Ambiente giuridico"],
"nom-machine": ["terme-2015-12-06-16-23-33-86966220785"],
"sous-type": "sections",
"type": "taxonomies"
}