{
"_id": "terme-2015-12-06-16-23-31-86966220713",
"ajouter-aux-favoris": false,
"breadcrumb": "taxonomies/sections/Entreprise/Industries/Industrie-du-transport/",
"description": "Description de Industrie du transport",
"fiche-a-completer": false,
"fiche-publiee": true,
"identifiant-drupal": 471741,
"identifiant-drupal-parent": 270556,
"mise-a-jour": "2016-05-09-16-45-52",
"moment-de-creation": "2015-12-06-16-23-31",
"moment-de-modification": "2015-01-04-02-27-34",
"nom": "Industrie du transport",
"nom-anglais": ["Transport industry"],
"nom-arabe": ["&#1589;&#1606;&#1575;&#1593;&#1577; &#1575;&#1604;&#1606;&#1602;&#1604;"],
"nom-espagnol": ["Industria del transporte"],
"nom-folder": "Industrie-du-transport",
"nom-francais": ["Industrie du transport"],
"nom-italien": ["Industria del trasporto"],
"nom-machine": ["terme-2015-12-06-16-23-31-86966220713"],
"sous-type": "sections",
"type": "taxonomies"
}