{
"_id": "terme-2015-12-06-16-23-31-86966220710",
"ajouter-aux-favoris": false,
"breadcrumb": "taxonomies/sections/Entreprise/Industries/Industrie-du-spectacle/",
"description": "Description de Industrie du spectacle",
"fiche-a-completer": false,
"fiche-publiee": true,
"identifiant-drupal": 270592,
"identifiant-drupal-parent": 270556,
"mise-a-jour": "2016-05-09-16-45-52",
"moment-de-creation": "2015-12-06-16-23-31",
"moment-de-modification": "2015-01-04-02-27-34",
"nom": "Industrie du spectacle",
"nom-anglais": ["Show business"],
"nom-arabe": ["&#1589;&#1606;&#1575;&#1593;&#1577; &#1575;&#1604;&#1578;&#1585;&#1601;&#1610;&#1607;"],
"nom-espagnol": ["Mundo del espect&#225;culo"],
"nom-folder": "Industrie-du-spectacle",
"nom-francais": ["Industrie du spectacle"],
"nom-italien": ["Industria dello spettacolo"],
"nom-machine": ["terme-2015-12-06-16-23-31-86966220710"],
"nom-russe": ["&#1064;&#1086;&#1091;-&#1073;&#1080;&#1079;&#1085;&#1077;&#1089;"],
"sous-type": "sections",
"type": "taxonomies"
}