{
"_id": "terme-2015-12-06-16-23-32-86966220768",
"ajouter-aux-favoris": false,
"breadcrumb": "taxonomies/sections/Entreprise/Investissement/Les-marches/",
"description": "Description de Les march&#233;s",
"fiche-a-completer": false,
"fiche-publiee": true,
"identifiant-drupal": 270554,
"identifiant-drupal-parent": 270550,
"mise-a-jour": "2016-05-09-16-45-52",
"moment-de-creation": "2015-12-06-16-23-32",
"moment-de-modification": "2015-01-04-02-27-33",
"nom": "Les march&#233;s",
"nom-anglais": ["The markets"],
"nom-arabe": ["&#1575;&#1604;&#1575;&#1587;&#1608;&#1575;&#1602;"],
"nom-espagnol": ["Los mercados"],
"nom-folder": "Les-marches",
"nom-francais": ["Les march&#233;s"],
"nom-italien": ["I mercati"],
"nom-machine": ["terme-2015-12-06-16-23-32-86966220768"],
"sous-type": "sections",
"type": "taxonomies"
}