{
"_id": "terme-2015-12-06-16-23-31-86966220693",
"ajouter-aux-favoris": false,
"breadcrumb": "taxonomies/sections/Entreprise/Industries/Industrie-automobile/",
"description": "Description de Industrie automobile",
"fiche-a-completer": false,
"fiche-publiee": true,
"identifiant-drupal": 270570,
"identifiant-drupal-parent": 270556,
"mise-a-jour": "2016-05-09-16-45-52",
"moment-de-creation": "2015-12-06-16-23-31",
"moment-de-modification": "2015-01-04-02-27-34",
"nom": "Industrie automobile",
"nom-anglais": ["Automotive industry"],
"nom-arabe": ["&#1589;&#1606;&#1575;&#1593;&#1577; &#1575;&#1604;&#1587;&#1610;&#1575;&#1585;&#1575;&#1578;"],
"nom-espagnol": ["Industria del autom&#243;vil"],
"nom-folder": "Industrie-automobile",
"nom-francais": ["Industrie automobile"],
"nom-italien": ["Industria dell&#8217;automobile"],
"nom-machine": ["terme-2015-12-06-16-23-31-86966220693"],
"sous-type": "sections",
"type": "taxonomies"
}