{
"_id": "terme-2015-12-06-16-23-31-86966220704",
"ajouter-aux-favoris": false,
"breadcrumb": "taxonomies/sections/Entreprise/Industries/Industrie-de-la-construction/",
"description": "Description de Industrie de la construction",
"fiche-a-completer": false,
"fiche-publiee": true,
"identifiant-drupal": 469463,
"identifiant-drupal-parent": 270556,
"mise-a-jour": "2016-05-09-16-45-52",
"moment-de-creation": "2015-12-06-16-23-31",
"moment-de-modification": "2015-01-04-02-27-34",
"nom": "Industrie de la construction",
"nom-anglais": ["Construction industry"],
"nom-arabe": ["&#1589;&#1606;&#1575;&#1593;&#1577; &#1575;&#1604;&#1576;&#1606;&#1575;&#1569; &#1608;&#1575;&#1604;&#1578;&#1588;&#1610;&#1610;&#1583;"],
"nom-espagnol": ["Industria de la construcci&#243;n"],
"nom-folder": "Industrie-de-la-construction",
"nom-francais": ["Industrie de la construction"],
"nom-italien": ["Industria delle costruzioni"],
"nom-machine": ["terme-2015-12-06-16-23-31-86966220704"],
"sous-type": "sections",
"type": "taxonomies"
}