{
"_id": "terme-2015-12-06-16-23-32-86966220756",
"ajouter-aux-favoris": false,
"breadcrumb": "taxonomies/sections/Entreprise/Investissement/Actions/",
"description": "Description de Actions",
"fiche-a-completer": false,
"fiche-publiee": true,
"identifiant-drupal": 270553,
"identifiant-drupal-parent": "/node/field_section_parent/nid",
"mise-a-jour": "2016-05-09-16-45-52",
"moment-de-creation": "2015-12-06-16-23-32",
"moment-de-modification": "2015-01-04-02-27-33",
"nom": "Actions",
"nom-anglais": ["Shares"],
"nom-arabe": ["&#1587;&#1607;&#1605; (&#1578;&#1580;&#1575;&#1585;&#1577;)"],
"nom-espagnol": ["Acci&#243;nes"],
"nom-folder": "Actions",
"nom-francais": ["Actions"],
"nom-italien": ["Azioni per la democrazia nel mondo"],
"nom-machine": ["terme-2015-12-06-16-23-32-86966220756"],
"sous-type": "sections",
"type": "taxonomies"
}