{
"_id": "terme-2015-12-06-16-23-32-86966220722",
"ajouter-aux-favoris": false,
"breadcrumb": "taxonomies/sections/Entreprise/Industries/Industrie-pharmaceutique/",
"description": "Description de Industrie pharmaceutique",
"fiche-a-completer": false,
"fiche-publiee": true,
"identifiant-drupal": 270560,
"identifiant-drupal-parent": 270556,
"mise-a-jour": "2016-05-09-16-45-52",
"moment-de-creation": "2015-12-06-16-23-32",
"moment-de-modification": "2015-01-04-02-27-34",
"nom": "Industrie pharmaceutique",
"nom-anglais": ["Pharmaceutical industry"],
"nom-arabe": ["&#1575;&#1604;&#1589;&#1606;&#1575;&#1593;&#1577; &#1575;&#1604;&#1589;&#1610;&#1583;&#1604;&#1575;&#1606;&#1610;&#1577;"],
"nom-espagnol": ["Industria farmac&#233;utica"],
"nom-folder": "Industrie-pharmaceutique",
"nom-francais": ["Industrie pharmaceutique"],
"nom-italien": ["Industria farmaceutica"],
"nom-machine": ["terme-2015-12-06-16-23-32-86966220722"],
"sous-type": "sections",
"type": "taxonomies"
}