{
"_id": "terme-2015-12-06-16-23-32-86966220745",
"ajouter-aux-favoris": false,
"breadcrumb": "taxonomies/sections/Entreprise/Industries/Industries-transformatives/",
"description": "Description de Industries transformatives",
"enfants": ["terme-2015-12-06-16-23-32-86966220747"],
"fiche-a-completer": false,
"fiche-publiee": true,
"identifiant-drupal": 471607,
"identifiant-drupal-parent": 270556,
"mise-a-jour": "2016-05-09-16-45-52",
"moment-de-creation": "2015-12-06-16-23-32",
"moment-de-modification": "2015-01-04-02-27-34",
"nom": "Industries transformatives",
"nom-anglais": ["Transformative industries"],
"nom-arabe": ["&#1589;&#1606;&#1575;&#1593;&#1575;&#1578; &#1578;&#1580;&#1607;&#1610;&#1586;"],
"nom-espagnol": ["Industrias transformadoras"],
"nom-folder": "Industries-transformatives",
"nom-francais": ["Industries transformatives"],
"nom-italien": ["Industrie di trasformazione"],
"nom-machine": ["terme-2015-12-06-16-23-32-86966220745"],
"nom-russe": ["&#1087;&#1077;&#1088;&#1077;&#1088;&#1072;&#1073;&#1072;&#1090;&#1099;&#1074;&#1072;&#1102;&#1097;&#1077;&#1081; &#1087;&#1088;&#1086;&#1084;&#1099;&#1096;&#1083;&#1077;&#1085;&#1085;&#1086;&#1089;&#1090;&#1080;"],
"sous-type": "sections",
"type": "taxonomies"
}