{
"_id": "terme-2015-12-06-16-23-31-86966220681",
"ajouter-aux-favoris": false,
"breadcrumb": "taxonomies/sections/Entreprise/Formes-d'organisations/Petites-et-moyennes-entreprises/",
"description": "Description de Petites et moyennes entreprises",
"fiche-a-completer": false,
"fiche-publiee": true,
"identifiant-drupal": 270517,
"identifiant-drupal-parent": 270512,
"mise-a-jour": "2016-05-09-16-45-52",
"moment-de-creation": "2015-12-06-16-23-31",
"moment-de-modification": "2015-01-04-02-27-34",
"nom": "Petites et moyennes entreprises",
"nom-anglais": ["Small and medium-sized enterprises"],
"nom-arabe": ["&#1588;&#1585;&#1603;&#1575;&#1578; &#1589;&#1594;&#1610;&#1585;&#1577; &#1608; &#1605;&#1578;&#1608;&#1587;&#1591;&#1577;"],
"nom-espagnol": ["Peque&#241;as y medianas empresas"],
"nom-folder": "Petites-et-moyennes-entreprises",
"nom-francais": ["Petites et moyennes entreprises"],
"nom-italien": ["Piccole e medie imprese"],
"nom-machine": ["terme-2015-12-06-16-23-31-86966220681"],
"nom-russe": ["&#1052;&#1072;&#1083;&#1099;&#1077; &#1080; &#1089;&#1088;&#1077;&#1076;&#1085;&#1080;&#1077; &#1082;&#1086;&#1084;&#1087;&#1072;&#1085;&#1080;&#1080;"],
"sous-type": "sections",
"type": "taxonomies"
}