{
"_id": "terme-2015-12-06-16-23-31-86966220719",
"ajouter-aux-favoris": false,
"breadcrumb": "taxonomies/sections/Entreprise/Industries/Industrie-nucleaire/",
"description": "Description de Industrie nucl&#233;aire",
"fiche-a-completer": false,
"fiche-publiee": true,
"identifiant-drupal": 270579,
"identifiant-drupal-parent": 270556,
"mise-a-jour": "2016-05-09-16-45-52",
"moment-de-creation": "2015-12-06-16-23-31",
"moment-de-modification": "2015-01-04-02-27-34",
"nom": "Industrie nucl&#233;aire",
"nom-anglais": ["Nuclear industry"],
"nom-arabe": ["&#1575;&#1604;&#1589;&#1606;&#1575;&#1593;&#1577; &#1575;&#1604;&#1606;&#1608;&#1608;&#1610;&#1577;"],
"nom-espagnol": ["Industria nuclear"],
"nom-folder": "Industrie-nucleaire",
"nom-francais": ["Industrie nucl&#233;aire"],
"nom-italien": ["Industria nucleare"],
"nom-machine": ["terme-2015-12-06-16-23-31-86966220719"],
"sous-type": "sections",
"type": "taxonomies"
}