{
"_id": "terme-2015-12-06-16-23-30-86966220635",
"ajouter-aux-favoris": false,
"breadcrumb": "taxonomies/sections/Entreprise/Acteurs-de-l'entreprise/",
"description": "Description de Acteurs de l'entreprise",
"enfants": ["terme-2015-12-06-16-23-30-86966220638","terme-2015-12-06-16-23-30-86966220640","terme-2015-12-06-16-23-30-86966220644","terme-2015-12-06-16-23-30-86966220646"],
"fiche-a-completer": false,
"fiche-publiee": true,
"identifiant-drupal": 270506,
"identifiant-drupal-parent": 270471,
"mise-a-jour": "2016-05-09-16-45-51",
"moment-de-creation": "2015-12-06-16-23-30",
"moment-de-modification": "2015-01-04-02-27-34",
"nom": "Acteurs de l'entreprise",
"nom-anglais": ["Actors of the firm"],
"nom-arabe": ["&#1575;&#1604;&#1580;&#1607;&#1575;&#1578; &#1575;&#1604;&#1601;&#1575;&#1593;&#1604;&#1577; &#1601;&#1609; &#1575;&#1604;&#1588;&#1585;&#1603;&#1577;"],
"nom-espagnol": ["Actores de la empresa"],
"nom-folder": "Acteurs-de-l'entreprise",
"nom-francais": ["Acteurs de l'entreprise"],
"nom-italien": ["Attori della societ&#224;"],
"nom-machine": ["terme-2015-12-06-16-23-30-86966220635"],
"nom-russe": ["&#1040;&#1082;&#1090;&#1077;&#1088;&#1099; &#1074; &#1082;&#1086;&#1084;&#1087;&#1072;&#1085;&#1080;&#1080;"],
"sous-type": "sections",
"type": "taxonomies"
}