{
"_id": "terme-2015-12-06-16-23-31-86966220716",
"ajouter-aux-favoris": false,
"breadcrumb": "taxonomies/sections/Entreprise/Industries/Industrie-forestiere/",
"description": "Description de Industrie foresti&#232;re",
"fiche-a-completer": false,
"fiche-publiee": true,
"identifiant-drupal": 270573,
"identifiant-drupal-parent": 270556,
"mise-a-jour": "2016-05-09-16-45-52",
"moment-de-creation": "2015-12-06-16-23-31",
"moment-de-modification": "2015-01-04-02-27-34",
"nom": "Industrie foresti&#232;re",
"nom-anglais": ["Forestry industry"],
"nom-arabe": ["&#1589;&#1606;&#1575;&#1593;&#1577; &#1575;&#1604;&#1594;&#1575;&#1576;&#1575;&#1578;"],
"nom-espagnol": ["Industria forestal"],
"nom-folder": "Industrie-forestiere",
"nom-francais": ["Industrie foresti&#232;re"],
"nom-italien": ["Industria forestale"],
"nom-machine": ["terme-2015-12-06-16-23-31-86966220716"],
"sous-type": "sections",
"type": "taxonomies"
}