{
"_id": "terme-2015-12-06-16-23-31-86966220676",
"ajouter-aux-favoris": false,
"breadcrumb": "taxonomies/sections/Entreprise/Formes-d'organisations/Organismes-sans-but-lucratif/",
"description": "Description de Organismes sans but lucratif",
"fiche-a-completer": false,
"fiche-publiee": true,
"identifiant-drupal": 270515,
"identifiant-drupal-parent": 270512,
"mise-a-jour": "2016-05-09-16-45-52",
"moment-de-creation": "2015-12-06-16-23-31",
"moment-de-modification": "2015-01-04-02-27-34",
"nom": "Organismes sans but lucratif",
"nom-anglais": ["Non profit organization"],
"nom-arabe": ["&#1605;&#1606;&#1592;&#1605;&#1577; &#1594;&#1610;&#1585; &#1585;&#1576;&#1581;&#1610;&#1577;"],
"nom-espagnol": ["Organizaciones sin fines de lucro"],
"nom-folder": "Organismes-sans-but-lucratif",
"nom-francais": ["Organismes sans but lucratif"],
"nom-italien": ["Organizzazione senza scopo di lucro"],
"nom-machine": ["terme-2015-12-06-16-23-31-86966220676"],
"nom-russe": ["&#1053;&#1077;&#1082;&#1086;&#1084;&#1084;&#1077;&#1088;&#1095;&#1077;&#1089;&#1082;&#1080;&#1081; &#1086;&#1088;&#1075;&#1072;&#1085;&#1080;&#1079;&#1084;"],
"sous-type": "sections",
"type": "taxonomies"
}