{
"_id": "terme-2015-12-06-16-23-32-86966220759",
"ajouter-aux-favoris": false,
"breadcrumb": "taxonomies/sections/Entreprise/Investissement/Cout-du-capital/",
"description": "Description de Co&#251;t du capital",
"fiche-a-completer": false,
"fiche-publiee": true,
"identifiant-drupal": 270555,
"identifiant-drupal-parent": 270550,
"mise-a-jour": "2016-05-09-16-45-52",
"moment-de-creation": "2015-12-06-16-23-32",
"moment-de-modification": "2015-01-04-02-27-33",
"nom": "Co&#251;t du capital",
"nom-anglais": ["Cost of capital"],
"nom-arabe": ["&#1578;&#1603;&#1604;&#1601;&#1577; &#1585;&#1571;&#1587; &#1575;&#1604;&#1605;&#1575;&#1604;"],
"nom-espagnol": ["Costo del capital"],
"nom-folder": "Cout-du-capital",
"nom-francais": ["Co&#251;t du capital"],
"nom-italien": ["Costo del capitale"],
"nom-machine": "terme-2015-12-06-16-23-32-86966220759",
"sous-type": "sections",
"type": "taxonomies"
}