{
"_id": "terme-2015-12-06-16-23-30-86966220644",
"ajouter-aux-favoris": false,
"breadcrumb": "taxonomies/sections/Entreprise/Acteurs-de-l'entreprise/Proprietaires/",
"description": "Description de Propri&#233;taires",
"fiche-a-completer": false,
"fiche-publiee": true,
"identifiant-drupal": 270522,
"identifiant-drupal-parent": 270506,
"mise-a-jour": "2016-05-09-16-45-51",
"moment-de-creation": "2015-12-06-16-23-30",
"moment-de-modification": "2015-01-04-02-27-34",
"nom": "Propri&#233;taires",
"nom-anglais": ["Owners"],
"nom-arabe": ["&#1571;&#1589;&#1581;&#1575;&#1576;"],
"nom-espagnol": ["Propietarios"],
"nom-folder": "Proprietaires",
"nom-francais": ["Propri&#233;taires"],
"nom-italien": ["Proprietari"],
"nom-machine": "terme-2015-12-06-16-23-30-86966220644",
"sous-type": "sections",
"type": "taxonomies"
}