{
"_id": "terme-2015-12-06-16-23-32-86966220738",
"ajouter-aux-favoris": false,
"breadcrumb": "taxonomies/sections/Entreprise/Industries/Industries-extractives/Industrie-miniere/Metallurgie/",
"description": "Description de M&#233;tallurgie",
"fiche-a-completer": false,
"fiche-publiee": true,
"identifiant-drupal": 270597,
"identifiant-drupal-parent": 270596,
"mise-a-jour": "2016-05-09-16-45-52",
"moment-de-creation": "2015-12-06-16-23-32",
"moment-de-modification": "2015-01-04-02-27-34",
"nom": "M&#233;tallurgie",
"nom-anglais": ["Metallurgy"],
"nom-arabe": ["&#1593;&#1604;&#1605; &#1575;&#1604;&#1601;&#1604;&#1586;&#1575;&#1578;"],
"nom-espagnol": ["Metalurgia"],
"nom-folder": "Metallurgie",
"nom-francais": ["M&#233;tallurgie"],
"nom-italien": ["Metallurgia"],
"nom-machine": "terme-2015-12-06-16-23-32-86966220738",
"sous-type": "sections",
"type": "taxonomies"
}