{
"_id": "terme-2015-12-06-16-23-30-86966220653",
"ajouter-aux-favoris": false,
"breadcrumb": "taxonomies/sections/Entreprise/Acteurs-de-l'entreprise/Salaries/Employes/",
"description": "Description de Employ&#233;s",
"fiche-a-completer": false,
"fiche-publiee": true,
"identifiant-drupal": 270511,
"identifiant-drupal-parent": 270510,
"mise-a-jour": "2016-05-09-16-45-51",
"moment-de-creation": "2015-12-06-16-23-30",
"moment-de-modification": "2015-01-04-02-27-34",
"nom": "Employ&#233;s",
"nom-anglais": ["Employees"],
"nom-arabe": ["&#1605;&#1615;&#1608;&#1614;&#1592;&#1617;&#1614;&#1601;&#1615;&#1608;&#1606;"],
"nom-espagnol": ["Empleados"],
"nom-folder": "Employes",
"nom-francais": ["Employ&#233;s"],
"nom-italien": ["Impiegati"],
"nom-machine": "terme-2015-12-06-16-23-30-86966220653",
"sous-type": "sections",
"type": "taxonomies"
}