{
"_id": "terme-2015-12-06-16-23-31-86966220690",
"ajouter-aux-favoris": false,
"breadcrumb": "taxonomies/sections/Entreprise/Industries/Industrie-agroalimentaire/",
"description": "Description de Industrie agroalimentaire",
"fiche-a-completer": false,
"fiche-publiee": true,
"identifiant-drupal": 270593,
"identifiant-drupal-parent": 270556,
"mise-a-jour": "2016-05-09-16-45-52",
"moment-de-creation": "2015-12-06-16-23-31",
"moment-de-modification": "2015-01-04-02-27-34",
"nom": "Industrie agroalimentaire",
"nom-anglais": ["Agribusiness"],
"nom-arabe": ["&#1575;&#1604;&#1575;&#1593;&#1605;&#1575;&#1604; &#1575;&#1604;&#1578;&#1580;&#1575;&#1585;&#1610;&#1577; &#1575;&#1604;&#1586;&#1585;&#1575;&#1593;&#1610;&#1577;"],
"nom-espagnol": ["Agroindustria"],
"nom-folder": "Industrie-agroalimentaire",
"nom-francais": ["Industrie agroalimentaire"],
"nom-italien": ["Industria agroalimentare"],
"nom-machine": ["terme-2015-12-06-16-23-31-86966220690"],
"nom-russe": ["&#1072;&#1075;&#1088;&#1086;&#1073;&#1080;&#1079;&#1085;&#1077;&#1089;"],
"sous-type": "sections",
"type": "taxonomies"
}