{
"_id": "terme-2015-12-06-16-23-32-86966220725",
"ajouter-aux-favoris": false,
"breadcrumb": "taxonomies/sections/Entreprise/Industries/Industries-des-technologies-de-l'information/",
"description": "Description de Industries des technologies de l'information",
"enfants": ["terme-2015-12-06-16-23-32-86966220728"],
"fiche-a-completer": false,
"fiche-publiee": true,
"identifiant-drupal": 270562,
"identifiant-drupal-parent": 270556,
"mise-a-jour": "2016-05-09-16-45-52",
"moment-de-creation": "2015-12-06-16-23-32",
"moment-de-modification": "2015-01-04-02-27-34",
"nom": "Industries des technologies de l'information",
"nom-anglais": ["It industry"],
"nom-arabe": ["&#1589;&#1606;&#1575;&#1593;&#1577; &#1578;&#1603;&#1606;&#1608;&#1604;&#1608;&#1580;&#1610;&#1575; &#1575;&#1604;&#1605;&#1593;&#1604;&#1608;&#1605;&#1575;&#1578;"],
"nom-espagnol": ["Industrias de tecnolog&#237;a de la informaci&#243;n"],
"nom-folder": "Industries-des-technologies-de-l'information",
"nom-francais": ["Industries des technologies de l'information"],
"nom-italien": ["Le industrie delle tecnologie dell'informazione"],
"nom-machine": ["terme-2015-12-06-16-23-32-86966220725"],
"nom-russe": ["&#1055;&#1088;&#1086;&#1084;&#1099;&#1096;&#1083;&#1077;&#1085;&#1085;&#1086;&#1089;&#1090;&#1080; &#1080;&#1085;&#1092;&#1086;&#1088;&#1084;&#1072;&#1094;&#1080;&#1086;&#1085;&#1085;&#1099;&#1093; &#1090;&#1077;&#1093;&#1085;&#1086;&#1083;&#1086;&#1075;&#1080;&#1081;"],
"sous-type": "sections",
"type": "taxonomies"
}