{
"_id": "terme-2015-12-06-16-23-32-86966220733",
"ajouter-aux-favoris": false,
"breadcrumb": "taxonomies/sections/Entreprise/Industries/Industries-extractives/Industrie-miniere/",
"description": "Description de Industrie mini&#232;re",
"enfants": ["terme-2015-12-06-16-23-32-86966220736","terme-2015-12-06-16-23-32-86966220738"],
"fiche-a-completer": false,
"fiche-publiee": true,
"identifiant-drupal": 270596,
"identifiant-drupal-parent": 270583,
"mise-a-jour": "2016-05-09-16-45-52",
"moment-de-creation": "2015-12-06-16-23-32",
"moment-de-modification": "2015-01-04-02-27-34",
"nom": "Industrie mini&#232;re",
"nom-anglais": ["Mining industry"],
"nom-arabe": ["&#1589;&#1606;&#1575;&#1593;&#1577; &#1575;&#1604;&#1578;&#1593;&#1583;&#1610;&#1606;"],
"nom-espagnol": ["Industria minera"],
"nom-folder": "Industrie-miniere",
"nom-francais": ["Industrie mini&#232;re"],
"nom-italien": ["Industria mineraria"],
"nom-machine": ["terme-2015-12-06-16-23-32-86966220733"],
"sous-type": "sections",
"type": "taxonomies"
}