{
"_id": "terme-2015-12-06-16-23-32-86966220736",
"ajouter-aux-favoris": false,
"breadcrumb": "taxonomies/sections/Entreprise/Industries/Industries-extractives/Industrie-miniere/Extraction-miniere-artisanale/",
"description": "Description de Extraction mini&#232;re artisanale",
"fiche-a-completer": false,
"fiche-publiee": true,
"identifiant-drupal": 270598,
"identifiant-drupal-parent": 270596,
"mise-a-jour": "2016-05-09-16-45-52",
"moment-de-creation": "2015-12-06-16-23-32",
"moment-de-modification": "2015-01-04-02-27-34",
"nom": "Extraction mini&#232;re artisanale",
"nom-anglais": ["Artisanal mining"],
"nom-arabe": ["&#1575;&#1604;&#1578;&#1593;&#1583;&#1610;&#1606; &#1575;&#1604;&#1581;&#1585;&#1601;&#1610;"],
"nom-espagnol": ["Miner&#237;a artesanal"],
"nom-folder": "Extraction-miniere-artisanale",
"nom-francais": ["Extraction mini&#232;re artisanale"],
"nom-italien": ["Estrazione artigianale"],
"nom-machine": ["terme-2015-12-06-16-23-32-86966220736"],
"nom-russe": ["&#1082;&#1091;&#1089;&#1090;&#1072;&#1088;&#1085;&#1072;&#1103; &#1075;&#1086;&#1088;&#1085;&#1072;&#1103;"],
"sous-type": "sections",
"type": "taxonomies"
}