{
"_id": "terme-2015-12-06-16-23-30-86966220638",
"ajouter-aux-favoris": false,
"breadcrumb": "taxonomies/sections/Entreprise/Acteurs-de-l'entreprise/Actionnaires/",
"description": "Description de Actionnaires",
"fiche-a-completer": false,
"fiche-publiee": true,
"identifiant-drupal": 270508,
"identifiant-drupal-parent": 270506,
"mise-a-jour": "2016-05-09-16-45-51",
"moment-de-creation": "2015-12-06-16-23-30",
"moment-de-modification": "2015-01-04-02-27-34",
"nom": "Actionnaires",
"nom-anglais": ["Shareholders"],
"nom-arabe": ["&#1575;&#1604;&#1605;&#1587;&#1575;&#1607;&#1605;&#1610;&#1606;"],
"nom-espagnol": ["Accionistas"],
"nom-folder": "Actionnaires",
"nom-francais": ["Actionnaires"],
"nom-italien": ["Azionisti"],
"nom-machine": "terme-2015-12-06-16-23-30-86966220638",
"sous-type": "sections",
"type": "taxonomies"
}