{
"_id": "terme-2015-12-06-16-23-32-86966220747",
"ajouter-aux-favoris": false,
"breadcrumb": "taxonomies/sections/Entreprise/Industries/Industries-transformatives/Electrometallurgie/",
"description": "Description de &#201;lectrom&#233;tallurgie",
"fiche-a-completer": false,
"fiche-publiee": true,
"identifiant-drupal": 471609,
"identifiant-drupal-parent": 471607,
"mise-a-jour": "2016-05-09-16-45-52",
"moment-de-creation": "2015-12-06-16-23-32",
"moment-de-modification": "2015-01-04-02-27-34",
"nom": "&#201;lectrom&#233;tallurgie",
"nom-anglais": ["Electrometallurgy"],
"nom-arabe": ["&#1575;&#1604;&#1610;&#1603;&#1578;&#1585;&#1608;&#1605;&#1610;&#1578;&#1575;&#1604;&#1608;&#1585;&#1580;&#1610;"],
"nom-espagnol": ["Electrometalurgia"],
"nom-folder": "Electrometallurgie",
"nom-francais": ["&#201;lectrom&#233;tallurgie"],
"nom-italien": ["Elettrometallurgia"],
"nom-machine": ["terme-2015-12-06-16-23-32-86966220747"],
"nom-russe": ["&#1069;&#1083;&#1077;&#1082;&#1090;&#1088;&#1086;&#1084;&#1077;&#1090;&#1072;&#1083;&#1083;&#1091;&#1088;&#1075;&#1080;&#1103;"],
"sous-type": "sections",
"type": "taxonomies"
}