{
"_id": "terme-2015-12-06-16-23-32-86966220774",
"ajouter-aux-favoris": false,
"breadcrumb": "taxonomies/sections/Entreprise/L'environnement-externe-de-l'entreprise/Capacite-de-reponse-de-l'entreprise/",
"description": "Description de Capacit&#233; de r&#233;ponse de l'entreprise",
"fiche-a-completer": false,
"fiche-publiee": true,
"identifiant-drupal": 270489,
"identifiant-drupal-parent": 270483,
"mise-a-jour": "2016-05-09-16-45-52",
"moment-de-creation": "2015-12-06-16-23-32",
"moment-de-modification": "2015-01-04-02-27-33",
"nom": "Capacit&#233; de r&#233;ponse de l'entreprise",
"nom-anglais": ["Corporate social responsiveness"],
"nom-arabe": ["&#1575;&#1604;&#1575;&#1587;&#1578;&#1580;&#1575;&#1576;&#1577; &#1575;&#1604;&#1575;&#1580;&#1578;&#1605;&#1575;&#1593;&#1610;&#1577; &#1604;&#1604;&#1588;&#1585;&#1603;&#1575;&#1578;"],
"nom-espagnol": ["Sensibilidad social corporativa"],
"nom-folder": "Capacite-de-reponse-de-l'entreprise",
"nom-francais": ["Capacit&#233; de r&#233;ponse de l'entreprise"],
"nom-italien": ["La sensibilit&#224; sociale delle imprese"],
"nom-machine": ["terme-2015-12-06-16-23-32-86966220774"],
"nom-russe": ["&#1050;&#1086;&#1088;&#1087;&#1086;&#1088;&#1072;&#1090;&#1080;&#1074;&#1085;&#1086;&#1081; &#1089;&#1086;&#1094;&#1080;&#1072;&#1083;&#1100;&#1085;&#1086;&#1081; &#1088;&#1077;&#1072;&#1082;&#1094;&#1080;&#1080;"],
"sous-type": "sections",
"type": "taxonomies"
}