{
"_id": "terme-2015-12-06-16-23-33-86966220792",
"ajouter-aux-favoris": false,
"breadcrumb": "taxonomies/sections/Entreprise/L'environnement-externe-de-l'entreprise/Environnement-social/",
"description": "Description de Environnement social",
"fiche-a-completer": false,
"fiche-publiee": true,
"identifiant-drupal": 270495,
"identifiant-drupal-parent": 270483,
"mise-a-jour": "2016-05-09-16-45-52",
"moment-de-creation": "2015-12-06-16-23-33",
"moment-de-modification": "2015-01-04-02-27-34",
"nom": "Environnement social",
"nom-anglais": ["Social environment"],
"nom-arabe": ["&#1575;&#1604;&#1576;&#1610;&#1574;&#1577; &#1575;&#1604;&#1575;&#1580;&#1578;&#1605;&#1575;&#1593;&#1610;&#1577;"],
"nom-espagnol": ["Entorno social"],
"nom-folder": "Environnement-social",
"nom-francais": ["Environnement social"],
"nom-italien": ["Ambiente sociale"],
"nom-machine": ["terme-2015-12-06-16-23-33-86966220792"],
"sous-type": "sections",
"type": "taxonomies"
}