{
"_id": "terme-2015-12-06-16-23-30-86966220646",
"ajouter-aux-favoris": false,
"breadcrumb": "taxonomies/sections/Entreprise/Acteurs-de-l'entreprise/Salaries/",
"description": "Description de Salari&#233;s",
"enfants": ["terme-2015-12-06-16-23-30-86966220649","terme-2015-12-06-16-23-30-86966220653"],
"fiche-a-completer": false,
"fiche-publiee": true,
"identifiant-drupal": 270510,
"identifiant-drupal-parent": 270506,
"mise-a-jour": "2016-05-09-16-45-51",
"moment-de-creation": "2015-12-06-16-23-30",
"moment-de-modification": "2015-01-04-02-27-34",
"nom": "Salari&#233;s",
"nom-anglais": ["Wage labor"],
"nom-arabe": ["&#1575;&#1604;&#1602;&#1608;&#1609; &#1575;&#1604;&#1593;&#1575;&#1605;&#1604;&#1577;"],
"nom-espagnol": ["Asalariados"],
"nom-folder": "Salaries",
"nom-francais": ["Salari&#233;s"],
"nom-italien": ["Dipendenti"],
"nom-machine": ["terme-2015-12-06-16-23-30-86966220646"],
"nom-russe": ["&#1088;&#1072;&#1073;&#1086;&#1095;&#1080;&#1077;"],
"sous-type": "sections",
"type": "taxonomies"
}