{
"_id": "terme-2015-12-06-16-23-31-86966220701",
"ajouter-aux-favoris": false,
"breadcrumb": "taxonomies/sections/Entreprise/Industries/Industrie-de-l'energie/",
"description": "Description de Industrie de l'&#233;nergie",
"fiche-a-completer": false,
"fiche-publiee": true,
"identifiant-drupal": 471606,
"identifiant-drupal-parent": 270556,
"mise-a-jour": "2016-05-09-16-45-52",
"moment-de-creation": "2015-12-06-16-23-31",
"moment-de-modification": "2015-01-04-02-27-34",
"nom": "Industrie de l'&#233;nergie",
"nom-anglais": ["Energy industry"],
"nom-arabe": ["&#1589;&#1606;&#1575;&#1593;&#1577; &#1575;&#1604;&#1591;&#1575;&#1602;&#1577;"],
"nom-espagnol": ["Industria de la energ&#237;a"],
"nom-folder": "Industrie-de-l'energie",
"nom-francais": ["Industrie de l'&#233;nergie"],
"nom-italien": ["Industria energetica"],
"nom-machine": ["terme-2015-12-06-16-23-31-86966220701"],
"nom-russe": ["&#1055;&#1088;&#1086;&#1084;&#1099;&#1096;&#1083;&#1077;&#1085;&#1085;&#1086;&#1089;&#1090;&#1100; &#1101;&#1085;&#1077;&#1088;&#1075;&#1080;&#1080;"],
"sous-type": "sections",
"type": "taxonomies"
}