{
"_id": "terme-2015-12-06-16-23-33-86966220797",
"ajouter-aux-favoris": false,
"breadcrumb": "taxonomies/sections/Entreprise/L'environnement-externe-de-l'entreprise/L'entreprise-et-l'altermondialisme/",
"description": "Description de L'entreprise et l'altermondialisme",
"fiche-a-completer": false,
"fiche-publiee": true,
"identifiant-drupal": 270478,
"identifiant-drupal-parent": 270483,
"mise-a-jour": "2016-05-09-16-45-52",
"moment-de-creation": "2015-12-06-16-23-33",
"moment-de-modification": "2015-01-04-02-27-33",
"nom": "L'entreprise et l'altermondialisme",
"nom-anglais": ["Enterprise and alter-globalization"],
"nom-arabe": ["&#1575;&#1604;&#1588;&#1585;&#1603;&#1577; &#1608;&#1575;&#1604;&#1578;&#1610;&#1585;&#1605;&#1608;&#1606;&#1583;&#1610;&#1575;&#1604;&#1610;&#1587;&#1605;"],
"nom-espagnol": ["La empresa y altermundialismo"],
"nom-folder": "L'entreprise-et-l'altermondialisme",
"nom-francais": ["L'entreprise et l'altermondialisme"],
"nom-italien": ["Imprese e alter-globalizzazione"],
"nom-machine": ["terme-2015-12-06-16-23-33-86966220797"],
"nom-russe": ["&#1050;&#1086;&#1084;&#1084;&#1077;&#1088;&#1095;&#1077;&#1089;&#1082;&#1072;&#1103; &#1086;&#1088;&#1075;&#1072;&#1085;&#1080;&#1079;&#1072;&#1094;&#1080;&#1103; &#1080; &#1040;&#1083;&#1100;&#1090;&#1077;&#1088;&#1075;&#1083;&#1086;&#1073;&#1072;&#1083;&#1080;&#1079;&#1084;"],
"sous-type": "sections",
"type": "taxonomies"
}