{
"_id": "terme-2015-12-06-16-23-31-86966220687",
"ajouter-aux-favoris": false,
"breadcrumb": "taxonomies/sections/Entreprise/Industries/Industrie-aeronautique-et-aerospatiale/",
"description": "Description de Industrie a&#233;ronautique et a&#233;rospatiale",
"fiche-a-completer": false,
"fiche-publiee": true,
"identifiant-drupal": 270571,
"identifiant-drupal-parent": 270556,
"mise-a-jour": "2016-05-09-16-45-52",
"moment-de-creation": "2015-12-06-16-23-31",
"moment-de-modification": "2015-01-04-02-27-34",
"nom": "Industrie a&#233;ronautique et a&#233;rospatiale",
"nom-anglais": ["Aicraft and aerospace industry"],
"nom-arabe": ["&#1589;&#1606;&#1575;&#1593;&#1577; &#1575;&#1604;&#1591;&#1610;&#1585;&#1575;&#1606; &#1608; &#1575;&#1610;&#1585;&#1608;&#1587;&#1576;&#1575;&#1587;&#1610;&#1575;&#1604;"],
"nom-espagnol": ["Industria aeron&#225;utica y aeroespacial"],
"nom-folder": "Industrie-aeronautique-et-aerospatiale",
"nom-francais": ["Industrie a&#233;ronautique et a&#233;rospatiale"],
"nom-italien": ["Industria aeronautica ed aerospaziale"],
"nom-machine": ["terme-2015-12-06-16-23-31-86966220687"],
"nom-russe": ["&#1040;&#1101;&#1088;&#1086;&#1085;&#1072;&#1074;&#1090;&#1080;&#1082;&#1077; &#1080; &#1072;&#1074;&#1080;&#1072;&#1094;&#1080;&#1086;&#1085;&#1085;&#1086;-&#1082;&#1086;&#1089;&#1084;&#1080;&#1095;&#1077;&#1089;&#1082;&#1086;&#1081; &#1087;&#1088;&#1086;&#1084;&#1099;&#1096;&#1083;&#1077;&#1085;&#1085;&#1086;&#1089;&#1090;&#1080;"],
"sous-type": "sections",
"type": "taxonomies"
}