{
"_id": "terme-2015-12-06-16-23-32-86966220730",
"ajouter-aux-favoris": false,
"breadcrumb": "taxonomies/sections/Entreprise/Industries/Industries-extractives/",
"description": "Description de Industries extractives",
"enfants": ["terme-2015-12-06-16-23-32-86966220733","terme-2015-12-06-16-23-32-86966220742"],
"fiche-a-completer": false,
"fiche-publiee": true,
"identifiant-drupal": 270583,
"identifiant-drupal-parent": 270556,
"mise-a-jour": "2016-05-09-16-45-52",
"moment-de-creation": "2015-12-06-16-23-32",
"moment-de-modification": "2015-01-04-02-27-34",
"nom": "Industries extractives",
"nom-anglais": ["Extractive industries"],
"nom-arabe": ["&#1575;&#1604;&#1589;&#1606;&#1575;&#1593;&#1575;&#1578; &#1575;&#1604;&#1575;&#1587;&#1578;&#1582;&#1585;&#1575;&#1580;&#1610;&#1577;"],
"nom-espagnol": ["Industrias extractivas"],
"nom-folder": "Industries-extractives",
"nom-francais": ["Industries extractives"],
"nom-italien": ["Industrie estrattive"],
"nom-machine": ["terme-2015-12-06-16-23-32-86966220730"],
"sous-type": "sections",
"type": "taxonomies"
}