{
"_id": "terme-2015-12-06-16-23-31-86966220678",
"ajouter-aux-favoris": false,
"breadcrumb": "taxonomies/sections/Entreprise/Formes-d'organisations/Paritarisme-(cogestion)/",
"description": "Description de Paritarisme (cogestion)",
"fiche-a-completer": false,
"fiche-publiee": true,
"identifiant-drupal": 270524,
"identifiant-drupal-parent": 270512,
"mise-a-jour": "2016-05-09-16-45-52",
"moment-de-creation": "2015-12-06-16-23-31",
"moment-de-modification": "2015-01-04-02-27-34",
"nom": "Paritarisme (cogestion)",
"nom-anglais": ["Co-determination"],
"nom-arabe": ["&#1575;&#1604;&#1573;&#1583;&#1575;&#1585;&#1577; &#1575;&#1604;&#1605;&#1588;&#1578;&#1585;&#1603;&#1577;"],
"nom-espagnol": ["Cogesti&#243;n"],
"nom-folder": "Paritarisme-(cogestion)",
"nom-francais": ["Paritarisme (cogestion)"],
"nom-italien": ["Cogestione"],
"nom-machine": "terme-2015-12-06-16-23-31-86966220678",
"nom-russe": ["&#1057;&#1086;&#1091;&#1087;&#1088;&#1072;&#1074;&#1083;&#1077;&#1085;&#1080;&#1103;"],
"sous-type": "sections",
"type": "taxonomies"
}