{
"_id": "terme-2015-12-06-16-23-30-86966220640",
"ajouter-aux-favoris": false,
"breadcrumb": "taxonomies/sections/Entreprise/Acteurs-de-l'entreprise/Les-dirigeants/",
"description": "Description de Les dirigeants",
"fiche-a-completer": false,
"fiche-publiee": true,
"identifiant-drupal": 270507,
"identifiant-drupal-parent": 270506,
"mise-a-jour": "2016-05-09-16-45-51",
"moment-de-creation": "2015-12-06-16-23-30",
"moment-de-modification": "2015-01-04-02-27-34",
"nom": "Les dirigeants",
"nom-anglais": ["Leaders"],
"nom-arabe": ["&#1602;&#1575;&#1583;&#1577;"],
"nom-espagnol": ["Dirigentes"],
"nom-folder": "Les-dirigeants",
"nom-francais": ["Les dirigeants"],
"nom-italien": ["I dirigenti"],
"nom-machine": ["terme-2015-12-06-16-23-30-86966220640"],
"sous-type": "sections",
"type": "taxonomies"
}