{
"_id": "terme-2015-12-06-16-23-31-86966220668",
"ajouter-aux-favoris": false,
"breadcrumb": "taxonomies/sections/Entreprise/Formes-d'organisations/Grandes-entreprises/",
"description": "Description de Grandes entreprises",
"fiche-a-completer": false,
"fiche-publiee": true,
"identifiant-drupal": "/node/nid",
"identifiant-drupal-parent": 270512,
"mise-a-jour": "2016-05-09-16-45-52",
"moment-de-creation": "2015-12-06-16-23-31",
"moment-de-modification": "2015-01-04-02-27-34",
"nom": "Grandes entreprises",
"nom-anglais": ["Large corporations"],
"nom-arabe": ["&#1575;&#1604;&#1588;&#1585;&#1603;&#1575;&#1578; &#1575;&#1604;&#1603;&#1576;&#1610;&#1585;&#1577;"],
"nom-espagnol": ["Grandes empresas"],
"nom-folder": "Grandes-entreprises",
"nom-francais": ["Grandes entreprises"],
"nom-italien": ["Grandi aziende"],
"nom-machine": "terme-2015-12-06-16-23-31-86966220668",
"nom-russe": ["&#1041;&#1086;&#1083;&#1100;&#1096;&#1080;&#1077; &#1082;&#1086;&#1088;&#1087;&#1086;&#1088;&#1072;&#1094;&#1080;&#1080;"],
"sous-type": "sections",
"type": "taxonomies"
}