{
"_id": "terme-2015-12-06-16-23-33-86966220800",
"ajouter-aux-favoris": false,
"breadcrumb": "taxonomies/sections/Entreprise/L'environnement-externe-de-l'entreprise/L'entreprise-et-la-corruption/",
"description": "Description de L'entreprise et la corruption",
"fiche-a-completer": false,
"fiche-publiee": true,
"identifiant-drupal": 270476,
"identifiant-drupal-parent": 270483,
"mise-a-jour": "2016-05-09-16-45-52",
"moment-de-creation": "2015-12-06-16-23-33",
"moment-de-modification": "2015-01-04-02-27-34",
"nom": "L'entreprise et la corruption",
"nom-anglais": ["The enterprise and corruption"],
"nom-arabe": ["&#1575;&#1604;&#1571;&#1593;&#1605;&#1575;&#1604; &#1608;&#1575;&#1604;&#1601;&#1587;&#1575;&#1583;"],
"nom-espagnol": ["La empresa y la corrupci&#243;n"],
"nom-folder": "L'entreprise-et-la-corruption",
"nom-francais": ["L'entreprise et la corruption"],
"nom-italien": ["La societ&#224; e la corruzione"],
"nom-machine": "terme-2015-12-06-16-23-33-86966220800",
"nom-russe": ["&#1050;&#1086;&#1084;&#1087;&#1072;&#1085;&#1080;&#1080; &#1080; &#1082;&#1086;&#1088;&#1088;&#1091;&#1087;&#1094;&#1080;&#1080;"],
"sous-type": "sections",
"type": "taxonomies"
}