{
"_id": "terme-2015-12-06-16-23-30-86966220628",
"ajouter-aux-favoris": false,
"breadcrumb": "taxonomies/sections/A-propos/",
"description": "Description de &#192; propos",
"fiche-a-completer": false,
"fiche-publiee": true,
"identifiant-drupal": 1663,
"identifiant-drupal-parent": 1664,
"mise-a-jour": "2016-05-09-16-45-51",
"moment-de-creation": "2015-12-06-16-23-30",
"moment-de-modification": "2015-01-04-02-27-34",
"nom": "&#192; propos",
"nom-anglais": ["About"],
"nom-arabe": ["&#1581;&#1608;&#1604;"],
"nom-espagnol": ["Acerca de"],
"nom-folder": "A-propos",
"nom-francais": ["&#192; propos"],
"nom-italien": ["Su"],
"nom-machine": ["terme-2015-12-06-16-23-30-86966220628"],
"sous-type": "sections",
"type": "taxonomies"
}