{
"_id": "terme-2015-12-06-16-23-32-86966220779",
"ajouter-aux-favoris": false,
"breadcrumb": "taxonomies/sections/Entreprise/L'environnement-externe-de-l'entreprise/Environnement-competitif/",
"description": "Description de Environnement comp&#233;titif",
"fiche-a-completer": false,
"fiche-publiee": true,
"identifiant-drupal": 270497,
"identifiant-drupal-parent": 270483,
"mise-a-jour": "2016-05-09-16-45-52",
"moment-de-creation": "2015-12-06-16-23-32",
"moment-de-modification": "2015-01-04-02-27-33",
"nom": "Environnement comp&#233;titif",
"nom-anglais": ["Competitive environment"],
"nom-arabe": ["&#1575;&#1604;&#1576;&#1610;&#1574;&#1577; &#1575;&#1604;&#1578;&#1606;&#1575;&#1601;&#1587;&#1610;&#1577;"],
"nom-espagnol": ["Entorno competitivo"],
"nom-folder": "Environnement-competitif",
"nom-francais": ["Environnement comp&#233;titif"],
"nom-italien": ["Ambiente competitivo"],
"nom-machine": ["terme-2015-12-06-16-23-32-86966220779"],
"sous-type": "sections",
"type": "taxonomies"
}