{
"_id": "terme-2015-12-06-16-23-31-86966220699",
"ajouter-aux-favoris": false,
"breadcrumb": "taxonomies/sections/Entreprise/Industries/Industrie-de-l'armement/",
"description": "Description de Industrie de l'armement",
"fiche-a-completer": false,
"fiche-publiee": true,
"identifiant-drupal": 270599,
"identifiant-drupal-parent": 270556,
"mise-a-jour": "2016-05-09-16-45-52",
"moment-de-creation": "2015-12-06-16-23-31",
"moment-de-modification": "2015-01-04-02-27-34",
"nom": "Industrie de l'armement",
"nom-anglais": ["Arms industry"],
"nom-arabe": ["&#1575;&#1604;&#1589;&#1606;&#1575;&#1593;&#1577; &#1578;&#1587;&#1604;&#1581;"],
"nom-espagnol": ["Industria armament&#237;stica"],
"nom-folder": "Industrie-de-l'armement",
"nom-francais": ["Industrie de l'armement"],
"nom-italien": ["Industria bellica"],
"nom-machine": ["terme-2015-12-06-16-23-31-86966220699"],
"nom-russe": ["&#1054;&#1073;&#1086;&#1088;&#1086;&#1085;&#1085;&#1086;&#1077; &#1087;&#1088;&#1086;&#1080;&#1079;&#1074;&#1086;&#1076;&#1089;&#1090;&#1074;&#1086;"],
"sous-type": "sections",
"type": "taxonomies"
}