{
"_id": "terme-2015-12-06-16-23-31-86966220707",
"ajouter-aux-favoris": false,
"breadcrumb": "taxonomies/sections/Entreprise/Industries/Industrie-de-la-mode/",
"description": "Description de Industrie de la mode",
"fiche-a-completer": false,
"fiche-publiee": true,
"identifiant-drupal": 469462,
"identifiant-drupal-parent": 270556,
"mise-a-jour": "2016-05-09-16-45-52",
"moment-de-creation": "2015-12-06-16-23-31",
"moment-de-modification": "2015-01-04-02-27-34",
"nom": "Industrie de la mode",
"nom-anglais": ["Fashion industry"],
"nom-arabe": ["&#1589;&#1606;&#1575;&#1593;&#1577; &#1575;&#1604;&#1605;&#1608;&#1590;&#1577;"],
"nom-espagnol": ["Industria de la moda"],
"nom-folder": "Industrie-de-la-mode",
"nom-francais": ["Industrie de la mode"],
"nom-italien": ["Industria de la moda"],
"nom-machine": ["terme-2015-12-06-16-23-31-86966220707"],
"sous-type": "sections",
"type": "taxonomies"
}