{
"_id": "terme-2015-12-06-16-23-30-86966220649",
"ajouter-aux-favoris": false,
"breadcrumb": "taxonomies/sections/Entreprise/Acteurs-de-l'entreprise/Salaries/Cadres/",
"description": "Description de Cadres",
"fiche-a-completer": false,
"fiche-publiee": true,
"identifiant-drupal": 270509,
"identifiant-drupal-parent": 270510,
"mise-a-jour": "2016-05-09-16-45-51",
"moment-de-creation": "2015-12-06-16-23-30",
"moment-de-modification": "2015-01-04-02-27-34",
"nom": "Cadres",
"nom-anglais": ["Middle management"],
"nom-arabe": ["&#1573;&#1583;&#1575;&#1585;&#1577; &#1608;&#1587;&#1591;&#1609;"],
"nom-espagnol": ["Cadres"],
"nom-folder": "Cadres",
"nom-francais": ["Cadres"],
"nom-italien": ["Quadri"],
"nom-machine": ["terme-2015-12-06-16-23-30-86966220649"],
"sous-type": "sections",
"type": "taxonomies"
}