{
"_id": "terme-2015-12-06-16-23-33-86966220794",
"ajouter-aux-favoris": false,
"breadcrumb": "taxonomies/sections/Entreprise/L'environnement-externe-de-l'entreprise/Environnement-technologique/",
"description": "Description de Environnement technologique",
"fiche-a-completer": false,
"fiche-publiee": true,
"identifiant-drupal": 270496,
"identifiant-drupal-parent": 270483,
"mise-a-jour": "2016-05-09-16-45-52",
"moment-de-creation": "2015-12-06-16-23-33",
"moment-de-modification": "2015-01-04-02-27-33",
"nom": "Environnement technologique",
"nom-anglais": ["Technological environment"],
"nom-arabe": ["&#1575;&#1604;&#1576;&#1610;&#1574;&#1577; &#1575;&#1604;&#1578;&#1603;&#1606;&#1608;&#1604;&#1608;&#1580;&#1610;&#1577;"],
"nom-espagnol": ["Entorno tecnol&#243;gico"],
"nom-folder": "Environnement-technologique",
"nom-francais": ["Environnement technologique"],
"nom-italien": ["Ambiente tecnologico"],
"nom-machine": ["terme-2015-12-06-16-23-33-86966220794"],
"sous-type": "sections",
"type": "taxonomies"
}