{
"_id": "terme-2015-12-06-16-23-31-86966220673",
"ajouter-aux-favoris": false,
"breadcrumb": "taxonomies/sections/Entreprise/Formes-d'organisations/Organisations-non-gouvernementales/",
"description": "Description de Organisations non-gouvernementales",
"fiche-a-completer": false,
"fiche-publiee": true,
"identifiant-drupal": 270514,
"identifiant-drupal-parent": 270512,
"mise-a-jour": "2016-05-09-16-45-52",
"moment-de-creation": "2015-12-06-16-23-31",
"moment-de-modification": "2015-01-04-02-27-34",
"nom": "Organisations non-gouvernementales",
"nom-anglais": ["Non-governmental organizations"],
"nom-arabe": ["&#1605;&#1606;&#1592;&#1605;&#1577; &#1594;&#1610;&#1585; &#1581;&#1603;&#1608;&#1605;&#1610;&#1577;"],
"nom-espagnol": ["Organizaciones no gubernamentales"],
"nom-folder": "Organisations-non-gouvernementales",
"nom-francais": ["Organisations non-gouvernementales"],
"nom-italien": ["Organizzazione non governativa"],
"nom-machine": ["terme-2015-12-06-16-23-31-86966220673"],
"nom-russe": ["&#1054;&#1073;&#1097;&#1077;&#1089;&#1090;&#1074;&#1077;&#1085;&#1085;&#1086;&#1077; &#1086;&#1073;&#1098;&#1077;&#1076;&#1080;&#1085;&#1077;&#1085;&#1080;&#1077;"],
"sous-type": "sections",
"type": "taxonomies"
}