{
"_id": "terme-2015-12-06-16-23-30-86966220655",
"ajouter-aux-favoris": false,
"breadcrumb": "taxonomies/sections/Entreprise/Formes-d'organisations/",
"description": "Description de Formes d'organisations",
"enfants": ["terme-2015-12-06-16-23-30-86966220658","terme-2015-12-06-16-23-31-86966220662","terme-2015-12-06-16-23-31-86966220665","terme-2015-12-06-16-23-31-86966220668","terme-2015-12-06-16-23-31-86966220670","terme-2015-12-06-16-23-31-86966220673","terme-2015-12-06-16-23-31-86966220676","terme-2015-12-06-16-23-31-86966220678","terme-2015-12-06-16-23-31-86966220681"],
"fiche-a-completer": false,
"fiche-publiee": true,
"identifiant-drupal": 270512,
"identifiant-drupal-parent": 270471,
"mise-a-jour": "2016-05-09-16-45-51",
"moment-de-creation": "2015-12-06-16-23-30",
"moment-de-modification": "2015-01-04-02-27-34",
"nom": "Formes d'organisations",
"nom-anglais": ["Organizational forms"],
"nom-arabe": ["&#1575;&#1604;&#1575;&#1588;&#1603;&#1575;&#1604; &#1575;&#1604;&#1578;&#1606;&#1592;&#1610;&#1605;&#1610;&#1577;"],
"nom-espagnol": ["Formas organizativas"],
"nom-folder": "Formes-d'organisations",
"nom-francais": ["Formes d'organisations"],
"nom-italien": ["Forme organizzative"],
"nom-machine": ["terme-2015-12-06-16-23-30-86966220655"],
"nom-russe": ["&#1054;&#1088;&#1075;&#1072;&#1085;&#1080;&#1079;&#1072;&#1094;&#1080;&#1086;&#1085;&#1085;&#1099;&#1077; &#1092;&#1086;&#1088;&#1084;&#1099;"],
"sous-type": "sections",
"type": "taxonomies"
}