{
"_id": "terme-2015-12-06-16-23-31-86966220696",
"ajouter-aux-favoris": false,
"breadcrumb": "taxonomies/sections/Entreprise/Industries/Industrie-cinematographique/",
"description": "Description de Industrie cin&#233;matographique",
"fiche-a-completer": false,
"fiche-publiee": true,
"identifiant-drupal": 270591,
"identifiant-drupal-parent": 270556,
"mise-a-jour": "2016-05-09-16-45-52",
"moment-de-creation": "2015-12-06-16-23-31",
"moment-de-modification": "2015-01-04-02-27-34",
"nom": "Industrie cin&#233;matographique",
"nom-anglais": ["Movie industry"],
"nom-arabe": ["&#1589;&#1606;&#1575;&#1593;&#1577; &#1575;&#1604;&#1587;&#1610;&#1606;&#1605;&#1575;"],
"nom-espagnol": ["Industria cinematogr&#225;fica"],
"nom-folder": "Industrie-cinematographique",
"nom-francais": ["Industrie cin&#233;matographique"],
"nom-italien": ["Industria cinematografica"],
"nom-machine": ["terme-2015-12-06-16-23-31-86966220696"],
"nom-russe": ["&#1082;&#1080;&#1085;&#1086;&#1080;&#1085;&#1076;&#1091;&#1089;&#1090;&#1088;&#1080;&#1080;"],
"sous-type": "sections",
"type": "taxonomies"
}