{
"_id": "terme-2015-12-06-16-23-30-86966220658",
"ajouter-aux-favoris": false,
"breadcrumb": "taxonomies/sections/Entreprise/Formes-d'organisations/Administrations-publiques/",
"description": "Description de Administrations publiques",
"fiche-a-completer": false,
"fiche-publiee": true,
"identifiant-drupal": 270538,
"identifiant-drupal-parent": 270512,
"mise-a-jour": "2016-05-09-16-45-52",
"moment-de-creation": "2015-12-06-16-23-30",
"moment-de-modification": "2015-01-04-02-27-34",
"nom": "Administrations publiques",
"nom-anglais": ["Public administration"],
"nom-arabe": ["&#1573;&#1583;&#1575;&#1585;&#1577; &#1593;&#1575;&#1605;&#1577;"],
"nom-espagnol": ["Administraci&#243;n p&#250;blica"],
"nom-folder": "Administrations-publiques",
"nom-francais": ["Administrations publiques"],
"nom-italien": ["Amministrazione pubblica"],
"nom-machine": ["terme-2015-12-06-16-23-30-86966220658"],
"nom-russe": ["&#1075;&#1086;&#1089;&#1091;&#1076;&#1072;&#1088;&#1089;&#1090;&#1074;&#1077;&#1085;&#1085;&#1086;&#1077; &#1091;&#1087;&#1088;&#1072;&#1074;&#1083;&#1077;&#1085;&#1080;&#1077;"],
"sous-type": "sections",
"type": "taxonomies"
}