{
"_id": "terme-2015-12-06-16-23-32-86966220750",
"ajouter-aux-favoris": false,
"breadcrumb": "taxonomies/sections/Entreprise/Industries/Soins-de-sante/",
"description": "Description de Soins de sant&#233;",
"fiche-a-completer": false,
"fiche-publiee": true,
"identifiant-drupal": 270561,
"identifiant-drupal-parent": 270556,
"mise-a-jour": "2016-05-09-16-45-52",
"moment-de-creation": "2015-12-06-16-23-32",
"moment-de-modification": "2015-01-04-02-27-34",
"nom": "Soins de sant&#233;",
"nom-anglais": ["Health care"],
"nom-arabe": ["&#1575;&#1604;&#1585;&#1593;&#1575;&#1610;&#1577; &#1575;&#1604;&#1589;&#1581;&#1610;&#1577;"],
"nom-espagnol": ["Asistencia sanitaria"],
"nom-folder": "Soins-de-sante",
"nom-francais": ["Soins de sant&#233;"],
"nom-italien": ["Assistenza sanitaria"],
"nom-machine": ["terme-2015-12-06-16-23-32-86966220750"],
"sous-type": "sections",
"type": "taxonomies"
}