{
"_id": "terme-2015-12-06-16-23-31-86966220665",
"ajouter-aux-favoris": false,
"breadcrumb": "taxonomies/sections/Entreprise/Formes-d'organisations/Franchises/",
"description": "Description de Franchises",
"fiche-a-completer": false,
"fiche-publiee": true,
"identifiant-drupal": 270545,
"identifiant-drupal-parent": 270512,
"mise-a-jour": "2016-05-09-16-45-52",
"moment-de-creation": "2015-12-06-16-23-31",
"moment-de-modification": "2015-01-04-02-27-34",
"nom": "Franchises",
"nom-anglais": ["Franchises"],
"nom-arabe": ["&#1575;&#1604;&#1575;&#1605;&#1578;&#1610;&#1575;&#1586;&#1575;&#1578;"],
"nom-espagnol": ["Franquicias"],
"nom-folder": "Franchises",
"nom-francais": ["Franchises"],
"nom-italien": ["Franchigie"],
"nom-machine": ["terme-2015-12-06-16-23-31-86966220665"],
"sous-type": "sections",
"type": "taxonomies"
}