{
"_id": "terme-2015-12-06-16-23-33-86966220782",
"ajouter-aux-favoris": false,
"breadcrumb": "taxonomies/sections/Entreprise/L'environnement-externe-de-l'entreprise/Environnement-economique/",
"description": "Description de Environnement &#233;conomique",
"fiche-a-completer": false,
"fiche-publiee": true,
"identifiant-drupal": 270498,
"identifiant-drupal-parent": 270483,
"mise-a-jour": "2016-05-09-16-45-52",
"moment-de-creation": "2015-12-06-16-23-33",
"moment-de-modification": "2015-01-04-02-27-33",
"nom": "Environnement &#233;conomique",
"nom-anglais": ["Economic environment"],
"nom-arabe": ["&#1575;&#1604;&#1576;&#1610;&#1574;&#1577; &#1575;&#1604;&#1575;&#1602;&#1578;&#1589;&#1575;&#1583;&#1610;&#1577;"],
"nom-espagnol": ["Entorno econ&#243;mico"],
"nom-folder": "Environnement-economique",
"nom-francais": ["Environnement &#233;conomique"],
"nom-italien": ["Ambiente economico"],
"nom-machine": ["terme-2015-12-06-16-23-33-86966220782"],
"sous-type": "sections",
"type": "taxonomies"
}