{
"_id": "terme-2015-12-06-16-24-16-86966223396",
"ajouter-aux-favoris": false,
"breadcrumb": "taxonomies/sujets-JournalSeek/Social-Sciences-(category)/Sociology/",
"description": "Description de Sociology",
"fiche-a-completer": true,
"fiche-publiee": true,
"identifiant-drupal": 369293,
"identifiant-drupal-parent": 369274,
"mise-a-jour": "2016-05-09-16-46-02",
"moment-de-creation": "2015-12-06-16-24-16",
"moment-de-modification": "2015-01-04-02-26-18",
"nom": "Sociology",
"nom-folder": "Sociology",
"nom-francais": ["Sociology"],
"nom-machine": "terme-2015-12-06-16-24-16-86966223396",
"sous-type": "sujets-JournalSeek",
"type": "taxonomies"
}