{
"_id": "terme-2015-12-06-16-24-14-86966223263",
"ajouter-aux-favoris": false,
"breadcrumb": "taxonomies/sujets-JournalSeek/Psychology/Community-Environmental-Psychology/",
"description": "Description de Community environmental psychology",
"fiche-a-completer": true,
"fiche-publiee": true,
"identifiant-drupal": 369248,
"identifiant-drupal-parent": 369241,
"mise-a-jour": "2016-05-09-16-46-01",
"moment-de-creation": "2015-12-06-16-24-14",
"moment-de-modification": "2015-01-04-02-26-17",
"nom": "Community environmental psychology",
"nom-folder": "Community-Environmental-Psychology",
"nom-francais": ["Community environmental psychology"],
"nom-machine": "terme-2015-12-06-16-24-14-86966223263",
"sous-type": "sujets-JournalSeek",
"type": "taxonomies"
}