{
"_id": "terme-2015-12-06-16-23-52-86966221960",
"ajouter-aux-favoris": false,
"breadcrumb": "taxonomies/sujets-JournalSeek/Astronomy-Astrophysics-Space-Science/Intergalactic-Astronomy/",
"description": "Description de Intergalactic astronomy",
"fiche-a-completer": false,
"fiche-publiee": true,
"identifiant-drupal": 368802,
"identifiant-drupal-parent": 368799,
"mise-a-jour": "2017-01-23-16-33-30",
"moment-de-creation": "2015-12-06-16-23-52",
"moment-de-modification": "2015-01-04-02-26-18",
"nom": "Intergalactic astronomy",
"nom-folder": "Intergalactic-Astronomy",
"nom-francais": ["Intergalactic astronomy"],
"nom-machine": "terme-2015-12-06-16-23-52-86966221960",
"parent": "terme-2015-12-06-16-23-52-86966221951",
"sous-type": "sujets-JournalSeek",
"type": "taxonomies"
}