{
"_id": "terme-2015-12-06-16-24-12-86966223171",
"ajouter-aux-favoris": false,
"breadcrumb": "taxonomies/sujets-JournalSeek/Philosophy/Philosophy-of-Religion/",
"description": "Description de Philosophy of religion",
"fiche-a-completer": true,
"fiche-publiee": true,
"identifiant-drupal": 369218,
"identifiant-drupal-parent": 369203,
"mise-a-jour": "2016-05-09-16-46-01",
"moment-de-creation": "2015-12-06-16-24-12",
"moment-de-modification": "2015-01-04-02-26-19",
"nom": "Philosophy of religion",
"nom-folder": "Philosophy-of-Religion",
"nom-francais": ["Philosophy of religion"],
"nom-machine": "terme-2015-12-06-16-24-12-86966223171",
"sous-type": "sujets-JournalSeek",
"type": "taxonomies"
}