{
"_id": "terme-2015-12-06-16-23-52-86966221945",
"ajouter-aux-favoris": false,
"breadcrumb": "taxonomies/sujets-JournalSeek/Arts-and-literature/Music/",
"description": "Description de Music",
"fiche-a-completer": true,
"fiche-publiee": true,
"identifiant-drupal": 368797,
"identifiant-drupal-parent": 368788,
"mise-a-jour": "2016-05-09-16-45-56",
"moment-de-creation": "2015-12-06-16-23-52",
"moment-de-modification": "2015-01-04-02-26-18",
"nom": "Music",
"nom-folder": "Music",
"nom-francais": ["Music"],
"nom-machine": "terme-2015-12-06-16-23-52-86966221945",
"sous-type": "sujets-JournalSeek",
"type": "taxonomies"
}