{
"_id": "terme-2015-12-06-16-24-05-86966222705",
"ajouter-aux-favoris": false,
"breadcrumb": "taxonomies/sujets-JournalSeek/Law/Employment-and-Social-Security-Law/",
"description": "Description de Employment and social security law",
"fiche-a-completer": true,
"fiche-publiee": true,
"identifiant-drupal": 369055,
"identifiant-drupal-parent": 369048,
"mise-a-jour": "2016-05-09-16-45-59",
"moment-de-creation": "2015-12-06-16-24-05",
"moment-de-modification": "2015-01-04-02-26-18",
"nom": "Employment and social security law",
"nom-folder": "Employment-and-Social-Security-Law",
"nom-francais": ["Employment and social security law"],
"nom-machine": "terme-2015-12-06-16-24-05-86966222705",
"sous-type": "sujets-JournalSeek",
"type": "taxonomies"
}