{
"_id": "terme-2015-12-06-16-24-08-86966222915",
"ajouter-aux-favoris": false,
"breadcrumb": "taxonomies/sujets-JournalSeek/Mathematics/Probability/",
"description": "Description de Probability",
"fiche-a-completer": true,
"fiche-publiee": true,
"identifiant-drupal": 369129,
"identifiant-drupal-parent": 369116,
"mise-a-jour": "2016-05-09-16-46-00",
"moment-de-creation": "2015-12-06-16-24-08",
"moment-de-modification": "2015-01-04-02-26-18",
"nom": "Probability",
"nom-folder": "Probability",
"nom-francais": ["Probability"],
"nom-machine": "terme-2015-12-06-16-24-08-86966222915",
"sous-type": "sujets-JournalSeek",
"type": "taxonomies"
}