{
"_id": "terme-2015-12-06-16-24-05-86966222751",
"ajouter-aux-favoris": false,
"breadcrumb": "taxonomies/sujets-JournalSeek/Law/Property-Law/",
"description": "Description de Property law",
"fiche-a-completer": true,
"fiche-publiee": true,
"identifiant-drupal": 369072,
"identifiant-drupal-parent": 369048,
"mise-a-jour": "2016-05-09-16-45-59",
"moment-de-creation": "2015-12-06-16-24-05",
"moment-de-modification": "2015-01-04-02-26-18",
"nom": "Property law",
"nom-folder": "Property-Law",
"nom-francais": ["Property law"],
"nom-machine": "terme-2015-12-06-16-24-05-86966222751",
"sous-type": "sujets-JournalSeek",
"type": "taxonomies"
}