{
"_id": "terme-2015-12-06-16-23-52-86966221954",
"ajouter-aux-favoris": false,
"breadcrumb": "taxonomies/sujets-JournalSeek/Astronomy-Astrophysics-Space-Science/Celestial-Mechanics/",
"description": "Description de Celestial mechanics",
"fiche-a-completer": false,
"fiche-publiee": true,
"identifiant-drupal": 368800,
"identifiant-drupal-parent": 368799,
"mise-a-jour": "2017-01-23-16-33-30",
"moment-de-creation": "2015-12-06-16-23-52",
"moment-de-modification": "2015-01-04-02-26-18",
"nom": "Celestial mechanics",
"nom-folder": "Celestial-Mechanics",
"nom-francais": ["Celestial mechanics"],
"nom-machine": "terme-2015-12-06-16-23-52-86966221954",
"parent": "terme-2015-12-06-16-23-52-86966221951",
"sous-type": "sujets-JournalSeek",
"type": "taxonomies"
}