{
"_id": "terme-2015-12-06-16-23-57-86966222232",
"ajouter-aux-favoris": false,
"breadcrumb": "taxonomies/sujets-JournalSeek/Computer-and-Infomation-Science/Electronic-Publishing/",
"description": "Description de Electronic publishing",
"fiche-a-completer": true,
"fiche-publiee": true,
"identifiant-drupal": 368897,
"identifiant-drupal-parent": 368888,
"mise-a-jour": "2016-05-09-16-45-57",
"moment-de-creation": "2015-12-06-16-23-57",
"moment-de-modification": "2015-01-04-02-26-17",
"nom": "Electronic publishing",
"nom-folder": "Electronic-Publishing",
"nom-francais": ["Electronic publishing"],
"nom-machine": "terme-2015-12-06-16-23-57-86966222232",
"sous-type": "sujets-JournalSeek",
"type": "taxonomies"
}