{
"_id": "terme-2015-12-06-16-24-10-86966223001",
"ajouter-aux-favoris": false,
"breadcrumb": "taxonomies/sujets-JournalSeek/Medicine/General-Medicine/",
"description": "Description de General medicine",
"fiche-a-completer": true,
"fiche-publiee": true,
"identifiant-drupal": 369159,
"identifiant-drupal-parent": 369132,
"mise-a-jour": "2016-05-09-16-46-00",
"moment-de-creation": "2015-12-06-16-24-10",
"moment-de-modification": "2015-01-04-02-26-18",
"nom": "General medicine",
"nom-folder": "General-Medicine",
"nom-francais": ["General medicine"],
"nom-machine": "terme-2015-12-06-16-24-10-86966223001",
"sous-type": "sujets-JournalSeek",
"type": "taxonomies"
}