{
"_id": "terme-2015-12-06-16-23-59-86966222373",
"ajouter-aux-favoris": false,
"breadcrumb": "taxonomies/sujets-JournalSeek/Economics/Mathematical-Economics/",
"description": "Description de Mathematical economics",
"fiche-a-completer": true,
"fiche-publiee": true,
"identifiant-drupal": 368944,
"identifiant-drupal-parent": 368932,
"mise-a-jour": "2016-05-09-16-45-58",
"moment-de-creation": "2015-12-06-16-23-59",
"moment-de-modification": "2015-01-04-02-26-18",
"nom": "Mathematical economics",
"nom-folder": "Mathematical-Economics",
"nom-francais": ["Mathematical economics"],
"nom-machine": "terme-2015-12-06-16-23-59-86966222373",
"sous-type": "sujets-JournalSeek",
"type": "taxonomies"
}