{
"_id": "terme-2015-12-06-16-24-09-86966222987",
"ajouter-aux-favoris": false,
"breadcrumb": "taxonomies/sujets-JournalSeek/Medicine/Endocrinology/",
"description": "Description de Endocrinology",
"fiche-a-completer": true,
"fiche-publiee": true,
"identifiant-drupal": 369154,
"identifiant-drupal-parent": 369132,
"mise-a-jour": "2016-05-09-16-46-00",
"moment-de-creation": "2015-12-06-16-24-09",
"moment-de-modification": "2015-01-04-02-26-18",
"nom": "Endocrinology",
"nom-folder": "Endocrinology",
"nom-francais": ["Endocrinology"],
"nom-machine": "terme-2015-12-06-16-24-09-86966222987",
"sous-type": "sujets-JournalSeek",
"type": "taxonomies"
}