{
"_id": "terme-2015-12-06-16-23-53-86966221996",
"ajouter-aux-favoris": false,
"breadcrumb": "taxonomies/sujets-JournalSeek/Biological-Sciences/Animal-Physiology/",
"description": "Description de Animal physiology",
"fiche-a-completer": true,
"fiche-publiee": true,
"identifiant-drupal": 368814,
"identifiant-drupal-parent": 368810,
"mise-a-jour": "2016-05-09-16-45-57",
"moment-de-creation": "2015-12-06-16-23-53",
"moment-de-modification": "2015-01-04-02-26-19",
"nom": "Animal physiology",
"nom-folder": "Animal-Physiology",
"nom-francais": ["Animal physiology"],
"nom-machine": "terme-2015-12-06-16-23-53-86966221996",
"sous-type": "sujets-JournalSeek",
"type": "taxonomies"
}