{
"_id": "terme-2015-12-06-16-24-08-86966222939",
"ajouter-aux-favoris": false,
"breadcrumb": "taxonomies/sujets-JournalSeek/Medicine/Anesthesiology/",
"description": "Description de Anesthesiology",
"fiche-a-completer": true,
"fiche-publiee": true,
"identifiant-drupal": 369137,
"identifiant-drupal-parent": 369132,
"mise-a-jour": "2016-05-09-16-46-00",
"moment-de-creation": "2015-12-06-16-24-08",
"moment-de-modification": "2015-01-04-02-26-18",
"nom": "Anesthesiology",
"nom-folder": "Anesthesiology",
"nom-francais": ["Anesthesiology"],
"nom-machine": "terme-2015-12-06-16-24-08-86966222939",
"sous-type": "sujets-JournalSeek",
"type": "taxonomies"
}