{
"_id": "terme-2015-12-06-16-23-57-86966222246",
"ajouter-aux-favoris": false,
"breadcrumb": "taxonomies/sujets-JournalSeek/Computer-and-Infomation-Science/Mobile-Computers/",
"description": "Description de Mobile computers",
"fiche-a-completer": true,
"fiche-publiee": true,
"identifiant-drupal": 368902,
"identifiant-drupal-parent": 368888,
"mise-a-jour": "2016-05-09-16-45-58",
"moment-de-creation": "2015-12-06-16-23-57",
"moment-de-modification": "2015-01-04-02-26-17",
"nom": "Mobile computers",
"nom-folder": "Mobile-Computers",
"nom-francais": ["Mobile computers"],
"nom-machine": "terme-2015-12-06-16-23-57-86966222246",
"sous-type": "sujets-JournalSeek",
"type": "taxonomies"
}