{
"_id": "terme-2015-12-06-16-24-13-86966223230",
"ajouter-aux-favoris": false,
"breadcrumb": "taxonomies/sujets-JournalSeek/Physics/Radioisotopes/",
"description": "Description de Radioisotopes",
"fiche-a-completer": true,
"fiche-publiee": true,
"identifiant-drupal": 369237,
"identifiant-drupal-parent": 369223,
"mise-a-jour": "2016-05-09-16-46-01",
"moment-de-creation": "2015-12-06-16-24-13",
"moment-de-modification": "2015-01-04-02-26-18",
"nom": "Radioisotopes",
"nom-folder": "Radioisotopes",
"nom-francais": ["Radioisotopes"],
"nom-machine": "terme-2015-12-06-16-24-13-86966223230",
"sous-type": "sujets-JournalSeek",
"type": "taxonomies"
}