{
"_id": "terme-2015-12-06-16-23-59-86966222376",
"ajouter-aux-favoris": false,
"breadcrumb": "taxonomies/sujets-JournalSeek/Economics/Microeconomics/",
"description": "Description de Microeconomics",
"fiche-a-completer": true,
"fiche-publiee": true,
"identifiant-drupal": 368945,
"identifiant-drupal-parent": 368932,
"mise-a-jour": "2016-05-09-16-45-58",
"moment-de-creation": "2015-12-06-16-23-59",
"moment-de-modification": "2015-01-04-02-26-18",
"nom": "Microeconomics",
"nom-folder": "Microeconomics",
"nom-francais": ["Microeconomics"],
"nom-machine": "terme-2015-12-06-16-23-59-86966222376",
"sous-type": "sujets-JournalSeek",
"type": "taxonomies"
}