{
"_id": "terme-2015-12-06-16-23-52-86966221974",
"ajouter-aux-favoris": false,
"breadcrumb": "taxonomies/sujets-JournalSeek/Astronomy-Astrophysics-Space-Science/Stars/",
"description": "Description de Stars",
"fiche-a-completer": true,
"fiche-publiee": true,
"identifiant-drupal": 368807,
"identifiant-drupal-parent": 368799,
"mise-a-jour": "2016-05-09-16-45-56",
"moment-de-creation": "2015-12-06-16-23-52",
"moment-de-modification": "2015-01-04-02-26-18",
"nom": "Stars",
"nom-folder": "Stars",
"nom-francais": ["Stars"],
"nom-machine": "terme-2015-12-06-16-23-52-86966221974",
"sous-type": "sujets-JournalSeek",
"type": "taxonomies"
}