{
"_id": "terme-2015-12-06-16-23-53-86966222017",
"ajouter-aux-favoris": false,
"breadcrumb": "taxonomies/sujets-JournalSeek/Biological-Sciences/Cellular-Biology/",
"description": "Description de Cellular biology",
"fiche-a-completer": true,
"fiche-publiee": true,
"identifiant-drupal": 368822,
"identifiant-drupal-parent": 368810,
"mise-a-jour": "2016-05-09-16-45-57",
"moment-de-creation": "2015-12-06-16-23-53",
"moment-de-modification": "2015-01-04-02-26-19",
"nom": "Cellular biology",
"nom-folder": "Cellular-Biology",
"nom-francais": ["Cellular biology"],
"nom-machine": "terme-2015-12-06-16-23-53-86966222017",
"sous-type": "sujets-JournalSeek",
"type": "taxonomies"
}