{
"_id": "terme-2015-12-06-16-23-55-86966222145",
"ajouter-aux-favoris": false,
"breadcrumb": "taxonomies/sujets-JournalSeek/Business-Administration/Technological-Change/",
"description": "Description de Technological change",
"fiche-a-completer": true,
"fiche-publiee": true,
"identifiant-drupal": 368867,
"identifiant-drupal-parent": 368846,
"mise-a-jour": "2016-05-09-16-45-57",
"moment-de-creation": "2015-12-06-16-23-55",
"moment-de-modification": "2015-01-04-02-26-18",
"nom": "Technological change",
"nom-folder": "Technological-Change",
"nom-francais": ["Technological change"],
"nom-machine": "terme-2015-12-06-16-23-55-86966222145",
"sous-type": "sujets-JournalSeek",
"type": "taxonomies"
}