{
"_id": "terme-2015-12-06-16-24-11-86966223113",
"ajouter-aux-favoris": false,
"breadcrumb": "taxonomies/sujets-JournalSeek/Medicine/Rheumatology/",
"description": "Description de Rheumatology",
"fiche-a-completer": true,
"fiche-publiee": true,
"identifiant-drupal": 369198,
"identifiant-drupal-parent": 369132,
"mise-a-jour": "2016-05-09-16-46-01",
"moment-de-creation": "2015-12-06-16-24-11",
"moment-de-modification": "2015-01-04-02-26-18",
"nom": "Rheumatology",
"nom-folder": "Rheumatology",
"nom-francais": ["Rheumatology"],
"nom-machine": "terme-2015-12-06-16-24-11-86966223113",
"sous-type": "sujets-JournalSeek",
"type": "taxonomies"
}