{
"_id": "terme-2015-12-06-16-24-11-86966223088",
"ajouter-aux-favoris": false,
"breadcrumb": "taxonomies/sujets-JournalSeek/Medicine/Pathology-and-Forensics/",
"description": "Description de Pathology and forensics",
"fiche-a-completer": true,
"fiche-publiee": true,
"identifiant-drupal": 369189,
"identifiant-drupal-parent": 369132,
"mise-a-jour": "2016-05-09-16-46-01",
"moment-de-creation": "2015-12-06-16-24-11",
"moment-de-modification": "2015-01-04-02-26-18",
"nom": "Pathology and forensics",
"nom-folder": "Pathology-and-Forensics",
"nom-francais": ["Pathology and forensics"],
"nom-machine": "terme-2015-12-06-16-24-11-86966223088",
"sous-type": "sujets-JournalSeek",
"type": "taxonomies"
}