{
"_id": "terme-2015-12-06-16-24-03-86966222625",
"ajouter-aux-favoris": false,
"breadcrumb": "taxonomies/sujets-JournalSeek/Humanities/Bible/",
"description": "Description de Bible",
"fiche-a-completer": true,
"fiche-publiee": true,
"identifiant-drupal": 369031,
"identifiant-drupal-parent": 369029,
"mise-a-jour": "2016-05-09-16-45-59",
"moment-de-creation": "2015-12-06-16-24-03",
"moment-de-modification": "2015-01-04-02-26-18",
"nom": "Bible",
"nom-folder": "Bible",
"nom-francais": ["Bible"],
"nom-machine": "terme-2015-12-06-16-24-03-86966222625",
"sous-type": "sujets-JournalSeek",
"type": "taxonomies"
}