{
"_id": "terme-2015-12-06-16-23-52-86966221924",
"ajouter-aux-favoris": false,
"breadcrumb": "taxonomies/sujets-JournalSeek/Arts-and-literature/Art-History/",
"description": "Description de Art history",
"fiche-a-completer": false,
"fiche-publiee": true,
"identifiant-drupal": 368790,
"identifiant-drupal-parent": 368788,
"mise-a-jour": "2017-01-23-16-33-30",
"moment-de-creation": "2015-12-06-16-23-52",
"moment-de-modification": "2015-01-04-02-26-18",
"nom": "Art history",
"nom-folder": "Art-History",
"nom-francais": ["Art history"],
"nom-machine": "terme-2015-12-06-16-23-52-86966221924",
"parent": "terme-2015-12-06-16-23-51-86966221919",
"sous-type": "sujets-JournalSeek",
"type": "taxonomies"
}