{
"_id": "terme-2015-12-06-16-23-53-86966221980",
"ajouter-aux-favoris": false,
"breadcrumb": "taxonomies/sujets-JournalSeek/Astronomy-Astrophysics-Space-Science/Theoretical-Astrophysics/",
"description": "Description de Theoretical astrophysics",
"fiche-a-completer": false,
"fiche-publiee": true,
"identifiant-drupal": 368809,
"identifiant-drupal-parent": 368799,
"mise-a-jour": "2017-01-23-16-33-30",
"moment-de-creation": "2015-12-06-16-23-53",
"moment-de-modification": "2015-01-04-02-26-18",
"nom": "Theoretical astrophysics",
"nom-folder": "Theoretical-Astrophysics",
"nom-francais": ["Theoretical astrophysics"],
"nom-machine": "terme-2015-12-06-16-23-53-86966221980",
"parent": "terme-2015-12-06-16-23-52-86966221951",
"sous-type": "sujets-JournalSeek",
"type": "taxonomies"
}