{
"_id": "terme-2015-12-06-16-24-06-86966222776",
"ajouter-aux-favoris": false,
"breadcrumb": "taxonomies/sujets-JournalSeek/Linguistics/English-Language/",
"description": "Description de English language",
"fiche-a-completer": true,
"fiche-publiee": true,
"identifiant-drupal": 369081,
"identifiant-drupal-parent": 369077,
"mise-a-jour": "2016-05-09-16-46-00",
"moment-de-creation": "2015-12-06-16-24-06",
"moment-de-modification": "2015-01-04-02-26-18",
"nom": "English language",
"nom-folder": "English-Language",
"nom-francais": ["English language"],
"nom-machine": "terme-2015-12-06-16-24-06-86966222776",
"sous-type": "sujets-JournalSeek",
"type": "taxonomies"
}