{
"_id": "terme-2015-12-06-16-24-01-86966222511",
"ajouter-aux-favoris": false,
"breadcrumb": "taxonomies/sujets-JournalSeek/Electrical-and-Electronic-Engineering/Subsurface-Surface-Sensing-Technologies/",
"description": "Description de Subsurface surface sensing technologies",
"fiche-a-completer": true,
"fiche-publiee": true,
"identifiant-drupal": 368992,
"identifiant-drupal-parent": 368977,
"mise-a-jour": "2016-05-09-16-45-59",
"moment-de-creation": "2015-12-06-16-24-01",
"moment-de-modification": "2015-01-04-02-26-19",
"nom": "Subsurface surface sensing technologies",
"nom-anglais": ["Subsurface surface sensing technologies"],
"nom-folder": "Subsurface-Surface-Sensing-Technologies",
"nom-francais": ["Subsurface surface sensing technologies"],
"nom-machine": "terme-2015-12-06-16-24-01-86966222511",
"sous-type": "sujets-JournalSeek",
"type": "taxonomies"
}