{
"_id": "terme-2015-12-06-16-24-01-86966222503",
"ajouter-aux-favoris": false,
"breadcrumb": "taxonomies/sujets-JournalSeek/Electrical-and-Electronic-Engineering/Power-Systems/",
"description": "Description de Power systems",
"fiche-a-completer": true,
"fiche-publiee": true,
"identifiant-drupal": 368989,
"identifiant-drupal-parent": 368977,
"mise-a-jour": "2016-05-09-16-45-59",
"moment-de-creation": "2015-12-06-16-24-01",
"moment-de-modification": "2015-01-04-02-26-19",
"nom": "Power systems",
"nom-folder": "Power-Systems",
"nom-francais": ["Power systems"],
"nom-machine": "terme-2015-12-06-16-24-01-86966222503",
"sous-type": "sujets-JournalSeek",
"type": "taxonomies"
}