{
"_id": "terme-2015-12-06-16-24-01-86966222505",
"ajouter-aux-favoris": false,
"breadcrumb": "taxonomies/sujets-JournalSeek/Electrical-and-Electronic-Engineering/Robotics-and-Automation/",
"description": "Description de Robotics and automation",
"fiche-a-completer": true,
"fiche-publiee": true,
"identifiant-drupal": 368990,
"identifiant-drupal-parent": 368977,
"mise-a-jour": "2016-05-09-16-45-59",
"moment-de-creation": "2015-12-06-16-24-01",
"moment-de-modification": "2015-01-04-02-26-19",
"nom": "Robotics and automation",
"nom-folder": "Robotics-and-Automation",
"nom-francais": ["Robotics and automation"],
"nom-machine": "terme-2015-12-06-16-24-01-86966222505",
"sous-type": "sujets-JournalSeek",
"type": "taxonomies"
}