{
"_id": "terme-2015-12-06-16-24-02-86966222545",
"ajouter-aux-favoris": false,
"breadcrumb": "taxonomies/sujets-JournalSeek/Engineering/Indust-Proc-Monitoring-Techniques,-Systems/",
"description": "Description de Indust proc monitoring techniques, systems",
"fiche-a-completer": true,
"fiche-publiee": true,
"identifiant-drupal": 369004,
"identifiant-drupal-parent": 368996,
"mise-a-jour": "2016-05-09-16-45-59",
"moment-de-creation": "2015-12-06-16-24-02",
"moment-de-modification": "2015-01-04-02-26-19",
"nom": "Indust proc monitoring techniques, systems",
"nom-folder": "Indust-Proc-Monitoring-Techniques,-Systems",
"nom-francais": ["Indust proc monitoring techniques, systems"],
"nom-machine": "terme-2015-12-06-16-24-02-86966222545",
"sous-type": "sujets-JournalSeek",
"type": "taxonomies"
}