{
"_id": "terme-2015-12-06-16-23-56-86966222194",
"ajouter-aux-favoris": false,
"breadcrumb": "taxonomies/sujets-JournalSeek/Chemistry/Physical-Chemistry/",
"description": "Description de Physical chemistry",
"fiche-a-completer": true,
"fiche-publiee": true,
"identifiant-drupal": 368884,
"identifiant-drupal-parent": 368868,
"mise-a-jour": "2016-05-09-16-45-57",
"moment-de-creation": "2015-12-06-16-23-56",
"moment-de-modification": "2015-01-04-02-26-17",
"nom": "Physical chemistry",
"nom-folder": "Physical-Chemistry",
"nom-francais": ["Physical chemistry"],
"nom-machine": "terme-2015-12-06-16-23-56-86966222194",
"sous-type": "sujets-JournalSeek",
"type": "taxonomies"
}