{
"_id": "terme-2015-12-06-16-24-13-86966223233",
"ajouter-aux-favoris": false,
"breadcrumb": "taxonomies/sujets-JournalSeek/Physics/Statistical-Physics/",
"description": "Description de Statistical physics",
"fiche-a-completer": true,
"fiche-publiee": true,
"identifiant-drupal": 369238,
"identifiant-drupal-parent": 369223,
"mise-a-jour": "2016-05-09-16-46-01",
"moment-de-creation": "2015-12-06-16-24-13",
"moment-de-modification": "2015-01-04-02-26-18",
"nom": "Statistical physics",
"nom-folder": "Statistical-Physics",
"nom-francais": ["Statistical physics"],
"nom-machine": "terme-2015-12-06-16-24-13-86966223233",
"sous-type": "sujets-JournalSeek",
"type": "taxonomies"
}