{
"_id": "terme-2015-12-06-16-24-08-86966222930",
"ajouter-aux-favoris": false,
"breadcrumb": "taxonomies/sujets-JournalSeek/Medicine/Alcoholism-and-Addictions/",
"description": "Description de Alcoholism and addictions",
"fiche-a-completer": true,
"fiche-publiee": true,
"identifiant-drupal": 369134,
"identifiant-drupal-parent": 369132,
"mise-a-jour": "2016-05-09-16-46-00",
"moment-de-creation": "2015-12-06-16-24-08",
"moment-de-modification": "2015-01-04-02-26-18",
"nom": "Alcoholism and addictions",
"nom-folder": "Alcoholism-and-Addictions",
"nom-francais": ["Alcoholism and addictions"],
"nom-machine": "terme-2015-12-06-16-24-08-86966222930",
"sous-type": "sujets-JournalSeek",
"type": "taxonomies"
}