{
"_id": "terme-2015-12-06-16-24-03-86966222639",
"ajouter-aux-favoris": false,
"breadcrumb": "taxonomies/sujets-JournalSeek/Humanities/Feminism/",
"description": "Description de Feminism",
"fiche-a-completer": true,
"fiche-publiee": true,
"identifiant-drupal": 369036,
"identifiant-drupal-parent": 369029,
"mise-a-jour": "2016-05-09-16-45-59",
"moment-de-creation": "2015-12-06-16-24-03",
"moment-de-modification": "2015-01-04-02-26-18",
"nom": "Feminism",
"nom-folder": "Feminism",
"nom-francais": ["Feminism"],
"nom-machine": "terme-2015-12-06-16-24-03-86966222639",
"sous-type": "sujets-JournalSeek",
"type": "taxonomies"
}