{
"_id": "terme-2015-12-06-16-24-15-86966223351",
"ajouter-aux-favoris": false,
"breadcrumb": "taxonomies/sujets-JournalSeek/Social-Sciences-(category)/Archaeology-(Social-Sciences)/",
"description": "Description de Archaeology (social sciences)",
"fiche-a-completer": true,
"fiche-publiee": true,
"identifiant-drupal": 369277,
"identifiant-drupal-parent": 369274,
"mise-a-jour": "2016-05-09-16-46-02",
"moment-de-creation": "2015-12-06-16-24-15",
"moment-de-modification": "2015-01-04-02-26-18",
"nom": "Archaeology (social sciences)",
"nom-folder": "Archaeology-(Social-Sciences)",
"nom-francais": ["Archaeology (social sciences)"],
"nom-machine": "terme-2015-12-06-16-24-15-86966223351",
"sous-type": "sujets-JournalSeek",
"type": "taxonomies"
}