{
"_id": "terme-2015-12-06-16-23-54-86966222095",
"ajouter-aux-favoris": false,
"breadcrumb": "taxonomies/sujets-JournalSeek/Business-Administration/Entrepreneurship/",
"description": "Description de Entrepreneurship",
"fiche-a-completer": true,
"fiche-publiee": true,
"identifiant-drupal": 368850,
"identifiant-drupal-parent": 368846,
"mise-a-jour": "2016-05-09-16-45-57",
"moment-de-creation": "2015-12-06-16-23-54",
"moment-de-modification": "2015-01-04-02-26-18",
"nom": "Entrepreneurship",
"nom-folder": "Entrepreneurship",
"nom-francais": ["Entrepreneurship"],
"nom-machine": "terme-2015-12-06-16-23-54-86966222095",
"sous-type": "sujets-JournalSeek",
"type": "taxonomies"
}