{
"_id": "terme-2015-12-06-16-24-06-86966222815",
"ajouter-aux-favoris": false,
"breadcrumb": "taxonomies/sujets-JournalSeek/Management-Science-Operations-Research/Decision-Analysis/",
"description": "Description de Decision analysis",
"fiche-a-completer": true,
"fiche-publiee": true,
"identifiant-drupal": 369094,
"identifiant-drupal-parent": 369092,
"mise-a-jour": "2016-05-09-16-46-00",
"moment-de-creation": "2015-12-06-16-24-06",
"moment-de-modification": "2015-01-04-02-26-18",
"nom": "Decision analysis",
"nom-folder": "Decision-Analysis",
"nom-francais": ["Decision analysis"],
"nom-machine": "terme-2015-12-06-16-24-06-86966222815",
"sous-type": "sujets-JournalSeek",
"type": "taxonomies"
}