{
"_id": "terme-2015-12-06-16-23-52-86966221942",
"ajouter-aux-favoris": false,
"breadcrumb": "taxonomies/sujets-JournalSeek/Arts-and-literature/Miscellaneous-(Arts-and-literature)/",
"description": "Description de Miscellaneous (arts and literature)",
"fiche-a-completer": false,
"fiche-publiee": true,
"identifiant-drupal": 368796,
"identifiant-drupal-parent": 368788,
"mise-a-jour": "2017-01-23-16-33-30",
"moment-de-creation": "2015-12-06-16-23-52",
"moment-de-modification": "2015-01-04-02-26-18",
"nom": "Miscellaneous (arts and literature)",
"nom-folder": "Miscellaneous-(Arts-and-literature)",
"nom-francais": ["Miscellaneous (arts and literature)"],
"nom-machine": "terme-2015-12-06-16-23-52-86966221942",
"parent": "terme-2015-12-06-16-23-51-86966221919",
"sous-type": "sujets-JournalSeek",
"type": "taxonomies"
}