{
"_id": "terme-2015-12-06-16-24-04-86966222665",
"ajouter-aux-favoris": false,
"breadcrumb": "taxonomies/sujets-JournalSeek/Humanities/Regional-and-Cultural-Studies/",
"description": "Description de Regional and cultural studies",
"fiche-a-completer": true,
"fiche-publiee": true,
"identifiant-drupal": 369045,
"identifiant-drupal-parent": 369029,
"mise-a-jour": "2016-05-09-16-45-59",
"moment-de-creation": "2015-12-06-16-24-04",
"moment-de-modification": "2015-01-04-02-26-18",
"nom": "Regional and cultural studies",
"nom-folder": "Regional-and-Cultural-Studies",
"nom-francais": ["Regional and cultural studies"],
"nom-machine": "terme-2015-12-06-16-24-04-86966222665",
"sous-type": "sujets-JournalSeek",
"type": "taxonomies"
}