{
"_id": "terme-2015-12-06-16-24-14-86966223245",
"ajouter-aux-favoris": false,
"breadcrumb": "taxonomies/sujets-JournalSeek/Psychology/Assessment-Evaluation/",
"description": "Description de Assessment evaluation",
"fiche-a-completer": true,
"fiche-publiee": true,
"identifiant-drupal": 369242,
"identifiant-drupal-parent": 369241,
"mise-a-jour": "2016-05-09-16-46-01",
"moment-de-creation": "2015-12-06-16-24-14",
"moment-de-modification": "2015-01-04-02-26-18",
"nom": "Assessment evaluation",
"nom-folder": "Assessment-Evaluation",
"nom-francais": ["Assessment evaluation"],
"nom-machine": "terme-2015-12-06-16-24-14-86966223245",
"sous-type": "sujets-JournalSeek",
"type": "taxonomies"
}