{
"_id": "terme-2015-12-06-16-24-05-86966222742",
"ajouter-aux-favoris": false,
"breadcrumb": "taxonomies/sujets-JournalSeek/Law/Middle-East-and-Islamic-Law/",
"description": "Description de Middle east and islamic law",
"fiche-a-completer": true,
"fiche-publiee": true,
"identifiant-drupal": 369069,
"identifiant-drupal-parent": 369048,
"mise-a-jour": "2016-05-09-16-45-59",
"moment-de-creation": "2015-12-06-16-24-05",
"moment-de-modification": "2015-01-04-02-26-18",
"nom": "Middle east and islamic law",
"nom-folder": "Middle-East-and-Islamic-Law",
"nom-francais": ["Middle east and islamic law"],
"nom-machine": "terme-2015-12-06-16-24-05-86966222742",
"sous-type": "sujets-JournalSeek",
"type": "taxonomies"
}