{
"_id": "terme-2015-12-06-16-24-09-86966222942",
"ajouter-aux-favoris": false,
"breadcrumb": "taxonomies/sujets-JournalSeek/Medicine/Arthritis/",
"description": "Description de Arthritis",
"fiche-a-completer": true,
"fiche-publiee": true,
"identifiant-drupal": 369138,
"identifiant-drupal-parent": 369132,
"mise-a-jour": "2016-05-09-16-46-00",
"moment-de-creation": "2015-12-06-16-24-09",
"moment-de-modification": "2015-01-04-02-26-18",
"nom": "Arthritis",
"nom-folder": "Arthritis",
"nom-francais": ["Arthritis"],
"nom-machine": "terme-2015-12-06-16-24-09-86966222942",
"sous-type": "sujets-JournalSeek",
"type": "taxonomies"
}