{
"_id": "terme-2015-12-06-16-24-01-86966222509",
"ajouter-aux-favoris": false,
"breadcrumb": "taxonomies/sujets-JournalSeek/Electrical-and-Electronic-Engineering/Semiconductors/",
"description": "Description de Semiconductors",
"fiche-a-completer": true,
"fiche-publiee": true,
"identifiant-drupal": 368991,
"identifiant-drupal-parent": 368977,
"mise-a-jour": "2016-05-09-16-45-59",
"moment-de-creation": "2015-12-06-16-24-01",
"moment-de-modification": "2015-01-04-02-26-19",
"nom": "Semiconductors",
"nom-folder": "Semiconductors",
"nom-francais": ["Semiconductors"],
"nom-machine": "terme-2015-12-06-16-24-01-86966222509",
"sous-type": "sujets-JournalSeek",
"type": "taxonomies"
}