{
"_id": "terme-2015-12-06-16-24-13-86966223205",
"ajouter-aux-favoris": false,
"breadcrumb": "taxonomies/sujets-JournalSeek/Physics/Condensed-Matter-Physics/",
"description": "Description de Condensed matter physics",
"fiche-a-completer": true,
"fiche-publiee": true,
"identifiant-drupal": 369229,
"identifiant-drupal-parent": 369223,
"mise-a-jour": "2016-05-09-16-46-01",
"moment-de-creation": "2015-12-06-16-24-13",
"moment-de-modification": "2015-01-04-02-26-18",
"nom": "Condensed matter physics",
"nom-folder": "Condensed-Matter-Physics",
"nom-francais": ["Condensed matter physics"],
"nom-machine": "terme-2015-12-06-16-24-13-86966223205",
"sous-type": "sujets-JournalSeek",
"type": "taxonomies"
}