{
"_id": "terme-2015-12-06-16-24-14-86966223255",
"ajouter-aux-favoris": false,
"breadcrumb": "taxonomies/sujets-JournalSeek/Psychology/Clinical-Counselling-Psychology/",
"description": "Description de Clinical counselling psychology",
"fiche-a-completer": true,
"fiche-publiee": true,
"identifiant-drupal": 369245,
"identifiant-drupal-parent": 369241,
"mise-a-jour": "2016-05-09-16-46-01",
"moment-de-creation": "2015-12-06-16-24-14",
"moment-de-modification": "2015-01-04-02-26-18",
"nom": "Clinical counselling psychology",
"nom-folder": "Clinical-Counselling-Psychology",
"nom-francais": ["Clinical counselling psychology"],
"nom-machine": "terme-2015-12-06-16-24-14-86966223255",
"sous-type": "sujets-JournalSeek",
"type": "taxonomies"
}