{
"_id": "terme-2015-12-06-16-24-14-86966223258",
"ajouter-aux-favoris": false,
"breadcrumb": "taxonomies/sujets-JournalSeek/Psychology/Cognition/",
"description": "Description de Cognition",
"fiche-a-completer": true,
"fiche-publiee": true,
"identifiant-drupal": 369246,
"identifiant-drupal-parent": 369241,
"mise-a-jour": "2016-05-09-16-46-01",
"moment-de-creation": "2015-12-06-16-24-14",
"moment-de-modification": "2015-01-04-02-26-18",
"nom": "Cognition",
"nom-folder": "Cognition",
"nom-francais": ["Cognition"],
"nom-machine": "terme-2015-12-06-16-24-14-86966223258",
"sous-type": "sujets-JournalSeek",
"type": "taxonomies"
}