{
"_id": "terme-2015-12-06-16-24-09-86966222964",
"ajouter-aux-favoris": false,
"breadcrumb": "taxonomies/sujets-JournalSeek/Medicine/Complementary-and-Alternative/",
"description": "Description de Complementary and alternative",
"fiche-a-completer": true,
"fiche-publiee": true,
"identifiant-drupal": 369146,
"identifiant-drupal-parent": 369132,
"mise-a-jour": "2016-05-09-16-46-00",
"moment-de-creation": "2015-12-06-16-24-09",
"moment-de-modification": "2015-01-04-02-26-18",
"nom": "Complementary and alternative",
"nom-folder": "Complementary-and-Alternative",
"nom-francais": ["Complementary and alternative"],
"nom-machine": "terme-2015-12-06-16-24-09-86966222964",
"sous-type": "sujets-JournalSeek",
"type": "taxonomies"
}