{
"_id": "terme-2015-12-06-16-24-06-86966222779",
"ajouter-aux-favoris": false,
"breadcrumb": "taxonomies/sujets-JournalSeek/Linguistics/French-Language/",
"description": "Description de French language",
"fiche-a-completer": true,
"fiche-publiee": true,
"identifiant-drupal": 369082,
"identifiant-drupal-parent": 369077,
"mise-a-jour": "2016-05-09-16-46-00",
"moment-de-creation": "2015-12-06-16-24-06",
"moment-de-modification": "2015-01-04-02-26-18",
"nom": "French language",
"nom-folder": "French-Language",
"nom-francais": ["French language"],
"nom-machine": "terme-2015-12-06-16-24-06-86966222779",
"sous-type": "sujets-JournalSeek",
"type": "taxonomies"
}