{
"_id": "terme-2015-12-06-16-24-05-86966222732",
"ajouter-aux-favoris": false,
"breadcrumb": "taxonomies/sujets-JournalSeek/Law/International-Relations-(Law)/",
"description": "Description de International relations (law)",
"fiche-a-completer": true,
"fiche-publiee": true,
"identifiant-drupal": 369065,
"identifiant-drupal-parent": 369048,
"mise-a-jour": "2016-05-09-16-45-59",
"moment-de-creation": "2015-12-06-16-24-05",
"moment-de-modification": "2015-01-04-02-26-19",
"nom": "International relations (law)",
"nom-folder": "International-Relations-(Law)",
"nom-francais": ["International relations (law)"],
"nom-machine": "terme-2015-12-06-16-24-05-86966222732",
"sous-type": "sujets-JournalSeek",
"type": "taxonomies"
}