{
"_id": "terme-2015-12-06-16-24-11-86966223068",
"ajouter-aux-favoris": false,
"breadcrumb": "taxonomies/sujets-JournalSeek/Medicine/Oncology-(Medicine)/",
"description": "Description de Oncology (medicine)",
"fiche-a-completer": true,
"fiche-publiee": true,
"identifiant-drupal": 369182,
"identifiant-drupal-parent": 369132,
"mise-a-jour": "2016-05-09-16-46-01",
"moment-de-creation": "2015-12-06-16-24-11",
"moment-de-modification": "2015-01-04-02-26-18",
"nom": "Oncology (medicine)",
"nom-folder": "Oncology-(Medicine)",
"nom-francais": ["Oncology (medicine)"],
"nom-machine": "terme-2015-12-06-16-24-11-86966223068",
"sous-type": "sujets-JournalSeek",
"type": "taxonomies"
}