{
"_id": "terme-2015-12-06-16-24-01-86966222494",
"ajouter-aux-favoris": false,
"breadcrumb": "taxonomies/sujets-JournalSeek/Electrical-and-Electronic-Engineering/Lasers-and-Electro-optics/",
"description": "Description de Lasers and electro optics",
"fiche-a-completer": true,
"fiche-publiee": true,
"identifiant-drupal": 368986,
"identifiant-drupal-parent": 368977,
"mise-a-jour": "2016-05-09-16-45-58",
"moment-de-creation": "2015-12-06-16-24-01",
"moment-de-modification": "2015-01-04-02-26-19",
"nom": "Lasers and electro optics",
"nom-folder": "Lasers-and-Electro-optics",
"nom-francais": ["Lasers and electro optics"],
"nom-machine": "terme-2015-12-06-16-24-01-86966222494",
"sous-type": "sujets-JournalSeek",
"type": "taxonomies"
}