{
"_id": "terme-2015-12-06-16-23-53-86966222003",
"ajouter-aux-favoris": false,
"breadcrumb": "taxonomies/sujets-JournalSeek/Biological-Sciences/Biometry/",
"description": "Description de Biometry",
"fiche-a-completer": false,
"fiche-publiee": true,
"identifiant-drupal": 368817,
"identifiant-drupal-parent": 368810,
"mise-a-jour": "2017-01-23-16-33-30",
"moment-de-creation": "2015-12-06-16-23-53",
"moment-de-modification": "2015-01-04-02-26-19",
"nom": "Biometry",
"nom-folder": "Biometry",
"nom-francais": ["Biometry"],
"nom-machine": "terme-2015-12-06-16-23-53-86966222003",
"parent": "terme-2015-12-06-16-23-53-86966221982",
"sous-type": "sujets-JournalSeek",
"type": "taxonomies"
}