{
"_id": "terme-2015-12-06-16-23-55-86966222136",
"ajouter-aux-favoris": false,
"breadcrumb": "taxonomies/sujets-JournalSeek/Business-Administration/Public-and-Non-Profit-Management/",
"description": "Description de Public and non profit management",
"fiche-a-completer": true,
"fiche-publiee": true,
"identifiant-drupal": 368864,
"identifiant-drupal-parent": 368846,
"mise-a-jour": "2016-05-09-16-45-57",
"moment-de-creation": "2015-12-06-16-23-55",
"moment-de-modification": "2015-01-04-02-26-18",
"nom": "Public and non profit management",
"nom-folder": "Public-and-Non-Profit-Management",
"nom-francais": ["Public and non profit management"],
"nom-machine": "terme-2015-12-06-16-23-55-86966222136",
"sous-type": "sujets-JournalSeek",
"type": "taxonomies"
}