{
"_id": "terme-2015-12-06-16-24-02-86966222528",
"ajouter-aux-favoris": false,
"breadcrumb": "taxonomies/sujets-JournalSeek/Engineering/Aerospace-Engineering/",
"description": "Description de Aerospace engineering",
"fiche-a-completer": true,
"fiche-publiee": true,
"identifiant-drupal": 368998,
"identifiant-drupal-parent": 368996,
"mise-a-jour": "2016-05-09-16-45-59",
"moment-de-creation": "2015-12-06-16-24-02",
"moment-de-modification": "2015-01-04-02-26-19",
"nom": "Aerospace engineering",
"nom-folder": "Aerospace-Engineering",
"nom-francais": ["Aerospace engineering"],
"nom-machine": "terme-2015-12-06-16-24-02-86966222528",
"sous-type": "sujets-JournalSeek",
"type": "taxonomies"
}