{
"_id": "terme-2015-12-06-16-23-57-86966222271",
"ajouter-aux-favoris": false,
"breadcrumb": "taxonomies/sujets-JournalSeek/Earth-Sciences/Atmospheric-Sciences/",
"description": "Description de Atmospheric sciences",
"fiche-a-completer": true,
"fiche-publiee": true,
"identifiant-drupal": 368911,
"identifiant-drupal-parent": 368910,
"mise-a-jour": "2016-05-09-16-45-58",
"moment-de-creation": "2015-12-06-16-23-57",
"moment-de-modification": "2015-01-04-02-26-18",
"nom": "Atmospheric sciences",
"nom-folder": "Atmospheric-Sciences",
"nom-francais": ["Atmospheric sciences"],
"nom-machine": "terme-2015-12-06-16-23-57-86966222271",
"sous-type": "sujets-JournalSeek",
"type": "taxonomies"
}