{
"_id": "terme-2015-12-06-16-23-52-86966221927",
"ajouter-aux-favoris": false,
"breadcrumb": "taxonomies/sujets-JournalSeek/Arts-and-literature/Childrens'-Literature/",
"description": "Description de Childrens' literature",
"fiche-a-completer": false,
"fiche-publiee": true,
"identifiant-drupal": 368791,
"identifiant-drupal-parent": 368788,
"mise-a-jour": "2017-01-23-16-33-30",
"moment-de-creation": "2015-12-06-16-23-52",
"moment-de-modification": "2015-01-04-02-26-18",
"nom": "Childrens' literature",
"nom-folder": "Childrens'-Literature",
"nom-francais": ["Childrens' literature"],
"nom-machine": "terme-2015-12-06-16-23-52-86966221927",
"parent": "terme-2015-12-06-16-23-51-86966221919",
"sous-type": "sujets-JournalSeek",
"type": "taxonomies"
}