{
"_id": "terme-2015-12-06-16-23-52-86966221930",
"ajouter-aux-favoris": false,
"breadcrumb": "taxonomies/sujets-JournalSeek/Arts-and-literature/Culture-Heritage/",
"description": "Description de Culture heritage",
"fiche-a-completer": true,
"fiche-publiee": true,
"identifiant-drupal": 368792,
"identifiant-drupal-parent": 368788,
"mise-a-jour": "2016-05-09-16-45-56",
"moment-de-creation": "2015-12-06-16-23-52",
"moment-de-modification": "2015-01-04-02-26-18",
"nom": "Culture heritage",
"nom-folder": "Culture-Heritage",
"nom-francais": ["Culture heritage"],
"nom-machine": "terme-2015-12-06-16-23-52-86966221930",
"sous-type": "sujets-JournalSeek",
"type": "taxonomies"
}