{
"_id": "terme-2015-12-06-16-24-10-86966223032",
"ajouter-aux-favoris": false,
"breadcrumb": "taxonomies/sujets-JournalSeek/Medicine/Miscellaneous-(Medicine)/",
"description": "Description de Miscellaneous (medicine)",
"fiche-a-completer": true,
"fiche-publiee": true,
"identifiant-drupal": 369170,
"identifiant-drupal-parent": 369132,
"mise-a-jour": "2016-05-09-16-46-01",
"moment-de-creation": "2015-12-06-16-24-10",
"moment-de-modification": "2015-01-04-02-26-18",
"nom": "Miscellaneous (medicine)",
"nom-folder": "Miscellaneous-(Medicine)",
"nom-francais": ["Miscellaneous (medicine)"],
"nom-machine": "terme-2015-12-06-16-24-10-86966223032",
"sous-type": "sujets-JournalSeek",
"type": "taxonomies"
}