{
"_id": "terme-2015-12-06-16-23-55-86966222124",
"ajouter-aux-favoris": false,
"breadcrumb": "taxonomies/sujets-JournalSeek/Business-Administration/Marketing/",
"description": "Description de Marketing",
"fiche-a-completer": true,
"fiche-publiee": true,
"identifiant-drupal": 368860,
"identifiant-drupal-parent": 368846,
"mise-a-jour": "2016-05-09-16-45-57",
"moment-de-creation": "2015-12-06-16-23-55",
"moment-de-modification": "2015-01-04-02-26-18",
"nom": "Marketing",
"nom-folder": "Marketing",
"nom-francais": ["Marketing"],
"nom-machine": "terme-2015-12-06-16-23-55-86966222124",
"sous-type": "sujets-JournalSeek",
"type": "taxonomies"
}