{
"_id": "terme-2015-12-06-16-24-16-86966223402",
"ajouter-aux-favoris": false,
"breadcrumb": "taxonomies/sujets-JournalSeek/Sports-and-Recreation/Adapted-Physical-Activity/",
"description": "Description de Adapted physical activity",
"fiche-a-completer": true,
"fiche-publiee": true,
"identifiant-drupal": 369295,
"identifiant-drupal-parent": 369294,
"mise-a-jour": "2016-05-09-16-46-02",
"moment-de-creation": "2015-12-06-16-24-16",
"moment-de-modification": "2015-01-04-02-26-18",
"nom": "Adapted physical activity",
"nom-folder": "Adapted-Physical-Activity",
"nom-francais": ["Adapted physical activity"],
"nom-machine": "terme-2015-12-06-16-24-16-86966223402",
"sous-type": "sujets-JournalSeek",
"type": "taxonomies"
}