{
"_id": "terme-2015-12-06-16-24-04-86966222699",
"ajouter-aux-favoris": false,
"breadcrumb": "taxonomies/sujets-JournalSeek/Law/Constitutional-Law/",
"description": "Description de Constitutional law",
"fiche-a-completer": true,
"fiche-publiee": true,
"identifiant-drupal": 369053,
"identifiant-drupal-parent": 369048,
"mise-a-jour": "2016-05-09-16-45-59",
"moment-de-creation": "2015-12-06-16-24-04",
"moment-de-modification": "2015-01-04-02-26-18",
"nom": "Constitutional law",
"nom-folder": "Constitutional-Law",
"nom-francais": ["Constitutional law"],
"nom-machine": "terme-2015-12-06-16-24-04-86966222699",
"sous-type": "sujets-JournalSeek",
"type": "taxonomies"
}