{
"_id": "terme-2015-12-06-16-24-07-86966222820",
"ajouter-aux-favoris": false,
"breadcrumb": "taxonomies/sujets-JournalSeek/Management-Science-Operations-Research/Management-Science/",
"description": "Description de Management science",
"fiche-a-completer": true,
"fiche-publiee": true,
"identifiant-drupal": 369096,
"identifiant-drupal-parent": 369092,
"mise-a-jour": "2016-05-09-16-46-00",
"moment-de-creation": "2015-12-06-16-24-07",
"moment-de-modification": "2015-01-04-02-26-18",
"nom": "Management science",
"nom-folder": "Management-Science",
"nom-francais": ["Management science"],
"nom-machine": "terme-2015-12-06-16-24-07-86966222820",
"sous-type": "sujets-JournalSeek",
"type": "taxonomies"
}