{
"_id": "terme-2015-12-06-16-24-10-86966223015",
"ajouter-aux-favoris": false,
"breadcrumb": "taxonomies/sujets-JournalSeek/Medicine/History-of-Medicine/",
"description": "Description de History of medicine",
"fiche-a-completer": true,
"fiche-publiee": true,
"identifiant-drupal": 369164,
"identifiant-drupal-parent": 369132,
"mise-a-jour": "2016-05-09-16-46-00",
"moment-de-creation": "2015-12-06-16-24-10",
"moment-de-modification": "2015-01-04-02-26-18",
"nom": "History of medicine",
"nom-folder": "History-of-Medicine",
"nom-francais": ["History of medicine"],
"nom-machine": "terme-2015-12-06-16-24-10-86966223015",
"sous-type": "sujets-JournalSeek",
"type": "taxonomies"
}