{
"_id": "terme-2015-12-06-16-24-01-86966222477",
"ajouter-aux-favoris": false,
"breadcrumb": "taxonomies/sujets-JournalSeek/Electrical-and-Electronic-Engineering/Circuits-and-Systems/",
"description": "Description de Circuits and systems",
"fiche-a-completer": true,
"fiche-publiee": true,
"identifiant-drupal": 368980,
"identifiant-drupal-parent": 368977,
"mise-a-jour": "2016-05-09-16-45-58",
"moment-de-creation": "2015-12-06-16-24-01",
"moment-de-modification": "2015-01-04-02-26-19",
"nom": "Circuits and systems",
"nom-folder": "Circuits-and-Systems",
"nom-francais": ["Circuits and systems"],
"nom-machine": "terme-2015-12-06-16-24-01-86966222477",
"sous-type": "sujets-JournalSeek",
"type": "taxonomies"
}