{
"_id": "terme-2015-12-06-16-23-57-86966222277",
"ajouter-aux-favoris": false,
"breadcrumb": "taxonomies/sujets-JournalSeek/Earth-Sciences/Economic-Geology/",
"description": "Description de Economic geology",
"fiche-a-completer": true,
"fiche-publiee": true,
"identifiant-drupal": 368913,
"identifiant-drupal-parent": 368910,
"mise-a-jour": "2016-05-09-16-45-58",
"moment-de-creation": "2015-12-06-16-23-57",
"moment-de-modification": "2015-01-04-02-26-18",
"nom": "Economic geology",
"nom-folder": "Economic-Geology",
"nom-francais": ["Economic geology"],
"nom-machine": "terme-2015-12-06-16-23-57-86966222277",
"sous-type": "sujets-JournalSeek",
"type": "taxonomies"
}