{
"_id": "terme-2015-12-06-16-24-12-86966223144",
"ajouter-aux-favoris": false,
"breadcrumb": "taxonomies/sujets-JournalSeek/Philosophy/Ontology-(Philosophy)/",
"description": "Description de Ontology (philosophy)",
"fiche-a-completer": true,
"fiche-publiee": true,
"identifiant-drupal": 369209,
"identifiant-drupal-parent": 369203,
"mise-a-jour": "2016-05-09-16-46-01",
"moment-de-creation": "2015-12-06-16-24-12",
"moment-de-modification": "2015-01-04-02-26-19",
"nom": "Ontology (philosophy)",
"nom-folder": "Ontology-(Philosophy)",
"nom-francais": ["Ontology (philosophy)"],
"nom-machine": "terme-2015-12-06-16-24-12-86966223144",
"sous-type": "sujets-JournalSeek",
"type": "taxonomies"
}