{
"_id": "terme-2015-12-06-16-24-00-86966222439",
"ajouter-aux-favoris": false,
"breadcrumb": "taxonomies/sujets-JournalSeek/Education/Miscellaneous-(Education)/",
"description": "Description de Miscellaneous (education)",
"fiche-a-completer": true,
"fiche-publiee": true,
"identifiant-drupal": 368967,
"identifiant-drupal-parent": 368955,
"mise-a-jour": "2016-05-09-16-45-58",
"moment-de-creation": "2015-12-06-16-24-00",
"moment-de-modification": "2015-01-04-02-26-18",
"nom": "Miscellaneous (education)",
"nom-folder": "Miscellaneous-(Education)",
"nom-francais": ["Miscellaneous (education)"],
"nom-machine": "terme-2015-12-06-16-24-00-86966222439",
"sous-type": "sujets-JournalSeek",
"type": "taxonomies"
}