{
"_id": "terme-2015-12-06-16-24-00-86966222417",
"ajouter-aux-favoris": false,
"breadcrumb": "taxonomies/sujets-JournalSeek/Education/Curriculum-Studies/",
"description": "Description de Curriculum studies",
"fiche-a-completer": true,
"fiche-publiee": true,
"identifiant-drupal": 368959,
"identifiant-drupal-parent": 368955,
"mise-a-jour": "2016-05-09-16-45-58",
"moment-de-creation": "2015-12-06-16-24-00",
"moment-de-modification": "2015-01-04-02-26-18",
"nom": "Curriculum studies",
"nom-folder": "Curriculum-Studies",
"nom-francais": ["Curriculum studies"],
"nom-machine": "terme-2015-12-06-16-24-00-86966222417",
"sous-type": "sujets-JournalSeek",
"type": "taxonomies"
}