{
"_id": "terme-2015-12-06-16-23-55-86966222107",
"ajouter-aux-favoris": false,
"breadcrumb": "taxonomies/sujets-JournalSeek/Business-Administration/Insurance/",
"description": "Description de Insurance",
"fiche-a-completer": true,
"fiche-publiee": true,
"identifiant-drupal": 368854,
"identifiant-drupal-parent": 368846,
"mise-a-jour": "2016-05-09-16-45-57",
"moment-de-creation": "2015-12-06-16-23-55",
"moment-de-modification": "2015-01-04-02-26-18",
"nom": "Insurance",
"nom-folder": "Insurance",
"nom-francais": ["Insurance"],
"nom-machine": "terme-2015-12-06-16-23-55-86966222107",
"sous-type": "sujets-JournalSeek",
"type": "taxonomies"
}