{
"_id": "terme-2015-12-06-16-23-52-86966221951",
"ajouter-aux-favoris": false,
"breadcrumb": "taxonomies/sujets-JournalSeek/Astronomy-Astrophysics-Space-Science/",
"description": "Description de Astronomy astrophysics space science",
"enfants": ["terme-2015-12-06-16-23-52-86966221954","terme-2015-12-06-16-23-52-86966221957","terme-2015-12-06-16-23-52-86966221960","terme-2015-12-06-16-23-52-86966221963","terme-2015-12-06-16-23-52-86966221966","terme-2015-12-06-16-23-52-86966221968","terme-2015-12-06-16-23-52-86966221971","terme-2015-12-06-16-23-52-86966221974","terme-2015-12-06-16-23-52-86966221977","terme-2015-12-06-16-23-53-86966221980"],
"fiche-a-completer": true,
"fiche-publiee": true,
"identifiant-drupal": 368799,
"identifiant-drupal-parent": 368787,
"mise-a-jour": "2016-05-09-16-45-56",
"moment-de-creation": "2015-12-06-16-23-52",
"moment-de-modification": "2015-01-04-02-26-18",
"nom": "Astronomy astrophysics space science",
"nom-folder": "Astronomy-Astrophysics-Space-Science",
"nom-francais": ["Astronomy astrophysics space science"],
"nom-machine": "terme-2015-12-06-16-23-52-86966221951",
"sous-type": "sujets-JournalSeek",
"type": "taxonomies"
}