{
"_id": "terme-2015-12-06-16-23-59-86966222396",
"ajouter-aux-favoris": false,
"breadcrumb": "taxonomies/sujets-JournalSeek/Economics/Regional-Economics/",
"description": "Description de Regional economics",
"fiche-a-completer": true,
"fiche-publiee": true,
"identifiant-drupal": 368952,
"identifiant-drupal-parent": 368932,
"mise-a-jour": "2016-05-09-16-45-58",
"moment-de-creation": "2015-12-06-16-23-59",
"moment-de-modification": "2015-01-04-02-26-18",
"nom": "Regional economics",
"nom-folder": "Regional-Economics",
"nom-francais": ["Regional economics"],
"nom-machine": "terme-2015-12-06-16-23-59-86966222396",
"sous-type": "sujets-JournalSeek",
"type": "taxonomies"
}