{
"_id": "terme-2015-12-06-16-24-06-86966222811",
"ajouter-aux-favoris": false,
"breadcrumb": "taxonomies/sujets-JournalSeek/Management-Science-Operations-Research/Applied-Probability/",
"description": "Description de Applied probability",
"fiche-a-completer": true,
"fiche-publiee": true,
"identifiant-drupal": 369093,
"identifiant-drupal-parent": 369092,
"mise-a-jour": "2016-05-09-16-46-00",
"moment-de-creation": "2015-12-06-16-24-06",
"moment-de-modification": "2015-01-04-02-26-18",
"nom": "Applied probability",
"nom-folder": "Applied-Probability",
"nom-francais": ["Applied probability"],
"nom-machine": "terme-2015-12-06-16-24-06-86966222811",
"sous-type": "sujets-JournalSeek",
"type": "taxonomies"
}