{
"_id": "terme-2015-12-06-16-23-53-86966222026",
"ajouter-aux-favoris": false,
"breadcrumb": "taxonomies/sujets-JournalSeek/Biological-Sciences/Food-Science-and-Technology/",
"description": "Description de Food science and technology",
"fiche-a-completer": false,
"fiche-publiee": true,
"identifiant-drupal": 368825,
"identifiant-drupal-parent": 368810,
"mise-a-jour": "2017-01-23-16-33-30",
"moment-de-creation": "2015-12-06-16-23-53",
"moment-de-modification": "2015-01-04-02-26-19",
"nom": "Food science and technology",
"nom-folder": "Food-Science-and-Technology",
"nom-francais": ["Food science and technology"],
"nom-machine": "terme-2015-12-06-16-23-53-86966222026",
"parent": "terme-2015-12-06-16-23-53-86966221982",
"sous-type": "sujets-JournalSeek",
"type": "taxonomies"
}