{
"_id": "terme-2015-12-06-16-23-54-86966222055",
"ajouter-aux-favoris": false,
"breadcrumb": "taxonomies/sujets-JournalSeek/Biological-Sciences/Microscopy/",
"description": "Description de Microscopy",
"fiche-a-completer": true,
"fiche-publiee": true,
"identifiant-drupal": 368835,
"identifiant-drupal-parent": 368810,
"mise-a-jour": "2016-05-09-16-45-57",
"moment-de-creation": "2015-12-06-16-23-54",
"moment-de-modification": "2015-01-04-02-26-19",
"nom": "Microscopy",
"nom-folder": "Microscopy",
"nom-francais": ["Microscopy"],
"nom-machine": "terme-2015-12-06-16-23-54-86966222055",
"sous-type": "sujets-JournalSeek",
"type": "taxonomies"
}