{
"_id": "terme-2015-12-06-16-24-08-86966222918",
"ajouter-aux-favoris": false,
"breadcrumb": "taxonomies/sujets-JournalSeek/Mathematics/Statistics/",
"description": "Description de Statistics",
"fiche-a-completer": true,
"fiche-publiee": true,
"identifiant-drupal": 369130,
"identifiant-drupal-parent": 369116,
"mise-a-jour": "2016-05-09-16-46-00",
"moment-de-creation": "2015-12-06-16-24-08",
"moment-de-modification": "2015-01-04-02-26-18",
"nom": "Statistics",
"nom-folder": "Statistics",
"nom-francais": ["Statistics"],
"nom-machine": "terme-2015-12-06-16-24-08-86966222918",
"sous-type": "sujets-JournalSeek",
"type": "taxonomies"
}