{
"_id": "terme-2015-12-06-16-24-16-86966223382",
"ajouter-aux-favoris": false,
"breadcrumb": "taxonomies/sujets-JournalSeek/Social-Sciences-(category)/Political-Science/",
"description": "Description de Political science",
"fiche-a-completer": true,
"fiche-publiee": true,
"identifiant-drupal": 369288,
"identifiant-drupal-parent": 369274,
"mise-a-jour": "2016-05-09-16-46-02",
"moment-de-creation": "2015-12-06-16-24-16",
"moment-de-modification": "2015-01-04-02-26-18",
"nom": "Political science",
"nom-folder": "Political-Science",
"nom-francais": ["Political science"],
"nom-machine": "terme-2015-12-06-16-24-16-86966223382",
"sous-type": "sujets-JournalSeek",
"type": "taxonomies"
}