{
"_id": "terme-2015-12-06-16-23-56-86966222208",
"ajouter-aux-favoris": false,
"breadcrumb": "taxonomies/sujets-JournalSeek/Computer-and-Infomation-Science/Algorithms-and-Computational-Theory/",
"description": "Description de Algorithms and computational theory",
"fiche-a-completer": true,
"fiche-publiee": true,
"identifiant-drupal": 368889,
"identifiant-drupal-parent": 368888,
"mise-a-jour": "2016-05-09-16-45-57",
"moment-de-creation": "2015-12-06-16-23-56",
"moment-de-modification": "2015-01-04-02-26-17",
"nom": "Algorithms and computational theory",
"nom-folder": "Algorithms-and-Computational-Theory",
"nom-francais": ["Algorithms and computational theory"],
"nom-machine": "terme-2015-12-06-16-23-56-86966222208",
"sous-type": "sujets-JournalSeek",
"type": "taxonomies"
}