{
"_id": "terme-2015-12-06-16-24-15-86966223322",
"ajouter-aux-favoris": false,
"breadcrumb": "taxonomies/sujets-JournalSeek/Psychology/Psycholinguistics-(Psychology)/",
"description": "Description de Psycholinguistics (psychology)",
"fiche-a-completer": true,
"fiche-publiee": true,
"identifiant-drupal": 369267,
"identifiant-drupal-parent": 369241,
"mise-a-jour": "2016-05-09-16-46-02",
"moment-de-creation": "2015-12-06-16-24-15",
"moment-de-modification": "2015-01-04-02-26-18",
"nom": "Psycholinguistics (psychology)",
"nom-folder": "Psycholinguistics-(Psychology)",
"nom-francais": ["Psycholinguistics (psychology)"],
"nom-machine": "terme-2015-12-06-16-24-15-86966223322",
"sous-type": "sujets-JournalSeek",
"type": "taxonomies"
}