{
"_id": "terme-2015-12-06-16-24-15-86966223313",
"ajouter-aux-favoris": false,
"breadcrumb": "taxonomies/sujets-JournalSeek/Psychology/Political-Psychology/",
"description": "Description de Political psychology",
"fiche-a-completer": true,
"fiche-publiee": true,
"identifiant-drupal": 369264,
"identifiant-drupal-parent": 369241,
"mise-a-jour": "2016-05-09-16-46-02",
"moment-de-creation": "2015-12-06-16-24-15",
"moment-de-modification": "2015-01-04-02-26-18",
"nom": "Political psychology",
"nom-folder": "Political-Psychology",
"nom-francais": ["Political psychology"],
"nom-machine": "terme-2015-12-06-16-24-15-86966223313",
"sous-type": "sujets-JournalSeek",
"type": "taxonomies"
}