{
"_id": "terme-2015-12-06-16-23-52-86966221948",
"ajouter-aux-favoris": false,
"breadcrumb": "taxonomies/sujets-JournalSeek/Arts-and-literature/Visual-and-Performing-Arts/",
"description": "Description de Visual and performing arts",
"fiche-a-completer": false,
"fiche-publiee": true,
"identifiant-drupal": 368798,
"identifiant-drupal-parent": 368788,
"mise-a-jour": "2017-01-23-16-33-30",
"moment-de-creation": "2015-12-06-16-23-52",
"moment-de-modification": "2015-01-04-02-26-18",
"nom": "Visual and performing arts",
"nom-folder": "Visual-and-Performing-Arts",
"nom-francais": ["Visual and performing arts"],
"nom-machine": "terme-2015-12-06-16-23-52-86966221948",
"parent": "terme-2015-12-06-16-23-51-86966221919",
"sous-type": "sujets-JournalSeek",
"type": "taxonomies"
}