{
"_id": "terme-2015-12-06-16-24-10-86966223027",
"ajouter-aux-favoris": false,
"breadcrumb": "taxonomies/sujets-JournalSeek/Medicine/Medical-Education-(Medicine)/",
"description": "Description de Medical education (medicine)",
"fiche-a-completer": true,
"fiche-publiee": true,
"identifiant-drupal": 369168,
"identifiant-drupal-parent": 369132,
"mise-a-jour": "2016-05-09-16-46-00",
"moment-de-creation": "2015-12-06-16-24-10",
"moment-de-modification": "2015-01-04-02-26-18",
"nom": "Medical education (medicine)",
"nom-folder": "Medical-Education-(Medicine)",
"nom-francais": ["Medical education (medicine)"],
"nom-machine": "terme-2015-12-06-16-24-10-86966223027",
"sous-type": "sujets-JournalSeek",
"type": "taxonomies"
}