{
"_id": "terme-2015-12-06-16-24-15-86966223339",
"ajouter-aux-favoris": false,
"breadcrumb": "taxonomies/sujets-JournalSeek/Psychology/Social-Psychology/",
"description": "Description de Social psychology",
"fiche-a-completer": true,
"fiche-publiee": true,
"identifiant-drupal": 369273,
"identifiant-drupal-parent": 369241,
"mise-a-jour": "2016-05-09-16-46-02",
"moment-de-creation": "2015-12-06-16-24-15",
"moment-de-modification": "2015-01-04-02-26-18",
"nom": "Social psychology",
"nom-folder": "Social-Psychology",
"nom-francais": ["Social psychology"],
"nom-machine": "terme-2015-12-06-16-24-15-86966223339",
"sous-type": "sujets-JournalSeek",
"type": "taxonomies"
}