{
"_id": "terme-2015-12-06-16-24-05-86966222748",
"ajouter-aux-favoris": false,
"breadcrumb": "taxonomies/sujets-JournalSeek/Law/Private,-Civil,-Criminal-Law-and-Litigation/",
"description": "Description de Private, civil, criminal law and litigation",
"fiche-a-completer": true,
"fiche-publiee": true,
"identifiant-drupal": 369071,
"identifiant-drupal-parent": 369048,
"mise-a-jour": "2016-05-09-16-45-59",
"moment-de-creation": "2015-12-06-16-24-05",
"moment-de-modification": "2015-01-04-02-26-19",
"nom": "Private, civil, criminal law and litigation",
"nom-folder": "Private,-Civil,-Criminal-Law-and-Litigation",
"nom-francais": ["Private, civil, criminal law and litigation"],
"nom-machine": "terme-2015-12-06-16-24-05-86966222748",
"sous-type": "sujets-JournalSeek",
"type": "taxonomies"
}