{
"_id": "terme-2015-12-06-16-24-16-86966223419",
"ajouter-aux-favoris": false,
"breadcrumb": "taxonomies/sujets-JournalSeek/Sports-and-Recreation/Miscellaneous-(Sports-and-Recreation)/",
"description": "Description de Miscellaneous (sports and recreation)",
"fiche-a-completer": true,
"fiche-publiee": true,
"identifiant-drupal": 369301,
"identifiant-drupal-parent": 369294,
"mise-a-jour": "2016-05-09-16-46-02",
"moment-de-creation": "2015-12-06-16-24-16",
"moment-de-modification": "2015-01-04-02-26-18",
"nom": "Miscellaneous (sports and recreation)",
"nom-folder": "Miscellaneous-(Sports-and-Recreation)",
"nom-francais": ["Miscellaneous (sports and recreation)"],
"nom-machine": "terme-2015-12-06-16-24-16-86966223419",
"sous-type": "sujets-JournalSeek",
"type": "taxonomies"
}