{
"_id": "terme-2015-12-06-16-23-55-86966222113",
"ajouter-aux-favoris": false,
"breadcrumb": "taxonomies/sujets-JournalSeek/Business-Administration/International-Business/",
"description": "Description de International business",
"fiche-a-completer": true,
"fiche-publiee": true,
"identifiant-drupal": 368856,
"identifiant-drupal-parent": 368846,
"mise-a-jour": "2016-05-09-16-45-57",
"moment-de-creation": "2015-12-06-16-23-55",
"moment-de-modification": "2015-01-04-02-26-18",
"nom": "International business",
"nom-folder": "International-Business",
"nom-francais": ["International business"],
"nom-machine": "terme-2015-12-06-16-23-55-86966222113",
"sous-type": "sujets-JournalSeek",
"type": "taxonomies"
}