{
"_id": "terme-2015-12-06-16-23-59-86966222367",
"ajouter-aux-favoris": false,
"breadcrumb": "taxonomies/sujets-JournalSeek/Economics/Law-and-Economics/",
"description": "Description de Law and economics",
"fiche-a-completer": true,
"fiche-publiee": true,
"identifiant-drupal": 368942,
"identifiant-drupal-parent": 368932,
"mise-a-jour": "2016-05-09-16-45-58",
"moment-de-creation": "2015-12-06-16-23-59",
"moment-de-modification": "2015-01-04-02-26-18",
"nom": "Law and economics",
"nom-folder": "Law-and-Economics",
"nom-francais": ["Law and economics"],
"nom-machine": "terme-2015-12-06-16-23-59-86966222367",
"sous-type": "sujets-JournalSeek",
"type": "taxonomies"
}