{
"_id": "terme-2015-12-06-16-23-53-86966221996",
"ajouter-aux-favoris": false,
"breadcrumb": "taxonomies/sujets-JournalSeek/Biological-Sciences/Animal-Physiology/",
"description": "Description de Animal physiology",
"fiche-a-completer": false,
"fiche-publiee": true,
"identifiant-drupal": 368814,
"identifiant-drupal-parent": 368810,
"mise-a-jour": "2017-01-23-16-33-30",
"moment-de-creation": "2015-12-06-16-23-53",
"moment-de-modification": "2015-01-04-02-26-19",
"nom": "Animal physiology",
"nom-folder": "Animal-Physiology",
"nom-francais": ["Animal physiology"],
"nom-machine": "terme-2015-12-06-16-23-53-86966221996",
"parent": "terme-2015-12-06-16-23-53-86966221982",
"sous-type": "sujets-JournalSeek",
"type": "taxonomies"
}