{
"_id": "terme-2015-12-06-16-23-59-86966222393",
"ajouter-aux-favoris": false,
"breadcrumb": "taxonomies/sujets-JournalSeek/Economics/Quantitative-Methods/",
"description": "Description de Quantitative methods",
"fiche-a-completer": true,
"fiche-publiee": true,
"identifiant-drupal": 368951,
"identifiant-drupal-parent": 368932,
"mise-a-jour": "2016-05-09-16-45-58",
"moment-de-creation": "2015-12-06-16-23-59",
"moment-de-modification": "2015-01-04-02-26-18",
"nom": "Quantitative methods",
"nom-folder": "Quantitative-Methods",
"nom-francais": ["Quantitative methods"],
"nom-machine": "terme-2015-12-06-16-23-59-86966222393",
"sous-type": "sujets-JournalSeek",
"type": "taxonomies"
}