{
"_id": "terme-2015-12-06-16-23-58-86966222314",
"ajouter-aux-favoris": false,
"breadcrumb": "taxonomies/sujets-JournalSeek/Earth-Sciences/Quantitative-Geology/",
"description": "Description de Quantitative geology",
"fiche-a-completer": true,
"fiche-publiee": true,
"identifiant-drupal": 368926,
"identifiant-drupal-parent": 368910,
"mise-a-jour": "2016-05-09-16-45-58",
"moment-de-creation": "2015-12-06-16-23-58",
"moment-de-modification": "2015-01-04-02-26-18",
"nom": "Quantitative geology",
"nom-folder": "Quantitative-Geology",
"nom-francais": ["Quantitative geology"],
"nom-machine": "terme-2015-12-06-16-23-58-86966222314",
"sous-type": "sujets-JournalSeek",
"type": "taxonomies"
}