{
"_id": "terme-2015-12-06-16-23-55-86966222133",
"ajouter-aux-favoris": false,
"breadcrumb": "taxonomies/sujets-JournalSeek/Business-Administration/Prod,-Op-and-Manufacturing-Management/",
"description": "Description de Prod, op and manufacturing management",
"fiche-a-completer": true,
"fiche-publiee": true,
"identifiant-drupal": 368863,
"identifiant-drupal-parent": 368846,
"mise-a-jour": "2016-05-09-16-45-57",
"moment-de-creation": "2015-12-06-16-23-55",
"moment-de-modification": "2015-01-04-02-26-18",
"nom": "Prod, op and manufacturing management",
"nom-folder": "Prod,-Op-and-Manufacturing-Management",
"nom-francais": ["Prod, op and manufacturing management"],
"nom-machine": "terme-2015-12-06-16-23-55-86966222133",
"sous-type": "sujets-JournalSeek",
"type": "taxonomies"
}