{
"_id": "terme-2015-12-06-16-24-05-86966222702",
"ajouter-aux-favoris": false,
"breadcrumb": "taxonomies/sujets-JournalSeek/Law/Economic-Law/",
"description": "Description de Economic law",
"fiche-a-completer": true,
"fiche-publiee": true,
"identifiant-drupal": 369054,
"identifiant-drupal-parent": 369048,
"mise-a-jour": "2016-05-09-16-45-59",
"moment-de-creation": "2015-12-06-16-24-05",
"moment-de-modification": "2015-01-04-02-26-18",
"nom": "Economic law",
"nom-folder": "Economic-Law",
"nom-francais": ["Economic law"],
"nom-machine": "terme-2015-12-06-16-24-05-86966222702",
"sous-type": "sujets-JournalSeek",
"type": "taxonomies"
}