{
"_id": "terme-2015-12-06-16-23-54-86966222052",
"ajouter-aux-favoris": false,
"breadcrumb": "taxonomies/sujets-JournalSeek/Biological-Sciences/Microbiology/",
"description": "Description de Microbiology",
"fiche-a-completer": true,
"fiche-publiee": true,
"identifiant-drupal": 368834,
"identifiant-drupal-parent": 368810,
"mise-a-jour": "2016-05-09-16-45-57",
"moment-de-creation": "2015-12-06-16-23-54",
"moment-de-modification": "2015-01-04-02-26-19",
"nom": "Microbiology",
"nom-folder": "Microbiology",
"nom-francais": ["Microbiology"],
"nom-machine": "terme-2015-12-06-16-23-54-86966222052",
"sous-type": "sujets-JournalSeek",
"type": "taxonomies"
}