{
"_id": "terme-2015-12-06-16-24-14-86966223281",
"ajouter-aux-favoris": false,
"breadcrumb": "taxonomies/sujets-JournalSeek/Psychology/Experimental-Psychology/",
"description": "Description de Experimental psychology",
"fiche-a-completer": true,
"fiche-publiee": true,
"identifiant-drupal": 369254,
"identifiant-drupal-parent": 369241,
"mise-a-jour": "2016-05-09-16-46-01",
"moment-de-creation": "2015-12-06-16-24-14",
"moment-de-modification": "2015-01-04-02-26-18",
"nom": "Experimental psychology",
"nom-folder": "Experimental-Psychology",
"nom-francais": ["Experimental psychology"],
"nom-machine": "terme-2015-12-06-16-24-14-86966223281",
"sous-type": "sujets-JournalSeek",
"type": "taxonomies"
}