{
"_id": "terme-2015-12-06-16-24-03-86966222604",
"ajouter-aux-favoris": false,
"breadcrumb": "taxonomies/sujets-JournalSeek/Environmental-Sciences/Environmental-Toxicology/",
"description": "Description de Environmental toxicology",
"fiche-a-completer": true,
"fiche-publiee": true,
"identifiant-drupal": 369024,
"identifiant-drupal-parent": 369015,
"mise-a-jour": "2016-05-09-16-45-59",
"moment-de-creation": "2015-12-06-16-24-03",
"moment-de-modification": "2015-01-04-02-26-19",
"nom": "Environmental toxicology",
"nom-folder": "Environmental-Toxicology",
"nom-francais": ["Environmental toxicology"],
"nom-machine": "terme-2015-12-06-16-24-03-86966222604",
"sous-type": "sujets-JournalSeek",
"type": "taxonomies"
}