{
"_id": "terme-2015-12-06-16-24-16-86966223371",
"ajouter-aux-favoris": false,
"breadcrumb": "taxonomies/sujets-JournalSeek/Social-Sciences-(category)/International-Relations-(Social-Sciences)/",
"description": "Description de International relations (social sciences)",
"fiche-a-completer": true,
"fiche-publiee": true,
"identifiant-drupal": 369284,
"identifiant-drupal-parent": 369274,
"mise-a-jour": "2016-05-09-16-46-02",
"moment-de-creation": "2015-12-06-16-24-16",
"moment-de-modification": "2015-01-04-02-26-18",
"nom": "International relations (social sciences)",
"nom-folder": "International-Relations-(Social-Sciences)",
"nom-francais": ["International relations (social sciences)"],
"nom-machine": "terme-2015-12-06-16-24-16-86966223371",
"sous-type": "sujets-JournalSeek",
"type": "taxonomies"
}