{
"_id": "terme-2015-12-06-16-24-15-86966223324",
"ajouter-aux-favoris": false,
"breadcrumb": "taxonomies/sujets-JournalSeek/Psychology/Psychology-and-Law/",
"description": "Description de Psychology and law",
"fiche-a-completer": true,
"fiche-publiee": true,
"identifiant-drupal": 369268,
"identifiant-drupal-parent": 369241,
"mise-a-jour": "2016-05-09-16-46-02",
"moment-de-creation": "2015-12-06-16-24-15",
"moment-de-modification": "2015-01-04-02-26-18",
"nom": "Psychology and law",
"nom-folder": "Psychology-and-Law",
"nom-francais": ["Psychology and law"],
"nom-machine": "terme-2015-12-06-16-24-15-86966223324",
"sous-type": "sujets-JournalSeek",
"type": "taxonomies"
}