{
"_id": "terme-2015-12-06-16-24-03-86966222580",
"ajouter-aux-favoris": false,
"breadcrumb": "taxonomies/sujets-JournalSeek/Environmental-Sciences/Biodegradation/",
"description": "Description de Biodegradation",
"fiche-a-completer": true,
"fiche-publiee": true,
"identifiant-drupal": 369016,
"identifiant-drupal-parent": 369015,
"mise-a-jour": "2016-05-09-16-45-59",
"moment-de-creation": "2015-12-06-16-24-03",
"moment-de-modification": "2015-01-04-02-26-19",
"nom": "Biodegradation",
"nom-folder": "Biodegradation",
"nom-francais": ["Biodegradation"],
"nom-machine": "terme-2015-12-06-16-24-03-86966222580",
"sous-type": "sujets-JournalSeek",
"type": "taxonomies"
}