{
"_id": "terme-2015-12-06-16-23-51-86966221919",
"ajouter-aux-favoris": false,
"breadcrumb": "taxonomies/sujets-JournalSeek/Arts-and-literature/",
"description": "Description de Arts and literature",
"enfants": ["terme-2015-12-06-16-23-52-86966221921","terme-2015-12-06-16-23-52-86966221924","terme-2015-12-06-16-23-52-86966221927","terme-2015-12-06-16-23-52-86966221930","terme-2015-12-06-16-23-52-86966221933","terme-2015-12-06-16-23-52-86966221936","terme-2015-12-06-16-23-52-86966221939","terme-2015-12-06-16-23-52-86966221942","terme-2015-12-06-16-23-52-86966221945","terme-2015-12-06-16-23-52-86966221948"],
"fiche-a-completer": false,
"fiche-defectueuse": false,
"fiche-publiee": true,
"identifiant-drupal": 0,
"identifiant-drupal-parent": 0,
"mise-a-jour": "2017-01-23-16-33-30",
"moment-de-creation": "2017-01-19-14-12-39",
"moment-de-modification": "2017-01-19-14-17-44",
"nom": "Arts and literature",
"nom-anglais": ["Arts and literature"],
"nom-folder": "Arts-and-literature",
"nom-francais": ["Art et lit&#233;rature"],
"nom-machine": "terme-2015-12-06-16-23-51-86966221919",
"sous-type": "sujets-JournalSeek",
"type": "taxonomies",
"voir": ["terme-2015-12-06-16-24-33-86966224408"]
}