{
"_id": "terme-2015-12-06-16-24-02-86966222562",
"ajouter-aux-favoris": false,
"breadcrumb": "taxonomies/sujets-JournalSeek/Engineering/Nuclear-Engineering/",
"description": "Description de Nuclear engineering",
"fiche-a-completer": true,
"fiche-publiee": true,
"identifiant-drupal": 369010,
"identifiant-drupal-parent": 368996,
"mise-a-jour": "2016-05-09-16-45-59",
"moment-de-creation": "2015-12-06-16-24-02",
"moment-de-modification": "2015-01-04-02-26-19",
"nom": "Nuclear engineering",
"nom-folder": "Nuclear-Engineering",
"nom-francais": ["Nuclear engineering"],
"nom-machine": "terme-2015-12-06-16-24-02-86966222562",
"sous-type": "sujets-JournalSeek",
"type": "taxonomies"
}