{
"_id": "terme-2015-12-06-16-24-10-86966223009",
"ajouter-aux-favoris": false,
"breadcrumb": "taxonomies/sujets-JournalSeek/Medicine/Hematology/",
"description": "Description de Hematology",
"fiche-a-completer": true,
"fiche-publiee": true,
"identifiant-drupal": 369162,
"identifiant-drupal-parent": 369132,
"mise-a-jour": "2016-05-09-16-46-00",
"moment-de-creation": "2015-12-06-16-24-10",
"moment-de-modification": "2015-01-04-02-26-18",
"nom": "Hematology",
"nom-folder": "Hematology",
"nom-francais": ["Hematology"],
"nom-machine": "terme-2015-12-06-16-24-10-86966223009",
"sous-type": "sujets-JournalSeek",
"type": "taxonomies"
}