{
"_id": "terme-2015-12-06-16-23-58-86966222280",
"ajouter-aux-favoris": false,
"breadcrumb": "taxonomies/sujets-JournalSeek/Earth-Sciences/Geochemistry/",
"description": "Description de Geochemistry",
"fiche-a-completer": true,
"fiche-publiee": true,
"identifiant-drupal": 368914,
"identifiant-drupal-parent": 368910,
"mise-a-jour": "2016-05-09-16-45-58",
"moment-de-creation": "2015-12-06-16-23-58",
"moment-de-modification": "2015-01-04-02-26-18",
"nom": "Geochemistry",
"nom-folder": "Geochemistry",
"nom-francais": ["Geochemistry"],
"nom-machine": "terme-2015-12-06-16-23-58-86966222280",
"sous-type": "sujets-JournalSeek",
"type": "taxonomies"
}