{
"_id": "terme-2016-03-04-04-03-01-87424930866",
"ajouter-aux-favoris": false,
"breadcrumb": "taxonomies/roles/Economiste/",
"description": "Le terme d&#8217;&#233;conomiste d&#233;signe une personne experte en science &#233;conomique, soit la discipline dont l'objet est selon la d&#233;finition classique : &#171; l'allocation de ressources rares &#224; des usages alternatifs &#187;. De nombreux profils de sp&#233;cialisation existent qui peuvent correspondre &#224; des domaines d'application : macro&#233;conomistes, micro&#233;conomistes, et &#233;conom&#232;tres, conjoncturistes, prospectivistes, financiers, conseils aupr&#232;s d'entreprises ou d'organisations diverses etc.<br>Dans l'exercice de son m&#233;tier, l'&#233;conomiste peut &#234;tre un chercheur en &#233;conomie, ou bien un professionnel d&#233;veloppant et/ou utilisant -dans le cadre d'un poste fonctionnel ou hi&#233;rarchique- les concepts et th&#233;ories &#233;conomiques pour les appliquer &#224; tous domaines o&#249; l&#8217;&#233;conomie politique est susceptible de trouver un point d'application.",
"fiche-a-completer": true,
"fiche-publiee": true,
"mise-a-jour": "2016-05-09-16-45-51",
"moment-de-creation": "2016-03-04-04-03-01",
"moment-de-modification": "2016-03-04-04-07-08",
"nom": "&#201;conomiste",
"nom-anglais": ["Economist"],
"nom-arabe": ["&#1575;&#1604;&#1575;&#1602;&#1578;&#1589;&#1575;&#1583;&#1610; &#1575;&#1604;&#1582;&#1576;&#1610;&#1585;"],
"nom-espagnol": ["Economista"],
"nom-folder": "Economiste",
"nom-francais": ["&#201;conomiste"],
"nom-italien": ["Economista"],
"nom-machine": "terme-2016-03-04-04-03-01-87424930866",
"nom-russe": ["&#1069;&#1082;&#1086;&#1085;&#1086;&#1084;&#1080;&#1089;&#1090;"],
"sous-type": "roles",
"type": "taxonomies"
}