{
"_id": "terme-2015-12-06-16-23-30-86966220620",
"ajouter-aux-favoris": false,
"breadcrumb": "taxonomies/roles/sociologue/",
"description": "Description de Sociologue",
"fiche-a-completer": false,
"fiche-publiee": true,
"mise-a-jour": "2017-01-23-16-33-30",
"moment-de-creation": "2015-12-06-16-23-30",
"moment-de-modification": "2015-01-04-02-27-55",
"nom": "Sociologue",
"nom-anglais": ["Sociologist"],
"nom-arabe": ["&#1575;&#1604;&#1575;&#1580;&#1578;&#1605;&#1575;&#1593;&#1610;"],
"nom-espagnol": ["Soci&#243;logo"],
"nom-folder": "sociologue",
"nom-francais": ["Sociologue"],
"nom-italien": ["Sociologo"],
"nom-machine": "terme-2015-12-06-16-23-30-86966220620",
"sous-type": "roles",
"type": "taxonomies"
}