{
"_id": "terme-2015-12-06-16-23-29-86966220562",
"ajouter-aux-favoris": false,
"breadcrumb": "taxonomies/roles/infrastructure/",
"description": "Description de Infrastructure",
"fiche-a-completer": true,
"fiche-publiee": true,
"mise-a-jour": "2016-05-09-16-45-51",
"moment-de-creation": "2015-12-06-16-23-29",
"moment-de-modification": "2015-01-04-02-27-55",
"nom": "Infrastructure",
"nom-anglais": ["Infrastructure"],
"nom-arabe": ["&#1576;&#1606;&#1610;&#1577; &#1575;&#1604;&#1578;&#1581;&#1578;&#1610;&#1577;"],
"nom-espagnol": ["Infraestructura"],
"nom-folder": "infrastructure",
"nom-francais": ["Infrastructure"],
"nom-italien": ["Infrastruttura"],
"nom-machine": "terme-2015-12-06-16-23-29-86966220562",
"sous-type": "roles",
"type": "taxonomies"
}