{
"_id": "terme-2016-03-12-01-55-16-87465942988",
"ajouter-aux-favoris": false,
"breadcrumb": "taxonomies/roles/terme-2016-03-12-01-55-16-87465942988/",
"description": "Description de Politologue",
"fiche-a-completer": false,
"fiche-publiee": true,
"mise-a-jour": "2017-01-23-16-33-30",
"moment-de-creation": "2016-03-12-01-55-16",
"moment-de-modification": "2016-03-12-02-00-18",
"nom": "Politologue",
"nom-anglais": ["Political scientist"],
"nom-espagnol": ["Polit&#243;logo"],
"nom-folder": "politologue",
"nom-francais": ["Politologue"],
"nom-italien": ["Politologo"],
"nom-machine": "terme-2016-03-12-01-55-16-87465942988",
"sous-type": "roles",
"type": "taxonomies"
}