{
"_id": "terme-2015-12-06-16-23-29-86966220547",
"ajouter-aux-favoris": false,
"breadcrumb": "taxonomies/roles/enseignant/",
"description": "Description de Enseignant",
"fiche-a-completer": true,
"fiche-publiee": true,
"mise-a-jour": "2016-05-09-16-45-51",
"moment-de-creation": "2015-12-06-16-23-29",
"moment-de-modification": "2015-01-04-02-27-55",
"nom": "Enseignant",
"nom-anglais": ["Teacher"],
"nom-arabe": ["&#1605;&#1593;&#1604;&#1605;"],
"nom-espagnol": ["Docente"],
"nom-folder": "enseignant",
"nom-francais": ["Enseignant"],
"nom-italien": ["Insegnante"],
"nom-machine": "terme-2015-12-06-16-23-29-86966220547",
"sous-type": "roles",
"type": "taxonomies"
}