{
"_id": "terme-2015-12-06-16-23-29-86966220553",
"ajouter-aux-favoris": false,
"breadcrumb": "taxonomies/roles/etudiant/",
"description": "&#233;tudiant",
"fiche-a-completer": false,
"fiche-publiee": true,
"mise-a-jour": "2017-01-23-16-33-30",
"moment-de-creation": "2015-12-06-16-23-29",
"moment-de-modification": "2015-01-04-02-27-55",
"nom": "&#201;tudiant",
"nom-anglais": ["Student"],
"nom-arabe": ["&#1591;&#1575;&#1604;&#1576;"],
"nom-espagnol": ["Estudiante"],
"nom-folder": "etudiant",
"nom-francais": ["&#201;tudiant"],
"nom-italien": ["Studente"],
"nom-machine": "terme-2015-12-06-16-23-29-86966220553",
"sous-type": "roles",
"type": "taxonomies"
}