{
"_id": "terme-2015-12-06-16-23-29-86966220571",
"ajouter-aux-favoris": false,
"breadcrumb": "taxonomies/roles/membre-du-CSI/",
"description": "Description de Membre du csi",
"fiche-a-completer": true,
"fiche-publiee": true,
"mise-a-jour": "2016-05-09-16-45-51",
"moment-de-creation": "2015-12-06-16-23-29",
"moment-de-modification": "2015-01-04-02-27-55",
"nom": "Membre du csi",
"nom-anglais": ["Csi member"],
"nom-arabe": ["&#1593;&#1590;&#1608; &#1601;&#1610; &#1605;&#1606;&#1592;&#1605;&#1577; &#1575;&#1604;&#1578;&#1590;&#1575;&#1605;&#1606; &#1575;&#1604;&#1605;&#1587;&#1610;&#1581;&#1610; &#1575;&#1604;&#1583;&#1608;&#1604;&#1610;&#1577;"],
"nom-espagnol": ["Miembro del csi"],
"nom-folder": "membre-du-CSI",
"nom-francais": ["Membre du csi"],
"nom-italien": ["Membro del csi"],
"nom-machine": "terme-2015-12-06-16-23-29-86966220571",
"sous-type": "roles",
"type": "taxonomies"
}