{
"_id": "terme-2015-12-06-16-23-28-86966220525",
"ajouter-aux-favoris": false,
"breadcrumb": "taxonomies/roles/contributeur/",
"description": "Description de Contributeur",
"fiche-a-completer": true,
"fiche-publiee": true,
"mise-a-jour": "2016-05-09-16-45-51",
"moment-de-creation": "2015-12-06-16-23-28",
"moment-de-modification": "2015-01-04-02-27-55",
"nom": "Contributeur",
"nom-anglais": ["Contributor"],
"nom-arabe": ["&#1605;&#1587;&#1575;&#1607;&#1605;"],
"nom-espagnol": ["Contribuyente"],
"nom-folder": "contributeur",
"nom-francais": ["Contributeur"],
"nom-italien": ["Collaboratore"],
"nom-machine": "terme-2015-12-06-16-23-28-86966220525",
"sous-type": "roles",
"type": "taxonomies"
}