{
"_id": "terme-2015-12-06-16-23-28-86966220531",
"ajouter-aux-favoris": false,
"breadcrumb": "taxonomies/roles/developpeur/developpeur-Drupal/",
"description": "Description de Developpeur drupal",
"fiche-a-completer": false,
"fiche-publiee": true,
"mise-a-jour": "2017-01-23-16-33-30",
"moment-de-creation": "2015-12-06-16-23-28",
"moment-de-modification": "2015-01-04-02-27-55",
"nom": "Developpeur drupal",
"nom-anglais": ["Drupal developer"],
"nom-arabe": ["&#1583;&#1585;&#1608;&#1576;&#1575;&#1604; &#1575;&#1604;&#1605;&#1591;&#1608;&#1585;"],
"nom-espagnol": ["Desarrollador drupal"],
"nom-folder": "developpeur-Drupal",
"nom-francais": ["Developpeur drupal"],
"nom-italien": ["Sviluppatore drupal"],
"nom-machine": "terme-2015-12-06-16-23-28-86966220531",
"parent": "terme-2015-12-06-16-23-28-86966220528",
"sous-type": "roles",
"type": "taxonomies"
}