{
"_id": "terme-2016-03-12-01-58-19-87465953949",
"ajouter-aux-favoris": false,
"breadcrumb": "taxonomies/roles/terme-2016-03-12-01-58-19-87465953949/",
"description": "Description de Historien",
"fiche-a-completer": false,
"fiche-publiee": true,
"mise-a-jour": "2017-01-23-16-33-30",
"moment-de-creation": "2016-03-12-01-58-19",
"moment-de-modification": "2016-03-12-01-59-19",
"nom": "Historien",
"nom-anglais": ["Historian"],
"nom-espagnol": ["Historiador"],
"nom-folder": "historien",
"nom-francais": ["Historien"],
"nom-italien": ["Storico"],
"nom-machine": "terme-2016-03-12-01-58-19-87465953949",
"sous-type": "roles",
"type": "taxonomies"
}