{
"_id": "terme-2015-12-06-16-23-29-86966220559",
"ajouter-aux-favoris": false,
"breadcrumb": "taxonomies/roles/graphiste/",
"description": "Description de Graphiste",
"fiche-a-completer": true,
"fiche-publiee": true,
"mise-a-jour": "2016-05-09-16-45-51",
"moment-de-creation": "2015-12-06-16-23-29",
"moment-de-modification": "2015-01-04-02-27-55",
"nom": "Graphiste",
"nom-anglais": ["Graphic designer"],
"nom-arabe": ["&#1601;&#1606;&#1575;&#1606; &#1575;&#1604;&#1585;&#1587;&#1605;"],
"nom-espagnol": ["Artista gr&#225;fico"],
"nom-folder": "graphiste",
"nom-francais": ["Graphiste"],
"nom-italien": ["Artista grafico"],
"nom-machine": "terme-2015-12-06-16-23-29-86966220559",
"sous-type": "roles",
"type": "taxonomies"
}