{
"_id": "terme-2015-12-06-16-23-28-86966220511",
"ajouter-aux-favoris": false,
"breadcrumb": "taxonomies/roles/blogger/",
"description": "Description de Blogger",
"fiche-a-completer": false,
"fiche-publiee": true,
"mise-a-jour": "2017-01-23-16-33-30",
"moment-de-creation": "2015-12-06-16-23-28",
"moment-de-modification": "2015-01-04-02-27-55",
"nom": "Blogger",
"nom-anglais": ["Blogger"],
"nom-arabe": ["&#1576;&#1604;&#1608;&#1594;&#1585;"],
"nom-espagnol": ["Blogger"],
"nom-folder": "blogger",
"nom-francais": ["Blogger"],
"nom-italien": ["Blogger"],
"nom-machine": "terme-2015-12-06-16-23-28-86966220511",
"sous-type": "roles",
"type": "taxonomies"
}