{
"_id": "terme-2015-12-06-16-23-28-86966220519",
"ajouter-aux-favoris": false,
"breadcrumb": "taxonomies/roles/client-potentiel/",
"description": "Description de Client potentiel",
"fiche-a-completer": true,
"fiche-publiee": true,
"mise-a-jour": "2016-05-09-16-45-51",
"moment-de-creation": "2015-12-06-16-23-28",
"moment-de-modification": "2015-01-04-02-27-55",
"nom": "Client potentiel",
"nom-anglais": ["Potential client"],
"nom-arabe": ["&#1586;&#1576;&#1608;&#1606; &#1605;&#1581;&#1578;&#1605;&#1604;"],
"nom-espagnol": ["Cliente potencial"],
"nom-folder": "client-potentiel",
"nom-francais": ["Client potentiel"],
"nom-italien": ["Cliente potenziale"],
"nom-machine": "terme-2015-12-06-16-23-28-86966220519",
"sous-type": "roles",
"type": "taxonomies"
}