{
"_id": "terme-2015-12-06-16-23-28-86966220522",
"ajouter-aux-favoris": false,
"breadcrumb": "taxonomies/roles/consultant/",
"description": "Description de Consultant",
"fiche-a-completer": false,
"fiche-publiee": true,
"mise-a-jour": "2017-01-23-16-33-30",
"moment-de-creation": "2015-12-06-16-23-28",
"moment-de-modification": "2015-01-04-02-27-55",
"nom": "Consultant",
"nom-anglais": ["Consultant"],
"nom-arabe": ["&#1605;&#1587;&#1578;&#1588;&#1575;&#1585;"],
"nom-espagnol": ["Consultor"],
"nom-folder": "consultant",
"nom-francais": ["Consultant"],
"nom-italien": ["Consulente"],
"nom-machine": "terme-2015-12-06-16-23-28-86966220522",
"sous-type": "roles",
"type": "taxonomies"
}