{
"_id": "terme-2015-12-06-16-23-28-86966220533",
"ajouter-aux-favoris": false,
"breadcrumb": "taxonomies/roles/doctorant/",
"description": "Description de Doctorant",
"fiche-a-completer": true,
"fiche-publiee": true,
"mise-a-jour": "2016-05-09-16-45-51",
"moment-de-creation": "2015-12-06-16-23-28",
"moment-de-modification": "2015-01-04-02-27-55",
"nom": "Doctorant",
"nom-anglais": ["Doctorate student"],
"nom-arabe": ["&#1591;&#1575;&#1604;&#1576; &#1583;&#1603;&#1578;&#1608;&#1585;&#1575;&#1607;"],
"nom-espagnol": ["Estudiante de doctorado"],
"nom-folder": "doctorant",
"nom-francais": ["Doctorant"],
"nom-italien": ["Dottorando"],
"nom-machine": "terme-2015-12-06-16-23-28-86966220533",
"sous-type": "roles",
"type": "taxonomies"
}