{
"_id": "terme-2015-12-06-16-23-28-86966220495",
"ajouter-aux-favoris": false,
"breadcrumb": "taxonomies/roles/abonne/",
"description": "Description de Abonn&#233;",
"fiche-a-completer": true,
"fiche-publiee": true,
"mise-a-jour": "2016-05-09-16-45-51",
"moment-de-creation": "2015-12-06-16-23-28",
"moment-de-modification": "2015-01-04-02-27-55",
"nom": "Abonn&#233;",
"nom-anglais": ["Subscriber"],
"nom-arabe": ["&#1605;&#1603;&#1578;&#1578;&#1576;"],
"nom-espagnol": ["Abonado"],
"nom-folder": "abonne",
"nom-francais": ["Abonn&#233;"],
"nom-italien": ["Abbonato"],
"nom-machine": "terme-2015-12-06-16-23-28-86966220495",
"sous-type": "roles",
"type": "taxonomies"
}