{
"_id": "terme-2016-03-04-03-57-36-87424911389",
"ajouter-aux-favoris": false,
"breadcrumb": "taxonomies/roles/Ethnologue/",
"description": "L'ethnologie est l'une des sciences humaines et sociales : elle rel&#232;ve de l'anthropologie et est connexe &#224; la sociologie. Son objet est l'&#233;tude comparative et explicative de l'ensemble des caract&#232;res sociaux et culturels &#171; les plus manifestes comme les moins avou[&#233;]s &#187; des groupes humains1, caract&#232;res &#233;volutifs qui sont plus ou moins propres &#224; tel ou tel groupe (ou bien que ce groupe partage avec d'autres, mais dont les variantes ou le m&#233;lange lui sont plus ou moins propres), et qui en font (ou sont cens&#233;s en faire) une &#171; ethnie &#187;2. &#192; l'aide de th&#233;ories et concepts qui lui sont propres, elle tente de parvenir &#224; la formulation de la structure, du fonctionnement et de l'&#233;volution des soci&#233;t&#233;s. Elle comporte notamment deux th&#233;ories oppos&#233;es, le fonctionnalisme de Bronislaw Malinowski et le structuralisme de Claude L&#233;vi-Strauss.",
"fiche-a-completer": false,
"fiche-publiee": true,
"mise-a-jour": "2017-01-23-16-33-30",
"moment-de-creation": "2016-03-04-03-57-36",
"moment-de-modification": "2016-03-04-04-02-57",
"nom": "Ethnologue",
"nom-anglais": ["Ethnologist"],
"nom-arabe": ["&#1575;&#1604;&#1571;&#1593;&#1585;&#1575;&#1602; &#1593;&#1604;&#1605;"],
"nom-espagnol": ["Etn&#243;logo"],
"nom-folder": "Ethnologue",
"nom-francais": ["Ethnologue"],
"nom-italien": ["Etnologo"],
"nom-machine": "terme-2016-03-04-03-57-36-87424911389",
"nom-russe": ["&#1101;&#1090;&#1085;&#1086;&#1083;&#1086;&#1075;"],
"sous-type": "roles",
"type": "taxonomies"
}