{
"_id": "terme-2015-12-06-16-23-30-86966220606",
"ajouter-aux-favoris": false,
"breadcrumb": "taxonomies/roles/politicien/",
"description": "Description de Politicien",
"fiche-a-completer": false,
"fiche-publiee": true,
"mise-a-jour": "2017-01-23-16-33-30",
"moment-de-creation": "2015-12-06-16-23-30",
"moment-de-modification": "2015-01-04-02-27-55",
"nom": "Politicien",
"nom-anglais": ["Politician"],
"nom-arabe": ["&#1587;&#1610;&#1575;&#1587;&#1610;"],
"nom-espagnol": ["Pol&#237;tico"],
"nom-folder": "politicien",
"nom-francais": ["Politicien"],
"nom-italien": ["Politico"],
"nom-machine": "terme-2015-12-06-16-23-30-86966220606",
"sous-type": "roles",
"type": "taxonomies"
}