{
"_id": "terme-2015-12-06-16-23-28-86966220505",
"ajouter-aux-favoris": false,
"breadcrumb": "taxonomies/roles/aucun/",
"description": "Description de Aucun",
"fiche-a-completer": false,
"fiche-publiee": true,
"mise-a-jour": "2017-01-23-16-33-30",
"moment-de-creation": "2015-12-06-16-23-28",
"moment-de-modification": "2015-01-04-02-27-55",
"nom": "Aucun",
"nom-anglais": ["None"],
"nom-arabe": ["&#1604;&#1575; &#1588;&#1610;&#1569;"],
"nom-espagnol": ["Ninguno"],
"nom-folder": "aucun",
"nom-francais": ["Aucun"],
"nom-italien": ["Nessuno"],
"nom-machine": "terme-2015-12-06-16-23-28-86966220505",
"sous-type": "roles",
"type": "taxonomies"
}