{
"_id": "terme-2015-12-06-16-23-30-86966220614",
"ajouter-aux-favoris": false,
"breadcrumb": "taxonomies/roles/redacteur/",
"description": "Description de R&#233;dacteur",
"fiche-a-completer": false,
"fiche-publiee": true,
"mise-a-jour": "2017-01-23-16-33-30",
"moment-de-creation": "2015-12-06-16-23-30",
"moment-de-modification": "2015-01-04-02-27-55",
"nom": "R&#233;dacteur",
"nom-anglais": ["Editor"],
"nom-arabe": ["&#1575;&#1604;&#1603;&#1575;&#1578;&#1576;"],
"nom-espagnol": ["Redactor"],
"nom-folder": "redacteur",
"nom-francais": ["R&#233;dacteur"],
"nom-italien": ["Redattore"],
"nom-machine": "terme-2015-12-06-16-23-30-86966220614",
"sous-type": "roles",
"type": "taxonomies"
}