{
"_id": "terme-2015-12-06-16-23-28-86966220508",
"ajouter-aux-favoris": false,
"breadcrumb": "taxonomies/roles/auteur/",
"description": "Description de Auteur",
"fiche-a-completer": false,
"fiche-publiee": true,
"mise-a-jour": "2017-01-23-16-33-30",
"moment-de-creation": "2015-12-06-16-23-28",
"moment-de-modification": "2015-01-04-02-27-55",
"nom": "Auteur",
"nom-anglais": ["Author"],
"nom-arabe": ["&#1605;&#1572;&#1604;&#1601;"],
"nom-espagnol": ["Autor"],
"nom-folder": "auteur",
"nom-francais": ["Auteur"],
"nom-italien": ["Autore"],
"nom-machine": "terme-2015-12-06-16-23-28-86966220508",
"sous-type": "roles",
"type": "taxonomies"
}