{
"_id": "terme-2015-12-06-16-23-28-86966220500",
"ajouter-aux-favoris": false,
"breadcrumb": "taxonomies/roles/acteur/",
"description": "Description de Acteur",
"fiche-a-completer": false,
"fiche-publiee": true,
"mise-a-jour": "2017-01-23-16-33-30",
"moment-de-creation": "2015-12-06-16-23-28",
"moment-de-modification": "2015-01-04-02-27-55",
"nom": "Acteur",
"nom-anglais": ["Actor"],
"nom-arabe": ["&#1605;&#1605;&#1579;&#1604;"],
"nom-espagnol": ["Actor"],
"nom-folder": "acteur",
"nom-francais": ["Acteur"],
"nom-italien": ["Attore"],
"nom-machine": "terme-2015-12-06-16-23-28-86966220500",
"sous-type": "roles",
"type": "taxonomies"
}