{
"_id": "terme-2015-12-06-16-23-29-86966220565",
"ajouter-aux-favoris": false,
"breadcrumb": "taxonomies/roles/ingenieur/",
"description": "Description de Ing&#233;nieur",
"fiche-a-completer": true,
"fiche-publiee": true,
"mise-a-jour": "2016-05-09-16-45-51",
"moment-de-creation": "2015-12-06-16-23-29",
"moment-de-modification": "2015-01-04-02-27-55",
"nom": "Ing&#233;nieur",
"nom-anglais": ["Engineer"],
"nom-arabe": ["&#1605;&#1607;&#1606;&#1583;&#1587;"],
"nom-espagnol": ["Ingeniero"],
"nom-folder": "ingenieur",
"nom-francais": ["Ing&#233;nieur"],
"nom-italien": ["Ingegnere"],
"nom-machine": "terme-2015-12-06-16-23-29-86966220565",
"sous-type": "roles",
"type": "taxonomies"
}