{
"_id": "terme-2015-12-06-16-23-29-86966220550",
"ajouter-aux-favoris": false,
"breadcrumb": "taxonomies/roles/equipe/",
"description": "&#233;quipe",
"fiche-a-completer": false,
"fiche-publiee": true,
"mise-a-jour": "2017-01-23-16-33-30",
"moment-de-creation": "2015-12-06-16-23-29",
"moment-de-modification": "2015-01-04-02-27-55",
"nom": "&#201;quipe",
"nom-anglais": ["Team"],
"nom-arabe": ["&#1601;&#1585;&#1610;&#1602;"],
"nom-espagnol": ["Equipo"],
"nom-folder": "equipe",
"nom-francais": ["&#201;quipe"],
"nom-italien": ["Squadra"],
"nom-machine": "terme-2015-12-06-16-23-29-86966220550",
"sous-type": "roles",
"type": "taxonomies"
}