{
"_id": "terme-2015-12-06-16-23-28-86966220539",
"ajouter-aux-favoris": false,
"breadcrumb": "taxonomies/roles/editeur/",
"description": "&#233;diteur",
"fiche-a-completer": false,
"fiche-publiee": true,
"mise-a-jour": "2017-01-23-16-33-30",
"moment-de-creation": "2015-12-06-16-23-28",
"moment-de-modification": "2015-01-04-02-27-55",
"nom": "&#201;diteur",
"nom-anglais": ["Editor"],
"nom-arabe": ["&#1575;&#1604;&#1606;&#1575;&#1588;&#1585;"],
"nom-espagnol": ["Editor"],
"nom-folder": "editeur",
"nom-francais": ["&#201;diteur"],
"nom-italien": ["Editore"],
"nom-machine": "terme-2015-12-06-16-23-28-86966220539",
"sous-type": "roles",
"type": "taxonomies"
}