{
"_id": "terme-2015-12-06-16-23-30-86966220625",
"ajouter-aux-favoris": false,
"breadcrumb": "taxonomies/roles/visiteur/",
"description": "Description de Visiteur",
"fiche-a-completer": true,
"fiche-publiee": true,
"mise-a-jour": "2016-05-09-16-45-51",
"moment-de-creation": "2015-12-06-16-23-30",
"moment-de-modification": "2015-01-04-02-27-55",
"nom": "Visiteur",
"nom-anglais": ["Visitor"],
"nom-arabe": ["&#1586;&#1575;&#1574;&#1585;"],
"nom-espagnol": ["Visitante"],
"nom-folder": "visiteur",
"nom-francais": ["Visiteur"],
"nom-italien": ["Visitatore"],
"nom-machine": "terme-2015-12-06-16-23-30-86966220625",
"sous-type": "roles",
"type": "taxonomies"
}