{
"_id": "terme-2015-12-06-16-23-29-86966220568",
"ajouter-aux-favoris": false,
"breadcrumb": "taxonomies/roles/interpretation-simultanee/",
"description": "Description de Interpr&#233;tation simultan&#233;e",
"fiche-a-completer": true,
"fiche-publiee": true,
"mise-a-jour": "2016-05-09-16-45-51",
"moment-de-creation": "2015-12-06-16-23-29",
"moment-de-modification": "2015-01-04-02-27-55",
"nom": "Interpr&#233;tation simultan&#233;e",
"nom-anglais": ["Interpreter"],
"nom-arabe": ["&#1575;&#1604;&#1578;&#1585;&#1580;&#1605;&#1577; &#1575;&#1604;&#1601;&#1608;&#1585;&#1610;&#1577;"],
"nom-espagnol": ["Int&#233;rprete"],
"nom-folder": "interpretation-simultanee",
"nom-francais": ["Interpr&#233;tation simultan&#233;e"],
"nom-italien": ["Interprete"],
"nom-machine": "terme-2015-12-06-16-23-29-86966220568",
"sous-type": "roles",
"type": "taxonomies"
}