{
"_id": "terme-2015-12-06-16-23-28-86966220517",
"ajouter-aux-favoris": false,
"breadcrumb": "taxonomies/roles/chercheur/",
"description": "Description de Chercheur",
"fiche-a-completer": true,
"fiche-publiee": true,
"mise-a-jour": "2016-05-09-16-45-51",
"moment-de-creation": "2015-12-06-16-23-28",
"moment-de-modification": "2015-01-04-02-27-55",
"nom": "Chercheur",
"nom-anglais": ["Researcher"],
"nom-arabe": ["&#1575;&#1604;&#1576;&#1575;&#1581;&#1579;"],
"nom-espagnol": ["Investigador"],
"nom-folder": "chercheur",
"nom-francais": ["Chercheur"],
"nom-italien": ["Ricercatore"],
"nom-machine": "terme-2015-12-06-16-23-28-86966220517",
"sous-type": "roles",
"type": "taxonomies"
}