{
"_id": "terme-2015-12-06-16-23-28-86966220528",
"ajouter-aux-favoris": false,
"breadcrumb": "taxonomies/roles/developpeur/",
"description": "Description de D&#233;veloppeur",
"fiche-a-completer": true,
"fiche-publiee": true,
"mise-a-jour": "2016-05-09-16-45-51",
"moment-de-creation": "2015-12-06-16-23-28",
"moment-de-modification": "2015-01-04-02-27-55",
"nom": "D&#233;veloppeur",
"nom-anglais": ["Developer"],
"nom-arabe": ["&#1575;&#1604;&#1605;&#1591;&#1608;&#1585;"],
"nom-espagnol": ["Desarrollador"],
"nom-folder": "developpeur",
"nom-francais": ["D&#233;veloppeur"],
"nom-italien": ["Sviluppatore"],
"nom-machine": "terme-2015-12-06-16-23-28-86966220528",
"sous-type": "roles",
"type": "taxonomies"
}