{
"_id": "terme-2016-03-04-03-50-09-87424884546",
"ajouter-aux-favoris": false,
"breadcrumb": "taxonomies/roles/Anthropologue/",
"description": "L'anthropologie Prononciation du titre dans sa version originale &#201;couter est la branche des sciences qui &#233;tudie l'&#234;tre humain sous tous ses aspects, &#224; la fois physiques (anatomiques, morphologiques, physiologiques, &#233;volutifs, etc.) et culturels (socio-religieux, psychologiques, g&#233;ographiques, etc.). Elle tend &#224; d&#233;finir l'humanit&#233; en faisant une synth&#232;se des diff&#233;rentes sciences humaines et naturelles. Le terme anthropologie vient de deux mots grecs, anthr&#244;pos, qui signifie &#171; homme &#187; (au sens g&#233;n&#233;rique), et logos, qui signifie parole, discours.",
"fiche-a-completer": false,
"fiche-publiee": true,
"mise-a-jour": "2017-01-23-16-33-30",
"moment-de-creation": "2016-03-04-03-50-09",
"moment-de-modification": "2016-03-04-03-57-32",
"nom": "Anthropologue",
"nom-anglais": ["Anthropologist"],
"nom-arabe": ["&#1575;&#1604;&#1571;&#1606;&#1579;&#1585;&#1608;&#1576;&#1608;&#1604;&#1608;&#1580;&#1610;&#1575;"],
"nom-espagnol": ["Antrop&#243;logo"],
"nom-folder": "Anthropologue",
"nom-francais": ["Anthropologue"],
"nom-italien": ["Antropologo"],
"nom-machine": "terme-2016-03-04-03-50-09-87424884546",
"nom-russe": ["&#1072;&#1085;&#1090;&#1088;&#1086;&#1087;&#1086;&#1083;&#1086;&#1075;"],
"sous-type": "roles",
"type": "taxonomies"
}