{
"_id": "terme-2015-12-06-16-23-30-86966220608",
"ajouter-aux-favoris": false,
"breadcrumb": "taxonomies/roles/post-doctorant/",
"description": "Description de Post doctorant",
"fiche-a-completer": true,
"fiche-publiee": true,
"mise-a-jour": "2016-05-09-16-45-51",
"moment-de-creation": "2015-12-06-16-23-30",
"moment-de-modification": "2015-01-04-02-27-55",
"nom": "Post doctorant",
"nom-anglais": ["Post doctoral student"],
"nom-arabe": ["&#1570;&#1582;&#1585; &#1575;&#1604;&#1583;&#1603;&#1578;&#1608;&#1585;&#1575;&#1607;"],
"nom-espagnol": ["Postdoctoral"],
"nom-folder": "post-doctorant",
"nom-francais": ["Post doctorant"],
"nom-italien": ["Ricercatore post-dottorale"],
"nom-machine": "terme-2015-12-06-16-23-30-86966220608",
"sous-type": "roles",
"type": "taxonomies"
}