{
"_id": "terme-2015-12-06-16-23-28-86966220536",
"ajouter-aux-favoris": false,
"breadcrumb": "taxonomies/roles/dramaturge/",
"description": "Description de Dramaturge",
"fiche-a-completer": false,
"fiche-publiee": true,
"mise-a-jour": "2017-01-23-16-33-30",
"moment-de-creation": "2015-12-06-16-23-28",
"moment-de-modification": "2015-01-04-02-27-55",
"nom": "Dramaturge",
"nom-anglais": ["Playwright"],
"nom-arabe": ["&#1575;&#1604;&#1603;&#1575;&#1578;&#1576; &#1575;&#1604;&#1605;&#1587;&#1585;&#1581;&#1610;"],
"nom-espagnol": ["Dramaturgo"],
"nom-folder": "dramaturge",
"nom-francais": ["Dramaturge"],
"nom-italien": ["Drammaturgo"],
"nom-machine": "terme-2015-12-06-16-23-28-86966220536",
"sous-type": "roles",
"type": "taxonomies"
}