{
"_id": "terme-2015-12-06-16-23-30-86966220611",
"ajouter-aux-favoris": false,
"breadcrumb": "taxonomies/roles/programmeur/",
"description": "Description de Programmeur",
"fiche-a-completer": true,
"fiche-publiee": true,
"mise-a-jour": "2016-05-09-16-45-51",
"moment-de-creation": "2015-12-06-16-23-30",
"moment-de-modification": "2015-01-04-02-27-55",
"nom": "Programmeur",
"nom-anglais": ["Progammer"],
"nom-arabe": ["&#1605;&#1576;&#1585;&#1605;&#1580;"],
"nom-espagnol": ["Programador"],
"nom-folder": "programmeur",
"nom-francais": ["Programmeur"],
"nom-italien": ["Programmatore"],
"nom-machine": "terme-2015-12-06-16-23-30-86966220611",
"sous-type": "roles",
"type": "taxonomies"
}