{
"_id": "terme-2015-12-06-16-23-30-86966220617",
"ajouter-aux-favoris": false,
"breadcrumb": "taxonomies/roles/reporter/",
"description": "Description de Reporter",
"fiche-a-completer": false,
"fiche-publiee": true,
"mise-a-jour": "2017-01-23-16-33-30",
"moment-de-creation": "2015-12-06-16-23-30",
"moment-de-modification": "2015-01-04-02-27-55",
"nom": "Reporter",
"nom-anglais": ["Reporter"],
"nom-arabe": ["&#1605;&#1585;&#1575;&#1587;&#1604; &#1589;&#1581;&#1601;&#1610;"],
"nom-espagnol": ["Reportero"],
"nom-folder": "reporter",
"nom-francais": ["Reporter"],
"nom-italien": ["Reporter"],
"nom-machine": "terme-2015-12-06-16-23-30-86966220617",
"sous-type": "roles",
"type": "taxonomies"
}