{
"_id": "terme-2015-12-06-16-23-29-86966220556",
"ajouter-aux-favoris": false,
"breadcrumb": "taxonomies/roles/gestionnaire/",
"description": "Description de Gestionnaire",
"fiche-a-completer": true,
"fiche-publiee": true,
"mise-a-jour": "2016-05-09-16-45-51",
"moment-de-creation": "2015-12-06-16-23-29",
"moment-de-modification": "2015-01-04-02-27-55",
"nom": "Gestionnaire",
"nom-anglais": ["Manager"],
"nom-arabe": ["&#1605;&#1583;&#1610;&#1585;"],
"nom-espagnol": ["Gestor"],
"nom-folder": "gestionnaire",
"nom-francais": ["Gestionnaire"],
"nom-italien": ["Gestore"],
"nom-machine": "terme-2015-12-06-16-23-29-86966220556",
"sous-type": "roles",
"type": "taxonomies"
}