{
"_id": "terme-2015-12-06-16-23-29-86966220574",
"ajouter-aux-favoris": false,
"breadcrumb": "taxonomies/roles/philosophe/",
"description": "Description de Philosophe",
"fiche-a-completer": false,
"fiche-publiee": true,
"mise-a-jour": "2017-01-23-16-33-30",
"moment-de-creation": "2015-12-06-16-23-29",
"moment-de-modification": "2015-01-04-02-27-55",
"nom": "Philosophe",
"nom-anglais": ["Philosopher"],
"nom-arabe": ["&#1601;&#1610;&#1604;&#1587;&#1608;&#1601;"],
"nom-espagnol": ["Fil&#243;sofo"],
"nom-folder": "philosophe",
"nom-francais": ["Philosophe"],
"nom-italien": ["Filosofo"],
"nom-machine": "terme-2015-12-06-16-23-29-86966220574",
"sous-type": "roles",
"type": "taxonomies"
}