{
"_id": "terme-2015-12-06-16-23-28-86966220497",
"ajouter-aux-favoris": false,
"breadcrumb": "taxonomies/roles/acteur-historique-du-theatre/",
"description": "Description de Acteur historique du th&#233;&#226;tre",
"fiche-a-completer": true,
"fiche-publiee": true,
"mise-a-jour": "2016-05-09-16-45-51",
"moment-de-creation": "2015-12-06-16-23-28",
"moment-de-modification": "2015-01-04-02-27-55",
"nom": "Acteur historique du th&#233;&#226;tre",
"nom-anglais": ["Historical theatrical actor"],
"nom-arabe": ["&#1605;&#1605;&#1579;&#1604; &#1605;&#1587;&#1585;&#1581;&#1610; &#1578;&#1575;&#1585;&#1610;&#1582;&#1610;"],
"nom-espagnol": ["Actor hist&#243;rico del teatro"],
"nom-folder": "acteur-historique-du-theatre",
"nom-francais": ["Acteur historique du th&#233;&#226;tre"],
"nom-italien": ["Attore storico del teatro"],
"nom-machine": "terme-2015-12-06-16-23-28-86966220497",
"sous-type": "roles",
"type": "taxonomies"
}