{
"_id": "terme-2015-12-06-16-23-29-86966220544",
"ajouter-aux-favoris": false,
"breadcrumb": "taxonomies/roles/employe/",
"description": "Description de Employ&#233;",
"fiche-a-completer": false,
"fiche-publiee": true,
"mise-a-jour": "2017-01-23-16-33-30",
"moment-de-creation": "2015-12-06-16-23-29",
"moment-de-modification": "2015-01-04-02-27-55",
"nom": "Employ&#233;",
"nom-anglais": ["Employees"],
"nom-arabe": ["&#1593;&#1575;&#1605;&#1604;"],
"nom-espagnol": ["Empleados"],
"nom-folder": "employe",
"nom-francais": ["Employ&#233;"],
"nom-italien": ["Impiegati"],
"nom-machine": "terme-2015-12-06-16-23-29-86966220544",
"sous-type": "roles",
"type": "taxonomies"
}