{
"_id": "terme-2015-12-06-16-23-28-86966220513",
"ajouter-aux-favoris": false,
"breadcrumb": "taxonomies/roles/chercheur-associe/",
"description": "Description de Chercheur associ&#233;",
"fiche-a-completer": true,
"fiche-publiee": true,
"mise-a-jour": "2016-05-09-16-45-51",
"moment-de-creation": "2015-12-06-16-23-28",
"moment-de-modification": "2015-01-04-02-27-55",
"nom": "Chercheur associ&#233;",
"nom-anglais": ["Associate researcher"],
"nom-arabe": ["&#1576;&#1575;&#1581;&#1579; &#1605;&#1588;&#1575;&#1585;&#1603;"],
"nom-espagnol": ["Investigador asociado"],
"nom-folder": "chercheur-associe",
"nom-francais": ["Chercheur associ&#233;"],
"nom-italien": ["Socio di ricerca"],
"nom-machine": "terme-2015-12-06-16-23-28-86966220513",
"sous-type": "roles",
"type": "taxonomies"
}