{
"_id": "terme-2015-12-06-16-23-30-86966220623",
"ajouter-aux-favoris": false,
"breadcrumb": "taxonomies/roles/traducteur/",
"description": "Description de Traducteur",
"fiche-a-completer": true,
"fiche-publiee": true,
"mise-a-jour": "2016-05-09-16-45-51",
"moment-de-creation": "2015-12-06-16-23-30",
"moment-de-modification": "2015-01-04-02-27-55",
"nom": "Traducteur",
"nom-anglais": ["Translator"],
"nom-arabe": ["&#1605;&#1578;&#1585;&#1580;&#1605;"],
"nom-espagnol": ["Traductor"],
"nom-folder": "traducteur",
"nom-francais": ["Traducteur"],
"nom-italien": ["Traduttore"],
"nom-machine": "terme-2015-12-06-16-23-30-86966220623",
"sous-type": "roles",
"type": "taxonomies"
}