{
"_id": "terme-2015-12-06-16-23-29-86966220584",
"ajouter-aux-favoris": false,
"breadcrumb": "taxonomies/roles/pigiste/",
"description": "Description de Pigiste",
"fiche-a-completer": true,
"fiche-publiee": true,
"mise-a-jour": "2016-05-09-16-45-51",
"moment-de-creation": "2015-12-06-16-23-29",
"moment-de-modification": "2015-01-04-02-27-55",
"nom": "Pigiste",
"nom-anglais": ["Freelancer"],
"nom-arabe": ["&#1605;&#1587;&#1578;&#1602;&#1604;"],
"nom-espagnol": ["Independiente"],
"nom-folder": "pigiste",
"nom-francais": ["Pigiste"],
"nom-italien": ["Indipendente"],
"nom-machine": "terme-2015-12-06-16-23-29-86966220584",
"sous-type": "roles",
"type": "taxonomies"
}