{
"_id": "terme-2015-12-06-16-23-28-86966220503",
"ajouter-aux-favoris": false,
"breadcrumb": "taxonomies/roles/admin/",
"description": "Description de Admin",
"fiche-a-completer": false,
"fiche-publiee": true,
"mise-a-jour": "2017-01-23-16-33-30",
"moment-de-creation": "2015-12-06-16-23-28",
"moment-de-modification": "2015-01-04-02-27-55",
"nom": "Admin",
"nom-anglais": ["Administrator"],
"nom-arabe": ["&#1575;&#1604;&#1605;&#1588;&#1585;&#1601;"],
"nom-espagnol": ["Administrador"],
"nom-folder": "admin",
"nom-francais": ["Admin"],
"nom-italien": ["Amministratore"],
"nom-machine": "terme-2015-12-06-16-23-28-86966220503",
"sous-type": "roles",
"type": "taxonomies"
}