{
"_id": "terme-2015-12-06-16-23-29-86966220542",
"ajouter-aux-favoris": false,
"breadcrumb": "taxonomies/roles/elu/",
"description": "&#233;lu",
"fiche-a-completer": true,
"fiche-publiee": true,
"mise-a-jour": "2016-05-09-16-45-51",
"moment-de-creation": "2015-12-06-16-23-29",
"moment-de-modification": "2015-01-04-02-27-55",
"nom": "&#201;lu",
"nom-anglais": ["Elected official"],
"nom-arabe": ["&#1605;&#1606;&#1578;&#1582;&#1576;"],
"nom-espagnol": ["Elegido"],
"nom-folder": "elu",
"nom-francais": ["&#201;lu"],
"nom-italien": ["Eletto"],
"nom-machine": "terme-2015-12-06-16-23-29-86966220542",
"sous-type": "roles",
"type": "taxonomies"
}