{
"_id": "terme-2015-12-06-16-10-48-86966174884",
"ajouter-aux-favoris": false,
"breadcrumb": "taxonomies/licences/Open-Source/",
"description": "Open Source",
"fiche-a-completer": true,
"fiche-publiee": true,
"mise-a-jour": "2016-05-09-16-45-51",
"moment-de-creation": "2015-12-06-16-10-48",
"moment-de-modification": "2015-01-04-02-27-55",
"nom": "Code source ouvert",
"nom-anglais": ["Open source"],
"nom-arabe": ["&#1605;&#1601;&#1578;&#1608;&#1581;&#1577; &#1575;&#1604;&#1605;&#1589;&#1583;&#1585;"],
"nom-espagnol": ["C&#243;digo abierto"],
"nom-folder": "Open-Source",
"nom-francais": ["Code source ouvert"],
"nom-italien": ["Codice aperto"],
"nom-machine": "terme-2015-12-06-16-10-48-86966174884",
"sous-type": "licences",
"type": "taxonomies"
}