{
"_id": "terme-2015-12-06-16-10-47-86966174850",
"ajouter-aux-favoris": false,
"breadcrumb": "taxonomies/licences/CopyLeft/",
"description": "Description de Copyleft",
"fiche-a-completer": false,
"fiche-defectueuse": false,
"fiche-publiee": true,
"identifiant-drupal": 0,
"identifiant-drupal-parent": 0,
"mise-a-jour": "2017-01-23-16-33-30",
"moment-de-creation": "2016-05-11-23-48-45",
"moment-de-modification": "2016-05-11-23-49-04",
"nom": "Copyleft",
"nom-anglais": ["Copyleft"],
"nom-arabe": ["&#1581;&#1602;&#1608;&#1602; &#1605;&#1578;&#1585;&#1608;&#1603;&#1577;"],
"nom-espagnol": ["Copyleft"],
"nom-folder": "CopyLeft",
"nom-francais": ["Copyleft"],
"nom-italien": ["Copyleft"],
"nom-machine": "terme-2015-12-06-16-10-47-86966174850",
"sous-type": "licences",
"type": "taxonomies"
}