{
"_id": "terme-2015-12-06-16-10-47-86966174865",
"ajouter-aux-favoris": false,
"breadcrumb": "taxonomies/licences/Creative-Commons/CC-by-nd/",
"description": "Description de Cc by nd",
"fiche-a-completer": true,
"fiche-publiee": true,
"mise-a-jour": "2016-05-09-16-45-51",
"moment-de-creation": "2015-12-06-16-10-47",
"moment-de-modification": "2015-01-04-02-27-55",
"nom": "Cc by nd",
"nom-anglais": ["Cc by nd"],
"nom-arabe": ["CC by nd"],
"nom-espagnol": ["Cc by nd"],
"nom-folder": "CC-by-nd",
"nom-francais": ["Cc by nd"],
"nom-italien": ["Cc by nd"],
"nom-machine": "terme-2015-12-06-16-10-47-86966174865",
"nom-russe": ["CC by nd"],
"sous-type": "licences",
"type": "taxonomies"
}