{
"_id": "terme-2015-12-06-16-10-47-86966174862",
"ajouter-aux-favoris": false,
"breadcrumb": "taxonomies/licences/Creative-Commons/CC-by-nc/",
"description": "Description de Cc by nc",
"fiche-a-completer": false,
"fiche-publiee": true,
"mise-a-jour": "2017-01-23-16-33-30",
"moment-de-creation": "2015-12-06-16-10-47",
"moment-de-modification": "2015-01-04-02-27-55",
"nom": "Cc by nc",
"nom-anglais": ["Cc by nc"],
"nom-arabe": ["CC by nc"],
"nom-espagnol": ["Cc by nc"],
"nom-folder": "CC-by-nc",
"nom-francais": ["Cc by nc"],
"nom-italien": ["Cc by nc"],
"nom-machine": "terme-2015-12-06-16-10-47-86966174862",
"nom-russe": ["CC by nc"],
"parent": "terme-2015-12-06-16-10-47-86966174855",
"sous-type": "licences",
"type": "taxonomies"
}