{
"_id": "terme-2015-12-06-16-10-47-86966174867",
"ajouter-aux-favoris": false,
"breadcrumb": "taxonomies/licences/Creative-Commons/CC-by-sa/",
"description": "Description de Cc by sa",
"fiche-a-completer": true,
"fiche-publiee": true,
"mise-a-jour": "2016-05-09-16-45-51",
"moment-de-creation": "2015-12-06-16-10-47",
"moment-de-modification": "2015-01-04-02-27-55",
"nom": "Cc by sa",
"nom-anglais": ["Cc by sa"],
"nom-arabe": ["CC by sa"],
"nom-espagnol": ["Cc by sa"],
"nom-folder": "CC-by-sa",
"nom-francais": ["Cc by sa"],
"nom-italien": ["Cc by sa"],
"nom-machine": "terme-2015-12-06-16-10-47-86966174867",
"nom-russe": ["CC by sa"],
"sous-type": "licences",
"type": "taxonomies"
}