{
"_id": "terme-2015-12-06-16-10-47-86966174843",
"ajouter-aux-favoris": false,
"breadcrumb": "taxonomies/licences/Apache/",
"description": "Description de Apache",
"fiche-a-completer": false,
"fiche-publiee": true,
"mise-a-jour": "2017-01-23-16-33-30",
"moment-de-creation": "2015-12-06-16-10-47",
"moment-de-modification": "2015-01-04-02-27-55",
"nom": "Apache",
"nom-anglais": ["Apache"],
"nom-arabe": ["&#1575;&#1576;&#1575;&#1578;&#1588;&#1610;"],
"nom-espagnol": ["Apache"],
"nom-folder": "Apache",
"nom-francais": ["Apache"],
"nom-italien": ["Apache"],
"nom-machine": "terme-2015-12-06-16-10-47-86966174843",
"sous-type": "licences",
"type": "taxonomies"
}