{
"_id": "terme-2015-12-06-16-10-47-86966174874",
"ajouter-aux-favoris": false,
"breadcrumb": "taxonomies/licences/GFDL/",
"description": "Description de GFDL",
"fiche-a-completer": false,
"fiche-publiee": true,
"mise-a-jour": "2017-01-23-16-33-30",
"moment-de-creation": "2015-12-06-16-10-47",
"moment-de-modification": "2015-01-04-02-27-55",
"nom": "GFDL",
"nom-anglais": ["GFDL"],
"nom-arabe": ["GFDL"],
"nom-espagnol": ["GFDL"],
"nom-folder": "GFDL",
"nom-francais": ["GFDL"],
"nom-italien": ["GFDL"],
"nom-machine": "terme-2015-12-06-16-10-47-86966174874",
"sous-type": "licences",
"type": "taxonomies"
}