{
"_id": "terme-2015-12-06-16-10-48-86966174881",
"ajouter-aux-favoris": false,
"breadcrumb": "taxonomies/licences/Libre/",
"description": "Description de Libre",
"fiche-a-completer": false,
"fiche-publiee": true,
"mise-a-jour": "2017-01-23-16-33-30",
"moment-de-creation": "2015-12-06-16-10-48",
"moment-de-modification": "2015-01-04-02-27-55",
"nom": "Libre",
"nom-anglais": ["Free content"],
"nom-arabe": ["&#1605;&#1581;&#1578;&#1608;&#1609; &#1581;&#1585;"],
"nom-espagnol": ["Contenido libre"],
"nom-folder": "Libre",
"nom-francais": ["Libre"],
"nom-italien": ["Contenuto libero"],
"nom-machine": "terme-2015-12-06-16-10-48-86966174881",
"sous-type": "licences",
"type": "taxonomies"
}