{
"_id": "terme-2015-12-06-16-10-47-86966174846",
"ajouter-aux-favoris": false,
"breadcrumb": "taxonomies/licences/BSD/",
"description": "Description de Bsd",
"fiche-a-completer": true,
"fiche-publiee": true,
"mise-a-jour": "2016-05-09-16-45-51",
"moment-de-creation": "2015-12-06-16-10-47",
"moment-de-modification": "2015-01-04-02-27-55",
"nom": "Bsd",
"nom-anglais": ["Bsd"],
"nom-arabe": ["&#1578;&#1608;&#1586;&#1610;&#1593;&#1577; &#1576;&#1585;&#1605;&#1580;&#1610;&#1575;&#1578; &#1576;&#1610;&#1585;&#1603;&#1604;&#1610;"],
"nom-espagnol": ["Bsd"],
"nom-folder": "BSD",
"nom-francais": ["Bsd"],
"nom-italien": ["Bsd"],
"nom-machine": "terme-2015-12-06-16-10-47-86966174846",
"sous-type": "licences",
"type": "taxonomies"
}