{
"_id": "terme-2015-12-06-16-10-47-86966174853",
"ajouter-aux-favoris": false,
"breadcrumb": "taxonomies/licences/Copyright/",
"description": "Description de Copyright",
"fiche-a-completer": true,
"fiche-publiee": true,
"mise-a-jour": "2016-05-09-16-45-51",
"moment-de-creation": "2015-12-06-16-10-47",
"moment-de-modification": "2016-02-15-17-06-37",
"nom": "Copyright",
"nom-anglais": ["Copyright"],
"nom-arabe": ["&#1581;&#1602;&#1608;&#1602; &#1575;&#1604;&#1578;&#1571;&#1604;&#1610;&#1601; &#1608;&#1575;&#1604;&#1606;&#1588;&#1585;"],
"nom-espagnol": ["Copyright"],
"nom-folder": "Copyright",
"nom-francais": ["Copyright"],
"nom-italien": ["Copyright"],
"nom-machine": "terme-2015-12-06-16-10-47-86966174853",
"sous-type": "licences",
"type": "taxonomies"
}