{
"_id": "terme-2015-12-06-16-10-47-86966174860",
"ajouter-aux-favoris": false,
"breadcrumb": "taxonomies/licences/Creative-Commons/CC-by-nc-sa/",
"description": "Description de Cc by nc sa",
"fiche-a-completer": false,
"fiche-publiee": true,
"mise-a-jour": "2017-01-23-16-33-30",
"moment-de-creation": "2015-12-06-16-10-47",
"moment-de-modification": "2015-01-04-02-27-55",
"nom": "Cc by nc sa",
"nom-anglais": ["Cc by nc sa"],
"nom-arabe": ["CC by nc sa"],
"nom-espagnol": ["Cc by nc sa"],
"nom-folder": "CC-by-nc-sa",
"nom-francais": ["Cc by nc sa"],
"nom-italien": ["Cc by nc sa"],
"nom-machine": "terme-2015-12-06-16-10-47-86966174860",
"nom-russe": ["CC by nc sa"],
"parent": "terme-2015-12-06-16-10-47-86966174855",
"sous-type": "licences",
"type": "taxonomies"
}