{
"_id": "terme-2015-12-06-16-10-47-86966174877",
"ajouter-aux-favoris": false,
"breadcrumb": "taxonomies/licences/GPL/",
"description": "Description de GPL",
"fiche-a-completer": false,
"fiche-publiee": true,
"mise-a-jour": "2017-01-23-16-33-30",
"moment-de-creation": "2015-12-06-16-10-47",
"moment-de-modification": "2015-01-04-02-27-55",
"nom": "GPL",
"nom-anglais": ["GPL"],
"nom-arabe": ["GPL"],
"nom-espagnol": ["GPL"],
"nom-folder": "GPL",
"nom-francais": ["GPL"],
"nom-italien": ["GPL"],
"nom-machine": "terme-2015-12-06-16-10-47-86966174877",
"sous-type": "licences",
"type": "taxonomies"
}