{
"_id": "terme-2015-12-06-16-10-47-86966174879",
"ajouter-aux-favoris": false,
"breadcrumb": "taxonomies/licences/LGPL/",
"description": "Description de LGPL",
"fiche-a-completer": true,
"fiche-publiee": true,
"mise-a-jour": "2016-05-09-16-45-51",
"moment-de-creation": "2015-12-06-16-10-47",
"moment-de-modification": "2015-01-04-02-27-55",
"nom": "LGPL",
"nom-anglais": ["LGPL"],
"nom-arabe": ["LGPL"],
"nom-espagnol": ["LGPL"],
"nom-folder": "LGPL",
"nom-francais": ["LGPL"],
"nom-italien": ["LGPL"],
"nom-machine": "terme-2015-12-06-16-10-47-86966174879",
"sous-type": "licences",
"type": "taxonomies"
}