{
"_id": "terme-2015-12-06-16-10-47-86966174872",
"ajouter-aux-favoris": false,
"breadcrumb": "taxonomies/licences/Domaine-publique/",
"description": "Domaine publique",
"fiche-a-completer": true,
"fiche-publiee": true,
"mise-a-jour": "2016-05-09-16-45-51",
"moment-de-creation": "2015-12-06-16-10-47",
"moment-de-modification": "2015-01-04-02-27-55",
"nom": "Domaine public",
"nom-anglais": ["Public domain"],
"nom-arabe": ["&#1605;&#1604;&#1603;&#1610;&#1577; &#1593;&#1575;&#1605;&#1577;"],
"nom-espagnol": ["Dominio p&#250;blico"],
"nom-folder": "Domaine-publique",
"nom-francais": ["Domaine public"],
"nom-italien": ["Pubblico dominio"],
"nom-machine": "terme-2015-12-06-16-10-47-86966174872",
"sous-type": "licences",
"type": "taxonomies"
}