{
"_id": "terme-2016-07-07-19-52-38-88076133501",
"ajouter-aux-favoris": false,
"breadcrumb": "taxonomies/acces/Barriere-mobile-avec-acces-abonnes/",
"description": "Description de Barri&#232;re mobile avec acc&#232;s abonn&#233;s",
"fiche-a-completer": false,
"fiche-defectueuse": false,
"fiche-publiee": true,
"mise-a-jour": "2017-01-23-16-33-30",
"moment-de-creation": "2016-07-07-19-52-38",
"moment-de-modification": "2016-07-07-19-52-53",
"nom": "Barri&#232;re mobile avec acc&#232;s abonn&#233;s",
"nom-anglais": ["Moveable barrier with subscriber access"],
"nom-arabe": ["&#1581;&#1575;&#1580;&#1586; &#1605;&#1578;&#1581;&#1585;&#1603; &#1605;&#1593; &#1608;&#1589;&#1608;&#1604; &#1604;&#1604;&#1605;&#1588;&#1578;&#1585;&#1603;&#1610;&#1606;"],
"nom-espagnol": ["Barrera m&#243;vil con acceso de abonado"],
"nom-folder": "Barriere-mobile-avec-acces-abonnes",
"nom-francais": ["Barri&#232;re mobile avec acc&#232;s abonn&#233;s"],
"nom-italien": ["barriera mobile con accesso sottoscrittore"],
"nom-machine": "terme-2016-07-07-19-52-38-88076133501",
"sous-type": "acces",
"type": "taxonomies"
}