{
"_id": "terme-2016-07-07-19-50-46-88076126773",
"ajouter-aux-favoris": false,
"breadcrumb": "taxonomies/acces/Open-access-freemium/",
"description": "Description de Acc&#232;s ouvert freemium",
"fiche-a-completer": false,
"fiche-defectueuse": false,
"fiche-publiee": true,
"mise-a-jour": "2017-01-23-16-33-30",
"moment-de-creation": "2016-07-07-19-50-46",
"moment-de-modification": "2016-07-07-19-51-03",
"nom": "Acc&#232;s ouvert freemium",
"nom-anglais": ["Open access freemium"],
"nom-arabe": ["&#1601;&#1585;&#1610;&#1605;&#1610;&#1608;&#1605; &#1608;&#1589;&#1608;&#1604; &#1605;&#1601;&#1578;&#1608;&#1581;"],
"nom-espagnol": ["Acceso abierto freemium"],
"nom-folder": "Open-access-freemium",
"nom-francais": ["Acc&#232;s ouvert freemium"],
"nom-italien": ["Accesso aperto freemium"],
"nom-machine": "terme-2016-07-07-19-50-46-88076126773",
"sous-type": "acces",
"type": "taxonomies"
}