{
"_id": "terme-2016-07-07-19-52-08-88076131704",
"ajouter-aux-favoris": false,
"breadcrumb": "taxonomies/acces/Barriere-mobile-avec-acces-commercial-via-cairn/",
"description": "Description de Barri&#232;re mobile avec acc&#232;s commercial via cairn",
"fiche-a-completer": true,
"fiche-defectueuse": false,
"fiche-publiee": true,
"mise-a-jour": "2016-07-07-19-52-08",
"moment-de-creation": "2016-07-07-19-52-08",
"moment-de-modification": "2016-07-07-19-52-20",
"nom": "Barri&#232;re mobile avec acc&#232;s commercial via cairn",
"nom-anglais": ["Moveable barrier with commercial access through Cairn"],
"nom-arabe": ["&#1581;&#1575;&#1580;&#1586; &#1575;&#1604;&#1605;&#1581;&#1605;&#1608;&#1604; &#1605;&#1593; &#1608;&#1589;&#1608;&#1604; &#1575;&#1604;&#1578;&#1580;&#1575;&#1585;&#1610; &#1593;&#1576;&#1585; &#1603;&#1575;&#1610;&#1585;&#1606;"],
"nom-espagnol": ["Barrera m&#243;bil con acceso comercial via Cairn"],
"nom-folder": "Barriere-mobile-avec-acces-commercial-via-cairn",
"nom-francais": ["Barri&#232;re mobile avec acc&#232;s commercial via cairn"],
"nom-italien": ["Berriera mobile con accesso commerciale tramite Cairn"],
"nom-machine": "terme-2016-07-07-19-52-08-88076131704",
"sous-type": "acces",
"type": "taxonomies"
}