{
"_id": "terme-2016-07-07-19-33-02-88076062960",
"ajouter-aux-favoris": false,
"breadcrumb": "taxonomies/acces/Libre/",
"description": "Libre acc&#232;s.",
"fiche-a-completer": true,
"fiche-defectueuse": false,
"fiche-publiee": true,
"identifiant-drupal": 0,
"identifiant-drupal-parent": 0,
"mise-a-jour": "2016-07-07-19-53-36",
"moment-de-creation": "2016-07-07-19-53-36",
"moment-de-modification": "2016-07-07-19-53-59",
"nom": "Libre",
"nom-anglais": ["Free"],
"nom-arabe": ["&#1581;&#1585;&#1577;"],
"nom-espagnol": ["Libre"],
"nom-folder": "Libre",
"nom-francais": ["Libre"],
"nom-italien": ["Libero"],
"nom-machine": "terme-2016-07-07-19-33-02-88076062960",
"sous-type": "acces",
"type": "taxonomies"
}