{
"_id": "terme-2016-07-07-19-51-24-88076129098",
"ajouter-aux-favoris": false,
"breadcrumb": "taxonomies/acces/Barriere-mobile/",
"description": "Description de Barri&#232;re mobile",
"fiche-a-completer": false,
"fiche-defectueuse": false,
"fiche-publiee": true,
"mise-a-jour": "2017-01-23-16-33-30",
"moment-de-creation": "2016-07-07-19-51-24",
"moment-de-modification": "2016-07-07-19-51-45",
"nom": "Barri&#232;re mobile",
"nom-anglais": ["Moveable barrier"],
"nom-arabe": ["&#1581;&#1575;&#1580;&#1586; &#1605;&#1578;&#1581;&#1585;&#1603;"],
"nom-espagnol": ["Barrera m&#243;bil"],
"nom-folder": "Barriere-mobile",
"nom-francais": ["Barri&#232;re mobile"],
"nom-italien": ["Berriera mobile"],
"nom-machine": "terme-2016-07-07-19-51-24-88076129098",
"sous-type": "acces",
"type": "taxonomies"
}