{
"_id": "terme-2016-07-07-19-47-08-88076113684",
"ajouter-aux-favoris": false,
"breadcrumb": "taxonomies/acces/Open-access/",
"description": "Description de Libre acc&#232;s",
"fiche-a-completer": false,
"fiche-defectueuse": false,
"fiche-publiee": true,
"mise-a-jour": "2017-01-23-16-33-30",
"moment-de-creation": "2016-07-07-19-47-08",
"moment-de-modification": "2016-07-07-19-47-15",
"nom": "Libre acc&#232;s",
"nom-anglais": ["Open access"],
"nom-arabe": ["&#1608;&#1589;&#1608;&#1604; &#1605;&#1601;&#1578;&#1608;&#1581;"],
"nom-espagnol": ["Acceso abierto"],
"nom-folder": "Open-access",
"nom-francais": ["Libre acc&#232;s"],
"nom-italien": ["Accesso aperto"],
"nom-machine": "terme-2016-07-07-19-47-08-88076113684",
"sous-type": "acces",
"type": "taxonomies"
}