{
"_id": "terme-2015-12-12-17-35-13-86997582820",
"ajouter-aux-favoris": false,
"breadcrumb": "taxonomies/formats/HTML/",
"description": "Markup used in web pages.",
"fiche-a-completer": false,
"fiche-publiee": true,
"mise-a-jour": "2017-01-23-16-33-30",
"moment-de-creation": "2015-12-12-17-35-13",
"moment-de-modification": "2016-02-02-22-56-30",
"nom": "Html",
"nom-anglais": ["Html"],
"nom-arabe": ["&#1604;&#1594;&#1577; &#1578;&#1585;&#1605;&#1610;&#1586; &#1575;&#1604;&#1606;&#1589; &#1575;&#1604;&#1601;&#1575;&#1574;&#1602;"],
"nom-espagnol": ["Html"],
"nom-folder": "HTML",
"nom-francais": ["Html"],
"nom-italien": ["Html"],
"nom-machine": "terme-2015-12-12-17-35-13-86997582820",
"sous-type": "formats",
"type": "taxonomies"
}