{
"_id": "terme-2015-12-12-17-35-13-86997582830",
"breadcrumb": "taxonomies/formats/Excel/",
"description": "Description de Excel",
"fiche-publiee": true,
"mise-a-jour": "2016-05-09-16-45-47",
"moment-de-creation": "2015-12-12-17-35-13",
"nom": "Excel",
"nom-anglais": ["Excel"],
"nom-arabe": [" &#1573;&#1603;&#1587;&#1604;"],
"nom-espagnol": ["Excel"],
"nom-folder": "Excel",
"nom-francais": ["Excel"],
"nom-italien": ["Excel"],
"nom-machine": "terme-2015-12-12-17-35-13-86997582830",
"sous-type": "formats",
"type": "taxonomies"
}