{
"_id": "terme-2016-01-28-23-41-36-87242549810",
"ajouter-aux-favoris": false,
"breadcrumb": "taxonomies/formats/JSON/",
"description": "Format natif de javascript.",
"enfants": ["terme-2016-01-28-23-46-08-87242566088"],
"fiche-a-completer": false,
"fiche-defectueuse": false,
"fiche-publiee": true,
"identifiant-drupal": 0,
"identifiant-drupal-parent": 0,
"mise-a-jour": "2017-01-23-16-33-30",
"moment-de-creation": "2016-07-08-17-06-51",
"moment-de-modification": "2016-07-08-17-06-56",
"nom": "Json",
"nom-anglais": ["Json"],
"nom-arabe": ["&#1580;&#1587;&#1608;&#1606;"],
"nom-espagnol": ["Json"],
"nom-folder": "JSON",
"nom-francais": ["Json"],
"nom-italien": ["Json"],
"nom-machine": "terme-2016-01-28-23-41-36-87242549810",
"sous-type": "formats",
"type": "taxonomies"
}