{
"_id": "terme-2016-01-28-23-46-08-87242566088",
"ajouter-aux-favoris": false,
"breadcrumb": "taxonomies/formats/JSON/JSON-MM/",
"description": "JSON conforme + un couplet (attribut &amp; valeur) par ligne.",
"fiche-a-completer": false,
"fiche-publiee": true,
"mise-a-jour": "2017-01-23-16-33-30",
"moment-de-creation": "2016-01-28-23-46-08",
"moment-de-modification": "2016-01-28-23-48-05",
"nom": "Json-mm",
"nom-anglais": ["Json-mm"],
"nom-arabe": ["&#1580;&#1587;&#1608;&#1606;-&#1605;&#1605;"],
"nom-espagnol": ["Json-mm"],
"nom-folder": "JSON-MM",
"nom-francais": ["Json-mm"],
"nom-italien": ["Json-mm"],
"nom-machine": "terme-2016-01-28-23-46-08-87242566088",
"parent": "terme-2016-01-28-23-41-36-87242549810",
"sous-type": "formats",
"type": "taxonomies"
}