{
"_id": "terme-2015-12-12-17-35-13-86997582826",
"breadcrumb": "taxonomies/formats/PDF/",
"description": "Description de Pdf",
"fiche-a-completer": false,
"fiche-publiee": true,
"mise-a-jour": "2017-01-23-16-33-30",
"moment-de-creation": "2015-12-12-17-35-13",
"nom": "Pdf",
"nom-anglais": ["Pdf"],
"nom-arabe": ["&#1606;&#1587;&#1602; &#1575;&#1604;&#1605;&#1587;&#1578;&#1606;&#1583;&#1575;&#1578; &#1575;&#1604;&#1605;&#1606;&#1602;&#1608;&#1604;&#1577;"],
"nom-espagnol": ["Pdf"],
"nom-folder": "PDF",
"nom-francais": ["Pdf"],
"nom-italien": ["Pdf"],
"nom-machine": "terme-2015-12-12-17-35-13-86997582826",
"sous-type": "formats",
"type": "taxonomies"
}