{
"_id": "terme-2015-12-12-17-35-13-86997582818",
"breadcrumb": "taxonomies/formats/aucun/",
"description": "Description de Aucun",
"fiche-publiee": true,
"mise-a-jour": "2016-05-09-16-45-47",
"moment-de-creation": "2015-12-12-17-35-13",
"nom": "Aucun",
"nom-anglais": ["None"],
"nom-arabe": ["&#1604;&#1575; &#1588;&#1610;&#1569;"],
"nom-espagnol": ["Ninguno"],
"nom-folder": "aucun",
"nom-francais": ["Aucun"],
"nom-italien": ["Nessuno"],
"nom-machine": "terme-2015-12-12-17-35-13-86997582818",
"nom-russe": ["&#1085;&#1080;&#1082;&#1090;&#1086;"],
"sous-type": "formats",
"type": "taxonomies"
}