{
"_id": "terme-2015-12-12-17-35-13-86997582828",
"breadcrumb": "taxonomies/formats/Word/",
"description": "Description de Word",
"fiche-a-completer": false,
"fiche-publiee": true,
"mise-a-jour": "2017-01-23-16-33-30",
"moment-de-creation": "2015-12-12-17-35-13",
"nom": "Word",
"nom-anglais": ["Word"],
"nom-espagnol": ["Word"],
"nom-folder": "Word",
"nom-francais": ["Word"],
"nom-italien": ["Word"],
"nom-machine": "terme-2015-12-12-17-35-13-86997582828",
"sous-type": "formats",
"type": "taxonomies"
}