{
"_id": "terme-2015-12-12-17-35-13-86997582824",
"ajouter-aux-favoris": false,
"breadcrumb": "taxonomies/formats/XML/",
"description": "Description de Xml",
"fiche-a-completer": false,
"fiche-publiee": true,
"mise-a-jour": "2017-01-23-16-33-30",
"moment-de-creation": "2015-12-12-17-35-13",
"moment-de-modification": "2016-01-28-22-59-20",
"nom": "Xml",
"nom-anglais": ["Xml"],
"nom-arabe": ["XML"],
"nom-espagnol": ["Xml"],
"nom-folder": "XML",
"nom-francais": ["Xml"],
"nom-italien": ["Xml"],
"nom-machine": "terme-2015-12-12-17-35-13-86997582824",
"sous-type": "formats",
"type": "taxonomies"
}