{
"_id": "terme-2015-12-12-17-35-13-86997582822",
"breadcrumb": "taxonomies/formats/texte/",
"description": "Description de Texte",
"fiche-publiee": true,
"mise-a-jour": "2016-05-09-16-45-47",
"moment-de-creation": "2015-12-12-17-35-13",
"nom": "Texte",
"nom-anglais": ["Text"],
"nom-arabe": ["&#1606;&#1589;"],
"nom-espagnol": ["Texto"],
"nom-folder": "texte",
"nom-francais": ["Texte"],
"nom-italien": ["Testo"],
"nom-machine": "terme-2015-12-12-17-35-13-86997582822",
"nom-russe": ["&#1090;&#1077;&#1082;&#1089;&#1090;"],
"sous-type": "formats",
"type": "taxonomies"
}