{
"_id": "lieu-2015-12-06-16-20-47-86966210832",
"ajouter-aux-favoris": false,
"breadcrumb": "lieux/pays/Grande-Bretagne/",
"fiche-a-completer": true,
"fiche-publiee": true,
"identifiant-drupal": 365362,
"mise-a-jour": "2016-02-04-16-41-30",
"moment-de-creation": "2015-12-06-16-20-47",
"moment-de-modification": "2016-02-04-16-41-30",
"nom": "Grande-Bretagne",
"nom-anglais": ["Great Britain"],
"nom-arabe": ["&#1576;&#1585;&#1610;&#1591;&#1575;&#1606;&#1610;&#1575; &#1575;&#1604;&#1593;&#1592;&#1605;&#1609;"],
"nom-espagnol": ["Gran Breta&#241;a"],
"nom-folder": "Grande-Bretagne",
"nom-francais": ["Grande-Bretagne"],
"nom-italien": ["Gran Bretagna"],
"nom-machine": "lieu-2015-12-06-16-20-47-86966210832",
"nom-russe": ["&#1042;&#1077;&#1083;&#1080;&#1082;&#1086;&#1073;&#1088;&#1080;&#1090;&#1072;&#1085;&#1080;&#1103;"],
"sous-type": "pays",
"type": "lieux"
}