{
"_id": "lieu-2015-12-06-16-23-20-86966220042",
"ajouter-aux-favoris": false,
"breadcrumb": "lieux/pays/Turquie/",
"fiche-a-completer": true,
"fiche-publiee": true,
"identifiant-drupal": 365345,
"mise-a-jour": "2016-02-04-18-37-03",
"moment-de-creation": "2015-12-06-16-23-20",
"moment-de-modification": "2016-02-04-18-37-03",
"nom": "Turquie",
"nom-anglais": ["Turkey"],
"nom-arabe": ["&#1578;&#1585;&#1603;&#1610;&#1575;"],
"nom-espagnol": ["Turqu&#237;a"],
"nom-folder": "Turquie",
"nom-francais": ["Turquie"],
"nom-italien": ["Turchia"],
"nom-machine": "lieu-2015-12-06-16-23-20-86966220042",
"nom-russe": ["&#1058;&#1091;&#1088;&#1094;&#1080;&#1103;"],
"sous-type": "pays",
"type": "lieux"
}