{
"_id": "lieu-2015-12-06-16-12-44-86966181865",
"ajouter-aux-favoris": false,
"breadcrumb": "lieux/pays/Brunei-Darussalam/",
"fiche-a-completer": true,
"fiche-publiee": true,
"identifiant-drupal": 365316,
"mise-a-jour": "2016-02-04-16-10-44",
"moment-de-creation": "2015-12-06-16-12-44",
"moment-de-modification": "2016-02-04-16-10-44",
"nom": "Brun&#233;i Darussalam",
"nom-anglais": ["Brunei Darussalam"],
"nom-arabe": ["&#1576;&#1585;&#1608;&#1606;&#1575;&#1610;"],
"nom-espagnol": ["Brun&#233;i"],
"nom-folder": "Brunei-Darussalam",
"nom-francais": ["Brun&#233;i Darussalam"],
"nom-italien": ["Brunei"],
"nom-machine": "lieu-2015-12-06-16-12-44-86966181865",
"nom-russe": ["&#1041;&#1088;&#1091;&#1085;&#1077;&#1081;"],
"sous-type": "pays",
"type": "lieux"
}