{
"_id": "lieu-2015-12-06-16-20-59-86966211593",
"ajouter-aux-favoris": false,
"breadcrumb": "lieux/pays/Guyana/",
"fiche-a-completer": true,
"fiche-publiee": true,
"identifiant-drupal": 365295,
"mise-a-jour": "2016-02-04-16-49-40",
"moment-de-creation": "2015-12-06-16-20-59",
"moment-de-modification": "2016-02-04-16-49-40",
"nom": "Guyana",
"nom-anglais": ["Guyana"],
"nom-arabe": ["&#1594;&#1610;&#1575;&#1606;&#1575;"],
"nom-espagnol": ["Guayana"],
"nom-folder": "Guyana",
"nom-francais": ["Guyana"],
"nom-italien": ["Guyana"],
"nom-machine": "lieu-2015-12-06-16-20-59-86966211593",
"nom-russe": ["&#1043;&#1072;&#1081;&#1072;&#1085;&#1072;"],
"sous-type": "pays",
"type": "lieux"
}