{
"_id": "lieu-2015-12-06-16-15-52-86966193167",
"ajouter-aux-favoris": false,
"breadcrumb": "lieux/pays/Erythree/",
"fiche-a-completer": true,
"fiche-publiee": true,
"identifiant-drupal": 365244,
"mise-a-jour": "2016-02-04-16-36-16",
"moment-de-creation": "2015-12-06-16-15-52",
"moment-de-modification": "2016-02-04-16-36-16",
"nom": "&#201;rythr&#233;e",
"nom-anglais": ["Eritrea"],
"nom-arabe": ["&#1573;&#1585;&#1610;&#1578;&#1585;&#1610;&#1575;"],
"nom-espagnol": ["Eritrea"],
"nom-folder": "Erythree",
"nom-francais": ["&#201;rythr&#233;e"],
"nom-italien": ["Eritrea"],
"nom-machine": "lieu-2015-12-06-16-15-52-86966193167",
"nom-russe": ["&#1069;&#1088;&#1080;&#1090;&#1088;&#1077;&#1103;"],
"sous-type": "pays",
"type": "lieux"
}