{
"_id": "lieu-2015-12-06-16-22-47-86966218021",
"ajouter-aux-favoris": false,
"breadcrumb": "lieux/pays/Serbie/",
"description": "Serbie",
"fiche-a-completer": true,
"fiche-publiee": true,
"identifiant-drupal": 365385,
"mise-a-jour": "2015-01-04-02-27-03",
"moment-de-creation": "2015-12-06-16-22-47",
"moment-de-modification": "2015-01-04-02-27-03",
"nom": "Serbie",
"nom-anglais": ["Serbia"],
"nom-arabe": ["&#1589;&#1585;&#1576;&#1610;&#1575;"],
"nom-espagnol": ["Serbia"],
"nom-folder": "Serbie",
"nom-francais": ["Serbie"],
"nom-italien": ["Serbia"],
"nom-machine": "lieu-2015-12-06-16-22-47-86966218021",
"nom-russe": ["&#1057;&#1077;&#1088;&#1073;&#1080;&#1103;"],
"sous-type": "pays",
"type": "lieux"
}