{
"_id": "lieu-2015-12-06-16-20-47-86966210825",
"ajouter-aux-favoris": false,
"breadcrumb": "lieux/pays/Ghana/",
"fiche-a-completer": true,
"fiche-publiee": true,
"identifiant-drupal": 365248,
"mise-a-jour": "2016-02-04-16-43-57",
"moment-de-creation": "2015-12-06-16-20-47",
"moment-de-modification": "2016-02-04-16-43-57",
"nom": "Ghana",
"nom-anglais": ["Ghana"],
"nom-arabe": ["&#1594;&#1575;&#1606;&#1575;"],
"nom-espagnol": ["Ghana"],
"nom-folder": "Ghana",
"nom-francais": ["Ghana"],
"nom-italien": ["Ghana"],
"nom-machine": "lieu-2015-12-06-16-20-47-86966210825",
"nom-russe": ["&#1043;&#1072;&#1085;&#1072;"],
"sous-type": "pays",
"type": "lieux"
}