{
"_id": "lieu-2015-12-06-16-23-06-86966219206",
"ajouter-aux-favoris": false,
"breadcrumb": "lieux/pays/Tonga/",
"fiche-a-completer": true,
"fiche-publiee": true,
"identifiant-drupal": 365395,
"mise-a-jour": "2016-02-04-18-35-50",
"moment-de-creation": "2015-12-06-16-23-06",
"moment-de-modification": "2016-02-04-18-35-50",
"nom": "Tonga",
"nom-anglais": ["Tonga"],
"nom-arabe": ["&#1578;&#1608;&#1606;&#1594;&#1575;"],
"nom-espagnol": ["Tonga"],
"nom-folder": "Tonga",
"nom-francais": ["Tonga"],
"nom-italien": ["Tonga"],
"nom-machine": "lieu-2015-12-06-16-23-06-86966219206",
"nom-russe": ["&#1058;&#1086;&#1085;&#1075;&#1072;"],
"sous-type": "pays",
"type": "lieux"
}