{
"_id": "lieu-2015-12-06-16-23-02-86966218922",
"ajouter-aux-favoris": false,
"breadcrumb": "lieux/pays/Suriname/",
"fiche-a-completer": true,
"fiche-publiee": true,
"identifiant-drupal": 365298,
"mise-a-jour": "2016-02-04-18-29-22",
"moment-de-creation": "2015-12-06-16-23-02",
"moment-de-modification": "2016-02-04-18-29-22",
"nom": "Suriname",
"nom-anglais": ["Suriname"],
"nom-arabe": ["&#1587;&#1608;&#1585;&#1610;&#1606;&#1575;&#1605;"],
"nom-espagnol": ["Surinam"],
"nom-folder": "Suriname",
"nom-francais": ["Suriname"],
"nom-italien": ["Suriname"],
"nom-machine": "lieu-2015-12-06-16-23-02-86966218922",
"nom-russe": ["&#1057;&#1091;&#1088;&#1080;&#1085;&#1072;&#1084;"],
"sous-type": "pays",
"type": "lieux"
}