{
"_id": "lieu-2015-12-06-16-22-47-86966218024",
"ajouter-aux-favoris": false,
"breadcrumb": "lieux/pays/Seychelles/",
"fiche-a-completer": true,
"fiche-publiee": true,
"identifiant-drupal": 365265,
"mise-a-jour": "2016-02-04-18-22-44",
"moment-de-creation": "2015-12-06-16-22-47",
"moment-de-modification": "2016-02-04-18-22-44",
"nom": "Seychelles",
"nom-anglais": ["Seychelles"],
"nom-arabe": ["&#1587;&#1610;&#1588;&#1604;"],
"nom-espagnol": ["Seychelles"],
"nom-folder": "Seychelles",
"nom-francais": ["Seychelles"],
"nom-italien": ["Seychelles"],
"nom-machine": "lieu-2015-12-06-16-22-47-86966218024",
"nom-russe": ["&#1057;&#1077;&#1081;&#1096;&#1077;&#1083;&#1100;&#1089;&#1082;&#1080;&#1077; &#1054;&#1089;&#1090;&#1088;&#1086;&#1074;&#1072;"],
"sous-type": "pays",
"type": "lieux"
}