{
"_id": "lieu-2015-12-06-16-22-10-86966215852",
"breadcrumb": "lieux/pays/Iles-Mariannes-du-Nord/",
"fiche-publiee": true,
"mise-a-jour": "2016-04-16-01-36-56",
"moment-de-creation": "2015-12-06-16-22-10",
"nom": "&#206;les Mariannes du Nord",
"nom-anglais": ["Northern Mariana Islands"],
"nom-arabe": ["&#1580;&#1586;&#1585; &#1605;&#1575;&#1585;&#1610;&#1575;&#1606;&#1575; &#1575;&#1604;&#1588;&#1605;&#1575;&#1604;&#1610;"],
"nom-espagnol": ["Islas Marianas del Norte"],
"nom-folder": "Iles-Mariannes-du-Nord",
"nom-francais": ["&#206;les Mariannes du Nord"],
"nom-italien": ["Isole Marianne Settentrionali"],
"nom-machine": "lieu-2015-12-06-16-22-10-86966215852",
"nom-russe": ["&#1057;&#1077;&#1074;&#1077;&#1088;&#1085;&#1099;&#1077; &#1052;&#1072;&#1088;&#1080;&#1072;&#1085;&#1089;&#1082;&#1080;&#1077; &#1086;&#1089;&#1090;&#1088;&#1086;&#1074;&#1072;"],
"sous-type": "pays",
"type": "lieux"
}