{
"_id": "lieu-2015-12-06-16-12-22-86966180544",
"ajouter-aux-favoris": false,
"breadcrumb": "lieux/pays/Arabie-saoudite/",
"fiche-a-completer": true,
"fiche-publiee": true,
"identifiant-drupal": 365414,
"mise-a-jour": "2016-02-04-18-21-47",
"moment-de-creation": "2015-12-06-16-12-22",
"moment-de-modification": "2016-02-04-18-21-47",
"nom": "Arabie saoudite",
"nom-anglais": ["Saudi Arabia"],
"nom-arabe": ["&#1575;&#1604;&#1587;&#1593;&#1608;&#1583;&#1610;&#1577;"],
"nom-espagnol": ["Arabia Saudita"],
"nom-folder": "Arabie-saoudite",
"nom-francais": ["Arabie saoudite"],
"nom-italien": ["Arabia Saudita"],
"nom-machine": "lieu-2015-12-06-16-12-22-86966180544",
"nom-russe": ["&#1057;&#1072;&#1091;&#1076;&#1086;&#1074;&#1089;&#1082;&#1072;&#1103; &#1040;&#1088;&#1072;&#1074;&#1080;&#1103;"],
"sous-type": "pays",
"type": "lieux"
}