{
"_id": "lieu-2015-12-06-16-21-36-86966213802",
"ajouter-aux-favoris": false,
"breadcrumb": "lieux/pays/Laos/",
"fiche-a-completer": true,
"fiche-publiee": true,
"identifiant-drupal": 365328,
"mise-a-jour": "2016-02-04-17-24-14",
"moment-de-creation": "2015-12-06-16-21-36",
"moment-de-modification": "2016-02-04-17-24-14",
"nom": "Laos",
"nom-anglais": ["Laos"],
"nom-arabe": ["&#1604;&#1575;&#1608;&#1587;"],
"nom-espagnol": ["Laos"],
"nom-folder": "Laos",
"nom-francais": ["Laos"],
"nom-italien": ["Laos"],
"nom-machine": "lieu-2015-12-06-16-21-36-86966213802",
"nom-russe": ["&#1051;&#1072;&#1086;&#1089;"],
"sous-type": "pays",
"type": "lieux"
}