{
"_id": "lieu-2015-12-06-16-22-29-86966216990",
"ajouter-aux-favoris": false,
"breadcrumb": "lieux/pays/Pologne/",
"fiche-a-completer": true,
"fiche-publiee": true,
"identifiant-drupal": 365379,
"mise-a-jour": "2016-02-04-17-55-32",
"moment-de-creation": "2015-12-06-16-22-29",
"moment-de-modification": "2016-02-04-17-55-32",
"nom": "Pologne",
"nom-anglais": ["Poland"],
"nom-arabe": ["&#1576;&#1608;&#1604;&#1606;&#1583;&#1575;"],
"nom-espagnol": ["Polonia"],
"nom-folder": "Pologne",
"nom-francais": ["Pologne"],
"nom-italien": ["Polonia"],
"nom-machine": "lieu-2015-12-06-16-22-29-86966216990",
"nom-russe": ["&#1055;&#1086;&#1083;&#1100;&#1096;&#1072;"],
"sous-type": "pays",
"type": "lieux"
}