{
"_id": "lieu-2015-12-06-16-12-30-86966181059",
"ajouter-aux-favoris": false,
"breadcrumb": "lieux/pays/Autriche/",
"fiche-a-completer": true,
"fiche-publiee": true,
"identifiant-drupal": 365350,
"mise-a-jour": "2016-02-04-15-57-41",
"moment-de-creation": "2015-12-06-16-12-30",
"moment-de-modification": "2016-02-04-15-57-41",
"nom": "Autriche",
"nom-anglais": ["Austria"],
"nom-arabe": ["&#1575;&#1604;&#1606;&#1605;&#1587;&#1575;"],
"nom-espagnol": ["Austria"],
"nom-folder": "Autriche",
"nom-francais": ["Autriche"],
"nom-italien": ["Austria"],
"nom-machine": "lieu-2015-12-06-16-12-30-86966181059",
"nom-russe": ["&#1040;&#1074;&#1089;&#1090;&#1088;&#1080;&#1103;"],
"sous-type": "pays",
"type": "lieux"
}