{
"_id": "lieu-2015-12-06-16-15-45-86966192740",
"ajouter-aux-favoris": false,
"breadcrumb": "lieux/pays/Egypte/",
"fiche-a-completer": true,
"fiche-publiee": true,
"identifiant-drupal": 365398,
"mise-a-jour": "2016-02-04-16-35-00",
"moment-de-creation": "2015-12-06-16-15-45",
"moment-de-modification": "2016-02-04-16-35-00",
"nom": "&#201;gypte",
"nom-anglais": ["Egypt"],
"nom-arabe": ["&#1605;&#1589;&#1585;"],
"nom-espagnol": ["Egipto"],
"nom-folder": "Egypte",
"nom-francais": ["&#201;gypte"],
"nom-italien": ["Egitto"],
"nom-machine": "lieu-2015-12-06-16-15-45-86966192740",
"nom-russe": ["&#1045;&#1075;&#1080;&#1087;&#1077;&#1090;"],
"sous-type": "pays",
"type": "lieux"
}