{
"_id": "lieu-2015-12-06-16-22-37-86966217451",
"ajouter-aux-favoris": false,
"breadcrumb": "lieux/pays/Republique-de-Guinee/",
"description": "R&#233;publique de Guin&#233;e",
"fiche-a-completer": true,
"fiche-publiee": true,
"identifiant-drupal": 370958,
"mise-a-jour": "2015-01-04-02-27-03",
"moment-de-creation": "2015-12-06-16-22-37",
"moment-de-modification": "2015-01-04-02-27-03",
"nom": "R&#233;publique de Guin&#233;e",
"nom-anglais": ["Guinea"],
"nom-arabe": ["&#1594;&#1610;&#1606;&#1610;&#1575;"],
"nom-espagnol": ["Guinea"],
"nom-folder": "Republique-de-Guinee",
"nom-francais": ["R&#233;publique de Guin&#233;e"],
"nom-italien": ["Guinea"],
"nom-machine": "lieu-2015-12-06-16-22-37-86966217451",
"nom-russe": ["&#1043;&#1074;&#1080;&#1085;&#1077;&#1103;"],
"sous-type": "pays",
"type": "lieux"
}