{
"_id": "lieu-2015-12-06-16-12-25-86966180701",
"ajouter-aux-favoris": false,
"breadcrumb": "lieux/pays/Armenie/",
"fiche-a-completer": true,
"fiche-publiee": true,
"identifiant-drupal": 365311,
"mise-a-jour": "2016-02-04-15-46-34",
"moment-de-creation": "2015-12-06-16-12-25",
"moment-de-modification": "2016-02-04-15-46-34",
"nom": "Arm&#233;nie",
"nom-anglais": ["Armenia"],
"nom-arabe": ["&#1571;&#1585;&#1605;&#1610;&#1606;&#1610;&#1575;"],
"nom-espagnol": ["Armenia"],
"nom-folder": "Armenie",
"nom-francais": ["Arm&#233;nie"],
"nom-italien": ["Armenia"],
"nom-machine": "lieu-2015-12-06-16-12-25-86966180701",
"nom-russe": ["&#1040;&#1088;&#1084;&#1077;&#1085;&#1080;&#1103;"],
"sous-type": "pays",
"type": "lieux"
}