{
"_id": "lieu-2015-12-06-16-22-03-86966215387",
"ajouter-aux-favoris": false,
"breadcrumb": "lieux/pays/Mauritanie/",
"fiche-a-completer": true,
"fiche-publiee": true,
"identifiant-drupal": 365256,
"mise-a-jour": "2016-02-04-17-37-57",
"moment-de-creation": "2015-12-06-16-22-03",
"moment-de-modification": "2016-02-04-17-37-57",
"nom": "Mauritanie",
"nom-anglais": ["Mauritania"],
"nom-arabe": ["&#1605;&#1608;&#1585;&#1610;&#1578;&#1575;&#1606;&#1610;&#1575;"],
"nom-espagnol": ["Mauritania"],
"nom-folder": "Mauritanie",
"nom-francais": ["Mauritanie"],
"nom-italien": ["Mauritania"],
"nom-machine": "lieu-2015-12-06-16-22-03-86966215387",
"nom-russe": ["&#1052;&#1072;&#1074;&#1088;&#1080;&#1090;&#1072;&#1085;&#1080;&#1103;"],
"sous-type": "pays",
"type": "lieux"
}