{
"_id": "lieu-2015-12-06-16-22-04-86966215441",
"breadcrumb": "lieux/pays/Nouvelle-Guinee-occidentale/",
"fiche-publiee": true,
"mise-a-jour": "2016-04-16-01-36-56",
"moment-de-creation": "2015-12-06-16-22-04",
"nom": "Nouvelle-Guin&#233;e occidentale",
"nom-anglais": ["Western New Guinea"],
"nom-arabe": ["&#1594;&#1585;&#1576; &#1594;&#1610;&#1606;&#1610;&#1575; &#1575;&#1604;&#1580;&#1583;&#1610;&#1583;&#1577;"],
"nom-espagnol": ["Nueva Guinea Occidental"],
"nom-folder": "Nouvelle-Guinee-occidentale",
"nom-francais": ["Nouvelle-Guin&#233;e occidentale"],
"nom-italien": ["Nuova Guinea Occidentale"],
"nom-machine": "lieu-2015-12-06-16-22-04-86966215441",
"nom-russe": ["&#1047;&#1072;&#1087;&#1072;&#1076;&#1085;&#1072;&#1103; &#1053;&#1086;&#1074;&#1072;&#1103; &#1043;&#1074;&#1080;&#1085;&#1077;&#1103;"],
"sous-type": "pays",
"type": "lieux"
}