{
"_id": "lieu-2015-12-06-16-22-03-86966215430",
"ajouter-aux-favoris": false,
"breadcrumb": "lieux/pays/Mayotte/",
"fiche-a-completer": true,
"fiche-publiee": true,
"identifiant-drupal": 362105,
"mise-a-jour": "2016-02-04-18-46-48",
"moment-de-creation": "2015-12-06-16-22-03",
"moment-de-modification": "2016-02-04-18-46-48",
"nom": "Mayotte",
"nom-anglais": ["Mayotte"],
"nom-arabe": ["&#1605;&#1575;&#1610;&#1608;&#1578;"],
"nom-espagnol": ["Mayotte"],
"nom-folder": "Mayotte",
"nom-francais": ["Mayotte"],
"nom-italien": ["Mayotte"],
"nom-machine": "lieu-2015-12-06-16-22-03-86966215430",
"nom-russe": ["&#1052;&#1072;&#1081;&#1086;&#1090;&#1090;&#1072;"],
"sous-type": "pays",
"type": "lieux"
}