{
"_id": "lieu-2015-12-06-16-22-04-86966215443",
"ajouter-aux-favoris": false,
"breadcrumb": "lieux/pays/Mexique/",
"fiche-a-completer": true,
"fiche-publiee": true,
"identifiant-drupal": 365286,
"mise-a-jour": "2016-02-04-17-42-19",
"moment-de-creation": "2015-12-06-16-22-04",
"moment-de-modification": "2016-02-04-17-42-19",
"nom": "Mexique",
"nom-anglais": ["Mexico"],
"nom-arabe": ["&#1575;&#1604;&#1605;&#1603;&#1587;&#1610;&#1603;"],
"nom-espagnol": ["M&#233;xico"],
"nom-folder": "Mexique",
"nom-francais": ["Mexique"],
"nom-italien": ["Messico"],
"nom-machine": "lieu-2015-12-06-16-22-04-86966215443",
"nom-russe": ["&#1052;&#1077;&#1082;&#1089;&#1080;&#1082;&#1072;"],
"sous-type": "pays",
"type": "lieux"
}