{
"_id": "lieu-2016-02-04-17-06-00-86966212625",
"ajouter-aux-favoris": false,
"breadcrumb": "lieux/pays/Iraq/",
"fiche-a-completer": true,
"fiche-publiee": true,
"mise-a-jour": "2016-02-04-17-08-53",
"moment-de-creation": "2016-02-04-17-06-00",
"moment-de-modification": "2016-02-04-17-08-53",
"nom": "Iraq",
"nom-anglais": ["Iraq"],
"nom-arabe": ["&#1575;&#1604;&#1593;&#1585;&#1575;&#1602;"],
"nom-espagnol": ["Iraq"],
"nom-folder": "Iraq",
"nom-francais": ["Iraq"],
"nom-italien": ["Iraq"],
"nom-machine": "lieu-2016-02-04-17-06-00-86966212625",
"nom-russe": ["&#1048;&#1088;&#1072;&#1082;"],
"sous-type": "pays",
"type": "lieux"
}