{
"_id": "lieu-2015-12-06-16-21-17-86966212635",
"ajouter-aux-favoris": false,
"breadcrumb": "lieux/pays/Italie/",
"description": "Italie",
"fiche-a-completer": true,
"fiche-publiee": true,
"identifiant-drupal": 365366,
"mise-a-jour": "2016-02-04-17-11-35",
"moment-de-creation": "2015-12-06-16-21-17",
"moment-de-modification": "2016-02-04-17-11-35",
"nom": "Italie",
"nom-anglais": ["Italy"],
"nom-arabe": ["&#1573;&#1610;&#1591;&#1575;&#1604;&#1610;&#1575;"],
"nom-espagnol": ["Italia"],
"nom-folder": "Italie",
"nom-francais": ["Italie"],
"nom-italien": ["Italia"],
"nom-machine": "lieu-2015-12-06-16-21-17-86966212635",
"nom-russe": ["&#1048;&#1090;&#1072;&#1083;&#1080;&#1103;"],
"sous-type": "pays",
"type": "lieux"
}