{
"_id": "lieu-2015-12-06-16-22-28-86966216892",
"ajouter-aux-favoris": false,
"breadcrumb": "lieux/pays/Perou/",
"fiche-a-completer": true,
"fiche-publiee": true,
"identifiant-drupal": 365297,
"mise-a-jour": "2016-02-04-17-52-55",
"moment-de-creation": "2015-12-06-16-22-28",
"moment-de-modification": "2016-02-04-17-52-55",
"nom": "P&#233;rou",
"nom-anglais": ["Peru"],
"nom-arabe": ["&#1576;&#1610;&#1585;&#1608;"],
"nom-espagnol": ["Per&#250;"],
"nom-folder": "Perou",
"nom-francais": ["P&#233;rou"],
"nom-italien": ["Per&#249;"],
"nom-machine": "lieu-2015-12-06-16-22-28-86966216892",
"nom-russe": ["&#1055;&#1077;&#1088;&#1091;"],
"sous-type": "pays",
"type": "lieux"
}