{
"_id": "lieu-2015-12-06-16-22-10-86966215849",
"ajouter-aux-favoris": false,
"breadcrumb": "lieux/pays/Etats-federes-de-Micronesie/",
"fiche-a-completer": true,
"fiche-publiee": true,
"identifiant-drupal": 362095,
"mise-a-jour": "2016-02-04-16-39-17",
"moment-de-creation": "2015-12-06-16-22-10",
"moment-de-modification": "2016-02-04-16-39-17",
"nom": "&#201;tats f&#233;d&#233;r&#233;s de Micron&#233;sie",
"nom-anglais": ["Micronesia"],
"nom-arabe": ["&#1605;&#1610;&#1603;&#1585;&#1608;&#1606;&#1610;&#1587;&#1610;&#1575;"],
"nom-espagnol": ["Micronesia"],
"nom-folder": "Etats-federes-de-Micronesie",
"nom-francais": ["&#201;tats f&#233;d&#233;r&#233;s de Micron&#233;sie"],
"nom-italien": ["Micronesia"],
"nom-machine": "lieu-2015-12-06-16-22-10-86966215849",
"nom-russe": ["&#1052;&#1080;&#1082;&#1088;&#1086;&#1085;&#1077;&#1079;&#1080;&#1103;"],
"sous-type": "pays",
"type": "lieux"
}