{
"_id": "lieu-2015-12-06-16-12-42-86966181775",
"ajouter-aux-favoris": false,
"breadcrumb": "lieux/pays/Bosnie-Herzegovine/",
"fiche-a-completer": true,
"fiche-publiee": true,
"identifiant-drupal": 365353,
"mise-a-jour": "2016-02-04-16-01-41",
"moment-de-creation": "2015-12-06-16-12-42",
"moment-de-modification": "2016-02-04-16-01-41",
"nom": "Bosnie-Herz&#233;govine",
"nom-anglais": ["Bosnia-Herzegovina"],
"nom-arabe": ["&#1575;&#1604;&#1576;&#1608;&#1587;&#1606;&#1577; &#1608;&#1575;&#1604;&#1607;&#1585;&#1587;&#1603;"],
"nom-espagnol": ["Bosnia y Herzegovina"],
"nom-folder": "Bosnie-Herzegovine",
"nom-francais": ["Bosnie-Herz&#233;govine"],
"nom-italien": ["Bosnia ed Erzegovina"],
"nom-machine": "lieu-2015-12-06-16-12-42-86966181775",
"nom-russe": ["&#1041;&#1086;&#1089;&#1085;&#1080;&#1103; &#1080; &#1043;&#1077;&#1088;&#1094;&#1077;&#1075;&#1086;&#1074;&#1080;&#1085;&#1072;"],
"sous-type": "pays",
"type": "lieux"
}