{
"_id": "lieu-2015-12-06-16-22-27-86966216827",
"ajouter-aux-favoris": false,
"breadcrumb": "lieux/pays/Pays-Bas/",
"description": "Pays-Bas",
"fiche-a-completer": true,
"fiche-publiee": true,
"identifiant-drupal": 365378,
"mise-a-jour": "2015-01-04-02-27-01",
"moment-de-creation": "2015-12-06-16-22-27",
"moment-de-modification": "2015-01-04-02-27-01",
"nom": "Pays-Bas",
"nom-anglais": ["Netherlands"],
"nom-arabe": ["&#1607;&#1608;&#1604;&#1606;&#1583;&#1575;"],
"nom-espagnol": ["Pa&#237;ses Bajos"],
"nom-folder": "Pays-Bas",
"nom-francais": ["Pays-Bas"],
"nom-italien": ["Paesi Bassi"],
"nom-machine": "lieu-2015-12-06-16-22-27-86966216827",
"nom-russe": ["&#1053;&#1080;&#1076;&#1077;&#1088;&#1083;&#1072;&#1085;&#1076;&#1099;"],
"sous-type": "pays",
"type": "lieux"
}