{
"_id": "lieu-2015-12-06-16-15-34-86966192045",
"ajouter-aux-favoris": false,
"breadcrumb": "lieux/pays/Cite-du-Vatican/",
"description": "Cit&#233; du Vatican",
"fiche-a-completer": true,
"fiche-publiee": true,
"identifiant-drupal": 362090,
"mise-a-jour": "2015-01-04-02-27-22",
"moment-de-creation": "2015-12-06-16-15-34",
"moment-de-modification": "2015-01-04-02-27-22",
"nom": "Cit&#233; du Vatican",
"nom-anglais": ["Vatican City"],
"nom-arabe": ["&#1575;&#1604;&#1601;&#1575;&#1578;&#1610;&#1603;&#1575;&#1606;"],
"nom-espagnol": ["Ciudad del Vaticano"],
"nom-folder": "Cite-du-Vatican",
"nom-francais": ["Cit&#233; du Vatican"],
"nom-italien": ["Citt&#224; del Vaticano"],
"nom-machine": "lieu-2015-12-06-16-15-34-86966192045",
"nom-russe": ["&#1042;&#1072;&#1090;&#1080;&#1082;&#1072;&#1085;"],
"sous-type": "pays",
"type": "lieux"
}