{
"_id": "lieu-2015-12-06-16-21-46-86966214367",
"ajouter-aux-favoris": false,
"breadcrumb": "lieux/pays/Malawi/",
"fiche-a-completer": true,
"fiche-publiee": true,
"mise-a-jour": "2016-02-04-17-41-58",
"moment-de-creation": "2015-12-06-16-21-46",
"moment-de-modification": "2016-02-04-17-41-58",
"nom": "Malawi",
"nom-anglais": ["Malawi"],
"nom-arabe": ["&#1605;&#1575;&#1604;&#1575;&#1608;&#1610;"],
"nom-espagnol": ["Malaui"],
"nom-folder": "Malawi",
"nom-francais": ["Malawi"],
"nom-italien": ["Malawi"],
"nom-machine": "lieu-2015-12-06-16-21-46-86966214367",
"nom-russe": ["&#1052;&#1072;&#1083;&#1072;&#1074;&#1080;"],
"sous-type": "pays",
"type": "lieux"
}