{
"_id": "lieu-2015-12-06-16-21-41-86966214116",
"ajouter-aux-favoris": false,
"breadcrumb": "lieux/pays/Libye/",
"fiche-a-completer": true,
"fiche-publiee": true,
"identifiant-drupal": 365251,
"mise-a-jour": "2016-02-04-17-30-46",
"moment-de-creation": "2015-12-06-16-21-41",
"moment-de-modification": "2016-02-04-17-30-46",
"nom": "Libye",
"nom-anglais": ["Libya"],
"nom-arabe": ["&#1604;&#1610;&#1576;&#1610;&#1575;"],
"nom-espagnol": ["Libia"],
"nom-folder": "Libye",
"nom-francais": ["Libye"],
"nom-italien": ["Libia"],
"nom-machine": "lieu-2015-12-06-16-21-41-86966214116",
"nom-russe": ["&#1051;&#1080;&#1074;&#1080;&#1103;"],
"sous-type": "pays",
"type": "lieux"
}