{
"_id": "lieu-2015-12-06-16-10-49-86966174992",
"ajouter-aux-favoris": false,
"breadcrumb": "lieux/pays/Albanie/",
"fiche-a-completer": true,
"fiche-publiee": true,
"identifiant-drupal": 365347,
"mise-a-jour": "2016-02-07-03-17-39",
"moment-de-creation": "2015-12-06-16-10-49",
"moment-de-modification": "2016-02-07-03-17-39",
"nom": "Albanie",
"nom-anglais": ["Albania"],
"nom-arabe": ["&#1571;&#1604;&#1576;&#1575;&#1606;&#1610;&#1575;"],
"nom-espagnol": ["Albania"],
"nom-folder": "Albanie",
"nom-francais": ["Albanie"],
"nom-italien": ["Albania"],
"nom-machine": "lieu-2015-12-06-16-10-49-86966174992",
"nom-russe": ["&#1040;&#1083;&#1073;&#1072;&#1085;&#1080;&#1103;"],
"sous-type": "pays",
"type": "lieux"
}