{
"_id": "lieu-2015-12-06-16-22-13-86966216013",
"ajouter-aux-favoris": false,
"breadcrumb": "lieux/pays/Nepal/",
"fiche-a-completer": true,
"fiche-publiee": true,
"identifiant-drupal": 365333,
"mise-a-jour": "2016-02-04-17-49-36",
"moment-de-creation": "2015-12-06-16-22-13",
"moment-de-modification": "2016-02-04-17-49-36",
"nom": "N&#233;pal",
"nom-anglais": ["Nepal"],
"nom-arabe": ["&#1606;&#1610;&#1576;&#1575;&#1604;"],
"nom-espagnol": ["Nepal"],
"nom-folder": "Nepal",
"nom-francais": ["N&#233;pal"],
"nom-italien": ["Nepal"],
"nom-machine": "lieu-2015-12-06-16-22-13-86966216013",
"nom-russe": ["&#1053;&#1077;&#1087;&#1072;&#1083;"],
"sous-type": "pays",
"type": "lieux"
}