{
"_id": "lieu-2015-12-06-16-12-44-86966181870",
"ajouter-aux-favoris": false,
"breadcrumb": "lieux/pays/Burkina-Faso/",
"fiche-a-completer": true,
"fiche-publiee": true,
"identifiant-drupal": 365236,
"mise-a-jour": "2016-02-04-16-07-38",
"moment-de-creation": "2015-12-06-16-12-44",
"moment-de-modification": "2016-02-04-16-07-38",
"nom": "Burkina Faso",
"nom-anglais": ["Burkina Faso"],
"nom-arabe": ["&#1576;&#1608;&#1585;&#1603;&#1610;&#1606;&#1575; &#1601;&#1575;&#1587;&#1608;"],
"nom-espagnol": ["Burkina Faso"],
"nom-folder": "Burkina-Faso",
"nom-francais": ["Burkina Faso"],
"nom-italien": ["Burkina Faso"],
"nom-machine": "lieu-2015-12-06-16-12-44-86966181870",
"nom-russe": ["&#1041;&#1091;&#1088;&#1082;&#1080;&#1085;&#1072;-&#1060;&#1072;&#1089;&#1086;"],
"sous-type": "pays",
"type": "lieux"
}