{
"_id": "lieu-2015-12-06-16-23-06-86966219197",
"ajouter-aux-favoris": false,
"breadcrumb": "lieux/pays/Thailande/",
"fiche-a-completer": true,
"fiche-publiee": true,
"identifiant-drupal": 365342,
"mise-a-jour": "2016-02-04-18-33-41",
"moment-de-creation": "2015-12-06-16-23-06",
"moment-de-modification": "2016-02-04-18-33-41",
"nom": "Tha&#239;lande",
"nom-anglais": ["Thailand"],
"nom-arabe": ["&#1578;&#1575;&#1610;&#1604;&#1575;&#1606;&#1583;"],
"nom-espagnol": ["Tailandia"],
"nom-folder": "Thailande",
"nom-francais": ["Tha&#239;lande"],
"nom-italien": ["Thailandia"],
"nom-machine": "lieu-2015-12-06-16-23-06-86966219197",
"nom-russe": ["&#1058;&#1072;&#1085;&#1079;&#1072;&#1085;&#1080;&#1103;"],
"sous-type": "pays",
"type": "lieux"
}