{
"_id": "lieu-2015-12-06-16-12-40-86966181603",
"ajouter-aux-favoris": false,
"breadcrumb": "lieux/pays/Birmanie/",
"description": "Birmanie",
"fiche-a-completer": true,
"fiche-publiee": true,
"identifiant-drupal": 365315,
"mise-a-jour": "2015-01-04-02-26-20",
"moment-de-creation": "2015-12-06-16-12-40",
"moment-de-modification": "2015-01-04-02-26-20",
"nom": "Myanmar-Birmanie",
"nom-anglais": ["Myanmar (Birmania)"],
"nom-arabe": ["&#1576;&#1608;&#1585;&#1605;&#1575;"],
"nom-espagnol": ["Myanmar (Birmania)"],
"nom-folder": "Birmanie",
"nom-francais": ["Myanmar-Birmanie"],
"nom-italien": ["Myanmar (Birmania)"],
"nom-machine": "lieu-2015-12-06-16-12-40-86966181603",
"nom-russe": ["&#1052;&#1100;&#1103;&#1085;&#1084;&#1072;"],
"sous-type": "pays",
"type": "lieux"
}