{
"_id": "lieu-2015-12-06-16-22-17-86966216267",
"ajouter-aux-favoris": false,
"breadcrumb": "lieux/pays/Nigeria/",
"fiche-a-completer": true,
"fiche-publiee": true,
"identifiant-drupal": 365260,
"mise-a-jour": "2016-02-04-17-46-37",
"moment-de-creation": "2015-12-06-16-22-17",
"moment-de-modification": "2016-02-04-17-46-37",
"nom": "Nig&#233;ria",
"nom-anglais": ["Nigeria"],
"nom-arabe": ["&#1606;&#1610;&#1580;&#1610;&#1585;&#1610;&#1575;"],
"nom-espagnol": ["Nigeria"],
"nom-folder": "Nigeria",
"nom-francais": ["Nig&#233;ria"],
"nom-italien": ["Nigeria"],
"nom-machine": "lieu-2015-12-06-16-22-17-86966216267",
"nom-russe": ["&#1053;&#1080;&#1075;&#1077;&#1088;&#1080;&#1103;"],
"sous-type": "pays",
"type": "lieux"
}