{
"_id": "lieu-2015-12-06-16-15-41-86966192510",
"ajouter-aux-favoris": false,
"breadcrumb": "lieux/pays/Cote-d'Ivoire/",
"fiche-a-completer": true,
"fiche-publiee": true,
"identifiant-drupal": 365242,
"mise-a-jour": "2016-02-04-16-22-40",
"moment-de-creation": "2015-12-06-16-15-41",
"moment-de-modification": "2016-02-04-16-22-40",
"nom": "C&#244;te d'Ivoire",
"nom-anglais": ["Ivory Coast"],
"nom-arabe": ["&#1587;&#1575;&#1581;&#1604; &#1575;&#1604;&#1593;&#1575;&#1580;"],
"nom-espagnol": ["Costa de Marfil"],
"nom-folder": "Cote-d'Ivoire",
"nom-francais": ["C&#244;te d'Ivoire"],
"nom-italien": ["Costa d'Avorio"],
"nom-machine": "lieu-2015-12-06-16-15-41-86966192510",
"nom-russe": ["&#1050;&#1086;&#1090;-&#1076;&#8217;&#1048;&#1074;&#1091;&#1072;&#1088;"],
"sous-type": "pays",
"type": "lieux"
}