{
"_id": "lieu-2015-12-06-16-21-48-86966214488",
"ajouter-aux-favoris": false,
"breadcrumb": "lieux/pays/Maroc/",
"fiche-a-completer": true,
"fiche-publiee": true,
"identifiant-drupal": 365255,
"mise-a-jour": "2016-02-04-17-31-10",
"moment-de-creation": "2015-12-06-16-21-48",
"moment-de-modification": "2016-02-04-17-31-10",
"nom": "Maroc",
"nom-anglais": ["Morocco"],
"nom-arabe": ["&#1575;&#1604;&#1605;&#1594;&#1585;&#1576;"],
"nom-espagnol": ["Marruecos"],
"nom-folder": "Maroc",
"nom-francais": ["Maroc"],
"nom-italien": ["Marocco"],
"nom-machine": "lieu-2015-12-06-16-21-48-86966214488",
"nom-russe": ["&#1052;&#1072;&#1088;&#1086;&#1082;&#1082;&#1086;"],
"sous-type": "pays",
"type": "lieux"
}