{
"_id": "lieu-2015-12-06-16-22-47-86966218056",
"ajouter-aux-favoris": false,
"breadcrumb": "lieux/pays/Suede/",
"fiche-a-completer": true,
"fiche-publiee": true,
"identifiant-drupal": 365388,
"mise-a-jour": "2016-02-04-18-24-23",
"moment-de-creation": "2015-12-06-16-22-47",
"moment-de-modification": "2016-02-04-18-24-23",
"nom": "Su&#232;de",
"nom-anglais": ["Sweden"],
"nom-arabe": ["&#1575;&#1604;&#1587;&#1608;&#1610;&#1583;"],
"nom-espagnol": ["Suecia"],
"nom-folder": "Suede",
"nom-francais": ["Su&#232;de"],
"nom-italien": ["Svezia"],
"nom-machine": "lieu-2015-12-06-16-22-47-86966218056",
"nom-russe": ["&#1064;&#1074;&#1077;&#1094;&#1080;&#1103;"],
"sous-type": "pays",
"type": "lieux"
}