{
"_id": "lieu-2015-12-06-16-12-39-86966181599",
"ajouter-aux-favoris": false,
"breadcrumb": "lieux/pays/Bielorussie/",
"fiche-a-completer": true,
"fiche-publiee": true,
"identifiant-drupal": 365351,
"mise-a-jour": "2016-02-04-16-18-08",
"moment-de-creation": "2015-12-06-16-12-39",
"moment-de-modification": "2016-02-04-16-18-08",
"nom": "Bi&#233;lorussie",
"nom-anglais": ["Belarus"],
"nom-arabe": ["&#1576;&#1610;&#1604;&#1575;&#1585;&#1608;&#1587;&#1610;&#1575;"],
"nom-espagnol": ["Bielorrusia"],
"nom-folder": "Bielorussie",
"nom-francais": ["Bi&#233;lorussie"],
"nom-italien": ["Bielorussia"],
"nom-machine": "lieu-2015-12-06-16-12-39-86966181599",
"nom-russe": ["&#1041;&#1077;&#1083;&#1086;&#1088;&#1091;&#1089;&#1089;&#1080;&#1103;"],
"sous-type": "pays",
"type": "lieux"
}