{
"_id": "lieu-2015-12-06-16-21-12-86966212333",
"ajouter-aux-favoris": false,
"breadcrumb": "lieux/pays/Iles-Salomon/",
"fiche-a-completer": true,
"fiche-publiee": true,
"identifiant-drupal": 365407,
"mise-a-jour": "2016-02-04-18-22-14",
"moment-de-creation": "2015-12-06-16-21-12",
"moment-de-modification": "2016-02-04-18-22-14",
"nom": "&#206;les Salomon",
"nom-anglais": ["Solomon Islands"],
"nom-arabe": ["&#1580;&#1586;&#1585; &#1587;&#1604;&#1610;&#1605;&#1575;&#1606;"],
"nom-espagnol": ["Islas Salom&#243;n"],
"nom-folder": "Iles-Salomon",
"nom-francais": ["&#206;les Salomon"],
"nom-italien": ["Isole Salomone"],
"nom-machine": "lieu-2015-12-06-16-21-12-86966212333",
"nom-russe": ["&#1057;&#1086;&#1083;&#1086;&#1084;&#1086;&#1085;&#1086;&#1074;&#1099; &#1054;&#1089;&#1090;&#1088;&#1086;&#1074;&#1072;"],
"sous-type": "pays",
"type": "lieux"
}