{
"_id": "lieu-2015-12-06-16-23-06-86966219204",
"ajouter-aux-favoris": false,
"breadcrumb": "lieux/pays/Togo/",
"fiche-a-completer": true,
"fiche-publiee": true,
"identifiant-drupal": 365273,
"mise-a-jour": "2016-02-04-18-33-09",
"moment-de-creation": "2015-12-06-16-23-06",
"moment-de-modification": "2016-02-04-18-33-09",
"nom": "Togo",
"nom-anglais": ["Togo"],
"nom-arabe": ["&#1578;&#1608;&#1594;&#1608;"],
"nom-espagnol": ["Togo"],
"nom-folder": "Togo",
"nom-francais": ["Togo"],
"nom-italien": ["Togo"],
"nom-machine": "lieu-2015-12-06-16-23-06-86966219204",
"nom-russe": ["&#1058;&#1086;&#1075;&#1086;"],
"sous-type": "pays",
"type": "lieux"
}