{
"_id": "lieu-2015-12-06-16-12-21-86966180476",
"ajouter-aux-favoris": false,
"breadcrumb": "lieux/pays/Andorre/",
"fiche-a-completer": true,
"fiche-publiee": true,
"identifiant-drupal": 365349,
"mise-a-jour": "2016-02-04-15-42-31",
"moment-de-creation": "2015-12-06-16-12-21",
"moment-de-modification": "2016-02-04-15-42-31",
"nom": "Andorre",
"nom-anglais": ["Andorra"],
"nom-arabe": ["&#1571;&#1606;&#1583;&#1608;&#1585;&#1575;"],
"nom-espagnol": ["Andorra"],
"nom-folder": "Andorre",
"nom-francais": ["Andorre"],
"nom-italien": ["Andorra"],
"nom-machine": "lieu-2015-12-06-16-12-21-86966180476",
"nom-russe": ["&#1040;&#1085;&#1076;&#1086;&#1088;&#1088;&#1072;"],
"sous-type": "pays",
"type": "lieux"
}