{
"_id": "lieu-2015-12-06-16-15-33-86966192039",
"ajouter-aux-favoris": false,
"breadcrumb": "lieux/pays/Chypre-Nord/",
"description": "Chypre-Nord",
"fiche-a-completer": true,
"fiche-publiee": true,
"identifiant-drupal": 365319,
"mise-a-jour": "2015-01-04-02-27-22",
"moment-de-creation": "2015-12-06-16-15-33",
"moment-de-modification": "2015-01-04-02-27-22",
"nom": "Chypre-Nord",
"nom-anglais": ["Northern Cyprus"],
"nom-arabe": ["&#1602;&#1576;&#1585;&#1589; &#1575;&#1604;&#1588;&#1605;&#1575;&#1604;&#1610;&#1577;"],
"nom-espagnol": ["Chipre del Norte"],
"nom-folder": "Chypre-Nord",
"nom-francais": ["Chypre-Nord"],
"nom-italien": ["Cipro Nord"],
"nom-machine": "lieu-2015-12-06-16-15-33-86966192039",
"nom-russe": ["&#1057;&#1077;&#1074;&#1077;&#1088;&#1085;&#1099;&#1081; &#1050;&#1080;&#1087;&#1088;"],
"sous-type": "pays",
"type": "lieux"
}