{
"_id": "lieu-2015-12-06-16-12-21-86966180501",
"ajouter-aux-favoris": false,
"breadcrumb": "lieux/pays/Antilles/Iles-Turques-et-Caiques/",
"description": "&#206;les Turques et Ca&#239;ques",
"fiche-a-completer": true,
"fiche-publiee": true,
"identifiant-drupal": 380801,
"mise-a-jour": "2015-01-04-02-26-20",
"moment-de-creation": "2015-12-06-16-12-21",
"moment-de-modification": "2015-01-04-02-26-20",
"nom": "&#206;les Turques et Ca&#239;ques",
"nom-anglais": ["Turks and Caicos Islands"],
"nom-arabe": ["&#1580;&#1586;&#1585; &#1578;&#1608;&#1585;&#1603;&#1587; &#1608;&#1603;&#1575;&#1610;&#1603;&#1608;&#1587;"],
"nom-espagnol": ["Islas Turcas y Caicos"],
"nom-folder": "Iles-Turques-et-Caiques",
"nom-francais": ["&#206;les Turques et Ca&#239;ques"],
"nom-italien": ["Turks e Caicos"],
"nom-machine": "lieu-2015-12-06-16-12-21-86966180501",
"nom-russe": ["&#1058;&#1077;&#1088;&#1082;&#1089; &#1080; &#1050;&#1072;&#1081;&#1082;&#1086;&#1089;"],
"sous-type": "pays",
"type": "lieux"
}