{
"_id": "lieu-2015-12-06-16-22-40-86966217648",
"ajouter-aux-favoris": false,
"breadcrumb": "lieux/pays/Republique-democratique-du-Congo/",
"description": "R&#233;publique d&#233;mocratique du Congo",
"fiche-a-completer": true,
"fiche-publiee": true,
"identifiant-drupal": 365241,
"mise-a-jour": "2015-01-04-02-27-21",
"moment-de-creation": "2015-12-06-16-22-40",
"moment-de-modification": "2015-01-04-02-27-21",
"nom": "R&#233;publique d&#233;mocratique du Congo",
"nom-anglais": ["Democratic Republic of the Congo"],
"nom-arabe": ["&#1580;&#1605;&#1607;&#1608;&#1585;&#1610;&#1577; &#1575;&#1604;&#1603;&#1608;&#1606;&#1594;&#1608; &#1575;&#1604;&#1583;&#1610;&#1605;&#1602;&#1585;&#1575;&#1591;&#1610;&#1577;"],
"nom-espagnol": ["Rep&#250;blica Democr&#225;tica del Congo"],
"nom-folder": "Republique-democratique-du-Congo",
"nom-francais": ["R&#233;publique d&#233;mocratique du Congo"],
"nom-italien": ["Repubblica Democratica del Congo"],
"nom-machine": "lieu-2015-12-06-16-22-40-86966217648",
"nom-russe": ["&#1044;&#1077;&#1084;&#1086;&#1082;&#1088;&#1072;&#1090;&#1080;&#1095;&#1077;&#1089;&#1082;&#1072;&#1103; &#1056;&#1077;&#1089;&#1087;&#1091;&#1073;&#1083;&#1080;&#1082;&#1072; &#1050;&#1086;&#1085;&#1075;&#1086;"],
"sous-type": "pays",
"type": "lieux"
}