{
"_id": "lieu-2015-12-06-16-22-11-86966215886",
"ajouter-aux-favoris": false,
"breadcrumb": "lieux/pays/Moyen-Orient/Machrek/Iraq/",
"description": "Iraq",
"fiche-a-completer": true,
"fiche-publiee": true,
"identifiant-drupal": 365399,
"mise-a-jour": "2015-01-04-02-27-19",
"moment-de-creation": "2015-12-06-16-22-11",
"moment-de-modification": "2015-01-04-02-27-19",
"nom": "Iraq",
"nom-anglais": ["Iraq"],
"nom-arabe": ["&#1575;&#1604;&#1593;&#1585;&#1575;&#1602;"],
"nom-espagnol": ["Iraq"],
"nom-folder": "Iraq",
"nom-francais": ["Iraq"],
"nom-italien": ["Iraq"],
"nom-machine": "lieu-2015-12-06-16-22-11-86966215886",
"nom-russe": ["&#1048;&#1088;&#1072;&#1082;"],
"sous-type": "pays",
"type": "lieux"
}