{
"_id": "lieu-2015-12-06-16-20-58-86966211538",
"ajouter-aux-favoris": false,
"breadcrumb": "lieux/pays/Guinee-equatoriale/",
"fiche-a-completer": true,
"fiche-publiee": true,
"id-drupal-alt": 379170,
"identifiant-drupal": 365405,
"mise-a-jour": "2016-02-04-16-47-14",
"moment-de-creation": "2015-12-06-16-20-58",
"moment-de-modification": "2016-02-04-16-47-14",
"nom": "Guin&#233;e &#233;quatoriale",
"nom-anglais": ["Equatorial Guinea"],
"nom-arabe": ["&#1594;&#1610;&#1606;&#1610;&#1575; &#1575;&#1604;&#1575;&#1587;&#1578;&#1608;&#1575;&#1574;&#1610;&#1577;"],
"nom-espagnol": ["Guinea Ecuatorial"],
"nom-folder": "Guinee-equatoriale",
"nom-francais": ["Guin&#233;e &#233;quatoriale"],
"nom-italien": ["Guinea Equatoriale"],
"nom-machine": "lieu-2015-12-06-16-20-58-86966211538",
"nom-russe": ["&#1069;&#1082;&#1074;&#1072;&#1090;&#1086;&#1088;&#1080;&#1072;&#1083;&#1100;&#1085;&#1072;&#1103; &#1043;&#1074;&#1080;&#1085;&#1077;&#1103;"],
"sous-type": "pays",
"type": "lieux"
}