{
"_id": "lieu-2015-12-06-16-23-06-86966219213",
"ajouter-aux-favoris": false,
"breadcrumb": "lieux/pays/Trinidad-et-Tobago/",
"fiche-a-completer": true,
"fiche-publiee": true,
"identifiant-drupal": 365308,
"mise-a-jour": "2016-02-04-18-37-29",
"moment-de-creation": "2015-12-06-16-23-06",
"moment-de-modification": "2016-02-04-18-37-29",
"nom": "Trinidad et Tobago",
"nom-anglais": ["Trinidad and Tobago"],
"nom-arabe": ["&#1578;&#1585;&#1610;&#1606;&#1610;&#1583;&#1575;&#1583; &#1608;&#1578;&#1608;&#1576;&#1575;&#1594;&#1608;"],
"nom-espagnol": ["Trinidad y Tobago"],
"nom-folder": "Trinidad-et-Tobago",
"nom-francais": ["Trinidad et Tobago"],
"nom-italien": ["Trinidad e Tobago"],
"nom-machine": "lieu-2015-12-06-16-23-06-86966219213",
"nom-russe": ["&#1058;&#1088;&#1080;&#1085;&#1080;&#1076;&#1072;&#1076; &#1080; &#1058;&#1086;&#1073;&#1072;&#1075;&#1086;"],
"sous-type": "pays",
"type": "lieux"
}