{
"_id": "lieu-2015-12-06-16-21-17-86966212629",
"ajouter-aux-favoris": false,
"breadcrumb": "lieux/pays/Irlande-(Europe)/",
"fiche-a-completer": true,
"fiche-publiee": true,
"identifiant-drupal": 365365,
"mise-a-jour": "2016-02-04-16-54-19",
"moment-de-creation": "2015-12-06-16-21-17",
"moment-de-modification": "2016-02-04-16-54-19",
"nom": "Irlande (Europe)",
"nom-anglais": ["Ireland"],
"nom-arabe": ["&#1580;&#1605;&#1607;&#1608;&#1585;&#1610;&#1577; &#1571;&#1610;&#1585;&#1604;&#1606;&#1583;&#1575;"],
"nom-espagnol": ["Irlanda"],
"nom-folder": "Irlande-(Europe)",
"nom-francais": ["Irlande (Europe)"],
"nom-italien": ["Irlanda"],
"nom-machine": "lieu-2015-12-06-16-21-17-86966212629",
"nom-russe": ["&#1048;&#1088;&#1083;&#1072;&#1085;&#1076;&#1080;&#1103;"],
"sous-type": "pays",
"type": "lieux"
}