{
"_id": "lieu-2015-12-06-16-12-21-86966180484",
"ajouter-aux-favoris": false,
"breadcrumb": "lieux/pays/Antilles-francaises/",
"description": "Antilles fran&#231;aises",
"fiche-a-completer": true,
"fiche-publiee": true,
"identifiant-drupal": 362061,
"mise-a-jour": "2015-01-04-02-27-03",
"moment-de-creation": "2015-12-06-16-12-21",
"moment-de-modification": "2015-01-04-02-27-03",
"nom": "Antilles fran&#231;aises",
"nom-anglais": ["French West Indies"],
"nom-arabe": ["&#1575;&#1604;&#1571;&#1606;&#1578;&#1610;&#1604; &#1575;&#1604;&#1601;&#1585;&#1606;&#1587;&#1610;&#1577;"],
"nom-espagnol": ["Antillas francesas"],
"nom-folder": "Antilles-francaises",
"nom-francais": ["Antilles fran&#231;aises"],
"nom-italien": ["Antille francesi"],
"nom-machine": "lieu-2015-12-06-16-12-21-86966180484",
"nom-russe": ["&#1060;&#1088;&#1072;&#1085;&#1094;&#1091;&#1079;&#1089;&#1082;&#1072;&#1103; &#1042;&#1077;&#1089;&#1090;-&#1048;&#1085;&#1076;&#1080;&#1103;"],
"sous-type": "pays",
"type": "lieux"
}