{
"_id": "lieu-2015-12-06-16-21-46-86966214373",
"ajouter-aux-favoris": false,
"breadcrumb": "lieux/pays/Mali/",
"fiche-a-completer": true,
"fiche-publiee": true,
"identifiant-drupal": 365254,
"mise-a-jour": "2016-02-04-17-34-17",
"moment-de-creation": "2015-12-06-16-21-46",
"moment-de-modification": "2016-02-04-17-34-17",
"nom": "Mali",
"nom-anglais": ["Mali"],
"nom-arabe": ["&#1605;&#1575;&#1604;&#1610;&#1586;&#1610;&#1575;"],
"nom-espagnol": ["Mal&#237;"],
"nom-folder": "Mali",
"nom-francais": ["Mali"],
"nom-italien": ["Mali"],
"nom-machine": "lieu-2015-12-06-16-21-46-86966214373",
"nom-russe": ["&#1052;&#1072;&#1083;&#1080;"],
"sous-type": "pays",
"type": "lieux"
}