{
"_id": "lieu-2015-12-06-16-22-42-86966217762",
"ajouter-aux-favoris": false,
"breadcrumb": "lieux/pays/Republique-du-Congo/",
"fiche-a-completer": true,
"fiche-publiee": true,
"identifiant-drupal": 365240,
"mise-a-jour": "2016-02-04-16-21-18",
"moment-de-creation": "2015-12-06-16-22-42",
"moment-de-modification": "2016-02-04-16-21-18",
"nom": "R&#233;publique du Congo",
"nom-anglais": ["Republic of the Congo"],
"nom-arabe": ["&#1580;&#1605;&#1607;&#1608;&#1585;&#1610;&#1577; &#1575;&#1604;&#1603;&#1608;&#1606;&#1594;&#1608;"],
"nom-espagnol": ["Rep&#250;blica del Congo"],
"nom-folder": "Republique-du-Congo",
"nom-francais": ["R&#233;publique du Congo"],
"nom-italien": ["Repubblica del Congo"],
"nom-machine": "lieu-2015-12-06-16-22-42-86966217762",
"nom-russe": ["&#1056;&#1077;&#1089;&#1087;&#1091;&#1073;&#1083;&#1080;&#1082;&#1072; &#1050;&#1086;&#1085;&#1075;&#1086;"],
"sous-type": "pays",
"type": "lieux"
}