{
"_id": "lieu-2015-12-06-16-22-47-86966218038",
"ajouter-aux-favoris": false,
"breadcrumb": "lieux/pays/Somalie/",
"fiche-a-completer": true,
"fiche-publiee": true,
"identifiant-drupal": 365267,
"mise-a-jour": "2016-02-04-18-28-10",
"moment-de-creation": "2015-12-06-16-22-47",
"moment-de-modification": "2016-02-04-18-28-10",
"nom": "Somalie",
"nom-anglais": ["Somalia"],
"nom-arabe": ["&#1575;&#1604;&#1589;&#1608;&#1605;&#1575;&#1604;"],
"nom-espagnol": ["Somalia"],
"nom-folder": "Somalie",
"nom-francais": ["Somalie"],
"nom-italien": ["Somalia"],
"nom-machine": "lieu-2015-12-06-16-22-47-86966218038",
"nom-russe": ["&#1057;&#1086;&#1084;&#1072;&#1083;&#1080;"],
"sous-type": "pays",
"type": "lieux"
}