{
"_id": "lieu-2015-12-06-16-12-31-86966181066",
"ajouter-aux-favoris": false,
"breadcrumb": "lieux/pays/Bangladesh/",
"fiche-a-completer": true,
"fiche-publiee": true,
"identifiant-drupal": 365313,
"mise-a-jour": "2016-02-04-16-03-01",
"moment-de-creation": "2015-12-06-16-12-31",
"moment-de-modification": "2016-02-04-16-03-01",
"nom": "Bangladesh",
"nom-anglais": ["Bangladesh"],
"nom-arabe": ["&#1576;&#1606;&#1594;&#1604;&#1575;&#1583;&#1610;&#1588;"],
"nom-espagnol": ["Banglad&#233;s"],
"nom-folder": "Bangladesh",
"nom-francais": ["Bangladesh"],
"nom-italien": ["Bangladesh"],
"nom-machine": "lieu-2015-12-06-16-12-31-86966181066",
"nom-russe": ["&#1041;&#1072;&#1085;&#1075;&#1083;&#1072;&#1076;&#1077;&#1096;"],
"sous-type": "pays",
"type": "lieux"
}