{
"_id": "lieu-2015-12-06-16-23-25-86966220305",
"ajouter-aux-favoris": false,
"breadcrumb": "lieux/pays/Vietnam/",
"fiche-a-completer": true,
"fiche-publiee": true,
"identifiant-drupal": 365346,
"mise-a-jour": "2016-02-04-18-44-19",
"moment-de-creation": "2015-12-06-16-23-25",
"moment-de-modification": "2016-02-04-18-44-19",
"nom": "Vietnam",
"nom-anglais": ["Vietnam"],
"nom-arabe": ["&#1601;&#1610;&#1578;&#1606;&#1575;&#1605;"],
"nom-espagnol": ["Vietnam"],
"nom-folder": "Vietnam",
"nom-francais": ["Vietnam"],
"nom-italien": ["Vietnam"],
"nom-machine": "lieu-2015-12-06-16-23-25-86966220305",
"nom-russe": ["&#1042;&#1100;&#1077;&#1090;&#1085;&#1072;&#1084;"],
"sous-type": "pays",
"type": "lieux"
}