{
"_id": "lieu-2015-12-06-16-21-43-86966214219",
"ajouter-aux-favoris": false,
"breadcrumb": "lieux/pays/Liechtenstein/",
"fiche-a-completer": true,
"fiche-publiee": true,
"identifiant-drupal": 365369,
"mise-a-jour": "2016-02-04-17-25-50",
"moment-de-creation": "2015-12-06-16-21-43",
"moment-de-modification": "2016-02-04-17-25-50",
"nom": "Liechtenstein",
"nom-anglais": ["Liechtenstein"],
"nom-arabe": ["&#1604;&#1610;&#1582;&#1578;&#1606;&#1588;&#1578;&#1575;&#1610;&#1606;"],
"nom-espagnol": ["Liechtenstein"],
"nom-folder": "Liechtenstein",
"nom-francais": ["Liechtenstein"],
"nom-italien": ["Liechtenstein"],
"nom-machine": "lieu-2015-12-06-16-21-43-86966214219",
"nom-russe": ["&#1051;&#1080;&#1093;&#1090;&#1077;&#1085;&#1096;&#1090;&#1077;&#1081;&#1085;"],
"sous-type": "pays",
"type": "lieux"
}