{
"_id": "lieu-2015-12-06-16-21-36-86966213805",
"ajouter-aux-favoris": false,
"breadcrumb": "lieux/pays/Lesotho/",
"fiche-a-completer": true,
"fiche-publiee": true,
"identifiant-drupal": 365278,
"mise-a-jour": "2016-02-04-17-27-18",
"moment-de-creation": "2015-12-06-16-21-36",
"moment-de-modification": "2016-02-04-17-27-18",
"nom": "Lesotho",
"nom-anglais": ["Lesotho"],
"nom-arabe": ["&#1604;&#1610;&#1587;&#1608;&#1578;&#1608;"],
"nom-espagnol": ["Lesoto"],
"nom-folder": "Lesotho",
"nom-francais": ["Lesotho"],
"nom-italien": ["Lesotho"],
"nom-machine": "lieu-2015-12-06-16-21-36-86966213805",
"nom-russe": ["&#1051;&#1077;&#1089;&#1086;&#1090;&#1086;"],
"sous-type": "pays",
"type": "lieux"
}