{
"_id": "lieu-2015-12-06-16-12-21-86966180498",
"ajouter-aux-favoris": false,
"breadcrumb": "lieux/pays/Antilles/Antigua-et-Barbuda/",
"description": "Antigua et Barbuda",
"fiche-a-completer": true,
"fiche-publiee": true,
"identifiant-drupal": 365301,
"mise-a-jour": "2015-01-04-02-26-20",
"moment-de-creation": "2015-12-06-16-12-21",
"moment-de-modification": "2015-01-04-02-26-20",
"nom": "Antigua-et-Barbuda",
"nom-anglais": ["Antigua and Barbuda"],
"nom-arabe": ["&#1571;&#1606;&#1578;&#1610;&#1594;&#1608;&#1575; &#1608;&#1576;&#1575;&#1585;&#1576;&#1608;&#1583;&#1575;"],
"nom-espagnol": ["Antigua y Barbuda"],
"nom-folder": "Antigua-et-Barbuda",
"nom-francais": ["Antigua-et-Barbuda"],
"nom-italien": ["Antigua e Barbuda"],
"nom-machine": "lieu-2015-12-06-16-12-21-86966180498",
"nom-russe": ["&#1040;&#1085;&#1090;&#1080;&#1075;&#1091;&#1072; &#1080; &#1041;&#1072;&#1088;&#1073;&#1091;&#1076;&#1072;"],
"sous-type": "pays",
"type": "lieux"
}