{
"_id": "lieu-2015-12-06-16-12-22-86966180532",
"ajouter-aux-favoris": false,
"breadcrumb": "lieux/pays/Antilles/Montserrat/",
"description": "Montserrat",
"fiche-a-completer": true,
"fiche-publiee": true,
"identifiant-drupal": 380828,
"mise-a-jour": "2015-01-04-02-26-20",
"moment-de-creation": "2015-12-06-16-12-22",
"moment-de-modification": "2015-01-04-02-26-20",
"nom": "Montserrat",
"nom-anglais": ["Montserrat"],
"nom-arabe": ["&#1605;&#1608;&#1606;&#1578;&#1587;&#1585;&#1575;&#1578;"],
"nom-espagnol": ["Montserrat"],
"nom-folder": "Montserrat",
"nom-francais": ["Montserrat"],
"nom-italien": ["Montserrat"],
"nom-machine": "lieu-2015-12-06-16-12-22-86966180532",
"nom-russe": ["&#1052;&#1086;&#1085;&#1090;&#1089;&#1077;&#1088;&#1088;&#1072;&#1090;"],
"sous-type": "pays",
"type": "lieux"
}