{
"_id": "lieu-2015-12-06-16-23-25-86966220308",
"ajouter-aux-favoris": false,
"breadcrumb": "lieux/pays/Wallis-et-Futuna/",
"fiche-a-completer": true,
"fiche-publiee": true,
"identifiant-drupal": 362111,
"mise-a-jour": "2016-02-04-18-45-15",
"moment-de-creation": "2015-12-06-16-23-25",
"moment-de-modification": "2016-02-04-18-45-15",
"nom": "Wallis-et-Futuna",
"nom-anglais": ["Wallis and Futuna Islands"],
"nom-arabe": ["&#1608;&#1575;&#1604;&#1587; &#1608;&#1601;&#1608;&#1578;&#1608;&#1606;&#1575;"],
"nom-espagnol": ["Wallis y Futuna"],
"nom-folder": "Wallis-et-Futuna",
"nom-francais": ["Wallis-et-Futuna"],
"nom-italien": ["Wallis e Futuna"],
"nom-machine": "lieu-2015-12-06-16-23-25-86966220308",
"nom-russe": ["&#1059;&#1086;&#1083;&#1083;&#1080;&#1089; &#1080; &#1060;&#1091;&#1090;&#1091;&#1085;&#1072;"],
"sous-type": "pays",
"type": "lieux"
}