{
"_id": "lieu-2015-12-06-16-22-46-86966218010",
"ajouter-aux-favoris": false,
"breadcrumb": "lieux/pays/Samoa/",
"fiche-a-completer": true,
"fiche-publiee": true,
"identifiant-drupal": 365394,
"mise-a-jour": "2016-02-04-18-45-53",
"moment-de-creation": "2015-12-06-16-22-46",
"moment-de-modification": "2016-02-04-18-45-53",
"nom": "Samoa",
"nom-anglais": ["Samoa"],
"nom-arabe": ["&#1587;&#1575;&#1605;&#1608;&#1575;"],
"nom-espagnol": ["Samoa"],
"nom-folder": "Samoa",
"nom-francais": ["Samoa"],
"nom-italien": ["Samoa"],
"nom-machine": "lieu-2015-12-06-16-22-46-86966218010",
"nom-russe": ["&#1057;&#1072;&#1084;&#1086;&#1072;"],
"sous-type": "pays",
"type": "lieux"
}