{
"_id": "lieu-2015-12-06-16-21-48-86966214485",
"ajouter-aux-favoris": false,
"breadcrumb": "lieux/pays/Malte/",
"fiche-a-completer": true,
"fiche-publiee": true,
"identifiant-drupal": 365373,
"mise-a-jour": "2016-02-04-17-38-56",
"moment-de-creation": "2015-12-06-16-21-48",
"moment-de-modification": "2016-02-04-17-38-56",
"nom": "Malte",
"nom-anglais": ["Malta"],
"nom-arabe": ["&#1605;&#1575;&#1604;&#1591;&#1575;"],
"nom-espagnol": ["Malta"],
"nom-folder": "Malte",
"nom-francais": ["Malte"],
"nom-italien": ["Malta"],
"nom-machine": "lieu-2015-12-06-16-21-48-86966214485",
"nom-russe": ["&#1052;&#1072;&#1083;&#1100;&#1090;&#1072;"],
"sous-type": "pays",
"type": "lieux"
}