{
"_id": "lieu-2015-12-06-16-20-58-86966211535",
"ajouter-aux-favoris": false,
"breadcrumb": "lieux/pays/Guinee-Bissau/",
"fiche-a-completer": true,
"fiche-publiee": true,
"identifiant-drupal": 365406,
"mise-a-jour": "2016-02-04-16-49-12",
"moment-de-creation": "2015-12-06-16-20-58",
"moment-de-modification": "2016-02-04-16-49-12",
"nom": "Guin&#233;e-Bissau",
"nom-anglais": ["Guinea Bissau"],
"nom-arabe": ["&#1594;&#1610;&#1606;&#1610;&#1575; &#1576;&#1610;&#1587;&#1575;&#1608;"],
"nom-espagnol": ["Guinea-Bis&#225;u"],
"nom-folder": "Guinee-Bissau",
"nom-francais": ["Guin&#233;e-Bissau"],
"nom-italien": ["Guinea-Bissau"],
"nom-machine": "lieu-2015-12-06-16-20-58-86966211535",
"nom-russe": ["&#1043;&#1074;&#1080;&#1085;&#1077;&#1103;-&#1041;&#1080;&#1089;&#1072;&#1091;"],
"sous-type": "pays",
"type": "lieux"
}