{
"_id": "lieu-2015-12-06-16-22-11-86966215897",
"ajouter-aux-favoris": false,
"breadcrumb": "lieux/pays/Moyen-Orient/Oman/",
"description": "Oman",
"fiche-a-completer": true,
"fiche-publiee": true,
"identifiant-drupal": 365401,
"mise-a-jour": "2015-01-04-02-27-19",
"moment-de-creation": "2015-12-06-16-22-11",
"moment-de-modification": "2015-01-04-02-27-19",
"nom": "Oman",
"nom-anglais": ["Oman"],
"nom-arabe": ["&#1587;&#1604;&#1591;&#1606;&#1577; &#1593;&#1605;&#1575;&#1606;"],
"nom-espagnol": ["Om&#225;n"],
"nom-folder": "Oman",
"nom-francais": ["Oman"],
"nom-italien": ["Oman"],
"nom-machine": "lieu-2015-12-06-16-22-11-86966215897",
"nom-russe": ["&#1054;&#1084;&#1072;&#1085;"],
"sous-type": "pays",
"type": "lieux"
}