{
"_id": "lieu-2015-12-06-16-22-45-86966217930",
"ajouter-aux-favoris": false,
"breadcrumb": "lieux/pays/Russie/",
"fiche-a-completer": true,
"fiche-publiee": true,
"identifiant-drupal": 365337,
"mise-a-jour": "2016-02-04-18-20-43",
"moment-de-creation": "2015-12-06-16-22-45",
"moment-de-modification": "2016-02-04-18-20-43",
"nom": "Russie",
"nom-anglais": ["Russia"],
"nom-arabe": ["&#1585;&#1608;&#1587;&#1610;&#1575;"],
"nom-espagnol": ["Rusia"],
"nom-folder": "Russie",
"nom-francais": ["Russie"],
"nom-italien": ["Russia"],
"nom-machine": "lieu-2015-12-06-16-22-45-86966217930",
"nom-russe": ["&#1056;&#1086;&#1089;&#1089;&#1080;&#1103;"],
"sous-type": "pays",
"type": "lieux"
}