{
"_id": "lieu-2015-12-06-16-10-53-86966175218",
"ajouter-aux-favoris": false,
"breadcrumb": "lieux/pays/Allemagne/",
"fiche-a-completer": true,
"fiche-publiee": true,
"identifiant-drupal": 365348,
"mise-a-jour": "2016-02-05-23-54-13",
"moment-de-creation": "2015-12-06-16-10-53",
"moment-de-modification": "2016-02-05-23-54-13",
"nom": "Allemagne",
"nom-anglais": ["Germany"],
"nom-arabe": ["&#1571;&#1604;&#1605;&#1575;&#1606;&#1610;&#1575;"],
"nom-espagnol": ["Alemania"],
"nom-folder": "Allemagne",
"nom-francais": ["Allemagne"],
"nom-italien": ["Germania"],
"nom-machine": "lieu-2015-12-06-16-10-53-86966175218",
"nom-russe": ["&#1043;&#1077;&#1088;&#1084;&#1072;&#1085;&#1080;&#1103;"],
"sous-type": "pays",
"type": "lieux"
}