{
"_id": "lieu-2015-12-06-16-21-43-86966214224",
"ajouter-aux-favoris": false,
"breadcrumb": "lieux/pays/Luxembourg/",
"fiche-a-completer": true,
"fiche-publiee": true,
"mise-a-jour": "2016-02-04-17-29-47",
"moment-de-creation": "2015-12-06-16-21-43",
"moment-de-modification": "2016-02-04-17-29-47",
"nom": "Luxembourg (pays)",
"nom-anglais": ["Luxembourg"],
"nom-arabe": ["&#1604;&#1608;&#1603;&#1587;&#1605;&#1576;&#1608;&#1585;&#1594;"],
"nom-espagnol": ["Luxemburgo"],
"nom-folder": "Luxembourg",
"nom-francais": ["Luxembourg (pays)"],
"nom-italien": ["Lussemburgo"],
"nom-machine": "lieu-2015-12-06-16-21-43-86966214224",
"nom-russe": ["&#1051;&#1102;&#1082;&#1089;&#1077;&#1084;&#1073;&#1091;&#1088;&#1075;"],
"sous-type": "pays",
"type": "lieux"
}