{
"_id": "lieu-2015-12-06-16-22-46-86966217992",
"ajouter-aux-favoris": false,
"breadcrumb": "lieux/pays/Saint-Pierre-et-Miquelon/",
"fiche-a-completer": true,
"fiche-publiee": true,
"identifiant-drupal": 362107,
"mise-a-jour": "2016-02-04-17-56-11",
"moment-de-creation": "2015-12-06-16-22-46",
"moment-de-modification": "2016-02-04-17-56-11",
"nom": "Saint-Pierre-et-Miquelon",
"nom-anglais": ["Saint Pierre and Miquelon"],
"nom-arabe": ["&#1587;&#1575;&#1606; &#1576;&#1610;&#1610;&#1585; &#1608;&#1605;&#1610;&#1603;&#1604;&#1608;&#1606;"],
"nom-espagnol": ["San Pedro y Miquel&#243;n"],
"nom-folder": "Saint-Pierre-et-Miquelon",
"nom-francais": ["Saint-Pierre-et-Miquelon"],
"nom-italien": ["Saint-Pierre e Miquelon"],
"nom-machine": "lieu-2015-12-06-16-22-46-86966217992",
"nom-russe": ["&#1057;&#1077;&#1085;-&#1055;&#1100;&#1077;&#1088; &#1080; &#1052;&#1080;&#1082;&#1077;&#1083;&#1086;&#1085;"],
"sous-type": "pays",
"type": "lieux"
}