{
"_id": "lieu-2015-12-06-16-12-31-86966181061",
"ajouter-aux-favoris": false,
"breadcrumb": "lieux/pays/Azerbaidjan/",
"fiche-a-completer": true,
"fiche-publiee": true,
"identifiant-drupal": 365312,
"mise-a-jour": "2016-02-04-16-00-09",
"moment-de-creation": "2015-12-06-16-12-31",
"moment-de-modification": "2016-02-04-16-00-09",
"nom": "Azerba&#239;djan",
"nom-anglais": ["Azerbaijan"],
"nom-arabe": ["&#1571;&#1584;&#1585;&#1576;&#1610;&#1580;&#1575;&#1606;"],
"nom-espagnol": ["Azerbaiy&#225;n"],
"nom-folder": "Azerbaidjan",
"nom-francais": ["Azerba&#239;djan"],
"nom-italien": ["Azerbaigian"],
"nom-machine": "lieu-2015-12-06-16-12-31-86966181061",
"nom-russe": ["&#1040;&#1079;&#1077;&#1088;&#1073;&#1072;&#1081;&#1076;&#1078;&#1072;&#1085;"],
"sous-type": "pays",
"type": "lieux"
}