{
"_id": "lieu-2015-12-06-16-22-47-86966218036",
"ajouter-aux-favoris": false,
"breadcrumb": "lieux/pays/Slovenie/",
"fiche-a-completer": true,
"fiche-publiee": true,
"identifiant-drupal": 365387,
"mise-a-jour": "2016-02-04-18-25-33",
"moment-de-creation": "2015-12-06-16-22-47",
"moment-de-modification": "2016-02-04-18-25-33",
"nom": "Slov&#233;nie",
"nom-anglais": ["Slovenia"],
"nom-arabe": ["&#1587;&#1604;&#1608;&#1601;&#1610;&#1606;&#1610;&#1575;"],
"nom-espagnol": ["Eslovenia"],
"nom-folder": "Slovenie",
"nom-francais": ["Slov&#233;nie"],
"nom-italien": ["Slovenia"],
"nom-machine": "lieu-2015-12-06-16-22-47-86966218036",
"nom-russe": ["&#1057;&#1083;&#1086;&#1074;&#1077;&#1085;&#1080;&#1103;"],
"sous-type": "pays",
"type": "lieux"
}