{
"_id": "lieu-2015-12-06-16-12-31-86966181063",
"ajouter-aux-favoris": false,
"breadcrumb": "lieux/pays/Bahamas/",
"fiche-a-completer": true,
"fiche-publiee": true,
"mise-a-jour": "2016-02-04-16-16-07",
"moment-de-creation": "2015-12-06-16-12-31",
"moment-de-modification": "2016-02-04-16-16-07",
"nom": "Bahamas",
"nom-anglais": ["Bahamas"],
"nom-arabe": ["&#1576;&#1575;&#1607;&#1575;&#1605;&#1575;&#1587;"],
"nom-espagnol": ["Bahamas"],
"nom-folder": "Bahamas",
"nom-francais": ["Bahamas"],
"nom-italien": ["Bahamas"],
"nom-machine": "lieu-2015-12-06-16-12-31-86966181063",
"nom-russe": ["&#1041;&#1072;&#1075;&#1072;&#1084;&#1089;&#1082;&#1080;&#1077;"],
"sous-type": "pays",
"type": "lieux"
}