{
"_id": "lieu-2015-12-06-16-22-13-86966216005",
"ajouter-aux-favoris": false,
"breadcrumb": "lieux/pays/Nagorno-Karabakh/",
"description": "Nagorno-Karabakh",
"fiche-a-completer": true,
"fiche-publiee": true,
"identifiant-drupal": 365332,
"mise-a-jour": "2015-01-04-02-27-01",
"moment-de-creation": "2015-12-06-16-22-13",
"moment-de-modification": "2015-01-04-02-27-01",
"nom": "Nagorno-Karabakh",
"nom-anglais": ["Nagorno-Karabakh"],
"nom-arabe": ["&#1605;&#1585;&#1578;&#1601;&#1593;&#1575;&#1578; &#1602;&#1585;&#1577; &#1576;&#1575;&#1594;"],
"nom-espagnol": ["Nagorno Karabaj"],
"nom-folder": "Nagorno-Karabakh",
"nom-francais": ["Nagorno-Karabakh"],
"nom-italien": ["Nagorno Karabakh"],
"nom-machine": "lieu-2015-12-06-16-22-13-86966216005",
"nom-russe": ["&#1053;&#1072;&#1075;&#1086;&#1088;&#1085;&#1099;&#1081; &#1050;&#1072;&#1088;&#1072;&#1073;&#1072;&#1093;"],
"sous-type": "pays",
"type": "lieux"
}