{
"_id": "lieu-2015-12-06-16-21-44-86966214271",
"ajouter-aux-favoris": false,
"breadcrumb": "lieux/pays/Macedoine/",
"fiche-a-completer": true,
"fiche-publiee": true,
"identifiant-drupal": 365372,
"mise-a-jour": "2016-02-04-17-33-58",
"moment-de-creation": "2015-12-06-16-21-44",
"moment-de-modification": "2016-02-04-17-33-58",
"nom": "Mac&#233;doine",
"nom-anglais": ["Macedonia"],
"nom-arabe": ["&#1580;&#1605;&#1607;&#1608;&#1585;&#1610;&#1577; &#1605;&#1602;&#1583;&#1608;&#1606;&#1610;&#1575;"],
"nom-espagnol": ["Macedonia"],
"nom-folder": "Macedoine",
"nom-francais": ["Mac&#233;doine"],
"nom-italien": ["Macedonia"],
"nom-machine": "lieu-2015-12-06-16-21-44-86966214271",
"nom-russe": ["&#1052;&#1072;&#1082;&#1077;&#1076;&#1086;&#1085;&#1080;&#1103;"],
"sous-type": "pays",
"type": "lieux"
}