{
"_id": "lieu-2015-12-06-16-22-25-86966216710",
"ajouter-aux-favoris": false,
"breadcrumb": "lieux/pays/Ossetie-du-Sud/",
"description": "Oss&#233;tie du Sud",
"fiche-a-completer": true,
"fiche-publiee": true,
"identifiant-drupal": 365334,
"mise-a-jour": "2015-01-04-02-26-20",
"moment-de-creation": "2015-12-06-16-22-25",
"moment-de-modification": "2015-01-04-02-26-20",
"nom": "Oss&#233;tie du Sud",
"nom-anglais": ["South Ossetia"],
"nom-arabe": ["&#1571;&#1608;&#1587;&#1610;&#1578;&#1610;&#1575; &#1575;&#1604;&#1580;&#1606;&#1608;&#1576;&#1610;&#1577;"],
"nom-espagnol": ["Osetia del Sur"],
"nom-folder": "Ossetie-du-Sud",
"nom-francais": ["Oss&#233;tie du Sud"],
"nom-italien": ["Ossezia del Sud"],
"nom-machine": "lieu-2015-12-06-16-22-25-86966216710",
"nom-russe": ["&#1070;&#1078;&#1085;&#1072;&#1103; &#1054;&#1089;&#1077;&#1090;&#1080;&#1103;"],
"sous-type": "pays",
"type": "lieux"
}