{
"_id": "lieu-2015-12-06-16-22-11-86966215894",
"ajouter-aux-favoris": false,
"breadcrumb": "lieux/pays/Moyen-Orient/Machrek/Koweit/",
"description": "Kowe&#239;t",
"fiche-a-completer": true,
"fiche-publiee": true,
"identifiant-drupal": 365327,
"mise-a-jour": "2015-01-04-02-27-19",
"moment-de-creation": "2015-12-06-16-22-11",
"moment-de-modification": "2015-01-04-02-27-19",
"nom": "Kowe&#239;t",
"nom-anglais": ["Kuwait"],
"nom-arabe": ["&#1575;&#1604;&#1603;&#1608;&#1610;&#1578;"],
"nom-espagnol": ["Kuwait"],
"nom-folder": "Koweit",
"nom-francais": ["Kowe&#239;t"],
"nom-italien": ["Kuwait"],
"nom-machine": "lieu-2015-12-06-16-22-11-86966215894",
"nom-russe": ["&#1050;&#1091;&#1074;&#1077;&#1081;&#1090;"],
"sous-type": "pays",
"type": "lieux"
}