{
"_id": "lieu-2015-12-06-16-22-11-86966215880",
"ajouter-aux-favoris": false,
"breadcrumb": "lieux/pays/Moyen-Orient/Bahrein/",
"description": "Bahre&#239;n",
"fiche-a-completer": true,
"fiche-publiee": true,
"identifiant-drupal": 365397,
"mise-a-jour": "2015-01-04-02-27-19",
"moment-de-creation": "2015-12-06-16-22-11",
"moment-de-modification": "2015-01-04-02-27-19",
"nom": "Bahre&#239;n",
"nom-anglais": ["Bahrain"],
"nom-arabe": ["&#1575;&#1604;&#1576;&#1581;&#1585;&#1610;&#1606;"],
"nom-espagnol": ["Bahr&#225;in"],
"nom-folder": "Bahrein",
"nom-francais": ["Bahre&#239;n"],
"nom-italien": ["Bahrein"],
"nom-machine": "lieu-2015-12-06-16-22-11-86966215880",
"nom-russe": ["&#1041;&#1072;&#1093;&#1088;&#1077;&#1081;&#1085;"],
"sous-type": "pays",
"type": "lieux"
}