{
"_id": "lieu-2015-12-06-16-12-44-86966181881",
"ajouter-aux-favoris": false,
"breadcrumb": "lieux/pays/Cameroun/",
"fiche-a-completer": true,
"fiche-publiee": true,
"identifiant-drupal": 365238,
"mise-a-jour": "2016-02-04-16-24-14",
"moment-de-creation": "2015-12-06-16-12-44",
"moment-de-modification": "2016-02-04-16-24-14",
"nom": "Cameroun",
"nom-anglais": ["Cameroon"],
"nom-arabe": ["&#1575;&#1604;&#1603;&#1575;&#1605;&#1610;&#1585;&#1608;&#1606;"],
"nom-espagnol": ["Camer&#250;n"],
"nom-folder": "Cameroun",
"nom-francais": ["Cameroun"],
"nom-italien": ["Camerun"],
"nom-machine": "lieu-2015-12-06-16-12-44-86966181881",
"nom-russe": ["&#1050;&#1072;&#1084;&#1077;&#1088;&#1091;&#1085;"],
"sous-type": "pays",
"type": "lieux"
}