{
"_id": "lieu-2015-12-06-16-12-44-86966181876",
"ajouter-aux-favoris": false,
"breadcrumb": "lieux/pays/Cambodge/",
"fiche-a-completer": true,
"fiche-publiee": true,
"identifiant-drupal": 365317,
"mise-a-jour": "2016-02-04-17-16-58",
"moment-de-creation": "2015-12-06-16-12-44",
"moment-de-modification": "2016-02-04-17-16-58",
"nom": "Cambodge",
"nom-anglais": ["Cambodia"],
"nom-arabe": ["&#1603;&#1605;&#1576;&#1608;&#1583;&#1610;&#1575;"],
"nom-espagnol": ["Camboya"],
"nom-folder": "Cambodge",
"nom-francais": ["Cambodge"],
"nom-italien": ["Cambodia"],
"nom-machine": "lieu-2015-12-06-16-12-44-86966181876",
"nom-russe": ["&#1050;&#1072;&#1084;&#1073;&#1086;&#1076;&#1078;&#1072;"],
"sous-type": "pays",
"type": "lieux"
}