{
"_id": "lieu-2015-12-06-16-22-47-86966218047",
"ajouter-aux-favoris": false,
"breadcrumb": "lieux/pays/Soudan/",
"fiche-a-completer": true,
"fiche-publiee": true,
"identifiant-drupal": 365269,
"mise-a-jour": "2016-02-04-18-23-43",
"moment-de-creation": "2015-12-06-16-22-47",
"moment-de-modification": "2016-02-04-18-23-43",
"nom": "Soudan",
"nom-anglais": ["Sudan"],
"nom-arabe": ["&#1575;&#1604;&#1587;&#1608;&#1583;&#1575;&#1606;"],
"nom-espagnol": ["Sud&#225;n"],
"nom-folder": "Soudan",
"nom-francais": ["Soudan"],
"nom-italien": ["Sudan"],
"nom-machine": "lieu-2015-12-06-16-22-47-86966218047",
"nom-russe": ["&#1057;&#1091;&#1076;&#1072;&#1085;"],
"sous-type": "pays",
"type": "lieux"
}