{
"_id": "lieu-2015-12-06-16-15-45-86966192734",
"ajouter-aux-favoris": false,
"breadcrumb": "lieux/pays/DOM-TOM/",
"description": "DOM-TOM",
"fiche-a-completer": true,
"fiche-publiee": true,
"identifiant-drupal": 362099,
"mise-a-jour": "2015-01-04-02-26-20",
"moment-de-creation": "2015-12-06-16-15-45",
"moment-de-modification": "2015-01-04-02-26-20",
"nom": "DOM-TOM",
"nom-anglais": ["DOM-TOM"],
"nom-arabe": ["&#1583;&#1608;&#1605; &#1578;&#1608;&#1605;"],
"nom-espagnol": ["DOM-TOM"],
"nom-folder": "DOM-TOM",
"nom-francais": ["DOM-TOM"],
"nom-italien": ["DOM-TOM"],
"nom-machine": "lieu-2015-12-06-16-15-45-86966192734",
"nom-russe": ["DOM-TOM"],
"sous-type": "pays",
"type": "lieux"
}