{
"_id": "lieu-2015-12-06-16-22-46-86966218007",
"ajouter-aux-favoris": false,
"breadcrumb": "lieux/pays/Sainte-Lucie/",
"fiche-a-completer": true,
"fiche-publiee": true,
"identifiant-drupal": 365307,
"mise-a-jour": "2016-02-04-17-25-26",
"moment-de-creation": "2015-12-06-16-22-46",
"moment-de-modification": "2016-02-04-17-25-26",
"nom": "Sainte-Lucie",
"nom-anglais": ["Saint Lucia"],
"nom-arabe": ["&#1587;&#1575;&#1606;&#1578; &#1604;&#1608;&#1587;&#1610;&#1575;"],
"nom-espagnol": ["Santa Luc&#237;a"],
"nom-folder": "Sainte-Lucie",
"nom-francais": ["Sainte-Lucie"],
"nom-italien": ["Santa Lucia"],
"nom-machine": "lieu-2015-12-06-16-22-46-86966218007",
"nom-russe": ["&#1057;&#1077;&#1085;&#1090;-&#1051;&#1102;&#1089;&#1080;&#1103;"],
"sous-type": "pays",
"type": "lieux"
}