{
"_id": "lieu-2015-12-06-16-21-36-86966213808",
"ajouter-aux-favoris": false,
"breadcrumb": "lieux/pays/Lettonie/",
"description": "Lettonie",
"fiche-a-completer": true,
"fiche-publiee": true,
"identifiant-drupal": 365368,
"mise-a-jour": "2015-01-04-02-27-05",
"moment-de-creation": "2015-12-06-16-21-36",
"moment-de-modification": "2015-01-04-02-27-05",
"nom": "Lettonie",
"nom-anglais": ["Latvia"],
"nom-arabe": ["&#1604;&#1575;&#1578;&#1601;&#1610;&#1575;"],
"nom-espagnol": ["Letonia"],
"nom-folder": "Lettonie",
"nom-francais": ["Lettonie"],
"nom-italien": ["Lettonia"],
"nom-machine": "lieu-2015-12-06-16-21-36-86966213808",
"nom-russe": ["&#1051;&#1072;&#1090;&#1074;&#1080;&#1103;"],
"sous-type": "pays",
"type": "lieux"
}