{
"_id": "lieu-2015-12-06-16-22-25-86966216724",
"ajouter-aux-favoris": false,
"breadcrumb": "lieux/pays/Palestine/",
"description": "Palestine",
"fiche-a-completer": true,
"fiche-publiee": true,
"identifiant-drupal": 365419,
"mise-a-jour": "2015-01-04-02-27-28",
"moment-de-creation": "2015-12-06-16-22-25",
"moment-de-modification": "2015-01-04-02-27-28",
"nom": "Palestine",
"nom-anglais": ["Palestine"],
"nom-arabe": ["&#1583;&#1608;&#1604;&#1577; &#1601;&#1604;&#1587;&#1591;&#1610;&#1606;"],
"nom-espagnol": ["Palestina"],
"nom-folder": "Palestine",
"nom-francais": ["Palestine"],
"nom-italien": ["Palestina"],
"nom-machine": "lieu-2015-12-06-16-22-25-86966216724",
"nom-russe": ["&#1055;&#1072;&#1082;&#1080;&#1089;&#1090;&#1072;&#1085;"],
"sous-type": "pays",
"type": "lieux"
}