{
"_id": "lieu-2015-12-06-16-12-21-86966180479",
"ajouter-aux-favoris": false,
"breadcrumb": "lieux/pays/Angola/",
"fiche-a-completer": true,
"fiche-publiee": true,
"identifiant-drupal": 365233,
"mise-a-jour": "2016-02-04-15-47-53",
"moment-de-creation": "2015-12-06-16-12-21",
"moment-de-modification": "2016-02-04-15-47-53",
"nom": "Angola",
"nom-anglais": ["Angola"],
"nom-arabe": ["&#1571;&#1606;&#1594;&#1608;&#1604;&#1575;"],
"nom-espagnol": ["Angola"],
"nom-folder": "Angola",
"nom-francais": ["Angola"],
"nom-italien": ["Angola"],
"nom-machine": "lieu-2015-12-06-16-12-21-86966180479",
"nom-russe": ["&#1040;&#1085;&#1075;&#1086;&#1083;&#1072;"],
"sous-type": "pays",
"type": "lieux"
}