{
"_id": "lieu-2015-12-06-16-15-30-86966191838",
"ajouter-aux-favoris": false,
"breadcrumb": "lieux/pays/Cap-Vert/",
"fiche-a-completer": true,
"fiche-publiee": true,
"identifiant-drupal": 365239,
"mise-a-jour": "2016-02-04-16-28-36",
"moment-de-creation": "2015-12-06-16-15-30",
"moment-de-modification": "2016-02-04-16-28-36",
"nom": "Cap-Vert",
"nom-anglais": ["Cape Verde"],
"nom-arabe": ["&#1575;&#1604;&#1585;&#1571;&#1587; &#1575;&#1604;&#1571;&#1582;&#1590;&#1585;"],
"nom-espagnol": ["Cabo Verde"],
"nom-folder": "Cap-Vert",
"nom-francais": ["Cap-Vert"],
"nom-italien": ["Capo Verde"],
"nom-machine": "lieu-2015-12-06-16-15-30-86966191838",
"nom-russe": ["&#1050;&#1072;&#1073;&#1086;-&#1042;&#1077;&#1088;&#1076;&#1077;"],
"sous-type": "pays",
"type": "lieux"
}