{
"_id": "lieu-2015-12-06-16-22-27-86966216824",
"ajouter-aux-favoris": false,
"breadcrumb": "lieux/pays/Paraguay/",
"fiche-a-completer": true,
"fiche-publiee": true,
"identifiant-drupal": 365296,
"mise-a-jour": "2016-02-04-18-18-09",
"moment-de-creation": "2015-12-06-16-22-27",
"moment-de-modification": "2016-02-04-18-18-09",
"nom": "Paraguay",
"nom-anglais": ["Paraguay"],
"nom-arabe": ["&#1576;&#1575;&#1585;&#1575;&#1594;&#1608;&#1575;&#1610;"],
"nom-espagnol": ["Paraguay"],
"nom-folder": "Paraguay",
"nom-francais": ["Paraguay"],
"nom-italien": ["Paraguay"],
"nom-machine": "lieu-2015-12-06-16-22-27-86966216824",
"nom-russe": ["&#1055;&#1072;&#1088;&#1072;&#1075;&#1074;&#1072;&#1081;"],
"sous-type": "pays",
"type": "lieux"
}