{
"_id": "lieu-2015-12-06-16-22-42-86966217774",
"ajouter-aux-favoris": false,
"breadcrumb": "lieux/pays/Royaume-Uni/",
"fiche-a-completer": true,
"fiche-publiee": true,
"identifiant-drupal": 365383,
"mise-a-jour": "2016-02-04-18-40-35",
"moment-de-creation": "2015-12-06-16-22-42",
"moment-de-modification": "2016-02-04-18-40-35",
"nom": "Royaume-Uni",
"nom-anglais": ["United Kingdom"],
"nom-arabe": ["&#1575;&#1604;&#1605;&#1605;&#1604;&#1603;&#1577; &#1575;&#1604;&#1605;&#1578;&#1581;&#1583;&#1577;"],
"nom-espagnol": ["Reino Unido"],
"nom-folder": "Royaume-Uni",
"nom-francais": ["Royaume-Uni"],
"nom-italien": ["Regno Unito"],
"nom-machine": "lieu-2015-12-06-16-22-42-86966217774",
"nom-russe": ["&#1042;&#1077;&#1083;&#1080;&#1082;&#1086;&#1073;&#1088;&#1080;&#1090;&#1072;&#1085;&#1080;&#1103;"],
"sous-type": "pays",
"type": "lieux"
}