{
"_id": "lieu-2015-12-06-16-16-30-86966195402",
"ajouter-aux-favoris": false,
"breadcrumb": "lieux/pays/Finlande/",
"fiche-a-completer": true,
"fiche-publiee": true,
"identifiant-drupal": 365360,
"mise-a-jour": "2016-02-04-16-37-32",
"moment-de-creation": "2015-12-06-16-16-30",
"moment-de-modification": "2016-02-04-16-37-32",
"nom": "Finlande",
"nom-anglais": ["Finland"],
"nom-arabe": ["&#1601;&#1606;&#1604;&#1606;&#1583;&#1575;"],
"nom-espagnol": ["Finlandia"],
"nom-folder": "Finlande",
"nom-francais": ["Finlande"],
"nom-italien": ["Finlandia"],
"nom-machine": "lieu-2015-12-06-16-16-30-86966195402",
"nom-russe": ["&#1060;&#1080;&#1085;&#1083;&#1103;&#1085;&#1076;&#1080;&#1103;"],
"sous-type": "pays",
"type": "lieux"
}