{
"_id": "lieu-2015-12-06-16-22-39-86966217557",
"ajouter-aux-favoris": false,
"breadcrumb": "lieux/pays/Republique-de-Maurice/",
"description": "R&#233;publique de Maurice",
"fiche-a-completer": true,
"fiche-publiee": true,
"identifiant-drupal": 365409,
"mise-a-jour": "2015-01-04-02-27-07",
"moment-de-creation": "2015-12-06-16-22-39",
"moment-de-modification": "2015-01-04-02-27-07",
"nom": "R&#233;publique de Maurice",
"nom-anglais": ["Mauritius"],
"nom-arabe": ["&#1605;&#1608;&#1585;&#1610;&#1588;&#1610;&#1608;&#1587;"],
"nom-espagnol": ["Mauricio"],
"nom-folder": "Republique-de-Maurice",
"nom-francais": ["R&#233;publique de Maurice"],
"nom-italien": ["Mauritius"],
"nom-machine": "lieu-2015-12-06-16-22-39-86966217557",
"nom-russe": ["&#1052;&#1072;&#1074;&#1088;&#1080;&#1082;&#1080;&#1081;"],
"sous-type": "pays",
"type": "lieux"
}