{
"_id": "lieu-2015-12-06-16-12-22-86966180536",
"ajouter-aux-favoris": false,
"breadcrumb": "lieux/pays/Antilles/Porto-Rico/",
"description": "Porto Rico",
"fiche-a-completer": true,
"fiche-publiee": true,
"identifiant-drupal": 380831,
"mise-a-jour": "2015-01-04-02-26-20",
"moment-de-creation": "2015-12-06-16-12-22",
"moment-de-modification": "2015-01-04-02-26-20",
"nom": "Porto Rico",
"nom-anglais": ["Puerto Rico"],
"nom-arabe": ["&#1576;&#1608;&#1585;&#1578;&#1608;&#1585;&#1610;&#1603;&#1608;"],
"nom-espagnol": ["Puerto Rico"],
"nom-folder": "Porto-Rico",
"nom-francais": ["Porto Rico"],
"nom-italien": ["Porto Rico"],
"nom-machine": "lieu-2015-12-06-16-12-22-86966180536",
"nom-russe": ["&#1055;&#1091;&#1101;&#1088;&#1090;&#1086;-&#1056;&#1080;&#1082;&#1086;"],
"sous-type": "pays",
"type": "lieux"
}