{
"_id": "lieu-2015-12-06-16-21-44-86966214274",
"ajouter-aux-favoris": false,
"breadcrumb": "lieux/pays/Madagascar/",
"fiche-a-completer": true,
"fiche-publiee": true,
"identifiant-drupal": 365252,
"mise-a-jour": "2016-02-04-17-32-51",
"moment-de-creation": "2015-12-06-16-21-44",
"moment-de-modification": "2016-02-04-17-32-51",
"nom": "Madagascar",
"nom-anglais": ["Madagascar"],
"nom-arabe": ["&#1605;&#1583;&#1594;&#1588;&#1602;&#1585;"],
"nom-espagnol": ["Madagascar"],
"nom-folder": "Madagascar",
"nom-francais": ["Madagascar"],
"nom-italien": ["Madagascar"],
"nom-machine": "lieu-2015-12-06-16-21-44-86966214274",
"nom-russe": ["&#1052;&#1072;&#1076;&#1072;&#1075;&#1072;&#1089;&#1082;&#1072;&#1088;"],
"sous-type": "pays",
"type": "lieux"
}