{
"_id": "lieu-2015-12-06-16-10-49-86966174989",
"ajouter-aux-favoris": false,
"breadcrumb": "lieux/pays/Afghanistan/",
"fiche-a-completer": true,
"fiche-publiee": true,
"identifiant-drupal": 365310,
"mise-a-jour": "2016-02-06-00-58-08",
"moment-de-creation": "2015-12-06-16-10-49",
"moment-de-modification": "2016-02-06-00-58-08",
"nom": "Afghanistan",
"nom-anglais": ["Afghanistan"],
"nom-arabe": ["&#1571;&#1601;&#1594;&#1575;&#1606;&#1587;&#1578;&#1575;&#1606;"],
"nom-espagnol": ["Afganist&#225;n"],
"nom-folder": "Afghanistan",
"nom-francais": ["Afghanistan"],
"nom-italien": ["Afghanistan"],
"nom-machine": "lieu-2015-12-06-16-10-49-86966174989",
"nom-russe": ["&#1040;&#1092;&#1075;&#1072;&#1085;&#1080;&#1089;&#1090;&#1072;&#1085;"],
"sous-type": "pays",
"type": "taxonomies"
}