{
"_id": "lieu-2015-12-06-16-22-25-86966216726",
"ajouter-aux-favoris": false,
"breadcrumb": "lieux/pays/Panama/",
"fiche-a-completer": true,
"fiche-publiee": true,
"mise-a-jour": "2016-02-04-17-52-14",
"moment-de-creation": "2015-12-06-16-22-25",
"moment-de-modification": "2016-02-04-17-52-14",
"nom": "Panama",
"nom-anglais": ["Panama"],
"nom-arabe": ["&#1576;&#1606;&#1605;&#1575;"],
"nom-espagnol": ["Panam&#225;"],
"nom-folder": "Panama",
"nom-francais": ["Panama"],
"nom-italien": ["Panama"],
"nom-machine": "lieu-2015-12-06-16-22-25-86966216726",
"nom-russe": ["&#1055;&#1072;&#1085;&#1072;&#1084;&#1072;"],
"sous-type": "pays",
"type": "lieux"
}