{
"_id": "lieu-2015-12-06-16-22-11-86966215868",
"ajouter-aux-favoris": false,
"breadcrumb": "lieux/pays/Monaco/",
"fiche-a-completer": true,
"fiche-publiee": true,
"identifiant-drupal": 365375,
"mise-a-jour": "2016-02-04-17-31-47",
"moment-de-creation": "2015-12-06-16-22-11",
"moment-de-modification": "2016-02-04-17-31-47",
"nom": "Monaco",
"nom-anglais": ["Monaco"],
"nom-arabe": ["&#1605;&#1608;&#1606;&#1575;&#1603;&#1608;"],
"nom-espagnol": ["M&#243;naco"],
"nom-folder": "Monaco",
"nom-francais": ["Monaco"],
"nom-italien": ["Monaco"],
"nom-machine": "lieu-2015-12-06-16-22-11-86966215868",
"nom-russe": ["&#1052;&#1086;&#1085;&#1072;&#1082;&#1086;"],
"sous-type": "pays",
"type": "lieux"
}