{
"_id": "lieu-2015-12-06-16-12-31-86966181072",
"ajouter-aux-favoris": false,
"breadcrumb": "lieux/pays/Belgique/",
"fiche-a-completer": true,
"fiche-publiee": true,
"identifiant-drupal": 365352,
"mise-a-jour": "2016-02-04-16-07-10",
"moment-de-creation": "2015-12-06-16-12-31",
"moment-de-modification": "2016-02-04-16-07-10",
"nom": "Belgique",
"nom-anglais": ["Belgium"],
"nom-arabe": ["&#1576;&#1604;&#1580;&#1610;&#1603;&#1575;"],
"nom-espagnol": ["B&#233;lgica"],
"nom-folder": "Belgique",
"nom-francais": ["Belgique"],
"nom-italien": ["Belgio"],
"nom-machine": "lieu-2015-12-06-16-12-31-86966181072",
"nom-russe": ["&#1041;&#1077;&#1083;&#1100;&#1075;&#1080;&#1103;"],
"sous-type": "pays",
"type": "lieux"
}