{
"_id": "lieu-2015-12-06-16-22-46-86966218004",
"ajouter-aux-favoris": false,
"breadcrumb": "lieux/pays/Saint-Vincent-et-les-Grenadines/",
"fiche-a-completer": true,
"fiche-publiee": true,
"identifiant-drupal": 365306,
"mise-a-jour": "2016-02-04-18-42-53",
"moment-de-creation": "2015-12-06-16-22-46",
"moment-de-modification": "2016-02-04-18-42-53",
"nom": "Saint Vincent et les Grenadines",
"nom-anglais": ["Saint Vincent and the Grenadines"],
"nom-arabe": ["&#1587;&#1575;&#1606;&#1578; &#1601;&#1610;&#1606;&#1587;&#1606;&#1578; &#1608;&#1575;&#1604;&#1594;&#1585;&#1610;&#1606;&#1575;&#1583;&#1610;&#1606;"],
"nom-espagnol": ["San Vicente y las Granadinas"],
"nom-folder": "Saint-Vincent-et-les-Grenadines",
"nom-francais": ["Saint Vincent et les Grenadines"],
"nom-italien": ["Saint Vincent e Grenadine"],
"nom-machine": "lieu-2015-12-06-16-22-46-86966218004",
"nom-russe": ["&#1057;&#1077;&#1085;&#1090;-&#1042;&#1080;&#1085;&#1089;&#1077;&#1085;&#1090; &#1080; &#1043;&#1088;&#1077;&#1085;&#1072;&#1076;&#1080;&#1085;&#1099;"],
"sous-type": "pays",
"type": "lieux"
}