{
"_id": "lieu-2015-12-06-16-23-02-86966218936",
"ajouter-aux-favoris": false,
"breadcrumb": "lieux/pays/Taiwan/",
"fiche-a-completer": true,
"fiche-publiee": true,
"identifiant-drupal": 365341,
"mise-a-jour": "2016-02-04-18-38-27",
"moment-de-creation": "2015-12-06-16-23-02",
"moment-de-modification": "2016-02-04-18-38-27",
"nom": "Ta&#239;wan",
"nom-anglais": ["Taiwan"],
"nom-arabe": ["&#1578;&#1575;&#1610;&#1608;&#1575;&#1606;"],
"nom-espagnol": ["Taiw&#225;n"],
"nom-folder": "Taiwan",
"nom-francais": ["Ta&#239;wan"],
"nom-italien": ["Taiwan"],
"nom-machine": "lieu-2015-12-06-16-23-02-86966218936",
"nom-russe": ["&#1058;&#1072;&#1081;&#1074;&#1072;&#1085;&#1100;"],
"sous-type": "pays",
"type": "lieux"
}