{
"_id": "lieu-2015-12-06-16-22-03-86966215432",
"ajouter-aux-favoris": false,
"breadcrumb": "lieux/pays/Melanesie/",
"description": "M&#233;lan&#233;sie",
"fiche-a-completer": true,
"fiche-publiee": true,
"identifiant-drupal": 380814,
"mise-a-jour": "2015-01-04-02-27-03",
"moment-de-creation": "2015-12-06-16-22-03",
"moment-de-modification": "2015-01-04-02-27-03",
"nom": "M&#233;lan&#233;sie",
"nom-anglais": ["Melanesia"],
"nom-arabe": ["&#1605;&#1610;&#1604;&#1575;&#1606;&#1610;&#1586;&#1610;&#1575;"],
"nom-espagnol": ["Melanesia"],
"nom-folder": "Melanesie",
"nom-francais": ["M&#233;lan&#233;sie"],
"nom-italien": ["Melanesia"],
"nom-machine": "lieu-2015-12-06-16-22-03-86966215432",
"nom-russe": ["&#1052;&#1077;&#1083;&#1072;&#1085;&#1077;&#1079;&#1080;&#1103;"],
"sous-type": "pays",
"type": "lieux"
}