{
"_id": "lieu-2015-12-06-16-23-02-86966218933",
"ajouter-aux-favoris": false,
"breadcrumb": "lieux/pays/Tadjikistan/",
"fiche-a-completer": true,
"fiche-publiee": true,
"identifiant-drupal": 365340,
"mise-a-jour": "2016-02-04-18-34-08",
"moment-de-creation": "2015-12-06-16-23-02",
"moment-de-modification": "2016-02-04-18-34-08",
"nom": "Tadjikistan",
"nom-anglais": ["Tadjikistan"],
"nom-arabe": ["&#1591;&#1575;&#1580;&#1610;&#1603;&#1587;&#1578;&#1575;&#1606;"],
"nom-espagnol": ["Tayikist&#225;n"],
"nom-folder": "Tadjikistan",
"nom-francais": ["Tadjikistan"],
"nom-italien": ["Tagikistan"],
"nom-machine": "lieu-2015-12-06-16-23-02-86966218933",
"nom-russe": ["&#1058;&#1072;&#1076;&#1078;&#1080;&#1082;&#1080;&#1089;&#1090;&#1072;&#1085;"],
"sous-type": "pays",
"type": "lieux"
}