{
"_id": "lieu-2015-12-06-16-22-34-86966217269",
"ajouter-aux-favoris": false,
"breadcrumb": "lieux/pays/Republique-d'Afrique-du-Sud/",
"description": "R&#233;publique d'Afrique du Sud",
"fiche-a-completer": true,
"fiche-publiee": true,
"identifiant-drupal": 379216,
"mise-a-jour": "2015-01-04-02-27-26",
"moment-de-creation": "2015-12-06-16-22-34",
"moment-de-modification": "2015-01-04-02-27-26",
"nom": "R&#233;publique d'Afrique du Sud",
"nom-anglais": ["South Africa"],
"nom-arabe": ["&#1580;&#1606;&#1608;&#1576; &#1571;&#1601;&#1585;&#1610;&#1602;&#1610;&#1575;"],
"nom-espagnol": ["&#193;frica del Sur"],
"nom-folder": "Republique-d'Afrique-du-Sud",
"nom-francais": ["R&#233;publique d'Afrique du Sud"],
"nom-italien": ["Africa del Sud"],
"nom-machine": "lieu-2015-12-06-16-22-34-86966217269",
"nom-russe": ["&#1070;&#1078;&#1085;&#1086;-&#1040;&#1092;&#1088;&#1080;&#1082;&#1072;&#1085;&#1089;&#1082;&#1072;&#1103; &#1056;&#1077;&#1089;&#1087;&#1091;&#1073;&#1083;&#1080;&#1082;&#1072;"],
"sous-type": "pays",
"type": "lieux"
}