{
"_id": "lieu-2015-12-06-16-23-06-86966219201",
"ajouter-aux-favoris": false,
"breadcrumb": "lieux/pays/Timor-oriental/",
"fiche-a-completer": true,
"fiche-publiee": true,
"identifiant-drupal": 365343,
"mise-a-jour": "2016-02-04-18-36-34",
"moment-de-creation": "2015-12-06-16-23-06",
"moment-de-modification": "2016-02-04-18-36-34",
"nom": "Timor oriental",
"nom-anglais": ["East Timor"],
"nom-arabe": ["&#1578;&#1610;&#1605;&#1608;&#1585; &#1575;&#1604;&#1588;&#1585;&#1602;&#1610;&#1577;"],
"nom-espagnol": ["Timor Oriental"],
"nom-folder": "Timor-oriental",
"nom-francais": ["Timor oriental"],
"nom-italien": ["Timor Est"],
"nom-machine": "lieu-2015-12-06-16-23-06-86966219201",
"nom-russe": ["&#1042;&#1086;&#1089;&#1090;&#1086;&#1095;&#1085;&#1099;&#1081; &#1058;&#1080;&#1084;&#1086;&#1088;"],
"sous-type": "pays",
"type": "lieux"
}