{
"_id": "lieu-2015-12-06-16-20-46-86966210810",
"ajouter-aux-favoris": false,
"breadcrumb": "lieux/pays/Gambie/",
"fiche-a-completer": true,
"fiche-publiee": true,
"identifiant-drupal": 365247,
"mise-a-jour": "2016-02-04-16-45-22",
"moment-de-creation": "2015-12-06-16-20-46",
"moment-de-modification": "2016-02-04-16-45-22",
"nom": "Gambie",
"nom-anglais": ["Gambia"],
"nom-arabe": ["&#1594;&#1575;&#1605;&#1576;&#1610;&#1575;"],
"nom-espagnol": ["Gambia"],
"nom-folder": "Gambie",
"nom-francais": ["Gambie"],
"nom-italien": ["Gambia"],
"nom-machine": "lieu-2015-12-06-16-20-46-86966210810",
"nom-russe": ["&#1043;&#1072;&#1084;&#1073;&#1080;&#1103;"],
"sous-type": "pays",
"type": "lieux"
}