{
"_id": "lieu-2015-12-06-16-22-17-86966216270",
"ajouter-aux-favoris": false,
"breadcrumb": "lieux/pays/Niue/",
"fiche-a-completer": true,
"fiche-publiee": true,
"identifiant-drupal": 380830,
"mise-a-jour": "2016-02-04-17-50-47",
"moment-de-creation": "2015-12-06-16-22-17",
"moment-de-modification": "2016-02-04-17-50-47",
"nom": "Niue",
"nom-anglais": ["Niue"],
"nom-arabe": ["&#1606;&#1610;&#1610;&#1608;&#1610;"],
"nom-espagnol": ["Niue"],
"nom-folder": "Niue",
"nom-francais": ["Niue"],
"nom-italien": ["Niue"],
"nom-machine": "lieu-2015-12-06-16-22-17-86966216270",
"nom-russe": ["&#1053;&#1080;&#1091;&#1101;"],
"sous-type": "pays",
"type": "lieux"
}