{
"_id": "lieu-2015-12-06-16-15-45-86966192726",
"breadcrumb": "lieux/pays/Groenland/",
"fiche-publiee": true,
"mise-a-jour": "2016-04-16-01-36-56",
"moment-de-creation": "2015-12-06-16-15-45",
"nom": "Gro&#235;nland",
"nom-anglais": ["Greenland"],
"nom-arabe": ["&#1594;&#1585;&#1610;&#1606;&#1604;&#1575;&#1606;&#1583;"],
"nom-espagnol": ["Groenlandia"],
"nom-folder": "Groenland",
"nom-francais": ["Gro&#235;nland"],
"nom-italien": ["Groenlandia"],
"nom-machine": "lieu-2015-12-06-16-15-45-86966192726",
"nom-russe": ["&#1043;&#1088;&#1077;&#1085;&#1083;&#1072;&#1085;&#1076;&#1080;&#1103;"],
"sous-type": "pays",
"type": "lieux"
}