{
"_id": "lieu-2015-12-06-16-20-46-86966210806",
"ajouter-aux-favoris": false,
"breadcrumb": "lieux/pays/Gabon/",
"fiche-a-completer": true,
"fiche-publiee": true,
"identifiant-drupal": 365246,
"mise-a-jour": "2016-02-04-16-40-57",
"moment-de-creation": "2015-12-06-16-20-46",
"moment-de-modification": "2016-02-04-16-40-57",
"nom": "Gabon",
"nom-anglais": ["Gabon"],
"nom-arabe": ["&#1575;&#1604;&#1594;&#1575;&#1576;&#1608;&#1606;"],
"nom-espagnol": ["Gab&#243;n"],
"nom-folder": "Gabon",
"nom-francais": ["Gabon"],
"nom-italien": ["Gabon"],
"nom-machine": "lieu-2015-12-06-16-20-46-86966210806",
"nom-russe": ["&#1043;&#1072;&#1073;&#1086;"],
"sous-type": "pays",
"type": "lieux"
}