{
"_id": "lieu-2015-12-06-16-22-22-86966216561",
"ajouter-aux-favoris": false,
"breadcrumb": "lieux/pays/Nouvelle-Zelande/",
"fiche-a-completer": true,
"fiche-publiee": true,
"identifiant-drupal": 365410,
"mise-a-jour": "2016-02-04-17-51-16",
"moment-de-creation": "2015-12-06-16-22-22",
"moment-de-modification": "2016-02-04-17-51-16",
"nom": "Nouvelle-Z&#233;lande",
"nom-anglais": ["New Zealand"],
"nom-arabe": ["&#1606;&#1610;&#1608;&#1586;&#1610;&#1604;&#1606;&#1583;&#1575;"],
"nom-espagnol": ["Nueva Zelanda"],
"nom-folder": "Nouvelle-Zelande",
"nom-francais": ["Nouvelle-Z&#233;lande"],
"nom-italien": ["Nuova Zelanda"],
"nom-machine": "lieu-2015-12-06-16-22-22-86966216561",
"nom-russe": ["&#1053;&#1086;&#1074;&#1072;&#1103; &#1047;&#1077;&#1083;&#1072;&#1085;&#1076;&#1080;&#1103;"],
"sous-type": "pays",
"type": "lieux"
}