{
"_id": "lieu-2015-12-06-16-22-47-86966218044",
"ajouter-aux-favoris": false,
"breadcrumb": "lieux/pays/Somaliland/",
"description": "Somaliland",
"fiche-a-completer": true,
"fiche-publiee": true,
"identifiant-drupal": 365268,
"mise-a-jour": "2015-01-04-02-27-05",
"moment-de-creation": "2015-12-06-16-22-47",
"moment-de-modification": "2015-01-04-02-27-05",
"nom": "Somaliland",
"nom-anglais": ["Somaliland"],
"nom-arabe": ["&#1585;&#1590; &#1575;&#1604;&#1589;&#1608;&#1605;&#1575;&#1604;"],
"nom-espagnol": ["Somalilandia"],
"nom-folder": "Somaliland",
"nom-francais": ["Somaliland"],
"nom-italien": ["Somaliland"],
"nom-machine": "lieu-2015-12-06-16-22-47-86966218044",
"nom-russe": ["&#1057;&#1086;&#1084;&#1072;&#1083;&#1080;&#1083;&#1077;&#1085;&#1076;"],
"sous-type": "pays",
"type": "lieux"
}