{
"_id": "lieu-2015-12-06-16-21-12-86966212338",
"ajouter-aux-favoris": false,
"breadcrumb": "lieux/pays/Inde/",
"fiche-a-completer": true,
"fiche-publiee": true,
"identifiant-drupal": 362067,
"mise-a-jour": "2016-02-04-16-55-55",
"moment-de-creation": "2015-12-06-16-21-12",
"moment-de-modification": "2016-02-04-16-55-55",
"nom": "Inde",
"nom-anglais": ["India"],
"nom-arabe": ["&#1575;&#1604;&#1607;&#1606;&#1583;"],
"nom-espagnol": ["India"],
"nom-folder": "Inde",
"nom-francais": ["Inde"],
"nom-italien": ["India"],
"nom-machine": "lieu-2015-12-06-16-21-12-86966212338",
"nom-russe": ["&#1048;&#1085;&#1076;&#1080;&#1103;"],
"sous-type": "pays",
"type": "lieux"
}