{
"_id": "lieu-2015-12-06-16-22-13-86966216002",
"ajouter-aux-favoris": false,
"breadcrumb": "lieux/pays/Mozambique/",
"fiche-a-completer": true,
"fiche-publiee": true,
"identifiant-drupal": 365257,
"mise-a-jour": "2016-02-04-17-43-20",
"moment-de-creation": "2015-12-06-16-22-13",
"moment-de-modification": "2016-02-04-17-43-20",
"nom": "Mozambique",
"nom-anglais": ["Mozambique"],
"nom-arabe": ["&#1605;&#1608;&#1586;&#1605;&#1576;&#1610;&#1602;"],
"nom-espagnol": ["Mozambique"],
"nom-folder": "Mozambique",
"nom-francais": ["Mozambique"],
"nom-italien": ["Mozambico"],
"nom-machine": "lieu-2015-12-06-16-22-13-86966216002",
"nom-russe": ["&#1052;&#1086;&#1079;&#1072;&#1084;&#1073;&#1080;&#1082;"],
"sous-type": "pays",
"type": "lieux"
}