{
"_id": "lieu-2015-12-06-16-21-17-86966212625",
"ajouter-aux-favoris": false,
"breadcrumb": "lieux/pays/Iran/",
"fiche-a-completer": true,
"fiche-publiee": true,
"identifiant-drupal": 365324,
"mise-a-jour": "2016-02-04-17-09-29",
"moment-de-creation": "2015-12-06-16-21-17",
"moment-de-modification": "2016-02-04-17-09-29",
"nom": "Iran",
"nom-anglais": ["Iran"],
"nom-arabe": ["&#1573;&#1610;&#1585;&#1575;&#1606;"],
"nom-espagnol": ["Ir&#225;n"],
"nom-folder": "Iran",
"nom-francais": ["Iran"],
"nom-italien": ["Iran"],
"nom-machine": "lieu-2015-12-06-16-21-17-86966212625",
"nom-russe": ["&#1048;&#1088;&#1072;&#1085;"],
"sous-type": "pays",
"type": "lieux"
}