{
"_id": "lieu-2015-12-06-16-15-30-86966191840",
"ajouter-aux-favoris": false,
"breadcrumb": "lieux/pays/Chili/",
"fiche-a-completer": true,
"fiche-publiee": true,
"identifiant-drupal": 365292,
"mise-a-jour": "2016-02-04-16-23-38",
"moment-de-creation": "2015-12-06-16-15-30",
"moment-de-modification": "2016-02-04-16-23-38",
"nom": "Chili",
"nom-anglais": ["Chile"],
"nom-arabe": ["&#1578;&#1588;&#1610;&#1604;&#1610;"],
"nom-espagnol": ["Chile"],
"nom-folder": "Chili",
"nom-francais": ["Chili"],
"nom-italien": ["Cile"],
"nom-machine": "lieu-2015-12-06-16-15-30-86966191840",
"nom-russe": ["&#1063;&#1080;&#1083;&#1080;"],
"sous-type": "pays",
"type": "lieux"
}