{
"_id": "lieu-2015-12-06-16-22-45-86966217936",
"ajouter-aux-favoris": false,
"breadcrumb": "lieux/pays/Rwanda/",
"fiche-a-completer": true,
"fiche-publiee": true,
"identifiant-drupal": 365263,
"mise-a-jour": "2016-02-04-18-21-19",
"moment-de-creation": "2015-12-06-16-22-45",
"moment-de-modification": "2016-02-04-18-21-19",
"nom": "Rwanda",
"nom-anglais": ["Rwanda"],
"nom-arabe": ["&#1585;&#1608;&#1575;&#1606;&#1583;&#1575;"],
"nom-espagnol": ["Ruanda"],
"nom-folder": "Rwanda",
"nom-francais": ["Rwanda"],
"nom-italien": ["Ruanda"],
"nom-machine": "lieu-2015-12-06-16-22-45-86966217936",
"nom-russe": ["&#1056;&#1091;&#1072;&#1085;&#1076;&#1072;"],
"sous-type": "pays",
"type": "lieux"
}