{
"_id": "lieu-2015-12-06-16-20-56-86966211362",
"ajouter-aux-favoris": false,
"breadcrumb": "lieux/pays/Grenade/",
"fiche-a-completer": true,
"fiche-publiee": true,
"identifiant-drupal": 379218,
"mise-a-jour": "2016-02-04-16-42-02",
"moment-de-creation": "2015-12-06-16-20-56",
"moment-de-modification": "2016-02-04-16-42-02",
"nom": "Grenade",
"nom-anglais": ["Grenada"],
"nom-arabe": ["&#1594;&#1585;&#1610;&#1606;&#1575;&#1583;&#1575;"],
"nom-espagnol": ["Granada"],
"nom-folder": "Grenade",
"nom-francais": ["Grenade"],
"nom-italien": ["Grenada"],
"nom-machine": "lieu-2015-12-06-16-20-56-86966211362",
"nom-russe": ["&#1043;&#1088;&#1077;&#1094;&#1080;&#1103;"],
"sous-type": "pays",
"type": "lieux"
}