{
"_id": "lieu-2015-12-06-16-22-29-86966216987",
"ajouter-aux-favoris": false,
"breadcrumb": "lieux/pays/Philippines/",
"fiche-a-completer": true,
"fiche-publiee": true,
"identifiant-drupal": 365412,
"mise-a-jour": "2016-02-04-17-54-31",
"moment-de-creation": "2015-12-06-16-22-29",
"moment-de-modification": "2016-02-04-17-54-31",
"nom": "Philippines",
"nom-anglais": ["Philippines"],
"nom-arabe": ["&#1575;&#1604;&#1601;&#1604;&#1576;&#1610;&#1606;"],
"nom-espagnol": ["Filipinas"],
"nom-folder": "Philippines",
"nom-francais": ["Philippines"],
"nom-italien": ["Filippine"],
"nom-machine": "lieu-2015-12-06-16-22-29-86966216987",
"nom-russe": ["&#1060;&#1080;&#1083;&#1080;&#1087;&#1087;&#1080;&#1085;&#1099;"],
"sous-type": "pays",
"type": "lieux"
}