{
"_id": "lieu-2015-12-06-16-10-49-86966174987",
"ajouter-aux-favoris": false,
"breadcrumb": "lieux/pays/Abkhazie/",
"fiche-a-completer": true,
"fiche-publiee": true,
"mise-a-jour": "2016-02-06-00-45-48",
"moment-de-creation": "2015-12-06-16-10-49",
"moment-de-modification": "2016-02-06-00-45-48",
"nom": "Abkhazie",
"nom-anglais": ["Abkhazia"],
"nom-arabe": ["&#1571;&#1576;&#1582;&#1575;&#1586;&#1610;&#1575;"],
"nom-espagnol": ["Abjasia"],
"nom-folder": "Abkhazie",
"nom-francais": ["Abkhazie"],
"nom-italien": ["Abcasia"],
"nom-machine": "lieu-2015-12-06-16-10-49-86966174987",
"nom-russe": ["&#1040;&#1073;&#1093;&#1072;&#1079;&#1080;&#1103;"],
"sous-type": "pays",
"type": "taxonomies"
}