{
"_id": "lieu-2015-12-06-16-12-43-86966181780",
"ajouter-aux-favoris": false,
"breadcrumb": "lieux/pays/Bresil/",
"fiche-a-completer": true,
"fiche-publiee": true,
"mise-a-jour": "2016-02-04-16-13-46",
"moment-de-creation": "2015-12-06-16-12-43",
"moment-de-modification": "2016-02-04-16-13-46",
"nom": "Br&#233;sil",
"nom-anglais": ["Brazil"],
"nom-arabe": ["&#1575;&#1604;&#1576;&#1585;&#1575;&#1586;&#1610;&#1604;"],
"nom-espagnol": ["Brasil"],
"nom-folder": "Bresil",
"nom-francais": ["Br&#233;sil"],
"nom-italien": ["Brasile"],
"nom-machine": "lieu-2015-12-06-16-12-43-86966181780",
"nom-russe": ["&#1041;&#1088;&#1072;&#1079;&#1080;&#1083;&#1080;&#1103;"],
"sous-type": "pays",
"type": "lieux"
}