{
"_id": "lieu-2015-12-06-16-22-01-86966215299",
"ajouter-aux-favoris": false,
"breadcrumb": "lieux/pays/Martinique/",
"fiche-a-completer": true,
"fiche-publiee": true,
"identifiant-drupal": 362104,
"mise-a-jour": "2016-02-04-17-37-19",
"moment-de-creation": "2015-12-06-16-22-01",
"moment-de-modification": "2016-02-04-17-37-19",
"nom": "Martinique",
"nom-anglais": ["Martinique"],
"nom-arabe": ["&#1605;&#1575;&#1585;&#1578;&#1610;&#1606;&#1610;&#1603;"],
"nom-espagnol": ["Martinica"],
"nom-folder": "Martinique",
"nom-francais": ["Martinique"],
"nom-italien": ["Martinica"],
"nom-machine": "lieu-2015-12-06-16-22-01-86966215299",
"nom-russe": ["&#1052;&#1072;&#1088;&#1090;&#1080;&#1085;&#1080;&#1082;&#1072;"],
"sous-type": "pays",
"type": "lieux"
}