{
"_id": "lieu-2015-12-06-16-15-39-86966192398",
"ajouter-aux-favoris": false,
"breadcrumb": "lieux/pays/Coree-du-Sud/",
"fiche-a-completer": true,
"fiche-publiee": true,
"identifiant-drupal": 365321,
"mise-a-jour": "2016-02-04-17-22-14",
"moment-de-creation": "2015-12-06-16-15-39",
"moment-de-modification": "2016-02-04-17-22-14",
"nom": "Cor&#233;e du Sud",
"nom-anglais": ["South Korea"],
"nom-arabe": ["&#1603;&#1608;&#1585;&#1610;&#1575; &#1575;&#1604;&#1580;&#1606;&#1608;&#1576;&#1610;&#1577;"],
"nom-espagnol": ["Corea del Sur"],
"nom-folder": "Coree-du-Sud",
"nom-francais": ["Cor&#233;e du Sud"],
"nom-italien": ["Corea del Sud"],
"nom-machine": "lieu-2015-12-06-16-15-39-86966192398",
"nom-russe": ["&#1070;&#1078;&#1085;&#1072;&#1103; &#1050;&#1086;&#1088;&#1077;&#1103;"],
"sous-type": "pays",
"type": "lieux"
}