{
"_id": "lieu-2015-12-06-16-12-22-86966180542",
"ajouter-aux-favoris": false,
"breadcrumb": "lieux/pays/Antilles/Republique-dominicaine/",
"description": "R&#233;publique dominicaine",
"fiche-a-completer": true,
"fiche-publiee": true,
"identifiant-drupal": 365304,
"mise-a-jour": "2015-01-04-02-26-20",
"moment-de-creation": "2015-12-06-16-12-22",
"moment-de-modification": "2015-01-04-02-26-20",
"nom": "R&#233;publique dominicaine",
"nom-anglais": ["Dominican Republic"],
"nom-arabe": ["&#1580;&#1605;&#1607;&#1608;&#1585;&#1610;&#1577; &#1575;&#1604;&#1583;&#1608;&#1605;&#1610;&#1606;&#1610;&#1603;&#1575;&#1606;"],
"nom-espagnol": ["Rep&#250;blica Dominicana"],
"nom-folder": "Republique-dominicaine",
"nom-francais": ["R&#233;publique dominicaine"],
"nom-italien": ["Repubblica Dominicana"],
"nom-machine": "lieu-2015-12-06-16-12-22-86966180542",
"nom-russe": ["&#1044;&#1086;&#1084;&#1080;&#1085;&#1080;&#1082;&#1072;&#1085;&#1089;&#1082;&#1072;&#1103; &#1056;&#1077;&#1089;&#1087;&#1091;&#1073;&#1083;&#1080;&#1082;&#1072;"],
"sous-type": "pays",
"type": "lieux"
}