{
"_id": "lieu-2015-12-06-16-15-39-86966192391",
"ajouter-aux-favoris": false,
"breadcrumb": "lieux/pays/Comores/",
"fiche-a-completer": true,
"fiche-publiee": true,
"mise-a-jour": "2016-02-04-17-20-21",
"moment-de-creation": "2015-12-06-16-15-39",
"moment-de-modification": "2016-02-04-17-20-21",
"nom": "Comores",
"nom-anglais": ["Comoros"],
"nom-arabe": ["&#1580;&#1586;&#1585; &#1575;&#1604;&#1602;&#1605;&#1585;"],
"nom-espagnol": ["Comoras"],
"nom-folder": "Comores",
"nom-francais": ["Comores"],
"nom-italien": ["Comore"],
"nom-machine": "lieu-2015-12-06-16-15-39-86966192391",
"nom-russe": ["&#1050;&#1086;&#1083;&#1091;&#1084;&#1073;&#1080;&#1103;"],
"sous-type": "pays",
"type": "lieux"
}