{
"_id": "lieu-2015-12-06-16-20-47-86966210829",
"ajouter-aux-favoris": false,
"breadcrumb": "lieux/pays/Golfe-du-Mexique/",
"description": "Golfe du Mexique",
"fiche-a-completer": true,
"fiche-publiee": true,
"identifiant-drupal": 382409,
"mise-a-jour": "2015-01-04-02-27-01",
"moment-de-creation": "2015-12-06-16-20-47",
"moment-de-modification": "2015-01-04-02-27-01",
"nom": "Golfe du Mexique",
"nom-anglais": ["Gulf of Mexico"],
"nom-arabe": ["&#1582;&#1604;&#1610;&#1580; &#1575;&#1604;&#1605;&#1603;&#1587;&#1610;&#1603;"],
"nom-espagnol": ["Golfo de M&#233;xico"],
"nom-folder": "Golfe-du-Mexique",
"nom-francais": ["Golfe du Mexique"],
"nom-italien": ["Golfo del Messico"],
"nom-machine": "lieu-2015-12-06-16-20-47-86966210829",
"nom-russe": ["&#1052;&#1077;&#1082;&#1089;&#1080;&#1082;&#1072;&#1085;&#1089;&#1082;&#1080;&#1081; &#1079;&#1072;&#1083;&#1080;&#1074;"],
"sous-type": "pays",
"type": "lieux"
}