{
"_id": "lieu-2015-12-06-16-22-13-86966216015",
"ajouter-aux-favoris": false,
"breadcrumb": "lieux/pays/Nicaragua/",
"fiche-a-completer": true,
"fiche-publiee": true,
"identifiant-drupal": 365287,
"mise-a-jour": "2016-02-04-17-47-13",
"moment-de-creation": "2015-12-06-16-22-13",
"moment-de-modification": "2016-02-04-17-47-13",
"nom": "Nicaragua",
"nom-anglais": ["Nicaragua"],
"nom-arabe": ["&#1606;&#1610;&#1603;&#1575;&#1585;&#1575;&#1594;&#1608;&#1575;"],
"nom-espagnol": ["Nicaragua"],
"nom-folder": "Nicaragua",
"nom-francais": ["Nicaragua"],
"nom-italien": ["Nicaragua"],
"nom-machine": "lieu-2015-12-06-16-22-13-86966216015",
"nom-russe": ["&#1053;&#1080;&#1082;&#1072;&#1088;&#1072;&#1075;&#1091;&#1072;"],
"sous-type": "pays",
"type": "lieux"
}