{
"_id": "lieu-2015-12-06-16-22-42-86966217765",
"ajouter-aux-favoris": false,
"breadcrumb": "lieux/pays/Republique-tcheque/",
"description": "Former Czechoslovakia",
"fiche-a-completer": true,
"fiche-publiee": true,
"identifiant-drupal": 365381,
"mise-a-jour": "2016-02-04-16-30-16",
"moment-de-creation": "2015-12-06-16-22-42",
"moment-de-modification": "2016-02-04-16-30-16",
"nom": "R&#233;publique tch&#232;que",
"nom-anglais": ["Czech Republic"],
"nom-arabe": ["&#1575;&#1604;&#1578;&#1588;&#1610;&#1603;"],
"nom-espagnol": ["Rep&#250;blica Checa"],
"nom-folder": "Republique-tcheque",
"nom-francais": ["R&#233;publique tch&#232;que"],
"nom-italien": ["Repubblica Ceca"],
"nom-machine": "lieu-2015-12-06-16-22-42-86966217765",
"nom-russe": ["&#1063;&#1077;&#1093;&#1080;&#1103;"],
"sous-type": "pays",
"type": "lieux"
}