{
"_id": "lieu-2015-12-06-16-22-15-86966216152",
"ajouter-aux-favoris": false,
"breadcrumb": "lieux/pays/Niger/",
"fiche-a-completer": true,
"fiche-publiee": true,
"identifiant-drupal": 365259,
"mise-a-jour": "2016-02-04-17-45-50",
"moment-de-creation": "2015-12-06-16-22-15",
"moment-de-modification": "2016-02-04-17-45-50",
"nom": "Niger",
"nom-anglais": ["Niger"],
"nom-arabe": ["&#1575;&#1604;&#1606;&#1610;&#1580;&#1585;"],
"nom-espagnol": ["Niger"],
"nom-folder": "Niger",
"nom-francais": ["Niger"],
"nom-italien": ["Niger"],
"nom-machine": "lieu-2015-12-06-16-22-15-86966216152",
"nom-russe": ["&#1053;&#1080;&#1075;&#1077;&#1088;"],
"sous-type": "pays",
"type": "lieux"
}