{
"_id": "lieu-2015-12-06-16-22-11-86966215876",
"ajouter-aux-favoris": false,
"breadcrumb": "lieux/pays/Moyen-Orient/",
"description": "Moyen-Orient",
"fiche-a-completer": true,
"fiche-publiee": true,
"identifiant-drupal": 362065,
"mise-a-jour": "2015-01-04-02-27-19",
"moment-de-creation": "2015-12-06-16-22-11",
"moment-de-modification": "2015-01-04-02-27-19",
"nom": "Moyen-Orient",
"nom-anglais": ["Middle East"],
"nom-arabe": ["&#1575;&#1604;&#1588;&#1585;&#1602; &#1575;&#1604;&#1571;&#1608;&#1587;&#1591;"],
"nom-espagnol": ["Medio Oriente"],
"nom-folder": "Moyen-Orient",
"nom-francais": ["Moyen-Orient"],
"nom-italien": ["Medio Oriente"],
"nom-machine": "lieu-2015-12-06-16-22-11-86966215876",
"nom-russe": ["&#1057;&#1088;&#1077;&#1076;&#1085;&#1080;&#1081; &#1042;&#1086;&#1089;&#1090;&#1086;&#1082;"],
"sous-type": "pays",
"type": "lieux"
}