{
"_id": "lieu-2015-12-06-16-22-32-86966217173",
"ajouter-aux-favoris": false,
"breadcrumb": "lieux/pays/Portugal/",
"fiche-a-completer": true,
"fiche-publiee": true,
"identifiant-drupal": 365380,
"mise-a-jour": "2016-02-04-17-57-17",
"moment-de-creation": "2015-12-06-16-22-32",
"moment-de-modification": "2016-02-04-17-57-17",
"nom": "Portugal",
"nom-anglais": ["Portugal"],
"nom-arabe": ["&#1575;&#1604;&#1576;&#1585;&#1578;&#1594;&#1575;&#1604;"],
"nom-espagnol": ["Portugal"],
"nom-folder": "Portugal",
"nom-francais": ["Portugal"],
"nom-italien": ["Portogallo"],
"nom-machine": "lieu-2015-12-06-16-22-32-86966217173",
"nom-russe": ["&#1055;&#1086;&#1088;&#1090;&#1091;&#1075;&#1072;&#1083;&#1080;&#1103;"],
"sous-type": "pays",
"type": "lieux"
}