{
"_id": "lieu-2015-12-06-16-15-52-86966193169",
"ajouter-aux-favoris": false,
"breadcrumb": "lieux/pays/Espagne/",
"fiche-a-completer": true,
"fiche-publiee": true,
"identifiant-drupal": 365358,
"mise-a-jour": "2016-02-04-16-36-32",
"moment-de-creation": "2015-12-06-16-15-52",
"moment-de-modification": "2016-02-04-16-36-32",
"nom": "Espagne",
"nom-anglais": ["Spain"],
"nom-arabe": ["&#1573;&#1587;&#1576;&#1575;&#1606;&#1610;&#1575;"],
"nom-espagnol": ["Espa&#241;a"],
"nom-folder": "Espagne",
"nom-francais": ["Espagne"],
"nom-italien": ["Spagna"],
"nom-machine": "lieu-2015-12-06-16-15-52-86966193169",
"nom-russe": ["&#1048;&#1089;&#1087;&#1072;&#1085;&#1080;&#1103;"],
"sous-type": "pays",
"type": "lieux"
}