{
"_id": "lieu-2015-12-06-16-22-10-86966215858",
"breadcrumb": "lieux/pays/Kiribati/",
"fiche-publiee": true,
"mise-a-jour": "2016-04-16-01-36-56",
"moment-de-creation": "2015-12-06-16-22-10",
"nom": "Kiribati",
"nom-anglais": ["Kiribati"],
"nom-arabe": ["&#1603;&#1610;&#1585;&#1610;&#1576;&#1575;&#1578;&#1610;"],
"nom-espagnol": ["Kiribati"],
"nom-folder": "Kiribati",
"nom-francais": ["Kiribati"],
"nom-italien": ["Kiribati"],
"nom-machine": "lieu-2015-12-06-16-22-10-86966215858",
"nom-russe": ["&#1050;&#1080;&#1088;&#1080;&#1073;&#1072;&#1090;&#1080;"],
"sous-type": "pays",
"type": "lieux"
}