{
"_id": "lieu-2015-12-06-16-15-52-86966193163",
"ajouter-aux-favoris": false,
"breadcrumb": "lieux/pays/Equateur/",
"description": "&#201;quateur",
"fiche-a-completer": true,
"fiche-publiee": true,
"identifiant-drupal": 365294,
"mise-a-jour": "2015-01-04-02-27-28",
"moment-de-creation": "2015-12-06-16-15-52",
"moment-de-modification": "2015-01-04-02-27-28",
"nom": "&#201;quateur",
"nom-anglais": ["Ecuador"],
"nom-arabe": ["&#1575;&#1604;&#1573;&#1603;&#1608;&#1575;&#1583;&#1608;&#1585;"],
"nom-espagnol": ["Ecuador"],
"nom-folder": "Equateur",
"nom-francais": ["&#201;quateur"],
"nom-italien": ["Ecuador"],
"nom-machine": "lieu-2015-12-06-16-15-52-86966193163",
"nom-russe": ["&#1069;&#1082;&#1074;&#1072;&#1076;&#1086;&#1088;"],
"sous-type": "pays",
"type": "lieux"
}