{
"_id": "lieu-2015-12-06-16-15-39-86966192393",
"ajouter-aux-favoris": false,
"breadcrumb": "lieux/pays/Cordillere-des-Andes/",
"description": "Cordill&#232;re des Andes",
"fiche-a-completer": true,
"fiche-publiee": true,
"identifiant-drupal": 382365,
"mise-a-jour": "2015-01-04-02-27-21",
"moment-de-creation": "2015-12-06-16-15-39",
"moment-de-modification": "2015-01-04-02-27-21",
"nom": "Cordill&#232;re des Andes",
"nom-anglais": ["Cordillera of the Andes"],
"nom-arabe": ["&#1580;&#1576;&#1575;&#1604; &#1575;&#1604;&#1571;&#1606;&#1583;&#1610;&#1586;"],
"nom-espagnol": ["Cordillera de los Andes"],
"nom-folder": "Cordillere-des-Andes",
"nom-francais": ["Cordill&#232;re des Andes"],
"nom-italien": ["Catena montuosa dei Andes"],
"nom-machine": "lieu-2015-12-06-16-15-39-86966192393",
"nom-russe": ["&#1040;&#1085;&#1076;&#1099;"],
"sous-type": "pays",
"type": "lieux"
}