{
"_id": "lieu-2015-12-06-16-21-35-86966213751",
"ajouter-aux-favoris": false,
"breadcrumb": "lieux/pays/Kosovo/",
"description": "Kosovo",
"fiche-a-completer": true,
"fiche-publiee": true,
"identifiant-drupal": 365367,
"mise-a-jour": "2015-01-04-02-26-41",
"moment-de-creation": "2015-12-06-16-21-35",
"moment-de-modification": "2015-01-04-02-26-41",
"nom": "Kosovo",
"nom-anglais": ["Kosovo"],
"nom-arabe": ["&#1603;&#1608;&#1587;&#1608;&#1601;&#1608;"],
"nom-espagnol": ["K&#243;sovo"],
"nom-folder": "Kosovo",
"nom-francais": ["Kosovo"],
"nom-italien": ["Kosovo"],
"nom-machine": "lieu-2015-12-06-16-21-35-86966213751",
"nom-russe": ["&#1050;&#1086;&#1089;&#1086;&#1074;&#1086;"],
"sous-type": "pays",
"type": "lieux"
}