{
"_id": "lieu-2015-12-06-16-22-03-86966215435",
"breadcrumb": "lieux/pays/Fidji/",
"fiche-publiee": true,
"mise-a-jour": "2016-04-16-01-36-56",
"moment-de-creation": "2015-12-06-16-22-03",
"nom": "Fidji",
"nom-anglais": ["Fiji"],
"nom-arabe": ["&#1601;&#1610;&#1580;&#1610;"],
"nom-espagnol": ["Fiyi"],
"nom-folder": "Fidji",
"nom-francais": ["Fidji"],
"nom-italien": ["Figi"],
"nom-machine": "lieu-2015-12-06-16-22-03-86966215435",
"nom-russe": ["&#1060;&#1080;&#1076;&#1078;&#1080;"],
"sous-type": "pays",
"type": "lieux"
}