{
"_id": "lieu-2015-12-06-16-21-35-86966213736",
"ajouter-aux-favoris": false,
"breadcrumb": "lieux/pays/Jamaique/",
"fiche-a-completer": true,
"fiche-publiee": true,
"identifiant-drupal": 365303,
"mise-a-jour": "2016-02-04-17-13-53",
"moment-de-creation": "2015-12-06-16-21-35",
"moment-de-modification": "2016-02-04-17-13-53",
"nom": "Jama&#239;que",
"nom-anglais": ["Jamaica"],
"nom-arabe": ["&#1580;&#1575;&#1605;&#1575;&#1610;&#1603;&#1575;"],
"nom-espagnol": ["Jamaica"],
"nom-folder": "Jamaique",
"nom-francais": ["Jama&#239;que"],
"nom-italien": ["Giamaica"],
"nom-machine": "lieu-2015-12-06-16-21-35-86966213736",
"nom-russe": ["&#1071;&#1084;&#1072;&#1081;&#1082;&#1072;"],
"sous-type": "pays",
"type": "lieux"
}