{
"_id": "lieu-2015-12-06-16-12-31-86966181069",
"ajouter-aux-favoris": false,
"breadcrumb": "lieux/pays/Barbade/",
"fiche-a-completer": true,
"fiche-publiee": true,
"identifiant-drupal": 365302,
"mise-a-jour": "2016-02-04-16-02-30",
"moment-de-creation": "2015-12-06-16-12-31",
"moment-de-modification": "2016-02-04-16-02-30",
"nom": "Barbade",
"nom-anglais": ["Barbados"],
"nom-arabe": ["&#1576;&#1575;&#1585;&#1576;&#1575;&#1583;&#1608;&#1587;"],
"nom-espagnol": ["Barbados"],
"nom-folder": "Barbade",
"nom-francais": ["Barbade"],
"nom-italien": ["Barbados"],
"nom-machine": "lieu-2015-12-06-16-12-31-86966181069",
"nom-russe": ["&#1041;&#1072;&#1088;&#1073;&#1072;&#1076;&#1086;&#1089;"],
"sous-type": "pays",
"type": "lieux"
}