{
"_id": "lieu-2015-12-06-16-16-28-86966195297",
"ajouter-aux-favoris": false,
"breadcrumb": "lieux/pays/Ethiopie/",
"fiche-a-completer": true,
"fiche-publiee": true,
"identifiant-drupal": 365245,
"mise-a-jour": "2016-02-04-16-37-07",
"moment-de-creation": "2015-12-06-16-16-28",
"moment-de-modification": "2016-02-04-16-37-07",
"nom": "&#201;thiopie",
"nom-anglais": ["Ethiopia"],
"nom-arabe": ["&#1573;&#1579;&#1610;&#1608;&#1576;&#1610;&#1575;"],
"nom-espagnol": ["Etiop&#237;a"],
"nom-folder": "Ethiopie",
"nom-francais": ["&#201;thiopie"],
"nom-italien": ["Etiopia"],
"nom-machine": "lieu-2015-12-06-16-16-28-86966195297",
"nom-russe": ["&#1069;&#1092;&#1080;&#1086;&#1087;&#1080;&#1103;"],
"sous-type": "pays",
"type": "lieux"
}