{
"_id": "lieu-2015-12-06-16-22-47-86966218030",
"ajouter-aux-favoris": false,
"breadcrumb": "lieux/pays/Singapour/",
"fiche-a-completer": true,
"fiche-publiee": true,
"identifiant-drupal": 365338,
"mise-a-jour": "2016-02-04-18-24-51",
"moment-de-creation": "2015-12-06-16-22-47",
"moment-de-modification": "2016-02-04-18-24-51",
"nom": "Singapour",
"nom-anglais": ["Singapore"],
"nom-arabe": ["&#1587;&#1606;&#1594;&#1575;&#1601;&#1608;&#1585;&#1577;"],
"nom-espagnol": ["Singapur"],
"nom-folder": "Singapour",
"nom-francais": ["Singapour"],
"nom-italien": ["Singapore"],
"nom-machine": "lieu-2015-12-06-16-22-47-86966218030",
"nom-russe": ["&#1057;&#1080;&#1085;&#1075;&#1072;&#1087;&#1091;&#1088;"],
"sous-type": "pays",
"type": "lieux"
}