{
"_id": "lieu-2015-12-06-16-23-27-86966220436",
"ajouter-aux-favoris": false,
"breadcrumb": "lieux/pays/Zambie/",
"fiche-a-completer": true,
"fiche-publiee": true,
"identifiant-drupal": 365275,
"mise-a-jour": "2016-02-04-18-48-16",
"moment-de-creation": "2015-12-06-16-23-27",
"moment-de-modification": "2016-02-04-18-48-16",
"nom": "Zambie",
"nom-anglais": ["Zambia"],
"nom-arabe": ["&#1586;&#1575;&#1605;&#1576;&#1610;&#1575;"],
"nom-espagnol": ["Zambia"],
"nom-folder": "Zambie",
"nom-francais": ["Zambie"],
"nom-italien": ["Zambia"],
"nom-machine": "lieu-2015-12-06-16-23-27-86966220436",
"nom-russe": ["&#1047;&#1072;&#1084;&#1073;&#1080;&#1103;"],
"sous-type": "pays",
"type": "lieux"
}