{
"_id": "lieu-2015-12-06-16-15-45-86966192731",
"ajouter-aux-favoris": false,
"breadcrumb": "lieux/pays/Djibouti/",
"fiche-a-completer": true,
"fiche-publiee": true,
"identifiant-drupal": 365243,
"mise-a-jour": "2016-02-04-16-30-44",
"moment-de-creation": "2015-12-06-16-15-45",
"moment-de-modification": "2016-02-04-16-30-44",
"nom": "Djibouti",
"nom-anglais": ["Djibouti"],
"nom-arabe": ["&#1580;&#1610;&#1576;&#1608;&#1578;&#1610;"],
"nom-espagnol": ["Yibuti"],
"nom-folder": "Djibouti",
"nom-francais": ["Djibouti"],
"nom-italien": ["Gibuti"],
"nom-machine": "lieu-2015-12-06-16-15-45-86966192731",
"nom-russe": ["&#1044;&#1078;&#1080;&#1073;&#1091;&#1090;&#1080;"],
"sous-type": "pays",
"type": "lieux"
}