{
"_id": "lieu-2015-12-06-16-12-22-86966180527",
"ajouter-aux-favoris": false,
"breadcrumb": "lieux/pays/Antilles/Iles-Vierges-americaines/",
"description": "&#206;les Vierges am&#233;ricaines",
"fiche-a-completer": true,
"fiche-publiee": true,
"identifiant-drupal": 380833,
"mise-a-jour": "2015-01-04-02-26-20",
"moment-de-creation": "2015-12-06-16-12-22",
"moment-de-modification": "2015-01-04-02-26-20",
"nom": "&#206;les Vierges am&#233;ricaines",
"nom-anglais": ["United States Virgin Islands"],
"nom-arabe": ["&#1580;&#1586;&#1585; &#1575;&#1604;&#1593;&#1584;&#1585;&#1575;&#1569; &#1575;&#1604;&#1571;&#1605;&#1585;&#1610;&#1603;&#1610;&#1577;"],
"nom-espagnol": ["Islas V&#237;rgenes de los Estados Unidos"],
"nom-folder": "Iles-Vierges-americaines",
"nom-francais": ["&#206;les Vierges am&#233;ricaines"],
"nom-italien": ["Isole Vergini americane"],
"nom-machine": "lieu-2015-12-06-16-12-22-86966180527",
"nom-russe": ["&#1042;&#1080;&#1088;&#1075;&#1080;&#769;&#1085;&#1089;&#1082;&#1080;&#1077; &#1086;&#1089;&#1090;&#1088;&#1086;&#1074;&#1072; &#1057;&#1086;&#1077;&#1076;&#1080;&#1085;&#1105;&#1085;&#1085;&#1099;&#1093; &#1064;&#1090;&#1072;&#1090;&#1086;&#1074;"],
"sous-type": "pays",
"type": "lieux"
}