{
"_id": "lieu-2015-12-06-16-15-45-86966192729",
"breadcrumb": "lieux/pays/Iles-Feroe/",
"fiche-publiee": true,
"mise-a-jour": "2016-04-16-01-36-56",
"moment-de-creation": "2015-12-06-16-15-45",
"nom": "&#206;les F&#233;ro&#233;",
"nom-anglais": ["Faroe Islands"],
"nom-arabe": ["&#1580;&#1586;&#1585; &#1601;&#1575;&#1585;&#1608;"],
"nom-espagnol": ["Islas Feroe"],
"nom-folder": "Iles-Feroe",
"nom-francais": ["&#206;les F&#233;ro&#233;"],
"nom-italien": ["F&#230;r &#216;er"],
"nom-machine": "lieu-2015-12-06-16-15-45-86966192729",
"nom-russe": ["&#1060;&#1072;&#1088;&#1077;&#1088;&#1089;&#1082;&#1080;&#1077; &#1086;&#1089;&#1090;&#1088;&#1086;&#1074;&#1072;"],
"sous-type": "pays",
"type": "lieux"
}