{
"_id": "lieu-2015-12-06-16-10-49-86966174994",
"ajouter-aux-favoris": false,
"breadcrumb": "lieux/pays/Algerie/",
"fiche-a-completer": true,
"fiche-publiee": true,
"identifiant-drupal": 365277,
"mise-a-jour": "2016-02-06-00-11-01",
"moment-de-creation": "2015-12-06-16-10-49",
"moment-de-modification": "2016-02-06-00-11-01",
"nom": "Alg&#233;rie",
"nom-anglais": ["Algeria"],
"nom-arabe": ["&#1575;&#1604;&#1580;&#1586;&#1575;&#1574;&#1585;"],
"nom-espagnol": ["Argelia"],
"nom-folder": "Algerie",
"nom-francais": ["Alg&#233;rie"],
"nom-italien": ["Algeria"],
"nom-machine": "lieu-2015-12-06-16-10-49-86966174994",
"nom-russe": ["&#1040;&#1083;&#1078;&#1080;&#1088;"],
"sous-type": "pays",
"type": "taxonomies"
}