{
"_id": "lieu-2015-12-06-16-22-11-86966215888",
"ajouter-aux-favoris": false,
"breadcrumb": "lieux/pays/Moyen-Orient/Machrek/Jordanie/",
"description": "Jordanie",
"fiche-a-completer": true,
"fiche-publiee": true,
"identifiant-drupal": 365400,
"mise-a-jour": "2015-01-04-02-27-19",
"moment-de-creation": "2015-12-06-16-22-11",
"moment-de-modification": "2015-01-04-02-27-19",
"nom": "Jordanie",
"nom-anglais": ["Jordan"],
"nom-arabe": ["&#1575;&#1604;&#1571;&#1585;&#1583;&#1606;"],
"nom-espagnol": ["Jordania"],
"nom-folder": "Jordanie",
"nom-francais": ["Jordanie"],
"nom-italien": ["Giordania"],
"nom-machine": "lieu-2015-12-06-16-22-11-86966215888",
"nom-russe": ["&#1048;&#1086;&#1088;&#1076;&#1072;&#1085;&#1080;&#1103;"],
"sous-type": "pays",
"type": "lieux"
}