{
"_id": "lieu-2015-12-06-16-21-36-86966213760",
"ajouter-aux-favoris": false,
"breadcrumb": "lieux/pays/La-Reunion/",
"fiche-a-completer": true,
"fiche-publiee": true,
"identifiant-drupal": 362102,
"mise-a-jour": "2016-02-04-18-19-22",
"moment-de-creation": "2015-12-06-16-21-36",
"moment-de-modification": "2016-02-04-18-19-22",
"nom": "La R&#233;union",
"nom-anglais": ["Reunion (French)"],
"nom-arabe": ["&#1604;&#1575; &#1585;&#1610;&#1608;&#1606;&#1610;&#1608;&#1606;"],
"nom-espagnol": ["Reuni&#243;n"],
"nom-folder": "La-Reunion",
"nom-francais": ["La R&#233;union"],
"nom-italien": ["Riunione"],
"nom-machine": "lieu-2015-12-06-16-21-36-86966213760",
"nom-russe": ["&#1056;&#1077;&#1102;&#1085;&#1100;&#1086;&#1085;"],
"sous-type": "pays",
"type": "lieux"
}