{
"_id": "lieu-2015-12-06-16-21-11-86966212316",
"ajouter-aux-favoris": false,
"breadcrumb": "lieux/pays/Iles-Caimans/",
"fiche-a-completer": true,
"fiche-publiee": true,
"identifiant-drupal": 380812,
"mise-a-jour": "2016-02-04-17-23-30",
"moment-de-creation": "2015-12-06-16-21-11",
"moment-de-modification": "2016-02-04-17-23-30",
"nom": "&#206;les Ca&#239;mans",
"nom-anglais": ["Cayman Islands"],
"nom-arabe": ["&#1580;&#1586;&#1585; &#1603;&#1575;&#1610;&#1605;&#1575;&#1606;"],
"nom-espagnol": ["Islas Caim&#225;n"],
"nom-folder": "Iles-Caimans",
"nom-francais": ["&#206;les Ca&#239;mans"],
"nom-italien": ["Isole Cayman"],
"nom-machine": "lieu-2015-12-06-16-21-11-86966212316",
"nom-russe": ["&#1050;&#1072;&#1081;&#1084;&#1072;&#1085;&#1086;&#1074;&#1099; &#1086;&#1089;&#1090;&#1088;&#1086;&#1074;&#1072;"],
"sous-type": "pays",
"type": "lieux"
}