{
"_id": "lieu-2015-12-06-16-22-34-86966217266",
"ajouter-aux-favoris": false,
"breadcrumb": "lieux/pays/Republique-centrafricaine/",
"fiche-a-completer": true,
"fiche-publiee": true,
"identifiant-drupal": 365262,
"mise-a-jour": "2016-02-04-16-20-09",
"moment-de-creation": "2015-12-06-16-22-34",
"moment-de-modification": "2016-02-04-16-20-09",
"nom": "R&#233;publique centrafricaine",
"nom-anglais": ["Central African Republic"],
"nom-arabe": ["&#1580;&#1605;&#1607;&#1608;&#1585;&#1610;&#1577; &#1571;&#1601;&#1585;&#1610;&#1602;&#1610;&#1575; &#1575;&#1604;&#1608;&#1587;&#1591;&#1609;"],
"nom-espagnol": ["Rep&#250;blica Centroafricana"],
"nom-folder": "Republique-centrafricaine",
"nom-francais": ["R&#233;publique centrafricaine"],
"nom-italien": ["Repubblica Centrafricana"],
"nom-machine": "lieu-2015-12-06-16-22-34-86966217266",
"nom-russe": ["&#1062;&#1077;&#1085;&#1090;&#1088;&#1072;&#1083;&#1100;&#1085;&#1086;&#1072;&#1092;&#1088;&#1080;&#1082;&#1072;&#1085;&#1089;&#1082;&#1072;&#1103; &#1056;&#1077;&#1089;&#1087;&#1091;&#1073;&#1083;&#1080;&#1082;&#1072;"],
"sous-type": "pays",
"type": "lieux"
}