{
"_id": "lieu-2015-12-06-16-22-47-86966218027",
"ajouter-aux-favoris": false,
"breadcrumb": "lieux/pays/Sierra-Leone/",
"fiche-a-completer": true,
"fiche-publiee": true,
"identifiant-drupal": 365266,
"mise-a-jour": "2016-02-04-18-26-49",
"moment-de-creation": "2015-12-06-16-22-47",
"moment-de-modification": "2016-02-04-18-26-49",
"nom": "Sierra Leone",
"nom-anglais": ["Sierra Leone"],
"nom-arabe": ["&#1587;&#1610;&#1585;&#1575;&#1604;&#1610;&#1608;&#1606;"],
"nom-espagnol": ["Sierra Leone"],
"nom-folder": "Sierra-Leone",
"nom-francais": ["Sierra Leone"],
"nom-italien": ["Sierra Leone"],
"nom-machine": "lieu-2015-12-06-16-22-47-86966218027",
"nom-russe": ["&#1057;&#1100;&#1077;&#1088;&#1088;&#1072;-&#1051;&#1077;&#1086;&#1085;&#1077;"],
"sous-type": "pays",
"type": "lieux"
}