{
"_id": "lieu-2015-12-06-16-12-59-86966182750",
"ajouter-aux-favoris": false,
"breadcrumb": "lieux/pays/Canada/",
"capitale": "Ottawa",
"code-fips": "CA",
"code-iso": ["CA", "124", "CAN"],
"description": "Pays au nord des &#201;tats-Unis d'Am&#233;rique.",
"fiche-a-completer": true,
"fiche-publiee": true,
"identifiant-drupal": 362196,
"identifiant-drupal-parent": 0,
"importance": 1.00,
"langues": ["English (en-CA)", "French (fr-CA)", "Inuktitut (iu)"],
"mise-a-jour": "2016-03-15-04-01-15",
"moment-de-creation": "2015-12-06-16-12-59",
"moment-de-modification": "2016-03-15-04-01-15",
"nom": "Canada",
"nom-anglais": ["Canada"],
"nom-arabe": ["&#1603;&#1606;&#1583;&#1575;"],
"nom-espagnol": ["Canad&#225;"],
"nom-folder": "Canada",
"nom-francais": ["Canada"],
"nom-italien": ["Canada"],
"nom-machine": "lieu-2015-12-06-16-12-59-86966182750",
"nom-russe": ["&#1050;&#1072;&#1085;&#1072;&#1076;&#1072;"],
"population": "33,679,000",
"sous-type": "pays",
"superficie": "9,984,670.0",
"type": "lieux",
"URL-autres": ["https://www.exemple.bidon/Canada.html"],
"URL-dbpedia": "http://dbpedia.org/page/Canada",
"URL-drapeau": "http://www.geonames.org/flags/m/ca.png",
"URL-geonames": "http://www.geonames.org/countries/CA/canada.html",
"URL-wikipedia": "https://fr.wikipedia.org/wiki/Canada",
"villes": ["Montr&#233;al", "Toronto", "Vancouver"]
}