{
"_id": "lieu-2015-12-06-16-22-34-86966217261",
"ajouter-aux-favoris": false,
"breadcrumb": "lieux/pays/Republique-arabe-sahraouie-democratique/",
"description": "R&#233;publique arabe sahraouie d&#233;mocratique",
"fiche-a-completer": true,
"fiche-publiee": true,
"identifiant-drupal": 379221,
"mise-a-jour": "2015-01-04-02-27-02",
"moment-de-creation": "2015-12-06-16-22-34",
"moment-de-modification": "2015-01-04-02-27-02",
"nom": "R&#233;publique arabe sahraouie d&#233;mocratique",
"nom-anglais": ["Sahrawi Arab Democratic Republic"],
"nom-arabe": ["&#1575;&#1604;&#1580;&#1605;&#1607;&#1608;&#1585;&#1610;&#1577; &#1575;&#1604;&#1593;&#1585;&#1576;&#1610;&#1577; &#1575;&#1604;&#1589;&#1581;&#1585;&#1575;&#1608;&#1610;&#1577; &#1575;&#1604;&#1583;&#1610;&#1605;&#1602;&#1585;&#1575;&#1591;&#1610;&#1577;"],
"nom-espagnol": ["Rep&#250;blica &#193;rabe Saharaui Democr&#225;tica"],
"nom-folder": "Republique-arabe-sahraouie-democratique",
"nom-francais": ["R&#233;publique arabe sahraouie d&#233;mocratique"],
"nom-italien": ["Repubblica Democratica Araba dei Sahrawi"],
"nom-machine": "lieu-2015-12-06-16-22-34-86966217261",
"nom-russe": ["&#1057;&#1072;&#1093;&#1072;&#1088;&#1089;&#1082;&#1072;&#1103; &#1040;&#1088;&#1072;&#1073;&#1089;&#1082;&#1072;&#1103; &#1044;&#1077;&#1084;&#1086;&#1082;&#1088;&#1072;&#1090;&#1080;&#1095;&#1077;&#1089;&#1082;&#1072;&#1103; &#1056;&#1077;&#1089;&#1087;&#1091;&#1073;&#1083;&#1080;&#1082;&#1072;"],
"sous-type": "pays",
"type": "lieux"
}