{
"_id": "lieu-2015-12-06-16-22-13-86966216010",
"ajouter-aux-favoris": false,
"breadcrumb": "lieux/pays/Nauru/",
"fiche-a-completer": true,
"fiche-publiee": true,
"identifiant-drupal": 365392,
"mise-a-jour": "2016-02-04-17-50-20",
"moment-de-creation": "2015-12-06-16-22-13",
"moment-de-modification": "2016-02-04-17-50-20",
"nom": "Nauru",
"nom-anglais": ["Nauru"],
"nom-arabe": ["&#1606;&#1575;&#1608;&#1585;&#1608;"],
"nom-espagnol": ["Nauru"],
"nom-folder": "Nauru",
"nom-francais": ["Nauru"],
"nom-italien": ["Nauru"],
"nom-machine": "lieu-2015-12-06-16-22-13-86966216010",
"nom-russe": ["&#1053;&#1072;&#1091;&#1088;&#1091;"],
"sous-type": "pays",
"type": "lieux"
}