{
"_id": "lieu-2015-12-06-16-22-11-86966215908",
"ajouter-aux-favoris": false,
"breadcrumb": "lieux/pays/Moyen-Orient/Qatar/",
"description": "Qatar",
"fiche-a-completer": true,
"fiche-publiee": true,
"identifiant-drupal": 365402,
"mise-a-jour": "2015-01-04-02-27-19",
"moment-de-creation": "2015-12-06-16-22-11",
"moment-de-modification": "2015-01-04-02-27-19",
"nom": "Qatar",
"nom-anglais": ["Qatar"],
"nom-arabe": ["&#1602;&#1591;&#1585;"],
"nom-espagnol": ["Qatar"],
"nom-folder": "Qatar",
"nom-francais": ["Qatar"],
"nom-italien": ["Qatar"],
"nom-machine": "lieu-2015-12-06-16-22-11-86966215908",
"nom-russe": ["&#1050;&#1072;&#1090;&#1072;&#1088;"],
"sous-type": "pays",
"type": "lieux"
}