{
"_id": "lieu-2015-12-06-16-23-24-86966220288",
"ajouter-aux-favoris": false,
"breadcrumb": "lieux/pays/Tuvalu/",
"fiche-a-completer": true,
"fiche-publiee": true,
"identifiant-drupal": 365396,
"mise-a-jour": "2016-02-04-18-38-00",
"moment-de-creation": "2015-12-06-16-23-24",
"moment-de-modification": "2016-02-04-18-38-00",
"nom": "Tuvalu",
"nom-anglais": ["Tuvalu"],
"nom-arabe": ["&#1578;&#1608;&#1601;&#1575;&#1604;&#1608;"],
"nom-espagnol": ["Tuvalu"],
"nom-folder": "Tuvalu",
"nom-francais": ["Tuvalu"],
"nom-italien": ["Tuvalu"],
"nom-machine": "lieu-2015-12-06-16-23-24-86966220288",
"nom-russe": ["&#1058;&#1091;&#1074;&#1072;&#1083;&#1091;"],
"sous-type": "pays",
"type": "lieux"
}