{
"_id": "lieu-2015-12-06-16-22-46-86966218012",
"ajouter-aux-favoris": false,
"breadcrumb": "lieux/pays/Sao-Tome-et-Principe/",
"fiche-a-completer": true,
"fiche-publiee": true,
"identifiant-drupal": 379220,
"mise-a-jour": "2016-02-04-18-28-38",
"moment-de-creation": "2015-12-06-16-22-46",
"moment-de-modification": "2016-02-04-18-28-38",
"nom": "Sao Tom&#233;-et-Principe",
"nom-anglais": ["S&#97;&#771;o Tom&#233; and Pr&#237;ncipe"],
"nom-arabe": ["&#1587;&#1575;&#1608; &#1578;&#1608;&#1605;&#1610; &#1608;&#1576;&#1585;&#1610;&#1606;&#1587;&#1610;&#1576;"],
"nom-espagnol": ["Santo Tom&#233; y Pr&#237;ncipe"],
"nom-folder": "Sao-Tome-et-Principe",
"nom-francais": ["Sao Tom&#233;-et-Principe"],
"nom-italien": ["S&#97;&#771;o Tom&#233; e Pr&#237;ncipe"],
"nom-machine": "lieu-2015-12-06-16-22-46-86966218012",
"nom-russe": ["&#1057;&#1072;&#1085;-&#1058;&#1086;&#1084;&#1077; &#1080; &#1055;&#1088;&#1080;&#1085;&#1089;&#1080;&#1087;&#1080;"],
"sous-type": "pays",
"type": "lieux"
}