{
"_id": "lieu-2015-12-06-16-20-55-86966211358",
"ajouter-aux-favoris": false,
"breadcrumb": "lieux/pays/Grece/",
"fiche-a-completer": true,
"fiche-publiee": true,
"identifiant-drupal": 365363,
"mise-a-jour": "2016-02-04-16-47-40",
"moment-de-creation": "2015-12-06-16-20-55",
"moment-de-modification": "2016-02-04-16-47-40",
"nom": "Gr&#232;ce",
"nom-anglais": ["Greece"],
"nom-arabe": ["&#1575;&#1604;&#1610;&#1608;&#1606;&#1575;&#1606;"],
"nom-espagnol": ["Grecia"],
"nom-folder": "Grece",
"nom-francais": ["Gr&#232;ce"],
"nom-italien": ["Grecia"],
"nom-machine": "lieu-2015-12-06-16-20-55-86966211358",
"sous-type": "pays",
"type": "lieux"
}