{
"_id": "lieu-2015-12-06-16-16-08-86966194089",
"ajouter-aux-favoris": false,
"breadcrumb": "lieux/pays/Etats-Unis/",
"fiche-a-completer": true,
"fiche-publiee": true,
"identifiant-drupal": 365515,
"mise-a-jour": "2016-02-04-18-41-06",
"moment-de-creation": "2015-12-06-16-16-08",
"moment-de-modification": "2016-02-04-18-41-06",
"nom": "&#201;tats-Unis",
"nom-anglais": ["United States"],
"nom-arabe": ["&#1575;&#1604;&#1608;&#1604;&#1575;&#1610;&#1575;&#1578; &#1575;&#1604;&#1605;&#1578;&#1581;&#1583;&#1577;"],
"nom-espagnol": ["Estados Unidos"],
"nom-folder": "Etats-Unis",
"nom-francais": ["&#201;tats-Unis"],
"nom-italien": ["Stati Uniti"],
"nom-machine": "lieu-2015-12-06-16-16-08-86966194089",
"nom-russe": ["&#1057;&#1086;&#1077;&#1076;&#1080;&#1085;&#1105;&#1085;&#1085;&#1099;&#1077; &#1064;&#1090;&#1072;&#1090;&#1099;"],
"sous-type": "pays",
"type": "lieux"
}