{
"_id": "lieu-2015-12-06-16-23-06-86966219209",
"ajouter-aux-favoris": false,
"breadcrumb": "lieux/pays/Transnistrie/",
"description": "Transnistrie",
"fiche-a-completer": true,
"fiche-publiee": true,
"identifiant-drupal": 365389,
"mise-a-jour": "2015-01-04-02-27-06",
"moment-de-creation": "2015-12-06-16-23-06",
"moment-de-modification": "2015-01-04-02-27-06",
"nom": "Transnistrie",
"nom-anglais": ["Transnistria"],
"nom-arabe": ["&#1578;&#1585;&#1575;&#1606;&#1587;&#1606;&#1610;&#1587;&#1578;&#1585;&#1610;&#1575;"],
"nom-espagnol": ["Transnistria"],
"nom-folder": "Transnistrie",
"nom-francais": ["Transnistrie"],
"nom-italien": ["Transnistria"],
"nom-machine": "lieu-2015-12-06-16-23-06-86966219209",
"nom-russe": ["&#1055;&#1088;&#1080;&#1076;&#1085;&#1077;&#1089;&#1090;&#1088;&#1086;&#1074;&#1089;&#1082;&#1072;&#1103; &#1052;&#1086;&#1083;&#1076;&#1072;&#1074;&#1089;&#1082;&#1072;&#1103; &#1056;&#1077;&#1089;&#1087;&#1091;&#1073;&#1083;&#1080;&#1082;&#1072;"],
"sous-type": "pays",
"type": "lieux"
}