{
"_id": "lieu-2015-12-06-16-15-39-86966192396",
"ajouter-aux-favoris": false,
"breadcrumb": "lieux/pays/Coree-du-Nord/",
"fiche-a-completer": true,
"fiche-publiee": true,
"identifiant-drupal": 365320,
"mise-a-jour": "2016-02-04-17-21-45",
"moment-de-creation": "2015-12-06-16-15-39",
"moment-de-modification": "2016-02-04-17-21-45",
"nom": "Cor&#233;e du Nord",
"nom-anglais": ["North Korea"],
"nom-arabe": ["&#1603;&#1608;&#1585;&#1610;&#1575; &#1575;&#1604;&#1588;&#1605;&#1575;&#1604;&#1610;&#1577;"],
"nom-espagnol": ["Corea del Norte"],
"nom-folder": "Coree-du-Nord",
"nom-francais": ["Cor&#233;e du Nord"],
"nom-italien": ["Corea del Nord"],
"nom-machine": "lieu-2015-12-06-16-15-39-86966192396",
"nom-russe": ["&#1057;&#1077;&#1074;&#1077;&#1088;&#1085;&#1072;&#1103; &#1050;&#1086;&#1088;&#1077;&#1103;"],
"sous-type": "pays",
"type": "lieux"
}