{
"_id": "lieu-2015-12-06-16-22-47-86966218052",
"ajouter-aux-favoris": false,
"breadcrumb": "lieux/pays/Sud-Soudan/",
"description": "Sud-Soudan",
"fiche-a-completer": true,
"fiche-publiee": true,
"identifiant-drupal": 379222,
"mise-a-jour": "2015-01-04-02-27-00",
"moment-de-creation": "2015-12-06-16-22-47",
"moment-de-modification": "2015-01-04-02-27-00",
"nom": "Soudan du Sud",
"nom-anglais": ["South Sudan"],
"nom-arabe": ["&#1580;&#1606;&#1608;&#1576; &#1575;&#1604;&#1587;&#1608;&#1583;&#1575;&#1606;"],
"nom-espagnol": ["Sud&#225;n del Sur"],
"nom-folder": "Sud-Soudan",
"nom-francais": ["Soudan du Sud"],
"nom-italien": ["Sudan del Sud"],
"nom-machine": "lieu-2015-12-06-16-22-47-86966218052",
"nom-russe": ["&#1070;&#1078;&#1085;&#1099;&#1081; &#1057;&#1091;&#1076;&#1072;&#1085;"],
"sous-type": "pays",
"type": "lieux"
}