{
"_id": "lieu-2015-12-06-16-12-21-86966180495",
"ajouter-aux-favoris": false,
"breadcrumb": "lieux/pays/Antilles/",
"description": "Antilles",
"fiche-a-completer": true,
"fiche-publiee": true,
"identifiant-drupal": 362060,
"mise-a-jour": "2015-01-04-02-26-20",
"moment-de-creation": "2015-12-06-16-12-21",
"moment-de-modification": "2015-01-04-02-26-20",
"nom": "Antilles",
"nom-anglais": ["Antilles"],
"nom-arabe": ["&#1580;&#1586;&#1585; &#1575;&#1604;&#1571;&#1606;&#1578;&#1610;&#1604;"],
"nom-espagnol": ["Antillas"],
"nom-folder": "Antilles",
"nom-francais": ["Antilles"],
"nom-italien": ["Antille"],
"nom-machine": "lieu-2015-12-06-16-12-21-86966180495",
"nom-russe": ["&#1040;&#1085;&#1090;&#1080;&#1083;&#1100;&#1089;&#1082;&#1080;&#1077; &#1086;&#1089;&#1090;&#1088;&#1086;&#1074;&#1072;"],
"sous-type": "pays",
"type": "lieux"
}