{
"_id": "lieu-2015-12-06-16-22-42-86966217771",
"ajouter-aux-favoris": false,
"breadcrumb": "lieux/pays/Roumanie/",
"fiche-a-completer": true,
"fiche-publiee": true,
"identifiant-drupal": 365382,
"mise-a-jour": "2016-02-04-18-19-53",
"moment-de-creation": "2015-12-06-16-22-42",
"moment-de-modification": "2016-02-04-18-19-53",
"nom": "Roumanie",
"nom-anglais": ["Romania"],
"nom-arabe": ["&#1585;&#1608;&#1605;&#1575;&#1606;&#1610;&#1575;"],
"nom-espagnol": ["Rumania"],
"nom-folder": "Roumanie",
"nom-francais": ["Roumanie"],
"nom-italien": ["Romania"],
"nom-machine": "lieu-2015-12-06-16-22-42-86966217771",
"nom-russe": ["&#1056;&#1091;&#1084;&#1099;&#1085;&#1080;&#1103;"],
"sous-type": "pays",
"type": "lieux"
}