{
"_id": "lieu-2015-12-06-16-23-04-86966219069",
"ajouter-aux-favoris": false,
"breadcrumb": "lieux/pays/Tchad/",
"fiche-a-completer": true,
"fiche-publiee": true,
"identifiant-drupal": 365272,
"mise-a-jour": "2016-02-04-18-32-26",
"moment-de-creation": "2015-12-06-16-23-04",
"moment-de-modification": "2016-02-04-18-32-26",
"nom": "Tchad",
"nom-anglais": ["Chad"],
"nom-arabe": ["&#1578;&#1588;&#1575;&#1583;"],
"nom-espagnol": ["Chad"],
"nom-folder": "Tchad",
"nom-francais": ["Tchad"],
"nom-italien": ["Ciad"],
"nom-machine": "lieu-2015-12-06-16-23-04-86966219069",
"nom-russe": ["&#1063;&#1072;&#1076;"],
"sous-type": "pays",
"type": "lieux"
}