{
"_id": "lieu-2015-12-06-16-15-50-86966193031",
"ajouter-aux-favoris": false,
"breadcrumb": "lieux/pays/El-Salvador/",
"fiche-a-completer": true,
"fiche-publiee": true,
"identifiant-drupal": 365282,
"mise-a-jour": "2016-02-04-18-29-46",
"moment-de-creation": "2015-12-06-16-15-50",
"moment-de-modification": "2016-02-04-18-29-46",
"nom": "El Salvador",
"nom-anglais": ["El Salvador"],
"nom-arabe": ["&#1575;&#1604;&#1587;&#1604;&#1601;&#1575;&#1583;&#1608;&#1585;"],
"nom-espagnol": ["El Salvador"],
"nom-folder": "El-Salvador",
"nom-francais": ["El Salvador"],
"nom-italien": ["El Salvador"],
"nom-machine": "lieu-2015-12-06-16-15-50-86966193031",
"nom-russe": ["&#1057;&#1072;&#1083;&#1100;&#1074;&#1072;&#1076;&#1086;&#1088;"],
"sous-type": "pays",
"type": "lieux"
}