{
"_id": "lieu-2015-12-06-16-22-11-86966215903",
"ajouter-aux-favoris": false,
"breadcrumb": "lieux/pays/Moyen-Orient/Proche-Orient/Israel/",
"description": "Israel",
"fiche-a-completer": true,
"fiche-publiee": true,
"identifiant-drupal": 365417,
"mise-a-jour": "2015-01-04-02-27-19",
"moment-de-creation": "2015-12-06-16-22-11",
"moment-de-modification": "2015-01-04-02-27-19",
"nom": "Israel",
"nom-anglais": ["Israel"],
"nom-arabe": ["&#1573;&#1587;&#1585;&#1575;&#1574;&#1610;&#1604;"],
"nom-espagnol": ["Israel"],
"nom-folder": "Israel",
"nom-francais": ["Israel"],
"nom-italien": ["Israele"],
"nom-machine": "lieu-2015-12-06-16-22-11-86966215903",
"nom-russe": ["&#1048;&#1079;&#1088;&#1072;&#1080;&#1083;&#1100;"],
"sous-type": "pays",
"type": "lieux"
}