{
"_id": "lieu-2015-12-06-16-12-42-86966181777",
"ajouter-aux-favoris": false,
"breadcrumb": "lieux/pays/Botswana/",
"fiche-a-completer": true,
"fiche-publiee": true,
"identifiant-drupal": 365235,
"mise-a-jour": "2016-02-04-16-17-31",
"moment-de-creation": "2015-12-06-16-12-42",
"moment-de-modification": "2016-02-04-16-17-31",
"nom": "Botswana",
"nom-anglais": ["Botswana"],
"nom-arabe": ["&#1576;&#1608;&#1578;&#1587;&#1608;&#1575;&#1606;&#1575;"],
"nom-espagnol": ["Botswana"],
"nom-folder": "Botswana",
"nom-francais": ["Botswana"],
"nom-italien": ["Botswana"],
"nom-machine": "lieu-2015-12-06-16-12-42-86966181777",
"nom-russe": ["&#1041;&#1086;&#1090;&#1089;&#1074;&#1072;&#1085;&#1072;"],
"sous-type": "pays",
"type": "lieux"
}