{
"_id": "lieu-2015-12-06-16-12-40-86966181659",
"ajouter-aux-favoris": false,
"breadcrumb": "lieux/pays/Bolivie/",
"fiche-a-completer": true,
"fiche-publiee": true,
"identifiant-drupal": 365290,
"mise-a-jour": "2016-02-04-16-11-10",
"moment-de-creation": "2015-12-06-16-12-40",
"moment-de-modification": "2016-02-04-16-11-10",
"nom": "Bolivie",
"nom-anglais": ["Bolivia"],
"nom-arabe": ["&#1576;&#1608;&#1604;&#1610;&#1601;&#1610;&#1575;"],
"nom-espagnol": ["Bolivia"],
"nom-folder": "Bolivie",
"nom-francais": ["Bolivie"],
"nom-italien": ["Bolivia"],
"nom-machine": "lieu-2015-12-06-16-12-40-86966181659",
"nom-russe": ["&#1041;&#1086;&#1083;&#1080;&#1074;&#1080;&#1103;"],
"sous-type": "pays",
"type": "lieux"
}