{
"_id": "lieu-2015-12-06-16-23-27-86966220438",
"ajouter-aux-favoris": false,
"breadcrumb": "lieux/pays/Zimbabwe/",
"fiche-a-completer": true,
"fiche-publiee": true,
"identifiant-drupal": 365276,
"mise-a-jour": "2016-02-04-18-48-43",
"moment-de-creation": "2015-12-06-16-23-27",
"moment-de-modification": "2016-02-04-18-48-43",
"nom": "Zimbabwe",
"nom-anglais": ["Zimbabwe"],
"nom-arabe": ["&#1586;&#1610;&#1605;&#1576;&#1575;&#1576;&#1608;&#1610;"],
"nom-espagnol": ["Zimbabue"],
"nom-folder": "Zimbabwe",
"nom-francais": ["Zimbabwe"],
"nom-italien": ["Zimbabwe"],
"nom-machine": "lieu-2015-12-06-16-23-27-86966220438",
"nom-russe": ["&#1047;&#1080;&#1084;&#1073;&#1072;&#1073;&#1074;&#1077;"],
"sous-type": "pays",
"type": "lieux"
}