{
"_id": "lieu-2015-12-06-16-22-29-86966216993",
"ajouter-aux-favoris": false,
"breadcrumb": "lieux/pays/Polynesie-francaise/",
"fiche-a-completer": true,
"fiche-publiee": true,
"identifiant-drupal": 362106,
"mise-a-jour": "2016-02-04-17-53-32",
"moment-de-creation": "2015-12-06-16-22-29",
"moment-de-modification": "2016-02-04-17-53-32",
"nom": "Polyn&#233;sie fran&#231;aise",
"nom-anglais": ["Polynesia (French)"],
"nom-arabe": ["&#1576;&#1608;&#1604;&#1610;&#1606;&#1586;&#1610;&#1575; &#1575;&#1604;&#1601;&#1585;&#1606;&#1587;&#1610;&#1577;"],
"nom-espagnol": ["Polinesia Francesa"],
"nom-folder": "Polynesie-francaise",
"nom-francais": ["Polyn&#233;sie fran&#231;aise"],
"nom-italien": ["Polinesia Francese"],
"nom-machine": "lieu-2015-12-06-16-22-29-86966216993",
"nom-russe": ["&#1060;&#1088;&#1072;&#1085;&#1094;&#1091;&#1079;&#1089;&#1082;&#1072;&#1103; &#1055;&#1086;&#1083;&#1080;&#1085;&#1077;&#1079;&#1080;&#1103;"],
"sous-type": "pays",
"type": "lieux"
}