{
"_id": "lieu-2015-12-06-16-22-13-86966216007",
"ajouter-aux-favoris": false,
"breadcrumb": "lieux/pays/Namibie/",
"fiche-a-completer": true,
"fiche-publiee": true,
"identifiant-drupal": 365258,
"mise-a-jour": "2016-02-04-17-44-34",
"moment-de-creation": "2015-12-06-16-22-13",
"moment-de-modification": "2016-02-04-17-44-34",
"nom": "Namibie",
"nom-anglais": ["Namibia"],
"nom-arabe": ["&#1606;&#1575;&#1605;&#1610;&#1576;&#1610;&#1575;"],
"nom-espagnol": ["Namibia"],
"nom-folder": "Namibie",
"nom-francais": ["Namibie"],
"nom-italien": ["Namibia"],
"nom-machine": "lieu-2015-12-06-16-22-13-86966216007",
"nom-russe": ["&#1053;&#1072;&#1084;&#1080;&#1073;&#1080;&#1103;"],
"sous-type": "pays",
"type": "lieux"
}