{
"_id": "lieu-2015-12-06-16-21-41-86966214113",
"ajouter-aux-favoris": false,
"breadcrumb": "lieux/pays/Liberia/",
"fiche-a-completer": true,
"fiche-publiee": true,
"identifiant-drupal": 365250,
"mise-a-jour": "2016-02-04-17-27-02",
"moment-de-creation": "2015-12-06-16-21-41",
"moment-de-modification": "2016-02-04-17-27-02",
"nom": "Lib&#233;ria",
"nom-anglais": ["Liberia"],
"nom-arabe": ["&#1604;&#1610;&#1576;&#1610;&#1585;&#1610;&#1575;"],
"nom-espagnol": ["Liberia"],
"nom-folder": "Liberia",
"nom-francais": ["Lib&#233;ria"],
"nom-italien": ["Liberia"],
"nom-machine": "lieu-2015-12-06-16-21-41-86966214113",
"nom-russe": ["&#1051;&#1080;&#1073;&#1077;&#1088;&#1080;&#1103;"],
"sous-type": "pays",
"type": "lieux"
}