{
"_id": "lieu-2015-12-06-16-15-34-86966192048",
"ajouter-aux-favoris": false,
"breadcrumb": "lieux/pays/Colombie/",
"fiche-a-completer": true,
"fiche-publiee": true,
"identifiant-drupal": 365293,
"mise-a-jour": "2016-02-04-16-25-15",
"moment-de-creation": "2015-12-06-16-15-34",
"moment-de-modification": "2016-02-04-16-25-15",
"nom": "Colombie",
"nom-anglais": ["Colombia"],
"nom-arabe": ["&#1603;&#1608;&#1604;&#1608;&#1605;&#1576;&#1610;&#1575;"],
"nom-espagnol": ["Colombia"],
"nom-folder": "Colombie",
"nom-francais": ["Colombie"],
"nom-italien": ["Colombia"],
"nom-machine": "lieu-2015-12-06-16-15-34-86966192048",
"nom-russe": ["&#1050;&#1086;&#1083;&#1091;&#1084;&#1073;&#1080;&#1103;"],
"sous-type": "pays",
"type": "lieux"
}