{
"_id": "lieu-2015-12-06-16-15-52-86966193135",
"ajouter-aux-favoris": false,
"breadcrumb": "lieux/pays/Emirats-arabes-unis/",
"fiche-a-completer": true,
"fiche-publiee": true,
"identifiant-drupal": 365415,
"mise-a-jour": "2016-02-04-15-45-35",
"moment-de-creation": "2015-12-06-16-15-52",
"moment-de-modification": "2016-02-04-15-45-35",
"nom": "&#201;mirats arabes unis",
"nom-anglais": ["United Arab Emirates"],
"nom-arabe": ["&#1575;&#1604;&#1573;&#1605;&#1575;&#1585;&#1575;&#1578; &#1575;&#1604;&#1593;&#1585;&#1576;&#1610;&#1577; &#1575;&#1604;&#1605;&#1578;&#1581;&#1583;&#1577;"],
"nom-espagnol": ["Emiratos &#193;rabes Unidos"],
"nom-folder": "Emirats-arabes-unis",
"nom-francais": ["&#201;mirats arabes unis"],
"nom-italien": ["Emirati Arabi Uniti"],
"nom-machine": "lieu-2015-12-06-16-15-52-86966193135",
"nom-russe": ["&#1054;&#1073;&#1098;&#1077;&#1076;&#1080;&#1085;&#1105;&#1085;&#1085;&#1099;&#1077; &#1040;&#1088;&#1072;&#1073;&#1089;&#1082;&#1080;&#1077; &#1069;&#1084;&#1080;&#1088;&#1072;&#1090;&#1099;"],
"sous-type": "pays",
"type": "lieux"
}