{
"_id": "lieu-2015-12-06-16-21-46-86966214370",
"ajouter-aux-favoris": false,
"breadcrumb": "lieux/pays/Maldives/",
"fiche-a-completer": true,
"fiche-publiee": true,
"identifiant-drupal": 365330,
"mise-a-jour": "2016-02-04-17-39-43",
"moment-de-creation": "2015-12-06-16-21-46",
"moment-de-modification": "2016-02-04-17-39-43",
"nom": "Maldives",
"nom-anglais": ["Maldives"],
"nom-arabe": ["&#1580;&#1586;&#1585; &#1575;&#1604;&#1605;&#1575;&#1604;&#1583;&#1610;&#1601;"],
"nom-espagnol": ["Maldivas"],
"nom-folder": "Maldives",
"nom-francais": ["Maldives"],
"nom-italien": ["Maldive"],
"nom-machine": "lieu-2015-12-06-16-21-46-86966214370",
"nom-russe": ["&#1052;&#1072;&#1083;&#1100;&#1076;&#1080;&#1074;&#1099;"],
"sous-type": "pays",
"type": "lieux"
}