{
"_id": "lieu-2015-12-06-16-12-23-86966180609",
"ajouter-aux-favoris": false,
"breadcrumb": "lieux/pays/Argentine/",
"fiche-a-completer": true,
"fiche-publiee": true,
"identifiant-drupal": 365289,
"mise-a-jour": "2016-02-04-15-49-18",
"moment-de-creation": "2015-12-06-16-12-23",
"moment-de-modification": "2016-02-04-15-49-18",
"nom": "Argentine",
"nom-anglais": ["Argentina"],
"nom-arabe": ["&#1575;&#1604;&#1571;&#1585;&#1580;&#1606;&#1578;&#1610;&#1606;"],
"nom-espagnol": ["Argentina"],
"nom-folder": "Argentine",
"nom-francais": ["Argentine"],
"nom-italien": ["Argentina"],
"nom-machine": "lieu-2015-12-06-16-12-23-86966180609",
"nom-russe": ["&#1040;&#1088;&#1075;&#1077;&#1085;&#1090;&#1080;&#1085;&#1072;"],
"sous-type": "pays",
"type": "lieux"
}