{
"_id": "lieu-2015-12-06-16-20-56-86966211388",
"ajouter-aux-favoris": false,
"breadcrumb": "lieux/pays/Guatemala/",
"fiche-a-completer": true,
"fiche-publiee": true,
"identifiant-drupal": 365283,
"mise-a-jour": "2016-02-04-16-48-19",
"moment-de-creation": "2015-12-06-16-20-56",
"moment-de-modification": "2016-02-04-16-48-19",
"nom": "Guatemala",
"nom-anglais": ["Guatemala"],
"nom-arabe": ["&#1594;&#1608;&#1575;&#1578;&#1610;&#1605;&#1575;&#1604;&#1575;"],
"nom-espagnol": ["Guatemala"],
"nom-folder": "Guatemala",
"nom-francais": ["Guatemala"],
"nom-italien": ["Guatemala"],
"nom-machine": "lieu-2015-12-06-16-20-56-86966211388",
"nom-russe": ["&#1043;&#1074;&#1072;&#1090;&#1077;&#1084;&#1072;&#1083;&#1072;"],
"sous-type": "pays",
"type": "lieux"
}