{
"_id": "lieu-2015-12-06-16-15-45-86966192721",
"ajouter-aux-favoris": false,
"breadcrumb": "lieux/pays/Danemark/",
"fiche-a-completer": true,
"fiche-publiee": true,
"identifiant-drupal": 365357,
"mise-a-jour": "2016-02-04-16-31-22",
"moment-de-creation": "2015-12-06-16-15-45",
"moment-de-modification": "2016-02-04-16-31-22",
"nom": "Danemark",
"nom-anglais": ["Denmark"],
"nom-arabe": ["&#1575;&#1604;&#1583;&#1606;&#1605;&#1575;&#1585;&#1603;"],
"nom-espagnol": ["Dinamarca"],
"nom-folder": "Danemark",
"nom-francais": ["Danemark"],
"nom-italien": ["Danimarca"],
"nom-machine": "lieu-2015-12-06-16-15-45-86966192721",
"nom-russe": ["&#1044;&#1072;&#1085;&#1080;&#1103;"],
"sous-type": "pays",
"type": "lieux"
}