{
"_id": "lieu-2015-12-06-16-23-06-86966219215",
"ajouter-aux-favoris": false,
"breadcrumb": "lieux/pays/Tunisie/",
"fiche-a-completer": true,
"fiche-publiee": true,
"identifiant-drupal": 365274,
"mise-a-jour": "2016-02-04-18-35-22",
"moment-de-creation": "2015-12-06-16-23-06",
"moment-de-modification": "2016-02-04-18-35-22",
"nom": "Tunisie",
"nom-anglais": ["Tunisia"],
"nom-arabe": ["&#1578;&#1608;&#1606;&#1587;"],
"nom-espagnol": ["T&#250;nez"],
"nom-folder": "Tunisie",
"nom-francais": ["Tunisie"],
"nom-italien": ["Tunisia"],
"nom-machine": "lieu-2015-12-06-16-23-06-86966219215",
"nom-russe": ["&#1058;&#1091;&#1085;&#1080;&#1089;"],
"sous-type": "pays",
"type": "lieux"
}