{
"_id": "lieu-2015-12-06-16-22-46-86966217983",
"ajouter-aux-favoris": false,
"breadcrumb": "lieux/pays/Sahel/",
"description": "Sahel",
"fiche-a-completer": true,
"fiche-publiee": true,
"identifiant-drupal": 362053,
"mise-a-jour": "2015-01-04-02-27-28",
"moment-de-creation": "2015-12-06-16-22-46",
"moment-de-modification": "2015-01-04-02-27-28",
"nom": "Sahel",
"nom-anglais": ["Sahel"],
"nom-arabe": ["&#1587;&#1575;&#1581;&#1604;"],
"nom-espagnol": ["S&#225;hel"],
"nom-folder": "Sahel",
"nom-francais": ["Sahel"],
"nom-italien": ["Sahel"],
"nom-machine": "lieu-2015-12-06-16-22-46-86966217983",
"nom-russe": ["&#1057;&#1072;&#1093;&#1077;&#1083;&#1100;"],
"sous-type": "pays",
"type": "lieux"
}