{
"_id": "lieu-2015-12-06-16-22-25-86966216718",
"ajouter-aux-favoris": false,
"breadcrumb": "lieux/pays/Ouzbekistan/",
"fiche-a-completer": true,
"fiche-publiee": true,
"identifiant-drupal": 365335,
"mise-a-jour": "2016-02-04-18-42-03",
"moment-de-creation": "2015-12-06-16-22-25",
"moment-de-modification": "2016-02-04-18-42-03",
"nom": "Ouzb&#233;kistan",
"nom-anglais": ["Uzbekistan"],
"nom-arabe": ["&#1571;&#1608;&#1586;&#1576;&#1603;&#1587;&#1578;&#1575;&#1606;"],
"nom-espagnol": ["Uzbekist&#225;n"],
"nom-folder": "Ouzbekistan",
"nom-francais": ["Ouzb&#233;kistan"],
"nom-italien": ["Uzbekistan"],
"nom-machine": "lieu-2015-12-06-16-22-25-86966216718",
"nom-russe": ["&#1059;&#1075;&#1072;&#1085;&#1076;&#1072;"],
"sous-type": "pays",
"type": "lieux"
}