{
"_id": "lieu-2015-12-06-16-20-46-86966210813",
"ajouter-aux-favoris": false,
"breadcrumb": "lieux/pays/Georgie-(Asie)/",
"fiche-a-completer": true,
"fiche-publiee": true,
"identifiant-drupal": 365322,
"mise-a-jour": "2016-02-04-16-42-31",
"moment-de-creation": "2015-12-06-16-20-46",
"moment-de-modification": "2016-02-04-16-42-31",
"nom": "G&#233;orgie (Asie)",
"nom-anglais": ["Georgia"],
"nom-arabe": ["&#1580;&#1608;&#1585;&#1580;&#1610;&#1575;"],
"nom-espagnol": ["Georgia"],
"nom-folder": "Georgie-(Asie)",
"nom-francais": ["G&#233;orgie (Asie)"],
"nom-italien": ["Georgia"],
"nom-machine": "lieu-2015-12-06-16-20-46-86966210813",
"nom-russe": ["&#1043;&#1088;&#1091;&#1079;&#1080;&#1103;"],
"sous-type": "pays",
"type": "lieux"
}