{
"_id": "lieu-2015-12-06-16-22-03-86966215438",
"breadcrumb": "lieux/pays/Nouvelle-Caledonie/",
"fiche-publiee": true,
"mise-a-jour": "2016-04-16-01-36-56",
"moment-de-creation": "2015-12-06-16-22-03",
"nom": "Nouvelle-Cal&#233;donie",
"nom-anglais": ["New Caledonia"],
"nom-arabe": ["&#1603;&#1575;&#1604;&#1610;&#1583;&#1608;&#1606;&#1610;&#1575; &#1575;&#1604;&#1580;&#1583;&#1610;&#1583;&#1577;"],
"nom-espagnol": ["Nueva Caledonia"],
"nom-folder": "Nouvelle-Caledonie",
"nom-francais": ["Nouvelle-Cal&#233;donie"],
"nom-italien": ["Nuova Caledonia"],
"nom-machine": "lieu-2015-12-06-16-22-03-86966215438",
"nom-russe": ["&#1053;&#1086;&#1074;&#1072;&#1103; &#1050;&#1072;&#1083;&#1077;&#1076;&#1086;&#1085;&#1080;&#1103;"],
"sous-type": "pays",
"type": "lieux"
}