{
"_id": "lieu-2015-12-06-16-20-56-86966211364",
"ajouter-aux-favoris": false,
"breadcrumb": "lieux/pays/Guadeloupe/",
"fiche-a-completer": true,
"fiche-publiee": true,
"identifiant-drupal": 362100,
"mise-a-jour": "2016-02-04-16-46-41",
"moment-de-creation": "2015-12-06-16-20-56",
"moment-de-modification": "2016-02-04-16-46-41",
"nom": "Guadeloupe",
"nom-anglais": ["Guadeloupe"],
"nom-arabe": ["&#1594;&#1608;&#1575;&#1583;&#1604;&#1608;&#1576;"],
"nom-espagnol": ["Guadalupe"],
"nom-folder": "Guadeloupe",
"nom-francais": ["Guadeloupe"],
"nom-italien": ["Guadalupa"],
"nom-machine": "lieu-2015-12-06-16-20-56-86966211364",
"nom-russe": ["&#1043;&#1074;&#1072;&#1076;&#1077;&#1083;&#1091;&#1087;&#1072;"],
"sous-type": "pays",
"type": "lieux"
}