{
"_id": "lieu-2015-12-06-16-12-39-86966181596",
"ajouter-aux-favoris": false,
"breadcrumb": "lieux/pays/Bhoutan/",
"fiche-a-completer": true,
"fiche-publiee": true,
"identifiant-drupal": 365314,
"mise-a-jour": "2016-02-04-16-16-31",
"moment-de-creation": "2015-12-06-16-12-39",
"moment-de-modification": "2016-02-04-16-16-31",
"nom": "Bhoutan",
"nom-anglais": ["Bhutan"],
"nom-arabe": ["&#1576;&#1608;&#1578;&#1575;&#1606;"],
"nom-espagnol": ["But&#225;n"],
"nom-folder": "Bhoutan",
"nom-francais": ["Bhoutan"],
"nom-italien": ["Bhutan"],
"nom-machine": "lieu-2015-12-06-16-12-39-86966181596",
"nom-russe": ["&#1041;&#1091;&#1090;&#1072;&#1085;"],
"sous-type": "pays",
"type": "lieux"
}