{
"_id": "lieu-2015-12-06-16-22-27-86966216822",
"ajouter-aux-favoris": false,
"breadcrumb": "lieux/pays/Papouasie-Nouvelle-Guinee/",
"fiche-a-completer": true,
"fiche-publiee": true,
"identifiant-drupal": 365411,
"mise-a-jour": "2016-02-04-17-54-06",
"moment-de-creation": "2015-12-06-16-22-27",
"moment-de-modification": "2016-02-04-17-54-06",
"nom": "Papouasie-Nouvelle-Guin&#233;e",
"nom-anglais": ["Papua New Guinea"],
"nom-arabe": ["&#1576;&#1575;&#1576;&#1608;&#1575; &#1594;&#1610;&#1606;&#1610;&#1575; &#1575;&#1604;&#1580;&#1583;&#1610;&#1583;&#1577;"],
"nom-espagnol": ["Pap&#250;a Nueva Guinea"],
"nom-folder": "Papouasie-Nouvelle-Guinee",
"nom-francais": ["Papouasie-Nouvelle-Guin&#233;e"],
"nom-italien": ["Papua Nuova Guinea"],
"nom-machine": "lieu-2015-12-06-16-22-27-86966216822",
"nom-russe": ["&#1055;&#1072;&#1087;&#1091;&#1072; &mdash; &#1053;&#1086;&#1074;&#1072;&#1103; &#1043;&#1074;&#1080;&#1085;&#1077;&#1103;"],
"sous-type": "pays",
"type": "lieux"
}