{
"_id": "lieu-2015-12-06-16-21-35-86966213742",
"ajouter-aux-favoris": false,
"breadcrumb": "lieux/pays/Kazakhstan/",
"fiche-a-completer": true,
"fiche-publiee": true,
"identifiant-drupal": 365325,
"mise-a-jour": "2016-02-04-17-23-50",
"moment-de-creation": "2015-12-06-16-21-35",
"moment-de-modification": "2016-02-04-17-23-50",
"nom": "Kazakhstan",
"nom-anglais": ["Kazakhstan"],
"nom-arabe": ["&#1603;&#1575;&#1586;&#1575;&#1582;&#1587;&#1578;&#1575;&#1606;"],
"nom-espagnol": ["Kazajist&#225;n"],
"nom-folder": "Kazakhstan",
"nom-francais": ["Kazakhstan"],
"nom-italien": ["Kazakistan"],
"nom-machine": "lieu-2015-12-06-16-21-35-86966213742",
"nom-russe": ["&#1050;&#1072;&#1079;&#1072;&#1093;&#1089;&#1090;&#1072;&#1085;"],
"sous-type": "pays",
"type": "lieux"
}