{
"_id": "lieu-2015-12-06-16-23-24-86966220300",
"ajouter-aux-favoris": false,
"breadcrumb": "lieux/pays/Venezuela/",
"fiche-a-completer": true,
"fiche-publiee": true,
"identifiant-drupal": 365300,
"mise-a-jour": "2016-02-04-18-43-22",
"moment-de-creation": "2015-12-06-16-23-24",
"moment-de-modification": "2016-02-04-18-43-22",
"nom": "Venezuela",
"nom-anglais": ["Venezuela"],
"nom-arabe": ["&#1601;&#1606;&#1586;&#1608;&#1610;&#1604;&#1575;"],
"nom-espagnol": ["Venezuela"],
"nom-folder": "Venezuela",
"nom-francais": ["Venezuela"],
"nom-italien": ["Venezuela"],
"nom-machine": "lieu-2015-12-06-16-23-24-86966220300",
"nom-russe": ["&#1042;&#1077;&#1085;&#1077;&#1089;&#1091;&#1101;&#1083;&#1072;"],
"sous-type": "pays",
"type": "lieux"
}