{
"_id": "lieu-2015-12-06-16-21-17-86966212631",
"ajouter-aux-favoris": false,
"breadcrumb": "lieux/pays/Islande/",
"fiche-a-completer": true,
"fiche-publiee": true,
"identifiant-drupal": 362093,
"mise-a-jour": "2016-02-04-17-11-14",
"moment-de-creation": "2015-12-06-16-21-17",
"moment-de-modification": "2016-02-04-17-11-14",
"nom": "Islande",
"nom-anglais": ["Iceland"],
"nom-arabe": ["&#1570;&#1610;&#1587;&#1604;&#1606;&#1583;&#1575;"],
"nom-espagnol": ["Islandia"],
"nom-folder": "Islande",
"nom-francais": ["Islande"],
"nom-italien": ["Islanda"],
"nom-machine": "lieu-2015-12-06-16-21-17-86966212631",
"nom-russe": ["&#1048;&#1089;&#1083;&#1072;&#1085;&#1076;&#1080;&#1103;"],
"sous-type": "pays",
"type": "lieux"
}