{
"_id": "lieu-2015-12-06-16-15-34-86966192042",
"ajouter-aux-favoris": false,
"breadcrumb": "lieux/pays/Chypre/",
"fiche-a-completer": true,
"fiche-publiee": true,
"identifiant-drupal": 365355,
"mise-a-jour": "2016-02-04-16-29-34",
"moment-de-creation": "2015-12-06-16-15-34",
"moment-de-modification": "2016-02-04-16-29-34",
"nom": "Chypre",
"nom-anglais": ["Cyprus"],
"nom-arabe": ["&#1602;&#1576;&#1585;&#1589;"],
"nom-espagnol": ["Chipre del Norte"],
"nom-folder": "Chypre",
"nom-francais": ["Chypre"],
"nom-italien": ["Cipro"],
"nom-machine": "lieu-2015-12-06-16-15-34-86966192042",
"nom-russe": ["&#1050;&#1080;&#1087;&#1088;"],
"sous-type": "pays",
"type": "lieux"
}