{
"_id": "lieu-2015-12-06-16-21-35-86966213739",
"ajouter-aux-favoris": false,
"breadcrumb": "lieux/pays/Japon/",
"fiche-a-completer": true,
"fiche-publiee": true,
"identifiant-drupal": 362094,
"mise-a-jour": "2016-02-04-17-15-07",
"moment-de-creation": "2015-12-06-16-21-35",
"moment-de-modification": "2016-02-04-17-15-07",
"nom": "Japon",
"nom-anglais": ["Japan"],
"nom-arabe": ["&#1575;&#1604;&#1610;&#1575;&#1576;&#1575;&#1606;"],
"nom-espagnol": ["Jap&#243;n"],
"nom-folder": "Japon",
"nom-francais": ["Japon"],
"nom-italien": ["Giappone"],
"nom-machine": "lieu-2015-12-06-16-21-35-86966213739",
"nom-russe": ["&#1071;&#1087;&#1086;&#1085;&#1080;&#1103;"],
"sous-type": "pays",
"type": "lieux"
}