{
"_id": "lieu-2015-12-06-16-22-46-86966218015",
"ajouter-aux-favoris": false,
"breadcrumb": "lieux/pays/Senegal/",
"fiche-a-completer": true,
"fiche-publiee": true,
"identifiant-drupal": 365264,
"mise-a-jour": "2016-02-04-18-27-42",
"moment-de-creation": "2015-12-06-16-22-46",
"moment-de-modification": "2016-02-04-18-27-42",
"nom": "S&#233;n&#233;gal",
"nom-anglais": ["Senegal"],
"nom-arabe": ["&#1575;&#1604;&#1587;&#1606;&#1594;&#1575;&#1604;"],
"nom-espagnol": ["Senegal"],
"nom-folder": "Senegal",
"nom-francais": ["S&#233;n&#233;gal"],
"nom-italien": ["Senegal"],
"nom-machine": "lieu-2015-12-06-16-22-46-86966218015",
"nom-russe": ["&#1057;&#1077;&#1085;&#1077;&#1075;&#1072;&#1083;"],
"sous-type": "pays",
"type": "lieux"
}