{
"_id": "lieu-2015-12-06-16-20-59-86966211590",
"ajouter-aux-favoris": false,
"breadcrumb": "lieux/pays/Guinee/",
"fiche-a-completer": true,
"fiche-publiee": true,
"identifiant-drupal": 365404,
"mise-a-jour": "2016-02-04-16-46-08",
"moment-de-creation": "2015-12-06-16-20-59",
"moment-de-modification": "2016-02-04-16-46-08",
"nom": "Guin&#233;e",
"nom-anglais": ["Guinea"],
"nom-arabe": ["&#1594;&#1610;&#1606;&#1610;&#1575;"],
"nom-espagnol": ["Guinea"],
"nom-folder": "Guinee",
"nom-francais": ["Guin&#233;e"],
"nom-italien": ["Guinea"],
"nom-machine": "lieu-2015-12-06-16-20-59-86966211590",
"nom-russe": ["&#1043;&#1074;&#1080;&#1085;&#1077;&#1103;"],
"sous-type": "pays",
"type": "lieux"
}