{
"_id": "lieu-2015-12-06-16-15-40-86966192401",
"ajouter-aux-favoris": false,
"breadcrumb": "lieux/pays/Costa-Rica/",
"fiche-a-completer": true,
"fiche-publiee": true,
"identifiant-drupal": 365280,
"mise-a-jour": "2016-02-04-16-26-18",
"moment-de-creation": "2015-12-06-16-15-40",
"moment-de-modification": "2016-02-04-16-26-18",
"nom": "Costa Rica",
"nom-anglais": ["Costa Rica"],
"nom-arabe": ["&#1603;&#1608;&#1587;&#1578;&#1575;&#1585;&#1610;&#1603;&#1575;"],
"nom-espagnol": ["Costa Rica"],
"nom-folder": "Costa-Rica",
"nom-francais": ["Costa Rica"],
"nom-italien": ["Costarica"],
"nom-machine": "lieu-2015-12-06-16-15-40-86966192401",
"nom-russe": ["&#1050;&#1086;&#1089;&#1090;&#1072;-&#1056;&#1080;&#1082;&#1072;"],
"sous-type": "pays",
"type": "lieux"
}