{
"_id": "lieu-2015-12-06-16-22-25-86966216712",
"ajouter-aux-favoris": false,
"breadcrumb": "lieux/pays/Ouganda/",
"description": "Ouganda",
"fiche-a-completer": true,
"fiche-publiee": true,
"identifiant-drupal": 365261,
"mise-a-jour": "2015-01-04-02-27-32",
"moment-de-creation": "2015-12-06-16-22-25",
"moment-de-modification": "2015-01-04-02-27-32",
"nom": "Ouganda",
"nom-anglais": ["Uganda"],
"nom-arabe": ["&#1571;&#1608;&#1594;&#1606;&#1583;&#1575;"],
"nom-espagnol": ["Uganda"],
"nom-folder": "Ouganda",
"nom-francais": ["Ouganda"],
"nom-italien": ["Uganda"],
"nom-machine": "lieu-2015-12-06-16-22-25-86966216712",
"nom-russe": ["&#1059;&#1075;&#1072;&#1085;&#1076;&#1072;"],
"sous-type": "pays",
"type": "lieux"
}