{
"_id": "lieu-2015-12-06-16-21-03-86966211784",
"ajouter-aux-favoris": false,
"breadcrumb": "lieux/pays/Honduras/",
"fiche-a-completer": true,
"fiche-publiee": true,
"identifiant-drupal": 365285,
"mise-a-jour": "2016-02-04-16-51-38",
"moment-de-creation": "2015-12-06-16-21-03",
"moment-de-modification": "2016-02-04-16-51-38",
"nom": "Honduras",
"nom-anglais": ["Honduras"],
"nom-arabe": ["&#1607;&#1606;&#1583;&#1608;&#1585;&#1575;&#1587;"],
"nom-espagnol": ["Honduras"],
"nom-folder": "Honduras",
"nom-francais": ["Honduras"],
"nom-italien": ["Honduras"],
"nom-machine": "lieu-2015-12-06-16-21-03-86966211784",
"nom-russe": ["&#1043;&#1086;&#1085;&#1076;&#1091;&#1088;&#1072;&#1089;"],
"sous-type": "pays",
"type": "lieux"
}