{
"_id": "lieu-2015-12-06-16-15-43-86966192619",
"ajouter-aux-favoris": false,
"breadcrumb": "lieux/pays/Croatie/",
"fiche-a-completer": true,
"fiche-publiee": true,
"identifiant-drupal": 365356,
"mise-a-jour": "2016-02-04-16-52-13",
"moment-de-creation": "2015-12-06-16-15-43",
"moment-de-modification": "2016-02-04-16-52-13",
"nom": "Croatie",
"nom-anglais": ["Croatia"],
"nom-arabe": ["&#1603;&#1585;&#1608;&#1575;&#1578;&#1610;&#1575;"],
"nom-espagnol": ["Croacia"],
"nom-folder": "Croatie",
"nom-francais": ["Croatie"],
"nom-italien": ["Croazia"],
"nom-machine": "lieu-2015-12-06-16-15-43-86966192619",
"nom-russe": ["&#1061;&#1086;&#1088;&#1074;&#1072;&#1090;&#1080;&#1103;"],
"sous-type": "pays",
"type": "lieux"
}