{
"_id": "lieu-2015-12-06-16-20-59-86966211597",
"ajouter-aux-favoris": false,
"breadcrumb": "lieux/pays/Guyane-francaise/",
"fiche-a-completer": true,
"fiche-publiee": true,
"identifiant-drupal": 362101,
"mise-a-jour": "2016-02-04-16-43-24",
"moment-de-creation": "2015-12-06-16-20-59",
"moment-de-modification": "2016-02-04-16-43-24",
"nom": "Guyane fran&#231;aise",
"nom-anglais": ["French Guyana"],
"nom-arabe": ["&#1594;&#1608;&#1610;&#1575;&#1606;&#1575; &#1575;&#1604;&#1601;&#1585;&#1606;&#1587;&#1610;&#1577;"],
"nom-espagnol": ["Guayana Francesa"],
"nom-folder": "Guyane-francaise",
"nom-francais": ["Guyane fran&#231;aise"],
"nom-italien": ["Guyana francese"],
"nom-machine": "lieu-2015-12-06-16-20-59-86966211597",
"nom-russe": ["&#1060;&#1088;&#1072;&#1085;&#1094;&#1091;&#1079;&#1089;&#1082;&#1072;&#1103; &#1043;&#1074;&#1080;&#1072;&#1085;&#1072;"],
"sous-type": "pays",
"type": "lieux"
}