{
"_id": "lieu-2015-12-06-16-23-02-86966218928",
"ajouter-aux-favoris": false,
"breadcrumb": "lieux/pays/Syrie/",
"fiche-a-completer": true,
"fiche-publiee": true,
"identifiant-drupal": 365420,
"mise-a-jour": "2016-02-04-18-30-05",
"moment-de-creation": "2015-12-06-16-23-02",
"moment-de-modification": "2016-02-04-18-30-05",
"nom": "Syrie",
"nom-anglais": ["Syria"],
"nom-arabe": ["&#1587;&#1608;&#1585;&#1610;&#1575;"],
"nom-espagnol": ["Siria"],
"nom-folder": "Syrie",
"nom-francais": ["Syrie"],
"nom-italien": ["Siria"],
"nom-machine": "lieu-2015-12-06-16-23-02-86966218928",
"nom-russe": ["&#1057;&#1080;&#1088;&#1080;&#1103;"],
"sous-type": "pays",
"type": "lieux"
}