{
"_id": "lieu-2015-12-06-16-22-10-86966215855",
"breadcrumb": "lieux/pays/Iles-Marshall/",
"fiche-publiee": true,
"mise-a-jour": "2016-04-16-01-36-56",
"moment-de-creation": "2015-12-06-16-22-10",
"nom": "&#206;les Marshall",
"nom-anglais": ["Marshall Islands"],
"nom-arabe": ["&#1580;&#1586;&#1585; &#1605;&#1575;&#1585;&#1588;&#1575;&#1604;"],
"nom-espagnol": ["Islas Marshall"],
"nom-folder": "Iles-Marshall",
"nom-francais": ["&#206;les Marshall"],
"nom-italien": ["Isole Marshall"],
"nom-machine": "lieu-2015-12-06-16-22-10-86966215855",
"nom-russe": ["&#1052;&#1072;&#1088;&#1096;&#1072;&#1083;&#1083;&#1086;&#1074;&#1099; &#1054;&#1089;&#1090;&#1088;&#1086;&#1074;&#1072;"],
"sous-type": "pays",
"type": "lieux"
}