{
"_id": "lieu-2015-12-06-16-21-01-86966211664",
"ajouter-aux-favoris": false,
"breadcrumb": "lieux/pays/Haiti/",
"fiche-a-completer": true,
"fiche-publiee": true,
"identifiant-drupal": 365284,
"mise-a-jour": "2016-02-04-16-52-40",
"moment-de-creation": "2015-12-06-16-21-01",
"moment-de-modification": "2016-02-04-16-52-40",
"nom": "Ha&#239;ti",
"nom-anglais": ["Haiti"],
"nom-arabe": ["&#1607;&#1575;&#1610;&#1578;&#1610;"],
"nom-espagnol": ["Hait&#237;"],
"nom-folder": "Haiti",
"nom-francais": ["Ha&#239;ti"],
"nom-italien": ["Haiti"],
"nom-machine": "lieu-2015-12-06-16-21-01-86966211664",
"nom-russe": ["&#1056;&#1077;&#1089;&#1087;&#1091;&#1073;&#1083;&#1080;&#1082;&#1072; &#1043;&#1072;&#1080;&#1090;&#1080;"],
"sous-type": "pays",
"type": "lieux"
}