{
"_id": "lieu-2015-12-06-16-12-25-86966180704",
"ajouter-aux-favoris": false,
"breadcrumb": "lieux/pays/Australie/",
"fiche-a-completer": true,
"fiche-publiee": true,
"identifiant-drupal": 362076,
"mise-a-jour": "2016-02-04-15-58-58",
"moment-de-creation": "2015-12-06-16-12-25",
"moment-de-modification": "2016-02-04-15-58-58",
"nom": "Australie",
"nom-anglais": ["Australia"],
"nom-arabe": ["&#1571;&#1587;&#1578;&#1585;&#1575;&#1604;&#1610;&#1575;"],
"nom-espagnol": ["Australia"],
"nom-folder": "Australie",
"nom-francais": ["Australie"],
"nom-italien": ["Australia"],
"nom-machine": "lieu-2015-12-06-16-12-25-86966180704",
"nom-russe": ["&#1040;&#1074;&#1089;&#1090;&#1088;&#1072;&#1083;&#1080;&#1103;"],
"sous-type": "pays",
"type": "lieux"
}