{
"_id": "lieu-2015-12-06-16-21-35-86966213745",
"ajouter-aux-favoris": false,
"breadcrumb": "lieux/pays/Kenya/",
"fiche-a-completer": true,
"fiche-publiee": true,
"identifiant-drupal": 365249,
"mise-a-jour": "2016-02-04-17-15-35",
"moment-de-creation": "2015-12-06-16-21-35",
"moment-de-modification": "2016-02-04-17-15-35",
"nom": "Kenya",
"nom-anglais": ["Kenya"],
"nom-arabe": ["&#1603;&#1610;&#1606;&#1610;&#1575;"],
"nom-espagnol": ["Kenia"],
"nom-folder": "Kenya",
"nom-francais": ["Kenya"],
"nom-italien": ["Kenya"],
"nom-machine": "lieu-2015-12-06-16-21-35-86966213745",
"nom-russe": ["&#1050;&#1077;&#1085;&#1080;&#1103;"],
"sous-type": "pays",
"type": "lieux"
}