{
"_id": "lieu-2015-12-06-16-22-47-86966218050",
"ajouter-aux-favoris": false,
"breadcrumb": "lieux/pays/Sri-Lanka/",
"fiche-a-completer": true,
"fiche-publiee": true,
"identifiant-drupal": 365339,
"mise-a-jour": "2016-02-04-17-26-21",
"moment-de-creation": "2015-12-06-16-22-47",
"moment-de-modification": "2016-02-04-17-26-21",
"nom": "Sri Lanka",
"nom-anglais": ["Sri Lanka"],
"nom-arabe": ["&#1587;&#1585;&#1610;&#1604;&#1575;&#1606;&#1603;&#1575;"],
"nom-espagnol": ["Sri Lanka"],
"nom-folder": "Sri-Lanka",
"nom-francais": ["Sri Lanka"],
"nom-italien": ["Sri Lanka"],
"nom-machine": "lieu-2015-12-06-16-22-47-86966218050",
"nom-russe": ["&#1064;&#1088;&#1080;-&#1051;&#1072;&#1085;&#1082;&#1072;"],
"sous-type": "pays",
"type": "lieux"
}