{
"_id": "lieu-2015-12-06-16-23-24-86966220294",
"ajouter-aux-favoris": false,
"breadcrumb": "lieux/pays/Uruguay/",
"fiche-a-completer": true,
"fiche-publiee": true,
"identifiant-drupal": 365299,
"mise-a-jour": "2016-02-04-18-41-33",
"moment-de-creation": "2015-12-06-16-23-24",
"moment-de-modification": "2016-02-04-18-41-33",
"nom": "Uruguay",
"nom-anglais": ["Uruguay"],
"nom-arabe": ["&#1575;&#1604;&#1571;&#1608;&#1585;&#1608;&#1594;&#1608;&#1575;&#1610;"],
"nom-espagnol": ["Uruguay"],
"nom-folder": "Uruguay",
"nom-francais": ["Uruguay"],
"nom-italien": ["Uruguay"],
"nom-machine": "lieu-2015-12-06-16-23-24-86966220294",
"nom-russe": ["&#1059;&#1088;&#1091;&#1075;&#1074;&#1072;&#1081;"],
"sous-type": "pays",
"type": "lieux"
}