{
"_id": "lieu-2015-12-06-16-22-53-86966218427",
"ajouter-aux-favoris": false,
"breadcrumb": "lieux/pays/Suisse/",
"fiche-a-completer": true,
"fiche-publiee": true,
"identifiant-drupal": 362121,
"mise-a-jour": "2016-02-04-16-21-46",
"moment-de-creation": "2015-12-06-16-22-53",
"moment-de-modification": "2016-02-04-16-21-46",
"nom": "Suisse",
"nom-anglais": ["Switzerland"],
"nom-arabe": ["&#1587;&#1608;&#1610;&#1587;&#1585;&#1575;"],
"nom-espagnol": ["Suiza"],
"nom-folder": "Suisse",
"nom-francais": ["Suisse"],
"nom-italien": ["Svizzera"],
"nom-machine": "lieu-2015-12-06-16-22-53-86966218427",
"nom-russe": ["&#1064;&#1074;&#1077;&#1081;&#1094;&#1072;&#1088;&#1080;&#1103;"],
"sous-type": "pays",
"type": "lieux"
}