{
"_id": "lieu-2015-12-06-16-15-43-86966192621",
"ajouter-aux-favoris": false,
"breadcrumb": "lieux/pays/Cuba/",
"fiche-a-completer": true,
"fiche-publiee": true,
"identifiant-drupal": 365281,
"mise-a-jour": "2016-02-04-16-27-54",
"moment-de-creation": "2015-12-06-16-15-43",
"moment-de-modification": "2016-02-04-16-27-54",
"nom": "Cuba",
"nom-anglais": ["Cuba"],
"nom-arabe": ["&#1603;&#1608;&#1576;&#1575;"],
"nom-espagnol": ["Cuba"],
"nom-folder": "Cuba",
"nom-francais": ["Cuba"],
"nom-italien": ["Cuba"],
"nom-machine": "lieu-2015-12-06-16-15-43-86966192621",
"nom-russe": ["&#1050;&#1091;&#1073;&#1072;"],
"sous-type": "pays",
"type": "lieux"
}