{
"_id": "lieu-2015-12-06-16-12-22-86966180530",
"ajouter-aux-favoris": false,
"breadcrumb": "lieux/pays/Antilles/Iles-Vierges-britanniques/",
"description": "&#206;les Vierges britanniques",
"fiche-a-completer": true,
"fiche-publiee": true,
"identifiant-drupal": 380832,
"mise-a-jour": "2015-01-04-02-26-20",
"moment-de-creation": "2015-12-06-16-12-22",
"moment-de-modification": "2015-01-04-02-26-20",
"nom": "&#206;les Vierges britanniques",
"nom-anglais": ["British Virgin Islands"],
"nom-arabe": ["&#1580;&#1586;&#1585; &#1575;&#1604;&#1593;&#1584;&#1585;&#1575;&#1569; &#1575;&#1604;&#1576;&#1585;&#1610;&#1591;&#1575;&#1606;&#1610;&#1577;"],
"nom-espagnol": ["Islas V&#237;rgenes Brit&#225;nicas"],
"nom-folder": "Iles-Vierges-britanniques",
"nom-francais": ["&#206;les Vierges britanniques"],
"nom-italien": ["Isole Vergini britanniche"],
"nom-machine": "lieu-2015-12-06-16-12-22-86966180530",
"nom-russe": ["&#1042;&#1080;&#1088;&#1075;&#1080;&#1085;&#1089;&#1082;&#1080;&#1077; &#1054;&#1089;&#1090;&#1088;&#1086;&#1074;&#1072; (&#1042;&#1077;&#1083;&#1080;&#1082;&#1086;&#1073;&#1088;&#1080;&#1090;&#1072;&#1085;&#1080;&#1103;)"],
"sous-type": "pays",
"type": "lieux"
}