{
"_id": "lieu-2015-12-06-16-23-02-86966218925",
"ajouter-aux-favoris": false,
"breadcrumb": "lieux/pays/Swaziland/",
"fiche-a-completer": true,
"fiche-publiee": true,
"identifiant-drupal": 365270,
"mise-a-jour": "2016-02-04-18-30-44",
"moment-de-creation": "2015-12-06-16-23-02",
"moment-de-modification": "2016-02-04-18-30-44",
"nom": "Swaziland",
"nom-anglais": ["Swaziland"],
"nom-arabe": ["&#1587;&#1608;&#1575;&#1586;&#1610;&#1604;&#1575;&#1606;&#1583;"],
"nom-espagnol": ["Suazilandia"],
"nom-folder": "Swaziland",
"nom-francais": ["Swaziland"],
"nom-italien": ["Swaziland"],
"nom-machine": "lieu-2015-12-06-16-23-02-86966218925",
"nom-russe": ["&#1057;&#1074;&#1072;&#1079;&#1080;&#1083;&#1077;&#1085;&#1076;"],
"sous-type": "pays",
"type": "lieux"
}