{
"_id": "lieu-2015-12-06-16-21-17-86966212623",
"ajouter-aux-favoris": false,
"breadcrumb": "lieux/pays/Indonesie/",
"fiche-a-completer": true,
"fiche-publiee": true,
"identifiant-drupal": 365323,
"mise-a-jour": "2016-02-04-16-53-46",
"moment-de-creation": "2015-12-06-16-21-17",
"moment-de-modification": "2016-02-04-16-53-46",
"nom": "Indon&#233;sie",
"nom-anglais": ["Indonesia"],
"nom-arabe": ["&#1573;&#1606;&#1583;&#1608;&#1606;&#1610;&#1587;&#1610;&#1575;"],
"nom-espagnol": ["Indonesia"],
"nom-folder": "Indonesie",
"nom-francais": ["Indon&#233;sie"],
"nom-italien": ["Indonesia"],
"nom-machine": "lieu-2015-12-06-16-21-17-86966212623",
"nom-russe": ["&#1048;&#1085;&#1076;&#1086;&#1085;&#1077;&#1079;&#1080;&#1103;"],
"sous-type": "pays",
"type": "lieux"
}