{
"_id": "lieu-2015-12-06-16-22-11-86966215861",
"breadcrumb": "lieux/pays/Palaos/",
"fiche-publiee": true,
"mise-a-jour": "2016-04-16-01-36-56",
"moment-de-creation": "2015-12-06-16-22-11",
"nom": "Palaos",
"nom-anglais": ["Palau"],
"nom-arabe": ["&#1576;&#1575;&#1604;&#1575;&#1608;"],
"nom-espagnol": ["Palaos"],
"nom-folder": "Palaos",
"nom-francais": ["Palaos"],
"nom-italien": ["Palau"],
"nom-machine": "lieu-2015-12-06-16-22-11-86966215861",
"nom-russe": ["&#1055;&#1072;&#1083;&#1072;&#1091;"],
"sous-type": "pays",
"type": "lieux"
}