{
"_id": "lieu-2015-12-06-16-22-47-86966218033",
"ajouter-aux-favoris": false,
"breadcrumb": "lieux/pays/Slovaquie/",
"fiche-a-completer": true,
"fiche-publiee": true,
"identifiant-drupal": 365386,
"mise-a-jour": "2016-02-04-18-26-18",
"moment-de-creation": "2015-12-06-16-22-47",
"moment-de-modification": "2016-02-04-18-26-18",
"nom": "Slovaquie",
"nom-anglais": ["Slovakia"],
"nom-arabe": ["&#1587;&#1604;&#1608;&#1601;&#1575;&#1603;&#1610;&#1575;"],
"nom-espagnol": ["Eslovaquia"],
"nom-folder": "Slovaquie",
"nom-francais": ["Slovaquie"],
"nom-italien": ["Slovacchia"],
"nom-machine": "lieu-2015-12-06-16-22-47-86966218033",
"nom-russe": ["&#1057;&#1083;&#1086;&#1074;&#1072;&#1082;&#1080;&#1103;"],
"sous-type": "pays",
"type": "lieux"
}