{
"_id": "lieu-2015-12-06-16-12-37-86966181439",
"ajouter-aux-favoris": false,
"breadcrumb": "lieux/pays/Belize/",
"fiche-a-completer": true,
"fiche-publiee": true,
"identifiant-drupal": 365279,
"mise-a-jour": "2016-02-04-16-18-41",
"moment-de-creation": "2015-12-06-16-12-37",
"moment-de-modification": "2016-02-04-16-18-41",
"nom": "B&#233;lize",
"nom-anglais": ["Belize"],
"nom-arabe": ["&#1576;&#1604;&#1610;&#1586;"],
"nom-espagnol": ["Belice"],
"nom-folder": "Belize",
"nom-francais": ["B&#233;lize"],
"nom-italien": ["Belize"],
"nom-machine": "lieu-2015-12-06-16-12-37-86966181439",
"nom-russe": ["&#1041;&#1077;&#1083;&#1080;&#1079;"],
"sous-type": "pays",
"type": "lieux"
}