{
"_id": "lieu-2015-12-06-16-15-45-86966192736",
"ajouter-aux-favoris": false,
"breadcrumb": "lieux/pays/Dominique/",
"fiche-a-completer": true,
"fiche-publiee": true,
"identifiant-drupal": 379217,
"mise-a-jour": "2016-02-04-16-31-52",
"moment-de-creation": "2015-12-06-16-15-45",
"moment-de-modification": "2016-02-04-16-31-52",
"nom": "Dominique",
"nom-anglais": ["Dominica"],
"nom-arabe": ["&#1583;&#1608;&#1605;&#1610;&#1606;&#1610;&#1603;&#1575;"],
"nom-espagnol": ["Dominica"],
"nom-folder": "Dominique",
"nom-francais": ["Dominique"],
"nom-italien": ["Dominica"],
"nom-machine": "lieu-2015-12-06-16-15-45-86966192736",
"nom-russe": ["&#1044;&#1086;&#1084;&#1080;&#1085;&#1080;&#1082;&#1072;"],
"sous-type": "pays",
"type": "lieux"
}