{
"_id": "lieu-2015-12-06-16-16-08-86966194086",
"ajouter-aux-favoris": false,
"breadcrumb": "lieux/pays/Estonie/",
"fiche-a-completer": true,
"fiche-publiee": true,
"identifiant-drupal": 365359,
"mise-a-jour": "2016-02-04-16-34-35",
"moment-de-creation": "2015-12-06-16-16-08",
"moment-de-modification": "2016-02-04-16-34-35",
"nom": "Estonie",
"nom-anglais": ["Estonia"],
"nom-arabe": ["&#1573;&#1587;&#1578;&#1608;&#1606;&#1610;&#1575;"],
"nom-espagnol": ["Estonia"],
"nom-folder": "Estonie",
"nom-francais": ["Estonie"],
"nom-italien": ["Estonia"],
"nom-machine": "lieu-2015-12-06-16-16-08-86966194086",
"nom-russe": ["&#1069;&#1089;&#1090;&#1086;&#1085;&#1080;&#1103;"],
"sous-type": "pays",
"type": "lieux"
}