{
"_id": "lieu-2015-12-06-16-22-11-86966215905",
"ajouter-aux-favoris": false,
"breadcrumb": "lieux/pays/Moyen-Orient/Proche-Orient/Liban/",
"description": "Liban",
"fiche-a-completer": true,
"fiche-publiee": true,
"identifiant-drupal": 365418,
"mise-a-jour": "2015-01-04-02-27-19",
"moment-de-creation": "2015-12-06-16-22-11",
"moment-de-modification": "2015-01-04-02-27-19",
"nom": "Liban",
"nom-anglais": ["Lebanon"],
"nom-arabe": ["&#1604;&#1576;&#1606;&#1575;&#1606;"],
"nom-espagnol": ["L&#237;bano"],
"nom-folder": "Liban",
"nom-francais": ["Liban"],
"nom-italien": ["Libano"],
"nom-machine": "lieu-2015-12-06-16-22-11-86966215905",
"nom-russe": ["&#1051;&#1080;&#1074;&#1072;&#1085;"],
"sous-type": "pays",
"type": "lieux"
}