{
"_id": "lieu-2015-12-06-16-22-17-86966216272",
"ajouter-aux-favoris": false,
"breadcrumb": "lieux/pays/Norvege/",
"fiche-a-completer": true,
"fiche-publiee": true,
"identifiant-drupal": 365377,
"mise-a-jour": "2016-02-04-17-49-18",
"moment-de-creation": "2015-12-06-16-22-17",
"moment-de-modification": "2016-02-04-17-49-18",
"nom": "Norv&#232;ge",
"nom-anglais": ["Norway"],
"nom-arabe": ["&#1575;&#1604;&#1606;&#1585;&#1608;&#1610;&#1580;"],
"nom-espagnol": ["Noruega"],
"nom-folder": "Norvege",
"nom-francais": ["Norv&#232;ge"],
"nom-italien": ["Norvegia"],
"nom-machine": "lieu-2015-12-06-16-22-17-86966216272",
"nom-russe": ["&#1053;&#1086;&#1088;&#1074;&#1077;&#1075;&#1080;&#1103;"],
"sous-type": "pays",
"type": "lieux"
}