{
"_id": "lieu-2015-12-06-16-21-46-86966214364",
"ajouter-aux-favoris": false,
"breadcrumb": "lieux/pays/Malaisie/",
"fiche-a-completer": true,
"fiche-publiee": true,
"identifiant-drupal": 365329,
"mise-a-jour": "2016-02-04-17-42-57",
"moment-de-creation": "2015-12-06-16-21-46",
"moment-de-modification": "2016-02-04-17-42-57",
"nom": "Malaisie",
"nom-anglais": ["Malaysia"],
"nom-arabe": ["&#1605;&#1575;&#1604;&#1610;&#1586;&#1610;&#1575;"],
"nom-espagnol": ["Malasia"],
"nom-folder": "Malaisie",
"nom-francais": ["Malaisie"],
"nom-italien": ["Malesia"],
"nom-machine": "lieu-2015-12-06-16-21-46-86966214364",
"nom-russe": ["&#1052;&#1072;&#1083;&#1072;&#1081;&#1079;&#1080;&#1103;"],
"sous-type": "pays",
"type": "lieux"
}