{
"_id": "lieu-2015-12-06-16-23-24-86966220297",
"ajouter-aux-favoris": false,
"breadcrumb": "lieux/pays/Vanuatu/",
"fiche-a-completer": true,
"fiche-publiee": true,
"identifiant-drupal": 365413,
"mise-a-jour": "2016-02-04-18-44-47",
"moment-de-creation": "2015-12-06-16-23-24",
"moment-de-modification": "2016-02-04-18-44-47",
"nom": "Vanuatu",
"nom-anglais": ["Vanuatu"],
"nom-arabe": ["&#1601;&#1575;&#1606;&#1608;&#1575;&#1578;&#1608;"],
"nom-espagnol": ["Vanuatu"],
"nom-folder": "Vanuatu",
"nom-francais": ["Vanuatu"],
"nom-italien": ["Vanuatu"],
"nom-machine": "lieu-2015-12-06-16-23-24-86966220297",
"nom-russe": ["&#1042;&#1072;&#1085;&#1091;&#1072;&#1090;&#1091;"],
"sous-type": "pays",
"type": "lieux"
}