{
"_id": "lieu-2015-12-06-16-21-36-86966213811",
"ajouter-aux-favoris": false,
"breadcrumb": "lieux/pays/Liban/",
"fiche-a-completer": true,
"fiche-publiee": true,
"mise-a-jour": "2016-02-04-17-24-52",
"moment-de-creation": "2015-12-06-16-21-36",
"moment-de-modification": "2016-02-04-17-24-52",
"nom": "Liban",
"nom-anglais": ["Lebanon"],
"nom-arabe": ["&#1604;&#1576;&#1606;&#1575;&#1606;"],
"nom-espagnol": ["L&#237;bano"],
"nom-folder": "Liban",
"nom-francais": ["Liban"],
"nom-italien": ["Libano"],
"nom-machine": "lieu-2015-12-06-16-21-36-86966213811",
"nom-russe": ["&#1051;&#1080;&#1074;&#1072;&#1085;"],
"sous-type": "pays",
"type": "lieux"
}