{
"_id": "lieu-2015-12-06-16-12-21-86966180474",
"ajouter-aux-favoris": false,
"breadcrumb": "lieux/pays/Amazonie/",
"description": "Amazonie",
"fiche-a-completer": true,
"fiche-publiee": true,
"identifiant-drupal": 382364,
"mise-a-jour": "2015-01-04-02-27-05",
"moment-de-creation": "2015-12-06-16-12-21",
"moment-de-modification": "2015-01-04-02-27-05",
"nom": "Amazonie",
"nom-anglais": ["Amazon rainforest"],
"nom-arabe": ["&#1575;&#1604;&#1571;&#1605;&#1575;&#1586;&#1608;&#1606;"],
"nom-espagnol": ["Amazonia"],
"nom-folder": "Amazonie",
"nom-francais": ["Amazonie"],
"nom-italien": ["Amazzonia"],
"nom-machine": "lieu-2015-12-06-16-12-21-86966180474",
"nom-russe": ["&#1040;&#1084;&#1072;&#1079;&#1086;&#1085;&#1080;&#1080;"],
"sous-type": "pays",
"type": "lieux"
}