{
"_id": "lieu-2015-12-06-16-22-46-86966217986",
"ajouter-aux-favoris": false,
"breadcrumb": "lieux/pays/Saint-Kitts-et-Nevis/",
"fiche-a-completer": true,
"fiche-publiee": true,
"identifiant-drupal": 365305,
"mise-a-jour": "2016-02-04-17-21-15",
"moment-de-creation": "2015-12-06-16-22-46",
"moment-de-modification": "2016-02-04-17-21-15",
"nom": "Saint-Christophe-et-Ni&#233;v&#232;s",
"nom-anglais": ["Saint Kitts &amp; Nevis"],
"nom-arabe": ["&#1587;&#1575;&#1606;&#1578; &#1603;&#1610;&#1578;&#1587; &#1608;&#1606;&#1610;&#1601;&#1610;&#1587;"],
"nom-espagnol": ["San Crist&#243;bal y Nieves"],
"nom-folder": "Saint-Kitts-et-Nevis",
"nom-francais": ["Saint-Christophe-et-Ni&#233;v&#232;s"],
"nom-italien": ["Saint Kitts e Nevis"],
"nom-machine": "lieu-2015-12-06-16-22-46-86966217986",
"nom-russe": ["&#1057;&#1077;&#1085;&#1090;-&#1050;&#1080;&#1090;&#1089; &#1080; &#1053;&#1077;&#1074;&#1080;&#1089;"],
"sous-type": "pays",
"type": "lieux"
}