{
"_id": "lieu-2015-12-06-16-12-44-86966181868",
"ajouter-aux-favoris": false,
"breadcrumb": "lieux/pays/Bulgarie/",
"fiche-a-completer": true,
"fiche-publiee": true,
"identifiant-drupal": 365354,
"mise-a-jour": "2016-02-04-16-08-10",
"moment-de-creation": "2015-12-06-16-12-44",
"moment-de-modification": "2016-02-04-16-08-10",
"nom": "Bulgarie",
"nom-anglais": ["Bulgaria"],
"nom-arabe": ["&#1576;&#1604;&#1594;&#1575;&#1585;&#1610;&#1575;"],
"nom-espagnol": ["Bulgaria"],
"nom-folder": "Bulgarie",
"nom-francais": ["Bulgarie"],
"nom-italien": ["Bulgaria"],
"nom-machine": "lieu-2015-12-06-16-12-44-86966181868",
"nom-russe": ["&#1041;&#1086;&#1083;&#1075;&#1072;&#1088;&#1080;&#1103;"],
"sous-type": "pays",
"type": "lieux"
}