{
"_id": "lieu-2015-12-06-16-23-02-86966218939",
"ajouter-aux-favoris": false,
"breadcrumb": "lieux/pays/Tanzanie/",
"fiche-a-completer": true,
"fiche-publiee": true,
"identifiant-drupal": 365271,
"mise-a-jour": "2016-02-04-18-39-00",
"moment-de-creation": "2015-12-06-16-23-02",
"moment-de-modification": "2016-02-04-18-39-00",
"nom": "Tanzanie",
"nom-anglais": ["Tanzania"],
"nom-arabe": ["&#1578;&#1606;&#1586;&#1575;&#1606;&#1610;&#1575;"],
"nom-espagnol": ["Tanzania"],
"nom-folder": "Tanzanie",
"nom-francais": ["Tanzanie"],
"nom-italien": ["Tanzania"],
"nom-machine": "lieu-2015-12-06-16-23-02-86966218939",
"nom-russe": ["&#1058;&#1072;&#1085;&#1079;&#1072;&#1085;&#1080;&#1103;"],
"sous-type": "pays",
"type": "lieux"
}