{
"_id": "lieu-2015-12-06-16-12-38-86966181493",
"ajouter-aux-favoris": false,
"breadcrumb": "lieux/pays/Benin/",
"fiche-a-completer": true,
"fiche-publiee": true,
"identifiant-drupal": 365234,
"mise-a-jour": "2016-02-04-16-09-47",
"moment-de-creation": "2015-12-06-16-12-38",
"moment-de-modification": "2016-02-04-16-09-47",
"nom": "B&#233;nin",
"nom-anglais": ["Benin"],
"nom-arabe": ["&#1576;&#1606;&#1610;&#1606;"],
"nom-espagnol": ["Ben&#237;n"],
"nom-folder": "Benin",
"nom-francais": ["B&#233;nin"],
"nom-italien": ["Benin"],
"nom-machine": "lieu-2015-12-06-16-12-38-86966181493",
"nom-russe": ["&#1041;&#1077;&#1085;&#1080;&#1085;"],
"sous-type": "pays",
"type": "lieux"
}