{
"_id": "lieu-2015-12-06-16-21-04-86966211898",
"ajouter-aux-favoris": false,
"breadcrumb": "lieux/pays/Hongrie/",
"fiche-a-completer": true,
"fiche-publiee": true,
"identifiant-drupal": 365364,
"mise-a-jour": "2016-02-04-16-53-13",
"moment-de-creation": "2015-12-06-16-21-04",
"moment-de-modification": "2016-02-04-16-53-13",
"nom": "Hongrie",
"nom-anglais": ["Hungary"],
"nom-arabe": ["&#1575;&#1604;&#1605;&#1580;&#1585;"],
"nom-espagnol": ["Hungr&#237;a"],
"nom-folder": "Hongrie",
"nom-francais": ["Hongrie"],
"nom-italien": ["Ungheria"],
"nom-machine": "lieu-2015-12-06-16-21-04-86966211898",
"nom-russe": ["&#1042;&#1077;&#1085;&#1075;&#1088;&#1080;&#1103;"],
"sous-type": "pays",
"type": "lieux"
}