{
"_id": "lieu-2015-12-06-16-22-46-86966217989",
"ajouter-aux-favoris": false,
"breadcrumb": "lieux/pays/Saint-Marin/",
"description": "Saint-Marin",
"fiche-a-completer": true,
"fiche-publiee": true,
"identifiant-drupal": 365384,
"mise-a-jour": "2015-01-04-02-26-40",
"moment-de-creation": "2015-12-06-16-22-46",
"moment-de-modification": "2015-01-04-02-26-40",
"nom": "Saint-Marin",
"nom-anglais": ["San Marino"],
"nom-arabe": ["&#1587;&#1575;&#1606; &#1605;&#1575;&#1585;&#1610;&#1606;&#1608;"],
"nom-espagnol": ["San Marino"],
"nom-folder": "Saint-Marin",
"nom-francais": ["Saint-Marin"],
"nom-italien": ["San Marino"],
"nom-machine": "lieu-2015-12-06-16-22-46-86966217989",
"nom-russe": ["&#1057;&#1072;&#1085;-&#1052;&#1072;&#1088;&#1080;&#1085;&#1086;"],
"sous-type": "pays",
"type": "lieux"
}