{
"_id": "lieu-2015-12-06-16-23-24-86966220291",
"ajouter-aux-favoris": false,
"breadcrumb": "lieux/pays/Ukraine/",
"fiche-a-completer": true,
"fiche-publiee": true,
"identifiant-drupal": 365390,
"mise-a-jour": "2016-02-04-18-39-30",
"moment-de-creation": "2015-12-06-16-23-24",
"moment-de-modification": "2016-02-04-18-39-30",
"nom": "Ukraine",
"nom-anglais": ["Ukraine"],
"nom-arabe": ["&#1571;&#1608;&#1603;&#1585;&#1575;&#1606;&#1610;&#1575;"],
"nom-espagnol": ["Ucrania"],
"nom-folder": "Ukraine",
"nom-francais": ["Ukraine"],
"nom-italien": ["Ucraina"],
"nom-machine": "lieu-2015-12-06-16-23-24-86966220291",
"nom-russe": ["&#1059;&#1082;&#1088;&#1072;&#1080;&#1085;&#1072;"],
"sous-type": "pays",
"type": "lieux"
}