{
"_id": "lieu-2015-12-06-16-21-04-86966211896",
"ajouter-aux-favoris": false,
"breadcrumb": "lieux/pays/Hong-Kong/",
"fiche-a-completer": true,
"fiche-publiee": true,
"identifiant-drupal": 362092,
"mise-a-jour": "2016-02-04-16-50-24",
"moment-de-creation": "2015-12-06-16-21-04",
"moment-de-modification": "2016-02-04-16-50-24",
"nom": "Hong Kong",
"nom-anglais": ["Hong Kong"],
"nom-arabe": ["&#1607;&#1608;&#1606;&#1594; &#1603;&#1608;&#1606;&#1594;"],
"nom-espagnol": ["Hong Kong"],
"nom-folder": "Hong-Kong",
"nom-francais": ["Hong Kong"],
"nom-italien": ["Hong Kong"],
"nom-machine": "lieu-2015-12-06-16-21-04-86966211896",
"nom-russe": ["&#1043;&#1086;&#1085;&#1082;&#1086;&#1085;&#1075;"],
"sous-type": "pays",
"type": "lieux"
}