{
"_id": "lieu-2015-12-06-16-22-11-86966215864",
"ajouter-aux-favoris": false,
"breadcrumb": "lieux/pays/Moldavie/",
"fiche-a-completer": true,
"fiche-publiee": true,
"identifiant-drupal": 365374,
"mise-a-jour": "2016-02-04-17-32-22",
"moment-de-creation": "2015-12-06-16-22-11",
"moment-de-modification": "2016-02-04-17-32-22",
"nom": "Moldavie",
"nom-anglais": ["Moldavia"],
"nom-arabe": ["&#1605;&#1608;&#1604;&#1583;&#1575;&#1601;&#1610;&#1575;"],
"nom-espagnol": ["Moldavia"],
"nom-folder": "Moldavie",
"nom-francais": ["Moldavie"],
"nom-italien": ["Moldavia"],
"nom-machine": "lieu-2015-12-06-16-22-11-86966215864",
"nom-russe": ["&#1052;&#1086;&#1083;&#1076;&#1072;&#1074;&#1080;&#1103;"],
"sous-type": "pays",
"type": "lieux"
}