{
"_id": "lieu-2015-12-06-16-12-39-86966181593",
"ajouter-aux-favoris": false,
"breadcrumb": "lieux/pays/Bermudes/",
"fiche-a-completer": true,
"fiche-publiee": true,
"identifiant-drupal": 380811,
"mise-a-jour": "2016-02-04-16-10-15",
"moment-de-creation": "2015-12-06-16-12-39",
"moment-de-modification": "2016-02-04-16-10-15",
"nom": "Bermudes",
"nom-anglais": ["Bermuda"],
"nom-arabe": ["&#1576;&#1585;&#1605;&#1608;&#1583;&#1575;"],
"nom-espagnol": ["Bermudas"],
"nom-folder": "Bermudes",
"nom-francais": ["Bermudes"],
"nom-italien": ["Bermuda"],
"nom-machine": "lieu-2015-12-06-16-12-39-86966181593",
"nom-russe": ["&#1041;&#1077;&#1088;&#1084;&#1091;&#1076;&#1089;&#1082;&#1080;&#1077; &#1054;&#1089;&#1090;&#1088;&#1086;&#1074;&#1072;"],
"sous-type": "pays",
"type": "lieux"
}