{
"_id": "lieu-2015-12-06-16-23-25-86966220322",
"ajouter-aux-favoris": false,
"breadcrumb": "lieux/pays/Yemen/",
"fiche-a-completer": true,
"fiche-publiee": true,
"identifiant-drupal": 365416,
"mise-a-jour": "2016-02-04-18-46-19",
"moment-de-creation": "2015-12-06-16-23-25",
"moment-de-modification": "2016-02-04-18-46-19",
"nom": "Y&#233;men",
"nom-anglais": ["Yemen"],
"nom-arabe": ["&#1575;&#1604;&#1610;&#1605;&#1606;"],
"nom-espagnol": ["Yemen"],
"nom-folder": "Yemen",
"nom-francais": ["Y&#233;men"],
"nom-italien": ["Yemen"],
"nom-machine": "lieu-2015-12-06-16-23-25-86966220322",
"nom-russe": ["&#1049;&#1077;&#1084;&#1077;&#1085;"],
"sous-type": "pays",
"type": "lieux"
}