{
"_id": "lieu-2015-12-06-16-21-43-86966214221",
"ajouter-aux-favoris": false,
"breadcrumb": "lieux/pays/Lituanie/",
"fiche-a-completer": true,
"fiche-publiee": true,
"identifiant-drupal": 365370,
"mise-a-jour": "2016-02-04-17-27-46",
"moment-de-creation": "2015-12-06-16-21-43",
"moment-de-modification": "2016-02-04-17-27-46",
"nom": "Lituanie",
"nom-anglais": ["Lithuania"],
"nom-arabe": ["&#1604;&#1610;&#1578;&#1608;&#1575;&#1606;&#1610;&#1575;"],
"nom-espagnol": ["Lituania"],
"nom-folder": "Lituanie",
"nom-francais": ["Lituanie"],
"nom-italien": ["Lituania"],
"nom-machine": "lieu-2015-12-06-16-21-43-86966214221",
"nom-russe": ["&#1051;&#1080;&#1090;&#1074;&#1072;"],
"sous-type": "pays",
"type": "lieux"
}