{
"_id": "lieu-2015-12-06-16-22-25-86966216720",
"ajouter-aux-favoris": false,
"breadcrumb": "lieux/pays/Pakistan/",
"fiche-a-completer": true,
"fiche-publiee": true,
"identifiant-drupal": 365336,
"mise-a-jour": "2016-02-04-17-54-57",
"moment-de-creation": "2015-12-06-16-22-25",
"moment-de-modification": "2016-02-04-17-54-57",
"nom": "Pakistan",
"nom-anglais": ["Pakistan"],
"nom-arabe": ["&#1576;&#1575;&#1603;&#1587;&#1578;&#1575;&#1606;"],
"nom-espagnol": ["Pakist&#225;n"],
"nom-folder": "Pakistan",
"nom-francais": ["Pakistan"],
"nom-italien": ["Pakistan"],
"nom-machine": "lieu-2015-12-06-16-22-25-86966216720",
"nom-russe": ["&#1059;&#1079;&#1073;&#1077;&#1082;&#1080;&#1089;&#1090;&#1072;&#1085;"],
"sous-type": "pays",
"type": "lieux"
}