{
"_id": "lieu-2015-12-06-16-21-35-86966213748",
"ajouter-aux-favoris": false,
"breadcrumb": "lieux/pays/Kirghizistan/",
"fiche-a-completer": true,
"fiche-publiee": true,
"mise-a-jour": "2016-02-04-17-15-35",
"moment-de-creation": "2015-12-06-16-21-35",
"moment-de-modification": "2016-02-04-17-15-35",
"nom": "Kirghizistan",
"nom-anglais": ["Kirghizistan"],
"nom-arabe": ["&#1602;&#1610;&#1585;&#1594;&#1610;&#1586;&#1587;&#1578;&#1575;&#1606;"],
"nom-espagnol": ["Kirguizist&#225;n"],
"nom-folder": "Kirghizistan",
"nom-francais": ["Kirghizistan"],
"nom-italien": ["Kirghizistan"],
"nom-machine": "lieu-2015-12-06-16-21-35-86966213748",
"nom-russe": ["&#1050;&#1080;&#1088;&#1075;&#1080;&#1079;&#1080;&#1103;"],
"sous-type": "pays",
"type": "lieux"
}