{
"_id": "lieu-2015-12-06-16-22-11-86966215870",
"ajouter-aux-favoris": false,
"breadcrumb": "lieux/pays/Mongolie/",
"fiche-a-completer": true,
"fiche-publiee": true,
"identifiant-drupal": 365331,
"mise-a-jour": "2016-02-04-17-35-31",
"moment-de-creation": "2015-12-06-16-22-11",
"moment-de-modification": "2016-02-04-17-35-31",
"nom": "Mongolie",
"nom-anglais": ["Mongolia"],
"nom-arabe": ["&#1605;&#1606;&#1594;&#1608;&#1604;&#1610;&#1575;"],
"nom-espagnol": ["Mongolia"],
"nom-folder": "Mongolie",
"nom-francais": ["Mongolie"],
"nom-italien": ["Mongolia"],
"nom-machine": "lieu-2015-12-06-16-22-11-86966215870",
"nom-russe": ["&#1052;&#1086;&#1085;&#1075;&#1086;&#1083;&#1080;&#1103;"],
"sous-type": "pays",
"type": "lieux"
}