{
"_id": "lieu-2015-12-06-16-12-44-86966181873",
"ajouter-aux-favoris": false,
"breadcrumb": "lieux/pays/Burundi/",
"fiche-a-completer": true,
"fiche-publiee": true,
"identifiant-drupal": 365237,
"mise-a-jour": "2016-02-04-16-09-00",
"moment-de-creation": "2015-12-06-16-12-44",
"moment-de-modification": "2016-02-04-16-09-00",
"nom": "Burundi",
"nom-anglais": ["Burundi"],
"nom-arabe": ["&#1576;&#1608;&#1585;&#1608;&#1606;&#1583;&#1610;"],
"nom-espagnol": ["Burundi"],
"nom-folder": "Burundi",
"nom-francais": ["Burundi"],
"nom-italien": ["Burundi"],
"nom-machine": "lieu-2015-12-06-16-12-44-86966181873",
"nom-russe": ["&#1041;&#1091;&#1088;&#1091;&#1085;&#1076;&#1080;"],
"sous-type": "pays",
"type": "lieux"
}