{
"_id": "lieu-2015-12-06-16-23-20-86966220040",
"ajouter-aux-favoris": false,
"breadcrumb": "lieux/pays/Turkmenistan/",
"fiche-a-completer": true,
"fiche-publiee": true,
"identifiant-drupal": 365344,
"mise-a-jour": "2016-02-04-18-34-52",
"moment-de-creation": "2015-12-06-16-23-20",
"moment-de-modification": "2016-02-04-18-34-52",
"nom": "Turkm&#233;nistan",
"nom-anglais": ["Turkmenistan"],
"nom-arabe": ["&#1578;&#1585;&#1603;&#1605;&#1575;&#1606;&#1587;&#1578;&#1575;&#1606;"],
"nom-espagnol": ["Turkmenist&#225;n"],
"nom-folder": "Turkmenistan",
"nom-francais": ["Turkm&#233;nistan"],
"nom-italien": ["Turkmenistan"],
"nom-machine": "lieu-2015-12-06-16-23-20-86966220040",
"nom-russe": ["&#1058;&#1091;&#1088;&#1082;&#1084;&#1077;&#1085;&#1080;&#1103;"],
"sous-type": "pays",
"type": "lieux"
}