{
"_id": "lieu-2015-12-06-16-10-48-86966174939",
"ajouter-aux-favoris": false,
"breadcrumb": "lieux/monde/Moyen-Orient/",
"description": "Moyen-Orient",
"fiche-a-completer": true,
"fiche-publiee": true,
"mise-a-jour": "2015-01-04-02-26-19",
"moment-de-creation": "2015-12-06-16-10-48",
"moment-de-modification": "2015-01-04-02-26-19",
"nom": "Moyen-Orient",
"nom-anglais": ["Middle East"],
"nom-arabe": ["&#1575;&#1604;&#1588;&#1585;&#1602; &#1575;&#1604;&#1571;&#1608;&#1587;&#1591;"],
"nom-espagnol": ["Medio Oriente"],
"nom-folder": "Moyen-Orient",
"nom-francais": ["Moyen-Orient"],
"nom-italien": ["Medio Oriente"],
"nom-machine": "lieu-2015-12-06-16-10-48-86966174939",
"nom-russe": ["&#1057;&#1088;&#1077;&#1076;&#1085;&#1080;&#1081; &#1042;&#1086;&#1089;&#1090;&#1086;&#1082;"],
"sous-type": "monde",
"type": "lieux"
}