{
"_id": "lieu-2015-12-06-16-10-48-86966174905",
"ajouter-aux-favoris": false,
"breadcrumb": "lieux/monde/Amerique/",
"description": "Am&#233;rique",
"fiche-a-completer": true,
"fiche-publiee": true,
"identifiant-drupal": 362054,
"mise-a-jour": "2015-01-04-02-26-19",
"moment-de-creation": "2015-12-06-16-10-48",
"moment-de-modification": "2015-01-04-02-26-19",
"nom": "Am&#233;rique",
"nom-anglais": ["America"],
"nom-arabe": ["&#1571;&#1605;&#1585;&#1610;&#1603;&#1575;"],
"nom-espagnol": ["Am&#233;rica"],
"nom-folder": "Amerique",
"nom-francais": ["Am&#233;rique"],
"nom-italien": ["America"],
"nom-machine": "lieu-2015-12-06-16-10-48-86966174905",
"nom-russe": ["&#1040;&#1084;&#1077;&#1088;&#1080;&#1082;&#1072;"],
"sous-type": "monde",
"type": "lieux"
}