{
"_id": "lieu-2015-12-06-16-12-21-86966180492",
"ajouter-aux-favoris": false,
"breadcrumb": "lieux/monde/Antilles-neerlandaises/",
"fiche-a-completer": true,
"fiche-publiee": true,
"identifiant-drupal": 380829,
"mise-a-jour": "2016-02-06-00-53-59",
"moment-de-creation": "2015-12-06-16-12-21",
"moment-de-modification": "2016-02-06-00-53-59",
"nom": "Antilles n&#233;erlandaises",
"nom-anglais": ["Netherlands Antilles"],
"nom-arabe": ["&#1575;&#1604;&#1571;&#1606;&#1578;&#1610;&#1604; &#1575;&#1604;&#1607;&#1608;&#1604;&#1606;&#1583;&#1610;&#1577;"],
"nom-espagnol": ["Antillas Neerlandesas"],
"nom-folder": "Antilles-neerlandaises",
"nom-francais": ["Antilles n&#233;erlandaises"],
"nom-italien": ["Antille Olandesi"],
"nom-machine": "lieu-2015-12-06-16-12-21-86966180492",
"nom-russe": ["&#1053;&#1080;&#1076;&#1077;&#1088;&#1083;&#1072;&#1085;&#1076;&#1089;&#1082;&#1080;&#1077; &#1040;&#1085;&#1090;&#1080;&#1083;&#1100;&#1089;&#1082;&#1080;&#1077; &#1086;&#1089;&#1090;&#1088;&#1086;&#1074;&#1072;"],
"sous-type": "monde",
"type": "taxonomies"
}