{
"_id": "lieu-2015-12-06-16-10-48-86966174929",
"ajouter-aux-favoris": false,
"breadcrumb": "lieux/monde/France-Outre-Mer/",
"description": "France Outre-Mer",
"fiche-a-completer": true,
"fiche-publiee": true,
"identifiant-drupal": 362098,
"mise-a-jour": "2015-01-04-02-26-19",
"moment-de-creation": "2015-12-06-16-10-48",
"moment-de-modification": "2015-01-04-02-26-19",
"nom": "France d'outre-Mer",
"nom-anglais": ["Overseas departments and territories of France"],
"nom-arabe": ["&#1605;&#1602;&#1575;&#1591;&#1593;&#1575;&#1578; &#1608;&#1571;&#1602;&#1575;&#1604;&#1610;&#1605; &#1605;&#1575; &#1608;&#1585;&#1575;&#1569; &#1575;&#1604;&#1576;&#1581;&#1575;&#1585; &#1575;&#1604;&#1601;&#1585;&#1606;&#1587;&#1610;&#1577;"],
"nom-espagnol": ["Francia de ultramar"],
"nom-folder": "France-Outre-Mer",
"nom-francais": ["France d'outre-Mer"],
"nom-italien": ["Francia d'oltremare"],
"nom-machine": "lieu-2015-12-06-16-10-48-86966174929",
"nom-russe": ["&#1047;&#1072;&#1084;&#1086;&#1088;&#1089;&#1082;&#1080;&#1077; &#1090;&#1077;&#1088;&#1088;&#1080;&#1090;&#1086;&#1088;&#1080;&#1080; &#1060;&#1088;&#1072;&#1085;&#1094;&#1080;&#1080;"],
"sous-type": "monde",
"type": "lieux"
}