{
"_id": "lieu-2015-12-06-16-10-48-86966174886",
"ajouter-aux-favoris": false,
"breadcrumb": "lieux/monde/",
"description": "monde",
"fiche-a-completer": true,
"fiche-publiee": true,
"identifiant-drupal": 362050,
"mise-a-jour": "2015-01-04-02-26-19",
"moment-de-creation": "2015-12-06-16-10-48",
"moment-de-modification": "2015-01-04-02-26-19",
"nom": "monde",
"nom-anglais": ["world"],
"nom-arabe": ["&#1593;&#1575;&#1604;&#1605;"],
"nom-espagnol": ["Mundo"],
"nom-francais": ["monde"],
"nom-italien": ["Mondo"],
"nom-machine": "lieu-2015-12-06-16-10-48-86966174886",
"nom-russe": ["&#1052;&#1080;&#1088;"],
"sous-type": "monde",
"type": "lieux"
}