{
"_id": "lieu-2015-12-06-16-12-23-86966180607",
"ajouter-aux-favoris": false,
"breadcrumb": "lieux/monde/Arctique/",
"description": "Arctique",
"fiche-a-completer": true,
"fiche-publiee": true,
"identifiant-drupal": 362097,
"mise-a-jour": "2015-01-04-02-27-03",
"moment-de-creation": "2015-12-06-16-12-23",
"moment-de-modification": "2015-01-04-02-27-03",
"nom": "Arctique",
"nom-anglais": ["Arctic"],
"nom-arabe": ["&#1605;&#1606;&#1591;&#1602;&#1577; &#1602;&#1591;&#1576;&#1610;&#1577; &#1588;&#1605;&#1575;&#1604;&#1610;&#1577;"],
"nom-espagnol": ["&#193;rtico"],
"nom-folder": "monde/Arctique",
"nom-francais": ["Arctique"],
"nom-italien": ["Artico"],
"nom-machine": "lieu-2015-12-06-16-12-23-86966180607",
"nom-russe": ["&#1040;&#1088;&#1082;&#1090;&#1080;&#1082;&#1072;"],
"sous-type": "monde",
"type": "lieux"
}