{
"_id": "lieu-2015-12-06-16-10-49-86966174948",
"ajouter-aux-favoris": false,
"breadcrumb": "lieux/monde/Pacifique-Sud/",
"description": "Pacifique Sud",
"fiche-a-completer": true,
"fiche-publiee": true,
"identifiant-drupal": 362117,
"mise-a-jour": "2015-01-04-02-26-20",
"moment-de-creation": "2015-12-06-16-10-49",
"moment-de-modification": "2015-01-04-02-26-20",
"nom": "Pacifique Sud",
"nom-anglais": ["South Pacific"],
"nom-arabe": ["&#1580;&#1606;&#1608;&#1576; &#1575;&#1604;&#1605;&#1581;&#1610;&#1591; &#1575;&#1604;&#1607;&#1575;&#1583;&#1574;"],
"nom-espagnol": ["Pac&#237;fico Sur"],
"nom-folder": "Pacifique-Sud",
"nom-francais": ["Pacifique Sud"],
"nom-italien": ["Sud Pacifico"],
"nom-machine": "lieu-2015-12-06-16-10-49-86966174948",
"nom-russe": ["&#1070;&#1078;&#1085;&#1086;&#1090;&#1080;&#1093;&#1086;&#1086;&#1082;&#1077;&#1072;&#1085;&#1089;&#1082;&#1072;&#1103;"],
"sous-type": "monde",
"type": "lieux"
}