{
"_id": "lieu-2015-12-06-16-10-49-86966174941",
"ajouter-aux-favoris": false,
"breadcrumb": "lieux/monde/Moyen-Orient/Machrek/",
"description": "Machrek",
"fiche-a-completer": true,
"fiche-publiee": true,
"identifiant-drupal": 362065,
"mise-a-jour": "2015-01-04-02-26-19",
"moment-de-creation": "2015-12-06-16-10-49",
"moment-de-modification": "2015-01-04-02-26-19",
"nom": "Machrek",
"nom-anglais": ["Mashriq"],
"nom-arabe": ["&#1575;&#1604;&#1605;&#1588;&#1585;&#1602; &#1575;&#1604;&#1593;&#1585;&#1576;&#1610;"],
"nom-espagnol": ["M&#225;shreq"],
"nom-folder": "Machrek",
"nom-francais": ["Machrek"],
"nom-italien": ["Mashrek"],
"nom-machine": "lieu-2015-12-06-16-10-49-86966174941",
"nom-russe": ["&#1052;&#1072;&#1096;&#1088;&#1080;&#1082;"],
"sous-type": "monde",
"type": "lieux"
}