{
"_id": "lieu-2015-12-06-16-10-48-86966174924",
"ajouter-aux-favoris": false,
"breadcrumb": "lieux/monde/Etats-insulaires/",
"description": "&#201;tats insulaires",
"fiche-a-completer": true,
"fiche-publiee": true,
"identifiant-drupal": 362088,
"mise-a-jour": "2015-01-04-02-26-19",
"moment-de-creation": "2015-12-06-16-10-48",
"moment-de-modification": "2015-01-04-02-26-19",
"nom": "&#201;tats insulaires",
"nom-anglais": ["Island countries"],
"nom-arabe": ["&#1575;&#1604;&#1583;&#1608;&#1604; &#1575;&#1604;&#1580;&#1586;&#1585;&#1610;&#1577;"],
"nom-espagnol": ["Estados insulares"],
"nom-folder": "Etats-insulaires",
"nom-francais": ["&#201;tats insulaires"],
"nom-italien": ["Stati insulari"],
"nom-machine": "lieu-2015-12-06-16-10-48-86966174924",
"nom-russe": ["&#1086;&#1089;&#1090;&#1088;&#1086;&#1074;&#1085;&#1099;&#1077; &#1075;&#1086;&#1089;&#1091;&#1076;&#1072;&#1088;&#1089;&#1090;&#1074;&#1072;"],
"sous-type": "monde",
"type": "lieux"
}