{
"_id": "lieu-2015-12-06-16-10-49-86966174955",
"ajouter-aux-favoris": false,
"breadcrumb": "lieux/monde/Sahara/",
"description": "Sahara",
"fiche-a-completer": true,
"fiche-publiee": true,
"identifiant-drupal": 362120,
"mise-a-jour": "2015-01-04-02-26-19",
"moment-de-creation": "2015-12-06-16-10-49",
"moment-de-modification": "2015-01-04-02-26-19",
"nom": "Sahara",
"nom-anglais": ["Sahara"],
"nom-arabe": ["&#1575;&#1604;&#1589;&#1581;&#1585;&#1575;&#1569;"],
"nom-espagnol": ["Sahara"],
"nom-folder": "Sahara",
"nom-francais": ["Sahara"],
"nom-italien": ["Sahara"],
"nom-machine": "lieu-2015-12-06-16-10-49-86966174955",
"nom-russe": ["&#1057;&#1072;&#1093;&#1072;&#1088;&#1072;"],
"sous-type": "monde",
"type": "lieux"
}