{
"_id": "lieu-2015-12-06-16-12-21-86966180482",
"ajouter-aux-favoris": false,
"breadcrumb": "lieux/monde/Antarctique/",
"fiche-a-completer": true,
"fiche-publiee": true,
"identifiant-drupal": 380440,
"mise-a-jour": "2016-02-04-15-48-42",
"moment-de-creation": "2015-12-06-16-12-21",
"moment-de-modification": "2016-02-04-15-48-42",
"nom": "Antarctique",
"nom-anglais": ["Antarctica"],
"nom-arabe": ["&#1575;&#1604;&#1602;&#1575;&#1585;&#1577; &#1575;&#1604;&#1602;&#1591;&#1576;&#1610;&#1577; &#1575;&#1604;&#1580;&#1606;&#1608;&#1576;&#1610;&#1577;"],
"nom-espagnol": ["Ant&#225;rtida"],
"nom-folder": "Antarctique",
"nom-francais": ["Antarctique"],
"nom-italien": ["Antartide"],
"nom-machine": "lieu-2015-12-06-16-12-21-86966180482",
"nom-russe": ["&#1040;&#1085;&#1090;&#1072;&#1088;&#1082;&#1090;&#1080;&#1076;&#1072;"],
"sous-type": "monde",
"type": "lieux"
}