{
"_id": "lieu-2015-12-06-16-10-48-86966174900",
"ajouter-aux-favoris": false,
"breadcrumb": "lieux/monde/Afrique/Afrique-du-Nord/Maghreb/",
"description": "Maghreb",
"fiche-a-completer": true,
"fiche-publiee": true,
"identifiant-drupal": 362052,
"mise-a-jour": "2015-01-04-02-26-19",
"moment-de-creation": "2015-12-06-16-10-48",
"moment-de-modification": "2015-01-04-02-26-19",
"nom": "Maghreb",
"nom-anglais": ["Maghreb"],
"nom-arabe": ["&#1575;&#1604;&#1605;&#1594;&#1585;&#1576; &#1575;&#1604;&#1593;&#1585;&#1576;&#1610;"],
"nom-espagnol": ["Magreb"],
"nom-folder": "Maghreb",
"nom-francais": ["Maghreb"],
"nom-italien": ["Maghreb"],
"nom-machine": "lieu-2015-12-06-16-10-48-86966174900",
"nom-russe": ["&#1052;&#1072;&#1075;&#1088;&#1080;&#1073;"],
"sous-type": "monde",
"type": "lieux"
}