{
"_id": "lieu-2015-12-06-16-10-48-86966174915",
"ajouter-aux-favoris": false,
"breadcrumb": "lieux/monde/Amerique/Amerique-latine/Amerique-du-Sud/",
"description": "Am&#233;rique du Sud",
"fiche-a-completer": true,
"fiche-publiee": true,
"identifiant-drupal": 362058,
"mise-a-jour": "2015-01-04-02-26-19",
"moment-de-creation": "2015-12-06-16-10-48",
"moment-de-modification": "2015-01-04-02-26-19",
"nom": "Am&#233;rique du Sud",
"nom-anglais": ["South America"],
"nom-arabe": ["&#1571;&#1605;&#1585;&#1610;&#1603;&#1575; &#1575;&#1604;&#1580;&#1606;&#1608;&#1576;&#1610;&#1577;"],
"nom-espagnol": ["Am&#233;rica del Sur"],
"nom-folder": "Amerique-du-Sud",
"nom-francais": ["Am&#233;rique du Sud"],
"nom-italien": ["America del Sud"],
"nom-machine": "lieu-2015-12-06-16-10-48-86966174915",
"nom-russe": ["&#1070;&#1078;&#1085;&#1072;&#1103; &#1040;&#1084;&#1077;&#1088;&#1080;&#1082;&#1072;"],
"sous-type": "monde",
"type": "lieux"
}