{
"_id": "lieu-2015-12-06-16-10-49-86966174962",
"ajouter-aux-favoris": false,
"breadcrumb": "lieux/monde/Union-Africaine/",
"description": "Union Africaine",
"fiche-a-completer": true,
"fiche-publiee": true,
"identifiant-drupal": 379214,
"mise-a-jour": "2015-01-04-02-26-19",
"moment-de-creation": "2015-12-06-16-10-49",
"moment-de-modification": "2015-01-04-02-26-19",
"nom": "Union Africaine",
"nom-anglais": ["African Union"],
"nom-arabe": ["&#1575;&#1604;&#1575;&#1578;&#1581;&#1575;&#1583; &#1575;&#1604;&#1571;&#1601;&#1585;&#1610;&#1602;&#1610;"],
"nom-espagnol": ["Uni&#243;n Africana"],
"nom-folder": "Union-Africaine",
"nom-francais": ["Union Africaine"],
"nom-italien": ["Unione africana"],
"nom-machine": "lieu-2015-12-06-16-10-49-86966174962",
"nom-russe": ["&#1040;&#1092;&#1088;&#1080;&#1082;&#1072;&#1085;&#1089;&#1082;&#1080;&#1081; &#1089;&#1086;&#1102;&#1079;"],
"sous-type": "monde",
"type": "lieux"
}