{
"_id": "lieu-2015-12-06-16-10-48-86966174919",
"ajouter-aux-favoris": false,
"breadcrumb": "lieux/monde/Asie/",
"description": "Asie",
"fiche-a-completer": true,
"fiche-publiee": true,
"identifiant-drupal": 362064,
"mise-a-jour": "2015-01-04-02-26-19",
"moment-de-creation": "2015-12-06-16-10-48",
"moment-de-modification": "2015-01-04-02-26-19",
"nom": "Asie",
"nom-anglais": ["Asia"],
"nom-arabe": ["&#1570;&#1587;&#1610;&#1575;"],
"nom-espagnol": ["Asia"],
"nom-folder": "Asie",
"nom-francais": ["Asie"],
"nom-italien": ["Asia"],
"nom-machine": "lieu-2015-12-06-16-10-48-86966174919",
"nom-russe": ["&#1040;&#1079;&#1080;&#1103;"],
"sous-type": "monde",
"type": "lieux"
}