{
"_id": "lieu-2015-12-06-16-10-48-86966174910",
"ajouter-aux-favoris": false,
"breadcrumb": "lieux/monde/Amerique/Amerique-latine/",
"description": "Cara&#239;bes",
"fiche-a-completer": true,
"fiche-publiee": true,
"identifiant-drupal": 362056,
"mise-a-jour": "2015-01-04-02-26-19",
"moment-de-creation": "2015-12-06-16-10-48",
"moment-de-modification": "2015-01-04-02-26-19",
"nom": "Cara&#239;bes",
"nom-anglais": ["Caribbean"],
"nom-arabe": ["&#1575;&#1604;&#1603;&#1575;&#1585;&#1610;&#1576;&#1610;"],
"nom-espagnol": ["Caribe"],
"nom-folder": "Amerique-latine",
"nom-francais": ["Cara&#239;bes"],
"nom-italien": ["Caraibi"],
"nom-machine": "lieu-2015-12-06-16-10-48-86966174910",
"nom-russe": ["&#1042;&#1077;&#1089;&#1090;-&#1048;&#1085;&#1076;&#1080;&#1103;"],
"sous-type": "monde",
"type": "lieux"
}