{
"_id": "lieu-2015-12-06-16-10-49-86966174944",
"ajouter-aux-favoris": false,
"breadcrumb": "lieux/monde/Moyen-Orient/Proche-Orient/",
"description": "Proche-Orient",
"fiche-a-completer": true,
"fiche-publiee": true,
"mise-a-jour": "2015-01-04-02-26-19",
"moment-de-creation": "2015-12-06-16-10-49",
"moment-de-modification": "2015-01-04-02-26-19",
"nom": "Proche-Orient",
"nom-anglais": ["Near East"],
"nom-arabe": ["&#1588;&#1585;&#1602; &#1571;&#1583;&#1606;&#1609;"],
"nom-espagnol": ["Oriente Medio"],
"nom-folder": "Proche-Orient",
"nom-francais": ["Proche-Orient"],
"nom-italien": ["Vicino Oriente"],
"nom-machine": "lieu-2015-12-06-16-10-49-86966174944",
"nom-russe": ["&#1041;&#1083;&#1080;&#1078;&#1085;&#1080;&#1081; &#1042;&#1086;&#1089;&#1090;&#1086;&#1082;"],
"sous-type": "monde",
"type": "lieux"
}