{
"_id": "lieu-2015-12-06-16-10-48-86966174893",
"ajouter-aux-favoris": false,
"breadcrumb": "lieux/monde/Afrique/Afrique-de-l'Est/",
"description": "Afrique de l'Est",
"fiche-a-completer": true,
"fiche-publiee": true,
"identifiant-drupal": 379168,
"mise-a-jour": "2015-01-04-02-26-19",
"moment-de-creation": "2015-12-06-16-10-48",
"moment-de-modification": "2015-01-04-02-26-19",
"nom": "Afrique de l'Est",
"nom-anglais": ["East Africa"],
"nom-arabe": ["&#1588;&#1585;&#1602; &#1571;&#1601;&#1585;&#1610;&#1602;&#1610;&#1575;"],
"nom-espagnol": ["&#193;frica Oriental"],
"nom-folder": "Afrique-de-l'Est",
"nom-francais": ["Afrique de l'Est"],
"nom-italien": ["Africa orientale"],
"nom-machine": "lieu-2015-12-06-16-10-48-86966174893",
"nom-russe": ["&#1042;&#1086;&#1089;&#1090;&#1086;&#1095;&#1085;&#1072;&#1103; &#1040;&#1092;&#1088;&#1080;&#1082;&#1072;"],
"sous-type": "monde",
"type": "lieux"
}