{
"_id": "lieu-2016-02-14-13-31-00-86966180544",
"ajouter-aux-favoris": false,
"breadcrumb": "lieux/monde/Antilles-francaises/",
"description": "Antilles fran&#231;aises ...",
"fiche-a-completer": true,
"fiche-publiee": true,
"mise-a-jour": "2016-02-15-17-14-30",
"moment-de-creation": "2016-02-14-13-31-00",
"moment-de-modification": "2016-02-15-17-14-30",
"nom": "Antilles fran&#231;aises",
"nom-anglais": ["French West Indies"],
"nom-arabe": ["&#1575;&#1604;&#1571;&#1606;&#1578;&#1610;&#1604; &#1575;&#1604;&#1601;&#1585;&#1606;&#1587;&#1610;&#1577;"],
"nom-espagnol": ["Antillas francesas"],
"nom-folder": "Antilles-francaises",
"nom-francais": ["Antilles fran&#231;aises"],
"nom-italien": ["Antille francesi"],
"nom-machine": "lieu-2016-02-14-13-31-00-86966180544",
"nom-russe": ["&#1060;&#1088;&#1072;&#1085;&#1094;&#1091;&#1079;&#1089;&#1082;&#1072;&#1103; &#1042;&#1077;&#1089;&#1090;-&#1048;&#1085;&#1076;&#1080;&#1103;"],
"sous-type": "monde",
"type": "lieux"
}