{
"_id": "lieu-2015-12-06-16-10-48-86966174912",
"ajouter-aux-favoris": false,
"breadcrumb": "lieux/monde/Amerique/Amerique-latine/Amerique-centrale/",
"description": "Am&#233;rique centrale",
"fiche-a-completer": true,
"fiche-publiee": true,
"identifiant-drupal": 362057,
"mise-a-jour": "2015-01-04-02-26-19",
"moment-de-creation": "2015-12-06-16-10-48",
"moment-de-modification": "2015-01-04-02-26-19",
"nom": "Am&#233;rique centrale",
"nom-anglais": ["Central America"],
"nom-arabe": ["&#1571;&#1605;&#1585;&#1610;&#1603;&#1575; &#1575;&#1604;&#1608;&#1587;&#1591;&#1609;"],
"nom-espagnol": ["Am&#233;rica Central"],
"nom-folder": "Amerique-centrale",
"nom-francais": ["Am&#233;rique centrale"],
"nom-italien": ["America Centrale"],
"nom-machine": "lieu-2015-12-06-16-10-48-86966174912",
"nom-russe": ["&#1062;&#1077;&#1085;&#1090;&#1088;&#1072;&#1083;&#1100;&#1085;&#1072;&#1103; &#1040;&#1084;&#1077;&#1088;&#1080;&#1082;&#1072;"],
"sous-type": "monde",
"type": "lieux"
}