{
"_id": "lieu-2015-12-06-16-10-48-86966174932",
"ajouter-aux-favoris": false,
"breadcrumb": "lieux/monde/Francophonie/",
"description": "Francophonie",
"fiche-a-completer": true,
"fiche-publiee": true,
"identifiant-drupal": 379215,
"mise-a-jour": "2015-01-04-02-26-20",
"moment-de-creation": "2015-12-06-16-10-48",
"moment-de-modification": "2015-01-04-02-26-20",
"nom": "Francophonie",
"nom-anglais": ["Francophony"],
"nom-arabe": ["&#1575;&#1604;&#1601;&#1585;&#1575;&#1606;&#1603;&#1608;&#1601;&#1608;&#1606;&#1610;&#1577;"],
"nom-espagnol": ["Francofon&#237;a"],
"nom-folder": "Francophonie",
"nom-francais": ["Francophonie"],
"nom-italien": ["Francofonia"],
"nom-machine": "lieu-2015-12-06-16-10-48-86966174932",
"nom-russe": ["&#1060;&#1088;&#1072;&#1085;&#1082;&#1086;&#1092;&#1086;&#1085;&#1099;"],
"sous-type": "monde",
"type": "lieux"
}