{
"_id": "lieu-2015-12-06-16-10-48-86966174934",
"ajouter-aux-favoris": false,
"breadcrumb": "lieux/monde/Mediterranee/",
"description": "M&#233;diterran&#233;e",
"fiche-a-completer": true,
"fiche-publiee": true,
"identifiant-drupal": 362116,
"mise-a-jour": "2015-01-04-02-26-19",
"moment-de-creation": "2015-12-06-16-10-48",
"moment-de-modification": "2015-01-04-02-26-19",
"nom": "M&#233;diterran&#233;e",
"nom-anglais": ["Mediterranean"],
"nom-arabe": ["&#1575;&#1604;&#1576;&#1581;&#1585; &#1575;&#1604;&#1571;&#1576;&#1610;&#1590; &#1575;&#1604;&#1605;&#1578;&#1608;&#1587;&#1591;"],
"nom-espagnol": ["Mediterr&#225;neo"],
"nom-folder": "Mediterranee",
"nom-francais": ["M&#233;diterran&#233;e"],
"nom-italien": ["Mediterraneo"],
"nom-machine": "lieu-2015-12-06-16-10-48-86966174934",
"nom-russe": ["&#1057;&#1088;&#1077;&#1076;&#1080;&#1079;&#1077;&#1084;&#1085;&#1086;&#1077;"],
"sous-type": "monde",
"type": "lieux"
}