{
"_id": "lieu-2015-12-06-16-10-48-86966174898",
"ajouter-aux-favoris": false,
"breadcrumb": "lieux/monde/Afrique/Afrique-du-Nord/",
"description": "Afrique du Nord",
"fiche-a-completer": true,
"fiche-publiee": true,
"identifiant-drupal": 362052,
"mise-a-jour": "2015-01-04-02-26-19",
"moment-de-creation": "2015-12-06-16-10-48",
"moment-de-modification": "2015-01-04-02-26-19",
"nom": "Afrique du Nord",
"nom-anglais": ["North Africa"],
"nom-arabe": ["&#1588;&#1605;&#1575;&#1604; &#1571;&#1601;&#1585;&#1610;&#1602;&#1610;&#1575;"],
"nom-espagnol": ["&#193;frica del Norte"],
"nom-folder": "Afrique-du-Nord",
"nom-francais": ["Afrique du Nord"],
"nom-italien": ["Nordafrica"],
"nom-machine": "lieu-2015-12-06-16-10-48-86966174898",
"nom-russe": ["&#1057;&#1077;&#1074;&#1077;&#1088;&#1085;&#1072;&#1103; &#1040;&#1092;&#1088;&#1080;&#1082;&#1072;"],
"sous-type": "monde",
"type": "lieux"
}