{
"_id": "lieu-2015-12-06-16-10-49-86966174953",
"ajouter-aux-favoris": false,
"breadcrumb": "lieux/monde/Poles/",
"description": "P&#244;les",
"fiche-a-completer": true,
"fiche-publiee": true,
"mise-a-jour": "2015-01-04-02-26-19",
"moment-de-creation": "2015-12-06-16-10-49",
"moment-de-modification": "2015-01-04-02-26-19",
"nom": "P&#244;les",
"nom-anglais": ["Poles"],
"nom-espagnol": ["Polos"],
"nom-folder": "Poles",
"nom-francais": ["P&#244;les"],
"nom-italien": ["Poli"],
"nom-machine": "lieu-2015-12-06-16-10-49-86966174953",
"nom-russe": ["&#1089;&#1090;&#1086;&#1083;&#1073;&#1099;"],
"sous-type": "monde",
"type": "lieux"
}