{
"_id": "lieu-2015-12-06-16-10-48-86966174922",
"ajouter-aux-favoris": false,
"breadcrumb": "lieux/monde/Commonwealth-of-Nations/",
"description": "Commonwealth-of-Nations",
"fiche-a-completer": true,
"fiche-publiee": true,
"identifiant-drupal": 379213,
"mise-a-jour": "2015-01-04-02-26-19",
"moment-de-creation": "2015-12-06-16-10-48",
"moment-de-modification": "2015-01-04-02-26-19",
"nom": "Commonwealth-of-Nations",
"nom-anglais": ["Commonwealth of Nations"],
"nom-arabe": ["&#1583;&#1608;&#1604; &#1575;&#1604;&#1603;&#1608;&#1605;&#1606;&#1608;&#1604;&#1579;"],
"nom-espagnol": ["Mancomunidad de Naciones"],
"nom-folder": "Commonwealth-of-Nations",
"nom-francais": ["Commonwealth-of-Nations"],
"nom-italien": ["Commonwealth delle nazioni"],
"nom-machine": "lieu-2015-12-06-16-10-48-86966174922",
"nom-russe": ["&#1057;&#1086;&#1076;&#1088;&#1091;&#1078;&#1077;&#1089;&#1090;&#1074;&#1086; &#1085;&#1072;&#1094;&#1080;&#1081;"],
"sous-type": "monde",
"type": "lieux"
}