{
"_id": "lieu-2015-12-06-16-10-48-86966174908",
"ajouter-aux-favoris": false,
"breadcrumb": "lieux/monde/Amerique/Amerique-du-Nord/",
"description": "Am&#233;rique du Nord",
"fiche-a-completer": true,
"fiche-publiee": true,
"identifiant-drupal": 362055,
"mise-a-jour": "2015-01-04-02-26-19",
"moment-de-creation": "2015-12-06-16-10-48",
"moment-de-modification": "2015-01-04-02-26-19",
"nom": "Am&#233;rique du Nord",
"nom-anglais": ["North America"],
"nom-arabe": ["&#1571;&#1605;&#1585;&#1610;&#1603;&#1575; &#1575;&#1604;&#1588;&#1605;&#1575;&#1604;&#1610;&#1577;"],
"nom-espagnol": ["Am&#233;rica del Norte"],
"nom-folder": "Amerique-du-Nord",
"nom-francais": ["Am&#233;rique du Nord"],
"nom-italien": ["America del Nord"],
"nom-machine": "lieu-2015-12-06-16-10-48-86966174908",
"nom-russe": ["&#1057;&#1077;&#1074;&#1077;&#1088;&#1085;&#1072;&#1103; &#1040;&#1084;&#1077;&#1088;&#1080;&#1082;&#1072;"],
"sous-type": "monde",
"type": "lieux"
}