{
"_id": "lieu-2015-12-06-16-10-49-86966174946",
"ajouter-aux-favoris": false,
"breadcrumb": "lieux/monde/Oceanie/",
"description": "Oc&#233;anie",
"fiche-a-completer": true,
"fiche-publiee": true,
"identifiant-drupal": 362075,
"mise-a-jour": "2015-01-04-02-26-19",
"moment-de-creation": "2015-12-06-16-10-49",
"moment-de-modification": "2015-01-04-02-26-19",
"nom": "Oc&#233;anie",
"nom-anglais": ["Oceania"],
"nom-arabe": ["&#1571;&#1608;&#1602;&#1610;&#1575;&#1606;&#1608;&#1587;&#1610;&#1575;"],
"nom-espagnol": ["Oceania"],
"nom-folder": "Oceanie",
"nom-francais": ["Oc&#233;anie"],
"nom-italien": ["Oceania"],
"nom-machine": "lieu-2015-12-06-16-10-49-86966174946",
"nom-russe": ["&#1054;&#1082;&#1077;&#1072;&#1085;&#1080;&#1103;"],
"sous-type": "monde",
"type": "lieux"
}