{
"_id": "lieu-2015-12-06-16-10-48-86966174937",
"ajouter-aux-favoris": false,
"breadcrumb": "lieux/monde/Monde-arabe/",
"description": "Monde arabe",
"fiche-a-completer": true,
"fiche-publiee": true,
"identifiant-drupal": 362118,
"mise-a-jour": "2015-01-04-02-26-20",
"moment-de-creation": "2015-12-06-16-10-48",
"moment-de-modification": "2015-01-04-02-26-20",
"nom": "Monde arabe",
"nom-anglais": ["Arab world"],
"nom-arabe": ["&#1575;&#1604;&#1608;&#1591;&#1606; &#1575;&#1604;&#1593;&#1585;&#1576;&#1610;"],
"nom-espagnol": ["Mundo &#225;rabe"],
"nom-folder": "Monde-arabe",
"nom-francais": ["Monde arabe"],
"nom-italien": ["Mondo arabo"],
"nom-machine": "lieu-2015-12-06-16-10-48-86966174937",
"nom-russe": ["&#1040;&#1088;&#1072;&#1073;&#1089;&#1082;&#1080;&#1081; &#1084;&#1080;&#1088;"],
"sous-type": "monde",
"type": "lieux"
}