{
"_id": "lieu-2015-12-06-16-10-48-86966174903",
"ajouter-aux-favoris": false,
"breadcrumb": "lieux/monde/Afrique/Afrique-sub-saharienne/",
"description": "Afrique sub-saharienne",
"fiche-a-completer": true,
"fiche-publiee": true,
"identifiant-drupal": 365232,
"mise-a-jour": "2015-01-04-02-26-19",
"moment-de-creation": "2015-12-06-16-10-48",
"moment-de-modification": "2015-01-04-02-26-19",
"nom": "Afrique sub-saharienne",
"nom-anglais": ["Sub-Saharan Africa"],
"nom-arabe": ["&#1571;&#1601;&#1585;&#1610;&#1602;&#1610;&#1575; &#1580;&#1606;&#1608;&#1576; &#1575;&#1604;&#1589;&#1581;&#1585;&#1575;&#1569;"],
"nom-espagnol": ["&#193;frica subsahariana"],
"nom-folder": "Afrique-sub-saharienne",
"nom-francais": ["Afrique sub-saharienne"],
"nom-italien": ["Africa subsahariana"],
"nom-machine": "lieu-2015-12-06-16-10-48-86966174903",
"nom-russe": ["&#1063;&#1105;&#1088;&#1085;&#1072;&#1103; &#1040;&#1092;&#1088;&#1080;&#1082;&#1072;"],
"sous-type": "monde",
"type": "lieux"
}