{
"_id": "lieu-2015-12-06-16-10-49-86966174951",
"ajouter-aux-favoris": false,
"breadcrumb": "lieux/monde/Peninsule-d'Arabie/",
"description": "P&#233;ninsule d'Arabie",
"fiche-a-completer": true,
"fiche-publiee": true,
"identifiant-drupal": 362119,
"mise-a-jour": "2015-01-04-02-26-20",
"moment-de-creation": "2015-12-06-16-10-49",
"moment-de-modification": "2015-01-04-02-26-20",
"nom": "P&#233;ninsule d'Arabie",
"nom-anglais": ["Arabic peninsula"],
"nom-arabe": [" &#1588;&#1576;&#1607; &#1575;&#1604;&#1580;&#1586;&#1610;&#1585;&#1577; &#1575;&#1604;&#1593;&#1585;&#1576;&#1610;&#1577;"],
"nom-espagnol": ["Pen&#237;nsula Ar&#225;bica"],
"nom-folder": "Peninsule-d'Arabie",
"nom-francais": ["P&#233;ninsule d'Arabie"],
"nom-italien": ["Penisola arabica"],
"nom-machine": "lieu-2015-12-06-16-10-49-86966174951",
"nom-russe": ["&#1040;&#1088;&#1072;&#1074;&#1080;&#1081;&#1089;&#1082;&#1080;&#1081; &#1087;&#1086;&#1083;&#1091;&#1086;&#1089;&#1090;&#1088;&#1086;&#1074;"],
"sous-type": "monde",
"type": "lieux"
}