{
"_id": "lieu-2015-12-06-16-10-48-86966174896",
"ajouter-aux-favoris": false,
"breadcrumb": "lieux/monde/Afrique/Afrique-de-l'Ouest/",
"description": "Afrique de l'Ouest",
"fiche-a-completer": true,
"fiche-publiee": true,
"identifiant-drupal": 379169,
"mise-a-jour": "2015-01-04-02-26-19",
"moment-de-creation": "2015-12-06-16-10-48",
"moment-de-modification": "2015-01-04-02-26-19",
"nom": "Afrique de l'Ouest",
"nom-anglais": ["West Africa"],
"nom-arabe": ["&#1594;&#1585;&#1576; &#1571;&#1601;&#1585;&#1610;&#1602;&#1610;&#1575;"],
"nom-espagnol": ["&#193;frica Occidental"],
"nom-folder": "Afrique-de-l'Ouest",
"nom-francais": ["Afrique de l'Ouest"],
"nom-italien": ["Africa occidentale"],
"nom-machine": "lieu-2015-12-06-16-10-48-86966174896",
"nom-russe": ["&#1047;&#1072;&#1087;&#1072;&#1076;&#1085;&#1072;&#1103; &#1040;&#1092;&#1088;&#1080;&#1082;&#1072;"],
"sous-type": "monde",
"type": "lieux"
}