{
"_id": "lieu-2015-12-06-16-10-48-86966174891",
"ajouter-aux-favoris": false,
"breadcrumb": "lieux/monde/Afrique/Afrique-Centrale/",
"description": "Afrique Centrale",
"fiche-a-completer": true,
"fiche-publiee": true,
"identifiant-drupal": 379167,
"mise-a-jour": "2015-01-04-02-26-19",
"moment-de-creation": "2015-12-06-16-10-48",
"moment-de-modification": "2015-01-04-02-26-19",
"nom": "Afrique Centrale",
"nom-anglais": ["Central Africa"],
"nom-arabe": ["&#1608;&#1587;&#1591; &#1571;&#1601;&#1585;&#1610;&#1602;&#1610;&#1575;"],
"nom-espagnol": ["&#193;frica Central"],
"nom-folder": "Afrique-Centrale",
"nom-francais": ["Afrique Centrale"],
"nom-italien": ["Africa centrale"],
"nom-machine": "lieu-2015-12-06-16-10-48-86966174891",
"nom-russe": ["&#1062;&#1077;&#1085;&#1090;&#1088;&#1072;&#1083;&#1100;&#1085;&#1072;&#1103; &#1040;&#1092;&#1088;&#1080;&#1082;&#1072;"],
"sous-type": "monde",
"type": "lieux"
}