{
"_id": "terme-2016-02-29-04-15-02-87404238131",
"ajouter-aux-favoris": false,
"breadcrumb": "taxonomies/cogitae/comment-ecrire/faire-appel-a-ses-souvenirs/",
"description": "Description de Faire appel &#224; ses souvenirs",
"enfants": ["terme-2016-02-29-04-17-10-87404245846"],
"fiche-a-completer": true,
"fiche-publiee": true,
"fiche-supprimee": false,
"mise-a-jour": "2016-05-09-16-45-47",
"moment-de-creation": "2016-02-29-04-15-02",
"moment-de-modification": "2016-02-29-04-16-58",
"nom": "Faire appel &#224; ses souvenirs",
"nom-anglais": ["Bringing forth one's memories"],
"nom-folder": "faire-appel-a-ses-souvenirs",
"nom-francais": ["Faire appel &#224; ses souvenirs"],
"nom-machine": "terme-2016-02-29-04-15-02-87404238131",
"sous-type": "cogitae",
"type": "taxonomies"
}