{
"_id": "terme-2016-03-02-01-32-35-87414021321",
"ajouter-aux-favoris": false,
"breadcrumb": "taxonomies/cogitae/temps-de-l-ecriture/moment-de-la-narration/",
"description": "Description de Moment de la narration",
"enfants": ["terme-2016-03-02-01-33-49-87414025778","terme-2016-03-02-01-37-00-87414037236"],
"fiche-a-completer": true,
"fiche-publiee": true,
"fiche-supprimee": false,
"mise-a-jour": "2016-05-09-16-45-47",
"moment-de-creation": "2016-03-02-01-32-35",
"moment-de-modification": "2016-03-02-01-32-54",
"nom": "Moment de la narration",
"nom-folder": "moment-de-la-narration",
"nom-francais": ["Moment de la narration"],
"nom-machine": "terme-2016-03-02-01-32-35-87414021321",
"sous-type": "cogitae",
"type": "taxonomies"
}