{
"_id": "terme-2016-02-29-04-10-51-87404223077",
"ajouter-aux-favoris": false,
"breadcrumb": "taxonomies/cogitae/avec-quoi-ecrire/utiliser-un-contenu-base-sur-son-vecu/",
"description": "Description de Utiliser un contenu bas&#233; sur son v&#233;cu",
"fiche-a-completer": false,
"fiche-publiee": true,
"fiche-supprimee": false,
"mise-a-jour": "2017-01-23-16-33-30",
"moment-de-creation": "2016-02-29-04-10-51",
"moment-de-modification": "2016-02-29-04-12-38",
"nom": "Utiliser un contenu bas&#233; sur son v&#233;cu",
"nom-anglais": ["Use content based on one's experience"],
"nom-folder": "utiliser-un-contenu-base-sur-son-vecu",
"nom-francais": ["Utiliser un contenu bas&#233; sur son v&#233;cu"],
"nom-machine": "terme-2016-02-29-04-10-51-87404223077",
"parent": "terme-2016-02-29-03-58-45-87404179544",
"sous-type": "cogitae",
"type": "taxonomies"
}