{
"_id": "terme-2016-03-02-01-33-07-87414023262",
"ajouter-aux-favoris": false,
"breadcrumb": "taxonomies/cogitae/temps-de-l-ecriture/moment-de-la-redaction/",
"description": "Description de Moment de la r&#233;daction",
"fiche-a-completer": false,
"fiche-publiee": true,
"fiche-supprimee": false,
"mise-a-jour": "2017-01-23-16-33-30",
"moment-de-creation": "2016-03-02-01-33-07",
"moment-de-modification": "2016-03-02-01-33-31",
"nom": "Moment de la r&#233;daction",
"nom-folder": "moment-de-la-redaction",
"nom-francais": ["Moment de la r&#233;daction"],
"nom-machine": "terme-2016-03-02-01-33-07-87414023262",
"parent": "terme-2016-03-02-01-31-47-87414018476",
"sous-type": "cogitae",
"type": "taxonomies"
}