{
"_id": "terme-2016-02-29-04-37-32-87404319172",
"ajouter-aux-favoris": false,
"breadcrumb": "taxonomies/cogitae/lieu-de-l-ecriture/lieu-de-la-narration/",
"description": "Description de Lieu de la narration",
"enfants": ["terme-2016-02-29-04-38-40-87404323236","terme-2016-02-29-04-39-41-87404326899"],
"fiche-a-completer": true,
"fiche-publiee": true,
"fiche-supprimee": false,
"mise-a-jour": "2016-05-09-16-45-47",
"moment-de-creation": "2016-02-29-04-37-32",
"moment-de-modification": "2016-02-29-04-38-16",
"nom": "Lieu de la narration",
"nom-anglais": ["Location of storytelling"],
"nom-folder": "lieu-de-la-narration",
"nom-francais": ["Lieu de la narration"],
"nom-machine": "terme-2016-02-29-04-37-32-87404319172",
"sous-type": "cogitae",
"type": "taxonomies"
}