{
"_id": "terme-2016-02-29-04-43-39-87404341193",
"ajouter-aux-favoris": false,
"breadcrumb": "taxonomies/cogitae/lieu-de-l-ecriture/lieu-de-la-narration/lieu-evenementiel/les-lieux-correspondant-aux-evenements/",
"description": "Description de Les lieux correspondant aux &#233;v&#233;nements",
"fiche-a-completer": false,
"fiche-publiee": true,
"mise-a-jour": "2017-01-23-16-33-30",
"moment-de-creation": "2016-02-29-04-43-39",
"moment-de-modification": "2016-03-06-02-05-24",
"nom": "Les lieux correspondant aux &#233;v&#233;nements",
"nom-anglais": ["The places corresponding to the  events"],
"nom-folder": "les-lieux-correspondant-aux-evenements",
"nom-francais": ["Les lieux correspondant aux &#233;v&#233;nements"],
"nom-machine": "terme-2016-02-29-04-43-39-87404341193",
"parent": "terme-2016-02-29-04-39-41-87404326899",
"sous-type": "cogitae",
"type": "taxonomies"
}