{
"_id": "terme-2016-03-02-00-46-20-87413854846",
"ajouter-aux-favoris": false,
"breadcrumb": "taxonomies/cogitae/qui-ecrit/l-auteur-est-un-temoin/l-auteur-se-distancie-des-evenements/les-evenements-sont-reels-mais-interpretes/",
"description": "Description de Les &#233;v&#233;nements sont r&#233;els mais interpr&#233;t&#233;s",
"fiche-a-completer": false,
"fiche-publiee": true,
"fiche-supprimee": false,
"mise-a-jour": "2017-01-23-16-33-30",
"moment-de-creation": "2016-03-02-00-46-20",
"moment-de-modification": "2016-03-02-00-47-09",
"nom": "Les &#233;v&#233;nements sont r&#233;els mais interpr&#233;t&#233;s",
"nom-folder": "les-evenements-sont-reels-mais-interpretes",
"nom-francais": ["Les &#233;v&#233;nements sont r&#233;els mais interpr&#233;t&#233;s"],
"nom-machine": "terme-2016-03-02-00-46-20-87413854846",
"parent": "terme-2016-03-02-00-33-51-87413809864",
"sous-type": "cogitae",
"type": "taxonomies"
}