{
"_id": "terme-2016-02-29-04-48-04-87404357086",
"ajouter-aux-favoris": false,
"breadcrumb": "taxonomies/cogitae/par-quoi-commencer/susciter-en-soi-une-envie-irresistible-d-ecrire/",
"description": "Description de Susciter en soi une envie irr&#233;sistible d'&#233;crire",
"fiche-a-completer": false,
"fiche-publiee": true,
"fiche-supprimee": false,
"mise-a-jour": "2017-01-23-16-33-30",
"moment-de-creation": "2016-02-29-04-48-04",
"moment-de-modification": "2016-02-29-04-49-29",
"nom": "Susciter en soi une envie irr&#233;sistible d'&#233;crire",
"nom-folder": "susciter-en-soi-une-envie-irresistible-d-ecrire",
"nom-francais": ["Susciter en soi une envie irr&#233;sistible d'&#233;crire"],
"nom-machine": "terme-2016-02-29-04-48-04-87404357086",
"parent": "terme-2016-02-29-04-45-07-87404346439",
"sous-type": "cogitae",
"type": "taxonomies"
}