{
"_id": "terme-2016-02-29-04-49-48-87404363338",
"ajouter-aux-favoris": false,
"breadcrumb": "taxonomies/cogitae/par-quoi-commencer/denoter-une-certaine-vision-de-la-realite/une-realite-plus-que-reelle/",
"description": "Description de Une r&#233;alit&#233; plus que r&#233;elle",
"fiche-a-completer": true,
"fiche-publiee": true,
"fiche-supprimee": false,
"mise-a-jour": "2016-05-09-16-45-47",
"moment-de-creation": "2016-02-29-04-49-48",
"moment-de-modification": "2016-02-29-04-50-19",
"nom": "Une r&#233;alit&#233; plus que r&#233;elle",
"nom-folder": "une-realite-plus-que-reelle",
"nom-francais": ["Une r&#233;alit&#233; plus que r&#233;elle"],
"nom-machine": "terme-2016-02-29-04-49-48-87404363338",
"sous-type": "cogitae",
"type": "taxonomies"
}