{
"_id": "terme-2016-02-29-04-36-22-87404314978",
"ajouter-aux-favoris": false,
"breadcrumb": "taxonomies/cogitae/lieu-de-l-ecriture/",
"description": "Description de Lieu de l'&#233;criture",
"enfants": ["terme-2016-02-29-04-37-32-87404319172"],
"fiche-a-completer": true,
"fiche-publiee": true,
"fiche-supprimee": false,
"mise-a-jour": "2016-05-09-16-45-47",
"moment-de-creation": "2016-02-29-04-36-22",
"moment-de-modification": "2016-02-29-04-37-26",
"nom": "Lieu de l'&#233;criture",
"nom-anglais": ["Place of writing"],
"nom-folder": "lieu-de-l-ecriture",
"nom-francais": ["Lieu de l'&#233;criture"],
"nom-machine": "terme-2016-02-29-04-36-22-87404314978",
"sous-type": "cogitae",
"type": "taxonomies"
}