{
"_id": "terme-2016-02-29-04-55-40-87404384457",
"ajouter-aux-favoris": false,
"breadcrumb": "taxonomies/cogitae/pourquoi-ecrire/ecrire-pour-temoigner/",
"description": "Description de &#201;crire pour t&#233;moigner",
"enfants": ["terme-2016-02-29-04-56-30-87404387427"],
"fiche-a-completer": false,
"fiche-publiee": true,
"fiche-supprimee": false,
"mise-a-jour": "2017-01-23-16-33-30",
"moment-de-creation": "2016-02-29-04-55-40",
"moment-de-modification": "2016-02-29-04-56-21",
"nom": "&#201;crire pour t&#233;moigner",
"nom-anglais": ["Writing to testify"],
"nom-folder": "ecrire-pour-temoigner",
"nom-francais": ["&#201;crire pour t&#233;moigner"],
"nom-machine": "terme-2016-02-29-04-55-40-87404384457",
"parent": "terme-2016-02-29-04-51-38-87404369913",
"sous-type": "cogitae",
"type": "taxonomies"
}