{
"_id": "terme-2016-02-29-04-08-19-87404213955",
"ajouter-aux-favoris": false,
"breadcrumb": "taxonomies/cogitae/avec-quoi-ecrire/inclure-des-elements-visuels/",
"description": "Description de Inclure des &#233;l&#233;ments visuels",
"enfants": ["terme-2016-02-29-04-09-13-87404217209"],
"fiche-a-completer": true,
"fiche-publiee": true,
"fiche-supprimee": false,
"mise-a-jour": "2016-05-09-16-45-47",
"moment-de-creation": "2016-02-29-04-08-19",
"moment-de-modification": "2016-02-29-04-08-59",
"nom": "Inclure des &#233;l&#233;ments visuels",
"nom-anglais": ["Include visuals"],
"nom-folder": "inclure-des-elements-visuels",
"nom-francais": ["Inclure des &#233;l&#233;ments visuels"],
"nom-machine": "terme-2016-02-29-04-08-19-87404213955",
"sous-type": "cogitae",
"type": "taxonomies"
}