{
"_id": "terme-2016-02-29-04-45-51-87404349060",
"ajouter-aux-favoris": false,
"breadcrumb": "taxonomies/cogitae/par-quoi-commencer/denoter-une-certaine-vision-de-la-realite/",
"description": "Description de D&#233;noter une certaine vision de la r&#233;alit&#233;",
"enfants": ["terme-2016-02-29-04-49-48-87404363338"],
"fiche-a-completer": false,
"fiche-publiee": true,
"fiche-supprimee": false,
"mise-a-jour": "2017-01-23-16-33-30",
"moment-de-creation": "2016-02-29-04-45-51",
"moment-de-modification": "2016-02-29-04-46-56",
"nom": "D&#233;noter une certaine vision de la r&#233;alit&#233;",
"nom-anglais": ["Denote a certain vision of reality"],
"nom-folder": "denoter-une-certaine-vision-de-la-realite",
"nom-francais": ["D&#233;noter une certaine vision de la r&#233;alit&#233;"],
"nom-machine": "terme-2016-02-29-04-45-51-87404349060",
"parent": "terme-2016-02-29-04-45-07-87404346439",
"sous-type": "cogitae",
"type": "taxonomies"
}