{
"_id": "terme-2016-03-02-00-31-56-87413802975",
"ajouter-aux-favoris": false,
"breadcrumb": "taxonomies/cogitae/qui-ecrit/",
"description": "Description de Qui &#233;crit",
"enfants": ["terme-2016-03-02-00-32-46-87413805998","terme-2016-03-02-00-41-30-87413837430","terme-2016-03-02-01-23-59-87413990392"],
"fiche-a-completer": false,
"fiche-publiee": true,
"fiche-supprimee": false,
"mise-a-jour": "2017-01-23-16-33-30",
"moment-de-creation": "2016-03-02-00-31-56",
"moment-de-modification": "2016-03-02-00-32-40",
"nom": "Qui &#233;crit",
"nom-anglais": ["Who is writing"],
"nom-folder": "qui-ecrit",
"nom-francais": ["Qui &#233;crit"],
"nom-machine": "terme-2016-03-02-00-31-56-87413802975",
"sous-type": "cogitae",
"type": "taxonomies"
}