{
"_id": "terme-2016-02-29-04-00-21-87404185271",
"ajouter-aux-favoris": false,
"breadcrumb": "taxonomies/cogitae/avec-quoi-ecrire/etablir-des-balises-stylistiques/",
"description": "Description de &#201;tablir des balises stylistiques",
"enfants": ["terme-2016-02-29-04-03-33-87404196783"],
"fiche-a-completer": false,
"fiche-publiee": true,
"fiche-supprimee": false,
"mise-a-jour": "2017-01-23-16-33-30",
"moment-de-creation": "2016-02-29-04-00-21",
"moment-de-modification": "2016-02-29-04-03-22",
"nom": "&#201;tablir des balises stylistiques",
"nom-anglais": ["Establish stylistic markers"],
"nom-folder": "etablir-des-balises-stylistiques",
"nom-francais": ["&#201;tablir des balises stylistiques"],
"nom-machine": "terme-2016-02-29-04-00-21-87404185271",
"parent": "terme-2016-02-29-03-58-45-87404179544",
"sous-type": "cogitae",
"type": "taxonomies"
}