{
"_id": "terme-2016-03-02-00-32-46-87413805998",
"ajouter-aux-favoris": false,
"breadcrumb": "taxonomies/cogitae/qui-ecrit/l-auteur-est-un-temoin/",
"description": "Description de L'auteur est un t&#233;moin",
"enfants": ["terme-2016-03-02-00-33-51-87413809864"],
"fiche-a-completer": true,
"fiche-publiee": true,
"fiche-supprimee": true,
"mise-a-jour": "2016-05-09-16-45-47",
"moment-de-creation": "2016-03-02-00-32-46",
"moment-de-modification": "2016-03-02-01-23-41",
"nom": "L'auteur est un t&#233;moin",
"nom-anglais": ["The author is a witness"],
"nom-folder": "l-auteur-est-un-temoin",
"nom-francais": ["L'auteur est un t&#233;moin"],
"nom-machine": "terme-2016-03-02-00-32-46-87413805998",
"sous-type": "cogitae",
"type": "taxonomies"
}