{
"_id": "terme-2016-03-02-01-25-32-87413995933",
"ajouter-aux-favoris": false,
"breadcrumb": "taxonomies/cogitae/qui-ecrit/qui-est-le-narrateur/une-petite-fille-raconte-son-enfance/raconter-a-la-premiere-personne-du-singulier-et-du-pluriel/",
"description": "Description de Raconter &#224; la premi&#232;re personne du singulier et du pluriel",
"fiche-a-completer": false,
"fiche-publiee": true,
"fiche-supprimee": false,
"mise-a-jour": "2017-01-23-16-33-30",
"moment-de-creation": "2016-03-02-01-25-32",
"moment-de-modification": "2016-03-02-01-27-33",
"nom": "Raconter &#224; la premi&#232;re personne du singulier et du pluriel",
"nom-folder": "raconter-a-la-premiere-personne-du-singulier-et-du-pluriel",
"nom-francais": ["Raconter &#224; la premi&#232;re personne du singulier et du pluriel"],
"nom-machine": "terme-2016-03-02-01-25-32-87413995933",
"parent": "terme-2016-03-02-01-24-34-87413992492",
"sous-type": "cogitae",
"type": "taxonomies"
}