{
"_id": "terme-2016-03-02-00-34-28-87413812121",
"ajouter-aux-favoris": false,
"breadcrumb": "taxonomies/cogitae/qui-ecrit/l-auteur-est-un-temoin/l-auteur-se-distancie-des-evenements/l-auteur-parle-au-nom-de-son-frere-et-de-sa-soeur/",
"description": "Description de L'auteur parle au nom de son fr&#232;re et de sa soeur",
"fiche-a-completer": false,
"fiche-publiee": true,
"fiche-supprimee": false,
"mise-a-jour": "2017-01-23-16-33-30",
"moment-de-creation": "2016-03-02-00-34-28",
"moment-de-modification": "2016-03-02-00-35-32",
"nom": "L'auteur parle au nom de son fr&#232;re et de sa soeur",
"nom-anglais": ["The author is speaking on behalf of his brother and sister"],
"nom-folder": "l-auteur-parle-au-nom-de-son-frere-et-de-sa-soeur",
"nom-francais": ["L'auteur parle au nom de son fr&#232;re et de sa soeur"],
"nom-machine": "terme-2016-03-02-00-34-28-87413812121",
"parent": "terme-2016-03-02-00-33-51-87413809864",
"sous-type": "cogitae",
"type": "taxonomies"
}