{
"_id": "terme-2016-02-29-04-54-19-87404379585",
"ajouter-aux-favoris": false,
"breadcrumb": "taxonomies/cogitae/pourquoi-ecrire/ecrire-pour-poetiser-la-realite/utiliser-des-figures-de-rhetorique/utiliser-une-figure-de-rhetorique-ou-plus-par-phrase/",
"description": "Description de Utiliser une figure de rh&#233;torique ou plus par phrase",
"fiche-a-completer": false,
"fiche-publiee": true,
"fiche-supprimee": false,
"mise-a-jour": "2017-01-23-16-33-30",
"moment-de-creation": "2016-02-29-04-54-19",
"moment-de-modification": "2016-02-29-04-55-12",
"nom": "Utiliser une figure de rh&#233;torique ou plus par phrase",
"nom-anglais": ["Using a figure of speech or more per sentence"],
"nom-folder": "utiliser-une-figure-de-rhetorique-ou-plus-par-phrase",
"nom-francais": ["Utiliser une figure de rh&#233;torique ou plus par phrase"],
"nom-machine": "terme-2016-02-29-04-54-19-87404379585",
"sous-type": "cogitae",
"type": "taxonomies"
}