{
"_id": "terme-2016-02-29-04-53-31-87404376694",
"ajouter-aux-favoris": false,
"breadcrumb": "taxonomies/cogitae/pourquoi-ecrire/ecrire-pour-poetiser-la-realite/utiliser-des-figures-de-rhetorique/",
"description": "Description de Utiliser des figures de rh&#233;torique",
"enfants": ["terme-2016-02-29-04-54-19-87404379585"],
"fiche-a-completer": false,
"fiche-publiee": true,
"fiche-supprimee": false,
"mise-a-jour": "2017-01-23-16-33-30",
"moment-de-creation": "2016-02-29-04-53-31",
"moment-de-modification": "2016-02-29-04-54-09",
"nom": "Utiliser des figures de rh&#233;torique",
"nom-anglais": ["Using figures of rhetoric"],
"nom-folder": "utiliser-des-figures-de-rhetorique",
"nom-francais": ["Utiliser des figures de rh&#233;torique"],
"nom-machine": "terme-2016-02-29-04-53-31-87404376694",
"parent": "terme-2016-02-29-04-52-23-87404372613",
"sous-type": "cogitae",
"type": "taxonomies"
}