{
"_id": "terme-2016-03-02-01-29-14-87414009279",
"ajouter-aux-favoris": false,
"breadcrumb": "taxonomies/cogitae/quoi-ecrire/",
"description": "Description de Quoi &#233;crire",
"enfants": ["terme-2016-03-02-01-29-43-87414010988"],
"fiche-a-completer": true,
"fiche-publiee": true,
"fiche-supprimee": false,
"mise-a-jour": "2016-05-09-16-45-47",
"moment-de-creation": "2016-03-02-01-29-14",
"moment-de-modification": "2016-03-02-01-29-40",
"nom": "Quoi &#233;crire",
"nom-folder": "quoi-ecrire",
"nom-francais": ["Quoi &#233;crire"],
"nom-machine": "terme-2016-03-02-01-29-14-87414009279",
"sous-type": "cogitae",
"type": "taxonomies"
}