{
"_id": "terme-2016-02-29-04-17-10-87404245846",
"ajouter-aux-favoris": false,
"breadcrumb": "taxonomies/cogitae/comment-ecrire/faire-appel-a-ses-souvenirs/experience-de-vie/",
"description": "Description de Exp&#233;rience de vie",
"enfants": ["terme-2016-02-29-04-17-49-87404248161"],
"fiche-a-completer": true,
"fiche-publiee": true,
"fiche-supprimee": false,
"mise-a-jour": "2016-05-09-16-45-47",
"moment-de-creation": "2016-02-29-04-17-10",
"moment-de-modification": "2016-02-29-04-17-40",
"nom": "Exp&#233;rience de vie",
"nom-anglais": ["Life experience"],
"nom-folder": "experience-de-vie",
"nom-francais": ["Exp&#233;rience de vie"],
"nom-machine": "terme-2016-02-29-04-17-10-87404245846",
"sous-type": "cogitae",
"type": "taxonomies"
}