{
"_id": "terme-2016-02-29-04-09-13-87404217209",
"ajouter-aux-favoris": false,
"breadcrumb": "taxonomies/cogitae/avec-quoi-ecrire/inclure-des-elements-visuels/contribuer-a-la-verisimilitude/",
"description": "Description de Contribuer &#224; la v&#233;risimilitude",
"fiche-a-completer": false,
"fiche-publiee": true,
"fiche-supprimee": false,
"mise-a-jour": "2017-01-23-16-33-30",
"moment-de-creation": "2016-02-29-04-09-13",
"moment-de-modification": "2016-02-29-04-10-17",
"nom": "Contribuer &#224; la v&#233;risimilitude",
"nom-anglais": ["Contribute to the verisimilitude"],
"nom-folder": "contribuer-a-la-verisimilitude",
"nom-francais": ["Contribuer &#224; la v&#233;risimilitude"],
"nom-machine": "terme-2016-02-29-04-09-13-87404217209",
"parent": "terme-2016-02-29-04-08-19-87404213955",
"sous-type": "cogitae",
"type": "taxonomies"
}