{
"_id": "terme-2016-02-29-04-56-30-87404387427",
"ajouter-aux-favoris": false,
"breadcrumb": "taxonomies/cogitae/pourquoi-ecrire/ecrire-pour-temoigner/temoigner-d-une-realite/",
"description": "Description de T&#233;moigner d'une r&#233;alit&#233;",
"enfants": ["terme-2016-02-29-04-57-19-87404390385"],
"fiche-a-completer": false,
"fiche-publiee": true,
"fiche-supprimee": false,
"mise-a-jour": "2017-01-23-16-33-30",
"moment-de-creation": "2016-02-29-04-56-30",
"moment-de-modification": "2016-02-29-04-57-12",
"nom": "T&#233;moigner d'une r&#233;alit&#233;",
"nom-anglais": ["Reflect a reality"],
"nom-folder": "temoigner-d-une-realite",
"nom-francais": ["T&#233;moigner d'une r&#233;alit&#233;"],
"nom-machine": "terme-2016-02-29-04-56-30-87404387427",
"parent": "terme-2016-02-29-04-55-40-87404384457",
"sous-type": "cogitae",
"type": "taxonomies"
}