{
"_id": "terme-2016-02-29-04-22-28-87404264937",
"ajouter-aux-favoris": false,
"breadcrumb": "taxonomies/cogitae/comment-ecrire/utiliser-des-procedes-litteraires/phrases-longues/utiliser-plusieurs-figures-de-style/",
"description": "Description de Utiliser plusieurs figures de style",
"fiche-a-completer": false,
"fiche-publiee": true,
"fiche-supprimee": false,
"mise-a-jour": "2017-01-23-16-33-30",
"moment-de-creation": "2016-02-29-04-22-28",
"moment-de-modification": "2016-02-29-04-23-16",
"nom": "Utiliser plusieurs figures de style",
"nom-anglais": ["Use several figures of style"],
"nom-folder": "utiliser-plusieurs-figures-de-style",
"nom-francais": ["Utiliser plusieurs figures de style"],
"nom-machine": "terme-2016-02-29-04-22-28-87404264937",
"parent": "terme-2016-02-29-04-21-32-87404261537",
"sous-type": "cogitae",
"type": "taxonomies"
}