{
"_id": "terme-2016-02-29-04-52-23-87404372613",
"ajouter-aux-favoris": false,
"breadcrumb": "taxonomies/cogitae/pourquoi-ecrire/ecrire-pour-poetiser-la-realite/",
"description": "Description de &#201;crire pour po&#233;tiser la r&#233;alit&#233;",
"enfants": ["terme-2016-02-29-04-53-31-87404376694"],
"fiche-a-completer": false,
"fiche-publiee": true,
"fiche-supprimee": false,
"mise-a-jour": "2017-01-23-16-33-30",
"moment-de-creation": "2016-02-29-04-52-23",
"moment-de-modification": "2016-02-29-04-53-22",
"nom": "&#201;crire pour po&#233;tiser la r&#233;alit&#233;",
"nom-anglais": ["Write to idealize reality"],
"nom-folder": "ecrire-pour-poetiser-la-realite",
"nom-francais": ["&#201;crire pour po&#233;tiser la r&#233;alit&#233;"],
"nom-machine": "terme-2016-02-29-04-52-23-87404372613",
"parent": "terme-2016-02-29-04-51-38-87404369913",
"sous-type": "cogitae",
"type": "taxonomies"
}