{
"_id": "terme-2016-02-29-04-25-21-87404275308",
"ajouter-aux-favoris": false,
"breadcrumb": "taxonomies/cogitae/ecrire-a-qui/ecrire-pour-conquerir-un-public/",
"description": "Description de &#201;crire pour conqu&#233;rir un public",
"enfants": ["terme-2016-02-29-04-32-35-87404301338"],
"fiche-a-completer": false,
"fiche-publiee": true,
"fiche-supprimee": false,
"mise-a-jour": "2017-01-23-16-33-30",
"moment-de-creation": "2016-02-29-04-25-21",
"moment-de-modification": "2016-02-29-04-26-03",
"nom": "&#201;crire pour conqu&#233;rir un public",
"nom-anglais": ["Write to capture an audience"],
"nom-folder": "ecrire-pour-conquerir-un-public",
"nom-francais": ["&#201;crire pour conqu&#233;rir un public"],
"nom-machine": "terme-2016-02-29-04-25-21-87404275308",
"parent": "terme-2016-02-29-04-23-49-87404269781",
"sous-type": "cogitae",
"type": "taxonomies"
}