{
"_id": "terme-2016-02-29-04-03-33-87404196783",
"ajouter-aux-favoris": false,
"breadcrumb": "taxonomies/cogitae/avec-quoi-ecrire/etablir-des-balises-stylistiques/preparer-des-pages-exemplaires/",
"description": "Description de Pr&#233;parer des pages exemplaires",
"fiche-a-completer": false,
"fiche-publiee": true,
"fiche-supprimee": false,
"mise-a-jour": "2017-01-23-16-33-30",
"moment-de-creation": "2016-02-29-04-03-33",
"moment-de-modification": "2016-02-29-04-05-20",
"nom": "Pr&#233;parer des pages exemplaires",
"nom-anglais": ["Prepare page templates"],
"nom-folder": "preparer-des-pages-exemplaires",
"nom-francais": ["Pr&#233;parer des pages exemplaires"],
"nom-machine": "terme-2016-02-29-04-03-33-87404196783",
"parent": "terme-2016-02-29-04-00-21-87404185271",
"sous-type": "cogitae",
"type": "taxonomies"
}