{
"_id": "terme-2016-02-29-04-57-19-87404390385",
"ajouter-aux-favoris": false,
"breadcrumb": "taxonomies/cogitae/pourquoi-ecrire/ecrire-pour-temoigner/temoigner-d-une-realite/raconter-son-enfance/",
"description": "Description de Raconter son enfance",
"enfants": ["terme-2016-02-29-04-58-07-87404393265","terme-2016-02-29-04-59-35-87404398521"],
"fiche-a-completer": false,
"fiche-publiee": true,
"fiche-supprimee": false,
"mise-a-jour": "2017-01-23-16-33-30",
"moment-de-creation": "2016-02-29-04-57-19",
"moment-de-modification": "2016-02-29-04-58-00",
"nom": "Raconter son enfance",
"nom-anglais": ["Telling one's childhood"],
"nom-folder": "raconter-son-enfance",
"nom-francais": ["Raconter son enfance"],
"nom-machine": "terme-2016-02-29-04-57-19-87404390385",
"parent": "terme-2016-02-29-04-56-30-87404387427",
"sous-type": "cogitae",
"type": "taxonomies"
}