{
"_id": "terme-2016-02-29-04-19-49-87404255383",
"ajouter-aux-favoris": false,
"breadcrumb": "taxonomies/cogitae/comment-ecrire/utiliser-des-procedes-litteraires/",
"description": "Description de Utiliser des proc&#233;d&#233;s litt&#233;raires",
"enfants": ["terme-2016-02-29-04-21-32-87404261537"],
"fiche-a-completer": false,
"fiche-publiee": true,
"fiche-supprimee": false,
"mise-a-jour": "2017-01-23-16-33-30",
"moment-de-creation": "2016-02-29-04-19-49",
"moment-de-modification": "2016-02-29-04-21-15",
"nom": "Utiliser des proc&#233;d&#233;s litt&#233;raires",
"nom-anglais": ["Use literary techniques"],
"nom-folder": "utiliser-des-procedes-litteraires",
"nom-francais": ["Utiliser des proc&#233;d&#233;s litt&#233;raires"],
"nom-machine": "terme-2016-02-29-04-19-49-87404255383",
"parent": "terme-2016-02-29-04-13-02-87404230947",
"sous-type": "cogitae",
"type": "taxonomies"
}