{
"_id": "terme-2016-02-29-04-26-14-87404278453",
"ajouter-aux-favoris": false,
"breadcrumb": "taxonomies/cogitae/ecrire-a-qui/ecrire-pour-conquerir-un-public/ecrire-pour-tout-le-monde/ecrire-pour-un-public-sensible-a-la-nature/",
"description": "Description de &#201;crire pour un public sensible &#224; la nature",
"fiche-a-completer": false,
"fiche-publiee": true,
"fiche-supprimee": false,
"mise-a-jour": "2017-01-23-16-33-30",
"moment-de-creation": "2016-02-29-04-26-14",
"moment-de-modification": "2016-02-29-04-34-03",
"nom": "&#201;crire pour un public sensible &#224; la nature",
"nom-anglais": ["Writing for an audience conscious of nature"],
"nom-folder": "ecrire-pour-un-public-sensible-a-la-nature",
"nom-francais": ["&#201;crire pour un public sensible &#224; la nature"],
"nom-machine": "terme-2016-02-29-04-26-14-87404278453",
"parent": "terme-2016-02-29-04-32-35-87404301338",
"sous-type": "cogitae",
"type": "taxonomies"
}