{
"_id": "terme-2016-02-29-04-39-41-87404326899",
"ajouter-aux-favoris": false,
"breadcrumb": "taxonomies/cogitae/lieu-de-l-ecriture/lieu-evenementiel/",
"description": "Description de Lieu &#233;v&#233;nementiel",
"enfants": ["terme-2016-02-29-04-43-39-87404341193"],
"fiche-a-completer": false,
"fiche-publiee": true,
"fiche-supprimee": false,
"mise-a-jour": "2017-01-23-16-33-30",
"moment-de-creation": "2016-02-29-04-39-41",
"moment-de-modification": "2016-02-29-04-40-13",
"nom": "Lieu &#233;v&#233;nementiel",
"nom-folder": "lieu-evenementiel",
"nom-francais": ["Lieu &#233;v&#233;nementiel"],
"nom-machine": "terme-2016-02-29-04-39-41-87404326899",
"parent": "terme-2016-02-29-04-36-22-87404314978",
"sous-type": "cogitae",
"type": "taxonomies"
}