{
"_id": "terme-2016-03-02-00-33-51-87413809864",
"ajouter-aux-favoris": false,
"breadcrumb": "taxonomies/cogitae/qui-ecrit/l-auteur-est-un-temoin/l-auteur-se-distancie-des-evenements/",
"description": "Description de L'auteur se distancie des &#233;v&#233;nements",
"enfants": ["terme-2016-03-02-00-34-28-87413812121","terme-2016-03-02-00-46-20-87413854846"],
"fiche-a-completer": true,
"fiche-publiee": true,
"fiche-supprimee": true,
"mise-a-jour": "2016-05-09-16-45-47",
"moment-de-creation": "2016-03-02-00-33-51",
"moment-de-modification": "2016-03-02-00-40-35",
"nom": "L'auteur se distancie des &#233;v&#233;nements",
"nom-folder": "l-auteur-se-distancie-des-evenements",
"nom-francais": ["L'auteur se distancie des &#233;v&#233;nements"],
"nom-machine": "terme-2016-03-02-00-33-51-87413809864",
"sous-type": "cogitae",
"type": "taxonomies"
}