{
"_id": "lieu-2015-12-06-16-14-08-86966186887",
"breadcrumb": "lieux/reserve/Canada/Ontario/Premieres-Nations-du-Nord-Ouest-de-l'Ontario/North-Spirit-Lake-First-Nation/",
"fiche-publiee": true,
"mise-a-jour": "2016-04-16-01-36-56",
"moment-de-creation": "2015-12-06-16-14-08",
"nom": "North Spirit Lake First Nation",
"nom-folder": "North-Spirit-Lake-First-Nation",
"nom-francais": ["North Spirit Lake First Nation"],
"nom-machine": "lieu-2015-12-06-16-14-08-86966186887",
"sous-type": "reserve",
"type": "lieux"
}