{
"_id": "lieu-2015-12-06-16-14-10-86966187001",
"breadcrumb": "lieux/reserve/Canada/Ontario/Premieres-Nations/Chippewas-of-Georgina-Island-First-Nation/",
"fiche-publiee": true,
"mise-a-jour": "2016-04-16-01-36-56",
"moment-de-creation": "2015-12-06-16-14-10",
"nom": "Chippewas of Georgina Island First Nation",
"nom-folder": "Chippewas-of-Georgina-Island-First-Nation",
"nom-francais": ["Chippewas of Georgina Island First Nation"],
"nom-machine": "lieu-2015-12-06-16-14-10-86966187001",
"sous-type": "reserve",
"type": "lieux"
}