{
"_id": "lieu-2015-12-06-16-14-06-86966186789",
"breadcrumb": "lieux/reserve/Canada/Ontario/Premieres-Nations-du-Nord-Ouest-de-l'Ontario/Animbiigoo-Zaagi'igan-Anishinaabek-First-Nation/",
"fiche-publiee": true,
"mise-a-jour": "2016-04-16-01-36-56",
"moment-de-creation": "2015-12-06-16-14-06",
"nom": "Animbiigoo Zaagi'igan Anishinaabek First Nation",
"nom-folder": "Animbiigoo-Zaagi'igan-Anishinaabek-First-Nation",
"nom-francais": ["Animbiigoo Zaagi'igan Anishinaabek First Nation"],
"nom-machine": "lieu-2015-12-06-16-14-06-86966186789",
"sous-type": "reserve",
"type": "lieux"
}