{
"_id": "lieu-2015-12-06-16-14-07-86966186870",
"breadcrumb": "lieux/reserve/Canada/Ontario/Premieres-Nations-du-Nord-Ouest-de-l'Ontario/Muskrat-Dam-Lake-First-Nation/",
"fiche-publiee": true,
"mise-a-jour": "2016-04-16-01-36-56",
"moment-de-creation": "2015-12-06-16-14-07",
"nom": "Muskrat Dam Lake First Nation",
"nom-folder": "Muskrat-Dam-Lake-First-Nation",
"nom-francais": ["Muskrat Dam Lake First Nation"],
"nom-machine": "lieu-2015-12-06-16-14-07-86966186870",
"sous-type": "reserve",
"type": "lieux"
}