{
"_id": "lieu-2015-12-06-16-14-07-86966186847",
"breadcrumb": "lieux/reserve/Canada/Ontario/Premieres-Nations-du-Nord-Ouest-de-l'Ontario/Kitchenuhmaykoosib-Inninuwug-First-Nation/",
"fiche-publiee": true,
"mise-a-jour": "2016-04-16-01-36-56",
"moment-de-creation": "2015-12-06-16-14-07",
"nom": "Kitchenuhmaykoosib Inninuwug First Nation",
"nom-folder": "Kitchenuhmaykoosib-Inninuwug-First-Nation",
"nom-francais": ["Kitchenuhmaykoosib Inninuwug First Nation"],
"nom-machine": "lieu-2015-12-06-16-14-07-86966186847",
"sous-type": "reserve",
"type": "lieux"
}