{
"_id": "lieu-2015-12-06-16-14-08-86966186897",
"breadcrumb": "lieux/reserve/Canada/Ontario/Premieres-Nations-du-Nord-Ouest-de-l'Ontario/Ochiichagwe'babigo'ining-First-Nation/",
"fiche-publiee": true,
"mise-a-jour": "2016-04-16-01-36-56",
"moment-de-creation": "2015-12-06-16-14-08",
"nom": "Ochiichagwe'babigo'ining First Nation",
"nom-folder": "Ochiichagwe'babigo'ining-First-Nation",
"nom-francais": ["Ochiichagwe'babigo'ining First Nation"],
"nom-machine": "lieu-2015-12-06-16-14-08-86966186897",
"sous-type": "reserve",
"type": "lieux"
}