{
"_id": "lieu-2015-12-06-16-14-08-86966186895",
"breadcrumb": "lieux/reserve/Canada/Ontario/Premieres-Nations-du-Nord-Ouest-de-l'Ontario/Northwest-Angle-No.-37-First-Nation/",
"fiche-publiee": true,
"mise-a-jour": "2016-04-16-01-36-56",
"moment-de-creation": "2015-12-06-16-14-08",
"nom": "Northwest Angle No. 37 First Nation",
"nom-folder": "Northwest-Angle-No.-37-First-Nation",
"nom-francais": ["Northwest Angle No. 37 First Nation"],
"nom-machine": "lieu-2015-12-06-16-14-08-86966186895",
"sous-type": "reserve",
"type": "lieux"
}