{
"_id": "lieu-2015-12-06-16-14-09-86966186984",
"breadcrumb": "lieux/reserve/Canada/Ontario/Premieres-Nations/Beaverhouse-First-Nation-(non-Status)/",
"fiche-publiee": true,
"mise-a-jour": "2016-04-16-01-36-56",
"moment-de-creation": "2015-12-06-16-14-09",
"nom": "Beaverhouse First Nation (non-Status)",
"nom-folder": "Beaverhouse-First-Nation-(non-Status)",
"nom-francais": ["Beaverhouse First Nation (non-Status)"],
"nom-machine": "lieu-2015-12-06-16-14-09-86966186984",
"sous-type": "reserve",
"type": "lieux"
}