{
"_id": "lieu-2015-12-06-16-14-08-86966186903",
"breadcrumb": "lieux/reserve/Canada/Ontario/Premieres-Nations-du-Nord-Ouest-de-l'Ontario/Ojibways-of-the-Pic-River-First-Nation/",
"fiche-publiee": true,
"mise-a-jour": "2016-04-16-01-36-56",
"moment-de-creation": "2015-12-06-16-14-08",
"nom": "Ojibways of the Pic River First Nation",
"nom-folder": "Ojibways-of-the-Pic-River-First-Nation",
"nom-francais": ["Ojibways of the Pic River First Nation"],
"nom-machine": "lieu-2015-12-06-16-14-08-86966186903",
"sous-type": "reserve",
"type": "lieux"
}