{
"_id": "lieu-2015-12-06-16-14-07-86966186851",
"breadcrumb": "lieux/reserve/Canada/Ontario/Premieres-Nations-du-Nord-Ouest-de-l'Ontario/Lac-des-Mille-Lacs-First-Nation/",
"fiche-publiee": true,
"mise-a-jour": "2016-04-16-01-36-56",
"moment-de-creation": "2015-12-06-16-14-07",
"nom": "Lac des Mille Lacs First Nation",
"nom-folder": "Lac-des-Mille-Lacs-First-Nation",
"nom-francais": ["Lac des Mille Lacs First Nation"],
"nom-machine": "lieu-2015-12-06-16-14-07-86966186851",
"sous-type": "reserve",
"type": "lieux"
}