{
"_id": "lieu-2015-12-06-16-14-06-86966186806",
"breadcrumb": "lieux/reserve/Canada/Ontario/Premieres-Nations-du-Nord-Ouest-de-l'Ontario/Biinjitiwabik-Zaaging-Anishnabek-First-Nation/",
"fiche-publiee": true,
"mise-a-jour": "2016-04-16-01-36-56",
"moment-de-creation": "2015-12-06-16-14-06",
"nom": "Biinjitiwabik Zaaging Anishnabek First Nation",
"nom-folder": "Biinjitiwabik-Zaaging-Anishnabek-First-Nation",
"nom-francais": ["Biinjitiwabik Zaaging Anishnabek First Nation"],
"nom-machine": "lieu-2015-12-06-16-14-06-86966186806",
"sous-type": "reserve",
"type": "lieux"
}