{
"_id": "lieu-2015-12-06-16-14-06-86966186791",
"breadcrumb": "lieux/reserve/Canada/Ontario/Premieres-Nations-du-Nord-Ouest-de-l'Ontario/Anishinaabeg-of-Naongashiing/",
"fiche-publiee": true,
"mise-a-jour": "2016-04-16-01-36-56",
"moment-de-creation": "2015-12-06-16-14-06",
"nom": "Anishinaabeg of Naongashiing",
"nom-folder": "Anishinaabeg-of-Naongashiing",
"nom-francais": ["Anishinaabeg of Naongashiing"],
"nom-machine": "lieu-2015-12-06-16-14-06-86966186791",
"sous-type": "reserve",
"type": "lieux"
}