{
"_id": "lieu-2015-12-06-16-14-09-86966186948",
"breadcrumb": "lieux/reserve/Canada/Ontario/Premieres-Nations-du-Nord-Ouest-de-l'Ontario/Wauzhushk-Onigum-First-Nation/",
"fiche-publiee": true,
"mise-a-jour": "2016-04-16-01-36-56",
"moment-de-creation": "2015-12-06-16-14-09",
"nom": "Wauzhushk Onigum First Nation",
"nom-folder": "Wauzhushk-Onigum-First-Nation",
"nom-francais": ["Wauzhushk Onigum First Nation"],
"nom-machine": "lieu-2015-12-06-16-14-09-86966186948",
"sous-type": "reserve",
"type": "lieux"
}