{
"_id": "lieu-2015-12-06-16-13-12-86966183557",
"breadcrumb": "lieux/reserve/Canada/Colombie-Britannique/First-Nations-history-in-British-Columbia/",
"fiche-publiee": true,
"mise-a-jour": "2016-04-16-01-36-56",
"moment-de-creation": "2015-12-06-16-13-12",
"nom": "First Nations history in British Columbia",
"nom-folder": "First-Nations-history-in-British-Columbia",
"nom-francais": ["First Nations history in British Columbia"],
"nom-machine": "lieu-2015-12-06-16-13-12-86966183557",
"sous-type": "reserve",
"type": "lieux"
}