{
"_id": "lieu-2015-12-06-16-14-11-86966187082",
"breadcrumb": "lieux/reserve/Canada/Ontario/Premieres-Nations/Namaygoosisagagun-First-Nation-(non-Status)/",
"fiche-publiee": true,
"mise-a-jour": "2016-04-16-01-36-56",
"moment-de-creation": "2015-12-06-16-14-11",
"nom": "Namaygoosisagagun First Nation (non-Status)",
"nom-folder": "Namaygoosisagagun-First-Nation-(non-Status)",
"nom-francais": ["Namaygoosisagagun First Nation (non-Status)"],
"nom-machine": "lieu-2015-12-06-16-14-11-86966187082",
"sous-type": "reserve",
"type": "lieux"
}