{
"_id": "lieu-2015-12-06-16-14-09-86966186976",
"breadcrumb": "lieux/reserve/Canada/Ontario/Premieres-Nations/Algonquins-of-Pikwakanagan-First-Nation/",
"fiche-publiee": true,
"mise-a-jour": "2016-04-16-01-36-56",
"moment-de-creation": "2015-12-06-16-14-09",
"nom": "Algonquins of Pikw&#224;kanag&#224;n First Nation",
"nom-folder": "Algonquins-of-Pikwakanagan-First-Nation",
"nom-francais": ["Algonquins of Pikw&#224;kanag&#224;n First Nation"],
"nom-machine": "lieu-2015-12-06-16-14-09-86966186976",
"sous-type": "reserve",
"type": "lieux"
}