{
"_id": "lieu-2015-12-06-16-14-09-86966186959",
"breadcrumb": "lieux/reserve/Canada/Ontario/Premieres-Nations-du-Nord-Ouest-de-l'Ontario/Whitefish-Lake-First-Nation/",
"fiche-publiee": true,
"mise-a-jour": "2016-04-16-01-36-56",
"moment-de-creation": "2015-12-06-16-14-09",
"nom": "Whitefish Lake First Nation",
"nom-folder": "Whitefish-Lake-First-Nation",
"nom-francais": ["Whitefish Lake First Nation"],
"nom-machine": "lieu-2015-12-06-16-14-09-86966186959",
"sous-type": "reserve",
"type": "lieux"
}