{
"_id": "lieu-2015-12-06-16-14-08-86966186938",
"breadcrumb": "lieux/reserve/Canada/Ontario/Premieres-Nations-du-Nord-Ouest-de-l'Ontario/Wabaseemoong-Independent-Nation/",
"fiche-publiee": true,
"mise-a-jour": "2016-04-16-01-36-56",
"moment-de-creation": "2015-12-06-16-14-08",
"nom": "Wabaseemoong Independent Nation",
"nom-folder": "Wabaseemoong-Independent-Nation",
"nom-francais": ["Wabaseemoong Independent Nation"],
"nom-machine": "lieu-2015-12-06-16-14-08-86966186938",
"sous-type": "reserve",
"type": "lieux"
}