{
"_id": "lieu-2015-12-06-16-14-07-86966186873",
"breadcrumb": "lieux/reserve/Canada/Ontario/Premieres-Nations-du-Nord-Ouest-de-l'Ontario/Naicatchewenin-First-Nation/",
"fiche-publiee": true,
"mise-a-jour": "2016-04-16-01-36-56",
"moment-de-creation": "2015-12-06-16-14-07",
"nom": "Naicatchewenin First Nation",
"nom-folder": "Naicatchewenin-First-Nation",
"nom-francais": ["Naicatchewenin First Nation"],
"nom-machine": "lieu-2015-12-06-16-14-07-86966186873",
"sous-type": "reserve",
"type": "lieux"
}