{
"_id": "lieu-2015-12-06-16-14-46-86966189182",
"breadcrumb": "lieux/reserve/Canada/Quebec/Hotel-Musee-Premieres-Nations-(reserve)/",
"fiche-publiee": true,
"mise-a-jour": "2016-04-16-01-36-56",
"moment-de-creation": "2015-12-06-16-14-46",
"nom": "Ho&#770;tel-Muse&#769;e Premie&#768;res Nations",
"nom-folder": "Hotel-Musee-Premieres-Nations-(reserve)",
"nom-francais": ["Ho&#770;tel-Muse&#769;e Premie&#768;res Nations"],
"nom-machine": "lieu-2015-12-06-16-14-46-86966189182",
"sous-type": "reserve",
"type": "lieux"
}