{
"_id": "lieu-2015-12-06-16-14-09-86966186978",
"breadcrumb": "lieux/reserve/Canada/Ontario/Premieres-Nations/Ardoch-Algonquin-First-Nation-(AAFNA)/",
"fiche-publiee": true,
"mise-a-jour": "2016-04-16-01-36-56",
"moment-de-creation": "2015-12-06-16-14-09",
"nom": "Ardoch Algonquin First Nation (AAFNA)",
"nom-folder": "Ardoch-Algonquin-First-Nation-(AAFNA)",
"nom-francais": ["Ardoch Algonquin First Nation (AAFNA)"],
"nom-machine": "lieu-2015-12-06-16-14-09-86966186978",
"sous-type": "reserve",
"type": "lieux"
}