{
"_id": "lieu-2015-12-06-16-14-09-86966186998",
"breadcrumb": "lieux/reserve/Canada/Ontario/Premieres-Nations/Chippewa-of-the-Thames-First-Nation/",
"fiche-publiee": true,
"mise-a-jour": "2016-04-16-01-36-56",
"moment-de-creation": "2015-12-06-16-14-09",
"nom": "Chippewa of the Thames First Nation",
"nom-folder": "Chippewa-of-the-Thames-First-Nation",
"nom-francais": ["Chippewa of the Thames First Nation"],
"nom-machine": "lieu-2015-12-06-16-14-09-86966186998",
"sous-type": "reserve",
"type": "lieux"
}