{
"_id": "lieu-2015-12-06-16-14-10-86966187006",
"breadcrumb": "lieux/reserve/Canada/Ontario/Premieres-Nations/Chippewas-of-Mnjikaning-First-Nation-(Rama)/",
"fiche-publiee": true,
"mise-a-jour": "2016-04-16-01-36-56",
"moment-de-creation": "2015-12-06-16-14-10",
"nom": "Chippewas of Mnjikaning First Nation (Rama)",
"nom-folder": "Chippewas-of-Mnjikaning-First-Nation-(Rama)",
"nom-francais": ["Chippewas of Mnjikaning First Nation (Rama)"],
"nom-machine": "lieu-2015-12-06-16-14-10-86966187006",
"sous-type": "reserve",
"type": "lieux"
}