{
"_id": "lieu-2015-12-06-16-14-11-86966187085",
"breadcrumb": "lieux/reserve/Canada/Ontario/Premieres-Nations/Naotkamegwanning-Anishinabe-First-Nation/",
"fiche-publiee": true,
"mise-a-jour": "2016-04-16-01-36-56",
"moment-de-creation": "2015-12-06-16-14-11",
"nom": "Naotkamegwanning Anishinabe First Nation",
"nom-folder": "Naotkamegwanning-Anishinabe-First-Nation",
"nom-francais": ["Naotkamegwanning Anishinabe First Nation"],
"nom-machine": "lieu-2015-12-06-16-14-11-86966187085",
"sous-type": "reserve",
"type": "lieux"
}