{
"_id": "lieu-2015-12-06-16-14-10-86966187003",
"breadcrumb": "lieux/reserve/Canada/Ontario/Premieres-Nations/Chippewas-of-Kettle-and-Stony-Point/",
"fiche-publiee": true,
"mise-a-jour": "2016-04-16-01-36-56",
"moment-de-creation": "2015-12-06-16-14-10",
"nom": "Chippewas of Kettle &amp; Stony Point",
"nom-folder": "Chippewas-of-Kettle-and-Stony-Point",
"nom-francais": ["Chippewas of Kettle &amp; Stony Point"],
"nom-machine": "lieu-2015-12-06-16-14-10-86966187003",
"sous-type": "reserve",
"type": "lieux"
}