{
"_id": "terme-2015-12-06-16-23-27-86966220471",
"ajouter-aux-favoris": false,
"breadcrumb": "taxonomies/periodicite/bimensuelle/",
"description": "Description de Bimensuelle",
"fiche-a-completer": true,
"fiche-publiee": true,
"mise-a-jour": "2016-05-09-16-45-51",
"moment-de-creation": "2015-12-06-16-23-27",
"moment-de-modification": "2015-01-04-02-27-55",
"nom": "Bimensuelle",
"nom-anglais": ["Semi-monthly"],
"nom-arabe": ["&#1606;&#1589;&#1601; &#1588;&#1607;&#1585;&#1610;"],
"nom-espagnol": ["Quincenal"],
"nom-folder": "bimensuelle",
"nom-francais": ["Bimensuelle"],
"nom-italien": ["Quindicinale"],
"nom-machine": "terme-2015-12-06-16-23-27-86966220471",
"sous-type": "periodicite",
"type": "taxonomies"
}