{
"_id": "terme-2015-12-06-16-23-28-86966220483",
"ajouter-aux-favoris": false,
"breadcrumb": "taxonomies/periodicite/quadrimestrielle/",
"description": "Description de Quadrimestrielle",
"fiche-a-completer": true,
"fiche-publiee": true,
"mise-a-jour": "2016-05-09-16-45-51",
"moment-de-creation": "2015-12-06-16-23-28",
"moment-de-modification": "2015-01-04-02-27-55",
"nom": "Quadrimestrielle",
"nom-anglais": ["Triannual"],
"nom-arabe": ["&#1579;&#1604;&#1575;&#1579; &#1605;&#1585;&#1575;&#1578; &#1601;&#1610; &#1575;&#1604;&#1587;&#1606;&#1577;"],
"nom-espagnol": ["Cuatrimestral"],
"nom-folder": "quadrimestrielle",
"nom-francais": ["Quadrimestrielle"],
"nom-italien": ["Quadrimestrale"],
"nom-machine": "terme-2015-12-06-16-23-28-86966220483",
"sous-type": "periodicite",
"type": "taxonomies"
}