{
"_id": "terme-2015-12-06-16-23-27-86966220464",
"ajouter-aux-favoris": false,
"breadcrumb": "taxonomies/periodicite/annuelle/",
"description": "Description de Annuelle",
"fiche-a-completer": true,
"fiche-publiee": true,
"mise-a-jour": "2016-05-09-16-45-51",
"moment-de-creation": "2015-12-06-16-23-27",
"moment-de-modification": "2015-01-04-02-27-55",
"nom": "Annuelle",
"nom-anglais": ["Annual"],
"nom-arabe": ["&#1587;&#1606;&#1608;&#1610;"],
"nom-espagnol": ["Anual"],
"nom-folder": "annuelle",
"nom-francais": ["Annuelle"],
"nom-italien": ["Annuale"],
"nom-machine": "terme-2015-12-06-16-23-27-86966220464",
"sous-type": "periodicite",
"type": "taxonomies"
}