{
"_id": "terme-2015-12-06-16-23-27-86966220477",
"ajouter-aux-favoris": false,
"breadcrumb": "taxonomies/periodicite/irreguliere/",
"description": "Description de Irr&#233;guli&#232;re",
"fiche-a-completer": true,
"fiche-publiee": true,
"mise-a-jour": "2016-05-09-16-45-51",
"moment-de-creation": "2015-12-06-16-23-27",
"moment-de-modification": "2015-01-04-02-27-55",
"nom": "Irr&#233;guli&#232;re",
"nom-anglais": ["Irregular"],
"nom-arabe": ["&#1594;&#1610;&#1585; &#1605;&#1606;&#1578;&#1592;&#1605;"],
"nom-espagnol": ["Irregular"],
"nom-folder": "irreguliere",
"nom-francais": ["Irr&#233;guli&#232;re"],
"nom-italien": ["Irregolare"],
"nom-machine": "terme-2015-12-06-16-23-27-86966220477",
"sous-type": "periodicite",
"type": "taxonomies"
}