{
"_id": "terme-2015-12-06-16-23-28-86966220491",
"ajouter-aux-favoris": false,
"breadcrumb": "taxonomies/periodicite/trimestrielle/",
"description": "Description de Trimestrielle",
"fiche-a-completer": false,
"fiche-publiee": true,
"mise-a-jour": "2017-01-23-16-33-30",
"moment-de-creation": "2015-12-06-16-23-28",
"moment-de-modification": "2015-01-04-02-27-55",
"nom": "Trimestrielle",
"nom-anglais": ["Quarterly"],
"nom-arabe": ["&#1585;&#1576;&#1593; &#1587;&#1606;&#1608;&#1610;"],
"nom-espagnol": ["Trimestral"],
"nom-folder": "trimestrielle",
"nom-francais": ["Trimestrielle"],
"nom-italien": ["Trimestrale"],
"nom-machine": "terme-2015-12-06-16-23-28-86966220491",
"sous-type": "periodicite",
"type": "taxonomies"
}