{
"_id": "terme-2015-12-06-16-23-27-86966220473",
"ajouter-aux-favoris": false,
"breadcrumb": "taxonomies/periodicite/hebdomadaire/",
"description": "Description de Hebdomadaire",
"fiche-a-completer": true,
"fiche-publiee": true,
"mise-a-jour": "2016-05-09-16-45-51",
"moment-de-creation": "2015-12-06-16-23-27",
"moment-de-modification": "2015-01-04-02-27-55",
"nom": "Hebdomadaire",
"nom-anglais": ["Weekly"],
"nom-arabe": ["&#1571;&#1587;&#1576;&#1608;&#1593;&#1610;"],
"nom-espagnol": ["Semanal"],
"nom-folder": "hebdomadaire",
"nom-francais": ["Hebdomadaire"],
"nom-italien": ["Settimanale"],
"nom-machine": "terme-2015-12-06-16-23-27-86966220473",
"sous-type": "periodicite",
"type": "taxonomies"
}