{
"_id": "terme-2015-12-06-16-23-27-86966220479",
"ajouter-aux-favoris": false,
"breadcrumb": "taxonomies/periodicite/mensuelle/",
"description": "Description de Mensuelle",
"fiche-a-completer": false,
"fiche-publiee": true,
"mise-a-jour": "2017-01-23-16-33-30",
"moment-de-creation": "2015-12-06-16-23-27",
"moment-de-modification": "2015-01-04-02-27-55",
"nom": "Mensuelle",
"nom-anglais": ["Monthly"],
"nom-arabe": ["&#1588;&#1607;&#1585;&#1610;&#1575;"],
"nom-espagnol": ["Mensual"],
"nom-folder": "mensuelle",
"nom-francais": ["Mensuelle"],
"nom-italien": ["Mensile"],
"nom-machine": "terme-2015-12-06-16-23-27-86966220479",
"sous-type": "periodicite",
"type": "taxonomies"
}