{
"_id": "terme-2015-12-06-16-23-27-86966220466",
"ajouter-aux-favoris": false,
"breadcrumb": "taxonomies/periodicite/aucune/",
"description": "Description de Aucune",
"fiche-a-completer": true,
"fiche-publiee": true,
"mise-a-jour": "2016-05-09-16-45-51",
"moment-de-creation": "2015-12-06-16-23-27",
"moment-de-modification": "2015-01-04-02-27-55",
"nom": "Aucune",
"nom-anglais": ["None"],
"nom-arabe": ["&#1604;&#1575; &#1588;&#1610;&#1569;"],
"nom-espagnol": ["Ninguna"],
"nom-folder": "aucune",
"nom-francais": ["Aucune"],
"nom-italien": ["Nessuna"],
"nom-machine": "terme-2015-12-06-16-23-27-86966220466",
"sous-type": "periodicite",
"type": "taxonomies"
}