{
"_id": "terme-2015-12-06-16-23-28-86966220485",
"ajouter-aux-favoris": false,
"breadcrumb": "taxonomies/periodicite/quotidienne/",
"description": "Description de Quotidienne",
"fiche-a-completer": false,
"fiche-publiee": true,
"mise-a-jour": "2017-01-23-16-33-30",
"moment-de-creation": "2015-12-06-16-23-28",
"moment-de-modification": "2015-01-04-02-27-55",
"nom": "Quotidienne",
"nom-anglais": ["Daily"],
"nom-arabe": ["&#1610;&#1608;&#1605;&#1610;"],
"nom-espagnol": ["Diario"],
"nom-folder": "quotidienne",
"nom-francais": ["Quotidienne"],
"nom-italien": ["Quotidiano"],
"nom-machine": "terme-2015-12-06-16-23-28-86966220485",
"sous-type": "periodicite",
"type": "taxonomies"
}