{
"_id": "terme-2015-12-06-16-23-28-86966220489",
"ajouter-aux-favoris": false,
"breadcrumb": "taxonomies/periodicite/semestrielle/",
"description": "Description de Semestrielle",
"fiche-a-completer": true,
"fiche-publiee": true,
"mise-a-jour": "2016-05-09-16-45-51",
"moment-de-creation": "2015-12-06-16-23-28",
"moment-de-modification": "2015-01-04-02-27-55",
"nom": "Semestrielle",
"nom-anglais": ["Biannual"],
"nom-arabe": ["&#1606;&#1589;&#1601; &#1587;&#1606;&#1608;&#1609;"],
"nom-espagnol": ["Semestral"],
"nom-folder": "semestrielle",
"nom-francais": ["Semestrielle"],
"nom-italien": ["Biennale"],
"nom-machine": "terme-2015-12-06-16-23-28-86966220489",
"sous-type": "periodicite",
"type": "taxonomies"
}