{
"ajouter-aux-favoris": "false",
"analyser-avec-open-calais": "true",
"date-edition": "2016-03-25-06-59-43",
"encodage": "iso-8859-1",
"fiche-a-completer": "true",
"fiche-publiee": "false",
"identifiant-drupal": ["4438",],
"importance": "0",
"isCopyright": "false",
"mise-a-jour": "2016-05-09-16-44-03",
"mm-dans-DOAJ": "false",
"mm-dans-Dspace": "false",
"mm-dans-JournalSeek": "false",
"mm-dans-JournalTOC": "false",
"mm-parcourir": "true",
"mm-premiere-version": "true",
"mm-source-doublon": "false",
"mm-source-noindex": "false",
"moment-de-creation": "2016-03-25-06-59-43",
"moment-de-modification": "2016-03-25-06-59-43",
"niveau": "1",
"nom": "Michel Serres",
"nom-machine": ["pers-2016-03-25-06-59-43-87534214988",],
"parent": "Aucun",
"personne-nom-famille": "Serres",
"personne-nom-prenom": "Michel",
"site-de-diffusion": ["terme-2015-12-06-16-23-47-86966221646",],
"source-defectueuse": "false",
"source-URL": "http://www.phdadministration.net/?id=pers-2016-03-25-06-59-43-87534214988",
"sous-type": "pers",
"synonyme": "Michel Serres",
"type": "ressources",
"type-de-ressource": ["terme-2015-12-06-16-27-16-86966234209","terme-2015-12-06-16-27-18-86966234335","terme-2015-12-06-16-27-19-86966234380",],
}