{
"ajouter-aux-favoris": "false",
"analyser-avec-open-calais": "false",
"fiche-a-completer": "true",
"fiche-publiee": "false",
"importance": "0",
"isCopyright": "false",
"mise-a-jour": "2016-05-09-16-44-22",
"mm-source-doublon": "false",
"moment-de-creation": "2016-04-04-18-45-44",
"moment-de-modification": "2016-04-04-18-45-44",
"niveau": "1",
"nom": "Elisabeth Cunin",
"nom-machine": "pers-2016-04-04-18-45-44-87588596696",
"parent": "Aucun",
"personne-nom-famille": "Cunin",
"personne-nom-prenom": "Elisabeth",
"site-de-diffusion": ["terme-2015-12-06-16-23-47-86966221646",],
"source-defectueuse": "false",
"source-URL": "http://www.phdadministration.net/?id=pers-2016-04-04-18-45-44-87588596696,",
"sous-type": "pers",
"synonyme": ["Elisabeth Cunin",],
"type": "ressources",
"type-de-ressource": ["terme-2015-12-06-16-27-21-86966234485",],
}