{
"ajouter-aux-favoris": "false",
"breadcrumb": "taxonomies/sujets/Politique/Liberalisme-(politique)/",
"description": "Lib&#233;ralisme (politique)",
"fiche-a-completer": "true",
"fiche-publiee": "false",
"identifiant-drupal": ["1290",],
"identifiant-drupal-parent": ["1258",],
"isCopyright": "false",
"mise-a-jour": "2016-05-09-16-46-13",
"moment-de-creation": "2015-12-06-16-25-04",
"moment-de-modification": "2015-01-04-02-27-39",
"niveau": "2",
"nom": "Lib&#233;ralisme (politique)",
"nom-anglais": ["Liberalism (politics)",],
"nom-arabe": ["&#1575;&#1604;&#1604;&#1610;&#1576;&#1585;&#1575;&#1604;&#1610;&#1577; (&#1587;&#1610;&#1575;&#1587;&#1577;)",],
"nom-espagnol": ["Liberalismo (pol&#237;tica)",],
"nom-folder": "Liberalisme-(politique)",
"nom-francais": ["Lib&#233;ralisme (politique)",],
"nom-italien": ["liberalismo (politica)",],
"nom-machine": "terme-2015-12-06-16-25-04-86966226264",
"parent": "terme-2015-12-06-16-25-04-86966226256",
"sous-type": "sujets",
"synonyme": ["Lib&#233;ralisme (politique)","Liberalism (politics)","Liberalisme-(politique)","Liberalismo (poltica)","Lib�ralisme (politique)",],
"type": "taxonomies",
}