{
"ajouter-aux-favoris": "false",
"breadcrumb": "taxonomies/sujets/Sport/",
"description": "Sport",
"fiche-a-completer": "true",
"fiche-publiee": "false",
"identifiant-drupal": ["892",],
"identifiant-drupal-parent": ["350",],
"isCopyright": "false",
"mise-a-jour": "2016-05-09-16-46-39",
"moment-de-creation": "2015-12-06-16-27-06",
"moment-de-modification": "2015-01-04-02-27-35",
"niveau": "1",
"nom": "Sport",
"nom-anglais": ["Sports",],
"nom-arabe": ["&#1585;&#1610;&#1575;&#1590;&#1577;",],
"nom-espagnol": ["Deporte",],
"nom-folder": "Sport",
"nom-francais": ["Sport",],
"nom-italien": ["sporto",],
"nom-machine": ["terme-2015-12-06-16-27-06-86966233620",],
"parent": "Aucun",
"sous-type": "sujets",
"synonyme": "deporte<br>Sport<br>Sports",
"type": "taxonomies",
}