{
"_id": "terme-2015-12-23-16-27-21-86966234474",
"breadcrumb": "taxonomies/types-de-ressource/tag/",
"description": "Description de &#201;tiquette",
"fiche-publiee": true,
"mise-a-jour": "2016-05-09-16-46-43",
"moment-de-creation": "2015-12-23-16-27-21",
"nom": "&#201;tiquette",
"nom-anglais": ["Tag"],
"nom-arabe": ["&#1608;&#1587;&#1605;"],
"nom-espagnol": ["Etiqueta"],
"nom-folder": "tag",
"nom-francais": ["&#201;tiquette"],
"nom-italien": ["Etichetta"],
"nom-machine": "terme-2015-12-23-16-27-21-86966234474",
"nom-russe": ["&#1058;&#1077;&#1075;"],
"sous-type": "types-de-ressource",
"type": "taxonomies"
}