{
"_id": "terme-2015-12-06-16-27-20-86966234454",
"ajouter-aux-favoris": false,
"breadcrumb": "taxonomies/types-de-ressource/fichier/fichier-DOC/",
"description": "Description de Fichier doc",
"fiche-a-completer": true,
"fiche-publiee": true,
"identifiant-drupal": 382413,
"mise-a-jour": "2016-05-09-16-46-43",
"moment-de-creation": "2015-12-06-16-27-20",
"moment-de-modification": "2015-01-04-02-27-56",
"nom": "Fichier doc",
"nom-anglais": ["Doc file"],
"nom-espagnol": ["Archivo doc"],
"nom-folder": "fichier-DOC",
"nom-francais": ["Fichier doc"],
"nom-italien": ["Documento doc"],
"nom-machine": "terme-2015-12-06-16-27-20-86966234454",
"sous-type": "types-de-ressource",
"type": "taxonomies"
}