{
"_id": "terme-2015-12-24-10-16-39-87058183163",
"ajouter-aux-favoris": false,
"breadcrumb": "requete/",
"description": "Description de requ&#234;te",
"fiche-a-completer": true,
"fiche-defectueuse": false,
"fiche-publiee": true,
"identifiant-drupal": 0,
"identifiant-drupal-parent": 0,
"mise-a-jour": "2016-05-09-16-46-43",
"moment-de-creation": "2015-12-24-10-16-39",
"moment-de-modification": "2016-04-13-23-04-13",
"nom": "requ&#234;te",
"nom-folder": "requete",
"nom-francais": ["requ&#234;te"],
"nom-machine": "terme-2015-12-24-10-16-39-87058183163",
"sous-type": "types-de-ressource",
"type": "taxonomies"
}