{
"_id": "terme-2015-12-06-16-27-20-86966234459",
"ajouter-aux-favoris": false,
"breadcrumb": "taxonomies/types-de-ressource/fichier/fichier-PDF/",
"description": "Description de Fichier pdf",
"fiche-a-completer": true,
"fiche-publiee": true,
"identifiant-drupal": 382411,
"mise-a-jour": "2016-05-09-16-46-43",
"moment-de-creation": "2015-12-06-16-27-20",
"moment-de-modification": "2015-01-04-02-27-56",
"nom": "Fichier pdf",
"nom-anglais": ["Pdf file"],
"nom-espagnol": ["Archivo pdf"],
"nom-folder": "fichier-PDF",
"nom-francais": ["Fichier pdf"],
"nom-italien": ["Documento pdf"],
"nom-machine": "terme-2015-12-06-16-27-20-86966234459",
"sous-type": "types-de-ressource",
"type": "taxonomies"
}