{
"_id": "terme-2015-12-06-16-27-21-86966234465",
"ajouter-aux-favoris": false,
"breadcrumb": "taxonomies/types-de-ressource/fichier/fichier-XLS/",
"description": "Description de Fichier xls",
"fiche-a-completer": true,
"fiche-publiee": true,
"identifiant-drupal": 382414,
"mise-a-jour": "2016-05-09-16-46-43",
"moment-de-creation": "2015-12-06-16-27-21",
"moment-de-modification": "2015-01-04-02-27-56",
"nom": "Fichier xls",
"nom-anglais": ["Xls file"],
"nom-espagnol": ["Archivo xls"],
"nom-folder": "fichier-XLS",
"nom-francais": ["Fichier xls"],
"nom-italien": ["Documento xls"],
"nom-machine": "terme-2015-12-06-16-27-21-86966234465",
"sous-type": "types-de-ressource",
"type": "taxonomies"
}