{
"_id": "terme-2016-04-12-20-32-08-87630451692",
"ajouter-aux-favoris": false,
"breadcrumb": "taxonomies/types-de-ressource/fil-RSS/RSS/RSS-1-0/",
"description": "Description de Rss 1.0",
"fiche-a-completer": true,
"fiche-defectueuse": false,
"fiche-publiee": true,
"mise-a-jour": "2016-05-09-16-46-43",
"moment-de-creation": "2016-04-12-20-32-08",
"moment-de-modification": "2016-04-12-20-32-40",
"nom": "Rss 1.0",
"nom-anglais": ["Rss 1.0"],
"nom-arabe": ["RSS 1.0"],
"nom-espagnol": ["Rss 1.0"],
"nom-folder": "RSS-1-0",
"nom-francais": ["Rss 1.0"],
"nom-italien": ["Rss 1.0"],
"nom-machine": "terme-2016-04-12-20-32-08-87630451692",
"sous-type": "types-de-ressource",
"type": "taxonomies"
}