{
"_id": "terme-2015-12-06-16-27-20-86966234420",
"ajouter-aux-favoris": false,
"breadcrumb": "taxonomies/types-de-ressource/base(s)-de-donnees/",
"description": "Description de Base(s) de donn&#233;es",
"fiche-a-completer": true,
"fiche-publiee": true,
"identifiant-drupal": 369401,
"mise-a-jour": "2016-05-09-16-46-43",
"moment-de-creation": "2015-12-06-16-27-20",
"moment-de-modification": "2015-01-04-02-27-56",
"nom": "Base(s) de donn&#233;es",
"nom-anglais": ["Database"],
"nom-espagnol": ["Base de datos"],
"nom-folder": "base(s)-de-donnees",
"nom-francais": ["Base(s) de donn&#233;es"],
"nom-italien": ["Base di dati"],
"nom-machine": "terme-2015-12-06-16-27-20-86966234420",
"sous-type": "types-de-ressource",
"type": "taxonomies"
}