{
"_id": "terme-2015-12-06-16-27-20-86966234451",
"ajouter-aux-favoris": false,
"breadcrumb": "taxonomies/types-de-ressource/fichier/",
"description": "Description de Fichier",
"enfants": ["terme-2015-12-06-16-27-20-86966234454","terme-2015-12-06-16-27-20-86966234456","terme-2015-12-06-16-27-20-86966234459","terme-2015-12-06-16-27-21-86966234462","terme-2015-12-06-16-27-21-86966234465"],
"fiche-a-completer": true,
"fiche-defectueuse": false,
"fiche-publiee": true,
"identifiant-drupal": 317556,
"identifiant-drupal-parent": 0,
"mise-a-jour": "2016-05-09-16-46-43",
"moment-de-creation": "2015-12-06-16-27-20",
"moment-de-modification": "2016-04-14-02-23-24",
"nom": "Fichier",
"nom-anglais": ["File"],
"nom-espagnol": ["Archivo"],
"nom-folder": "fichier",
"nom-francais": ["Fichier"],
"nom-italien": ["Archivio"],
"nom-machine": "terme-2015-12-06-16-27-20-86966234451",
"sous-type": "types-de-ressource",
"type": "taxonomies"
}