{
"_id": "terme-2015-12-06-16-27-19-86966234366",
"ajouter-aux-favoris": false,
"breadcrumb": "taxonomies/types-de-ressource/autre(s)/avis/",
"description": "Description de Avis",
"fiche-a-completer": true,
"fiche-publiee": true,
"identifiant-drupal": 369311,
"mise-a-jour": "2016-05-09-16-46-42",
"moment-de-creation": "2015-12-06-16-27-19",
"moment-de-modification": "2015-01-04-02-27-56",
"nom": "Avis",
"nom-anglais": ["Notice"],
"nom-espagnol": ["Aviso"],
"nom-folder": "avis",
"nom-francais": ["Avis"],
"nom-italien": ["Avviso"],
"nom-machine": "terme-2015-12-06-16-27-19-86966234366",
"sous-type": "types-de-ressource",
"type": "taxonomies"
}