{
"_id": "terme-2016-04-12-20-30-39-87630446363",
"ajouter-aux-favoris": false,
"breadcrumb": "taxonomies/types-de-ressource/fil-RSS/RSS/RSS-0-9/",
"description": "Description de Rss 0.9",
"fiche-a-completer": true,
"fiche-defectueuse": false,
"fiche-publiee": true,
"mise-a-jour": "2016-05-09-16-46-43",
"moment-de-creation": "2016-04-12-20-30-39",
"moment-de-modification": "2016-04-12-20-31-24",
"nom": "Rss 0.9",
"nom-anglais": ["Rss 0.9"],
"nom-arabe": ["RSS 0.9"],
"nom-espagnol": ["Rss 0.9"],
"nom-folder": "RSS-0-9",
"nom-francais": ["Rss 0.9"],
"nom-italien": ["Rss 0.9"],
"nom-machine": "terme-2016-04-12-20-30-39-87630446363",
"sous-type": "types-de-ressource",
"type": "taxonomies"
}