{
"_id": "terme-2015-12-06-16-27-21-86966234468",
"ajouter-aux-favoris": false,
"breadcrumb": "taxonomies/types-de-ressource/forum-numerique/",
"description": "Description de Forum num&#233;rique",
"fiche-a-completer": true,
"fiche-publiee": true,
"identifiant-drupal": 369411,
"mise-a-jour": "2016-05-09-16-46-43",
"moment-de-creation": "2015-12-06-16-27-21",
"moment-de-modification": "2015-01-04-02-27-56",
"nom": "Forum num&#233;rique",
"nom-anglais": ["Digital forum"],
"nom-espagnol": ["Foro digital"],
"nom-folder": "forum-numerique",
"nom-francais": ["Forum num&#233;rique"],
"nom-italien": ["Forum digitale"],
"nom-machine": "terme-2015-12-06-16-27-21-86966234468",
"sous-type": "types-de-ressource",
"type": "taxonomies"
}