{
"_id": "terme-2015-12-06-16-27-21-86966234497",
"ajouter-aux-favoris": false,
"breadcrumb": "taxonomies/types-de-ressource/types-de-ressource/site-web/wiki/",
"description": "Description de Wiki",
"fiche-a-completer": true,
"fiche-publiee": true,
"identifiant-drupal": 369402,
"mise-a-jour": "2016-05-09-16-46-43",
"moment-de-creation": "2015-12-06-16-27-21",
"moment-de-modification": "2015-01-04-02-27-56",
"nom": "Wiki",
"nom-anglais": ["Wiki"],
"nom-arabe": ["&#1608;&#1610;&#1603;&#1610;"],
"nom-espagnol": ["Wiki"],
"nom-folder": "wiki",
"nom-francais": ["Wiki"],
"nom-italien": ["Wiki"],
"nom-machine": "terme-2015-12-06-16-27-21-86966234497",
"nom-russe": ["&#1042;&#1080;&#1082;&#1080;"],
"sous-type": "types-de-ressource",
"type": "taxonomies"
}