{
"_id": "terme-2015-12-06-16-27-20-86966234414",
"ajouter-aux-favoris": false,
"breadcrumb": "taxonomies/types-de-ressource/fil-RSS/XML/",
"description": "Description de Xml",
"fiche-a-completer": true,
"fiche-publiee": true,
"identifiant-drupal": 369323,
"mise-a-jour": "2016-05-09-16-46-43",
"moment-de-creation": "2015-12-06-16-27-20",
"moment-de-modification": "2015-01-04-02-27-56",
"nom": "Xml",
"nom-anglais": ["Xml"],
"nom-arabe": ["XML"],
"nom-espagnol": ["Xml"],
"nom-folder": "XML",
"nom-francais": ["Xml"],
"nom-italien": ["Xml"],
"nom-machine": "terme-2015-12-06-16-27-20-86966234414",
"sous-type": "types-de-ressource",
"type": "taxonomies"
}