{
"_id": "terme-2015-12-06-16-27-20-86966234404",
"ajouter-aux-favoris": false,
"breadcrumb": "taxonomies/types-de-ressource/fil-RSS/RDF/",
"description": "Description de Rdf",
"fiche-a-completer": true,
"fiche-publiee": true,
"identifiant-drupal": 369317,
"mise-a-jour": "2016-05-09-16-46-42",
"moment-de-creation": "2015-12-06-16-27-20",
"moment-de-modification": "2015-01-04-02-27-56",
"nom": "Rdf",
"nom-anglais": ["Rdf"],
"nom-arabe": ["RDF"],
"nom-espagnol": ["Rdf"],
"nom-folder": "RDF",
"nom-francais": ["Rdf"],
"nom-italien": ["Rdf"],
"nom-machine": "terme-2015-12-06-16-27-20-86966234404",
"sous-type": "types-de-ressource",
"type": "taxonomies"
}