{
"_id": "terme-2015-12-06-16-27-20-86966234445",
"ajouter-aux-favoris": false,
"breadcrumb": "taxonomies/types-de-ressource/catalogue/repertoire/repertoire-de-wikis/",
"description": "Description de Repertoire de wikis",
"fiche-a-completer": true,
"fiche-publiee": true,
"identifiant-drupal": 369409,
"mise-a-jour": "2016-05-09-16-46-43",
"moment-de-creation": "2015-12-06-16-27-20",
"moment-de-modification": "2015-01-04-02-27-56",
"nom": "Repertoire de wikis",
"nom-anglais": ["Wiki directory"],
"nom-espagnol": ["Directorio de wikis"],
"nom-folder": "repertoire-de-wikis",
"nom-francais": ["Repertoire de wikis"],
"nom-italien": ["Repertorio di wiki"],
"nom-machine": "terme-2015-12-06-16-27-20-86966234445",
"sous-type": "types-de-ressource",
"type": "taxonomies"
}