{
"_id": "terme-2015-12-06-16-27-19-86966234369",
"ajouter-aux-favoris": false,
"breadcrumb": "taxonomies/types-de-ressource/autre(s)/dev-du-site/",
"description": "Description de D&#233;veloppement du site",
"fiche-a-completer": true,
"fiche-publiee": true,
"identifiant-drupal": 369310,
"mise-a-jour": "2016-05-09-16-46-42",
"moment-de-creation": "2015-12-06-16-27-19",
"moment-de-modification": "2015-01-04-02-27-56",
"nom": "D&#233;veloppement du site",
"nom-anglais": ["Development of site"],
"nom-espagnol": ["Desarrollo del sitio"],
"nom-folder": "dev-du-site",
"nom-francais": ["D&#233;veloppement du site"],
"nom-italien": ["Sviluppo del sito"],
"nom-machine": "terme-2015-12-06-16-27-19-86966234369",
"sous-type": "types-de-ressource",
"type": "taxonomies"
}