{
"_id": "terme-2015-12-06-16-27-19-86966234377",
"ajouter-aux-favoris": false,
"breadcrumb": "taxonomies/types-de-ressource/autre(s)/objet(s)/",
"description": "Description de Objet(s)",
"fiche-a-completer": true,
"fiche-publiee": true,
"identifiant-drupal": 317548,
"mise-a-jour": "2016-05-09-16-46-42",
"moment-de-creation": "2015-12-06-16-27-19",
"moment-de-modification": "2015-01-04-02-27-56",
"nom": "Objet(s)",
"nom-anglais": ["Object"],
"nom-espagnol": ["Objeto"],
"nom-folder": "objet(s)",
"nom-francais": ["Objet(s)"],
"nom-italien": ["Oggetto"],
"nom-machine": "terme-2015-12-06-16-27-19-86966234377",
"nom-russe": ["&#1054;&#1073;&#1098;&#1077;&#1082;&#1090;"],
"sous-type": "types-de-ressource",
"type": "taxonomies"
}