{
"_id": "terme-2015-12-06-16-27-19-86966234389",
"ajouter-aux-favoris": false,
"breadcrumb": "taxonomies/types-de-ressource/fil-RSS/hub/",
"description": "Description de Hub",
"enfants": ["terme-2015-12-06-16-27-19-86966234392"],
"fiche-a-completer": true,
"fiche-publiee": true,
"identifiant-drupal": 317560,
"mise-a-jour": "2016-05-09-16-46-42",
"moment-de-creation": "2015-12-06-16-27-19",
"moment-de-modification": "2015-01-04-02-27-56",
"nom": "Hub",
"nom-anglais": ["Hub"],
"nom-espagnol": ["Hub"],
"nom-folder": "hub",
"nom-francais": ["Hub"],
"nom-italien": ["Hub"],
"nom-machine": "terme-2015-12-06-16-27-19-86966234389",
"sous-type": "types-de-ressource",
"type": "taxonomies"
}