{
"_id": "terme-2015-12-06-16-27-19-86966234363",
"ajouter-aux-favoris": false,
"breadcrumb": "taxonomies/types-de-ressource/autre(s)/aide/",
"description": "Description de Aide",
"fiche-a-completer": true,
"fiche-publiee": true,
"identifiant-drupal": 369312,
"mise-a-jour": "2016-05-09-16-46-42",
"moment-de-creation": "2015-12-06-16-27-19",
"moment-de-modification": "2015-01-04-02-27-56",
"nom": "Aide",
"nom-anglais": ["Help"],
"nom-espagnol": ["Ayuda financiera"],
"nom-folder": "aide",
"nom-francais": ["Aide"],
"nom-italien": ["Aiuto"],
"nom-machine": "terme-2015-12-06-16-27-19-86966234363",
"sous-type": "types-de-ressource",
"type": "taxonomies"
}