{
"_id": "terme-2015-12-06-16-27-20-86966234435",
"ajouter-aux-favoris": false,
"breadcrumb": "taxonomies/types-de-ressource/catalogue/catalogue-de-librairies/",
"description": "Description de Catalogue de librairies",
"fiche-a-completer": true,
"fiche-publiee": true,
"identifiant-drupal": 369406,
"mise-a-jour": "2016-05-09-16-46-43",
"moment-de-creation": "2015-12-06-16-27-20",
"moment-de-modification": "2015-01-04-02-27-56",
"nom": "Catalogue de librairies",
"nom-anglais": ["Bookstore catalogue"],
"nom-espagnol": ["Cat&#225;logo de librer&#237;a"],
"nom-folder": "catalogue-de-librairies",
"nom-francais": ["Catalogue de librairies"],
"nom-italien": ["Catalogo di libreria"],
"nom-machine": "terme-2015-12-06-16-27-20-86966234435",
"sous-type": "types-de-ressource",
"type": "taxonomies"
}