{
"_id": "terme-2015-12-06-16-27-20-86966234423",
"ajouter-aux-favoris": false,
"breadcrumb": "taxonomies/types-de-ressource/blogue/",
"description": "Description de Blogue",
"fiche-a-completer": true,
"fiche-publiee": true,
"identifiant-drupal": 369330,
"mise-a-jour": "2016-05-09-16-46-43",
"moment-de-creation": "2015-12-06-16-27-20",
"moment-de-modification": "2015-01-04-02-27-56",
"nom": "Blogue",
"nom-anglais": ["Blog"],
"nom-espagnol": ["Blog"],
"nom-folder": "blogue",
"nom-francais": ["Blogue"],
"nom-italien": ["Blog"],
"nom-machine": "terme-2015-12-06-16-27-20-86966234423",
"sous-type": "types-de-ressource",
"type": "taxonomies"
}