{
"_id": "terme-2015-12-06-16-27-21-86966234474",
"ajouter-aux-favoris": false,
"breadcrumb": "taxonomies/types-de-ressource/lien/",
"description": "Description de Lien",
"fiche-a-completer": true,
"fiche-publiee": true,
"identifiant-drupal": 317559,
"mise-a-jour": "2016-05-09-16-46-43",
"moment-de-creation": "2015-12-06-16-27-21",
"moment-de-modification": "2015-01-04-02-27-56",
"nom": "Lien",
"nom-anglais": ["Link"],
"nom-arabe": ["&#1589;&#1604;&#1577;"],
"nom-espagnol": ["Enlace"],
"nom-folder": "lien",
"nom-francais": ["Lien"],
"nom-italien": ["Collegamento"],
"nom-machine": "terme-2015-12-06-16-27-21-86966234474",
"sous-type": "types-de-ressource",
"type": "taxonomies"
}