{
"_id": "terme-2015-12-06-16-27-19-86966234383",
"ajouter-aux-favoris": false,
"breadcrumb": "taxonomies/types-de-ressource/fil-RSS/ATOM/",
"description": "Description de Atom",
"fiche-a-completer": true,
"fiche-publiee": true,
"identifiant-drupal": 369313,
"mise-a-jour": "2016-05-09-16-46-42",
"moment-de-creation": "2015-12-06-16-27-19",
"moment-de-modification": "2015-01-04-02-27-56",
"nom": "Atom",
"nom-anglais": ["Atom"],
"nom-arabe": ["&#1589;&#1610;&#1594;&#1577; &#1571;&#1578;&#1608;&#1605;"],
"nom-espagnol": ["Atom"],
"nom-folder": "ATOM",
"nom-francais": ["Atom"],
"nom-italien": ["Atom"],
"nom-machine": "terme-2015-12-06-16-27-19-86966234383",
"sous-type": "types-de-ressource",
"type": "taxonomies"
}