{
"_id": "terme-2015-12-06-16-27-19-86966234392",
"ajouter-aux-favoris": false,
"breadcrumb": "taxonomies/types-de-ressource/fil-RSS/hub/SuperFeedr/",
"description": "Description de Superfeedr",
"fiche-a-completer": true,
"fiche-publiee": true,
"identifiant-drupal": 369324,
"mise-a-jour": "2016-05-09-16-46-42",
"moment-de-creation": "2015-12-06-16-27-19",
"moment-de-modification": "2015-01-04-02-27-56",
"nom": "Superfeedr",
"nom-anglais": ["Superfeedr"],
"nom-espagnol": ["Superfeedr"],
"nom-folder": "SuperFeedr",
"nom-francais": ["Superfeedr"],
"nom-italien": ["Superfeedr"],
"nom-machine": "terme-2015-12-06-16-27-19-86966234392",
"sous-type": "types-de-ressource",
"type": "taxonomies"
}