{
"_id": "terme-2015-12-06-16-27-21-86966234488",
"ajouter-aux-favoris": false,
"breadcrumb": "taxonomies/types-de-ressource/site-web/portail/",
"description": "Description de Portail",
"enfants": ["terme-2015-12-06-16-27-21-86966234491","terme-2015-12-06-16-27-21-86966234494"],
"fiche-a-completer": true,
"fiche-publiee": true,
"identifiant-drupal": 369935,
"mise-a-jour": "2016-05-09-16-46-43",
"moment-de-creation": "2015-12-06-16-27-21",
"moment-de-modification": "2015-01-04-02-27-56",
"nom": "Portail",
"nom-anglais": ["Portal"],
"nom-espagnol": ["Portal"],
"nom-folder": "portail",
"nom-francais": ["Portail"],
"nom-italien": ["Portale"],
"nom-machine": "terme-2015-12-06-16-27-21-86966234488",
"sous-type": "types-de-ressource",
"type": "taxonomies"
}