{
"_id": "terme-2015-12-06-16-27-21-86966234479",
"ajouter-aux-favoris": false,
"breadcrumb": "taxonomies/types-de-ressource/multimedia/",
"description": "Description de Multim&#233;dia",
"fiche-a-completer": true,
"fiche-publiee": true,
"identifiant-drupal": 317562,
"mise-a-jour": "2016-05-09-16-46-43",
"moment-de-creation": "2015-12-06-16-27-21",
"moment-de-modification": "2015-01-04-02-27-56",
"nom": "Multim&#233;dia",
"nom-anglais": ["Multimedia"],
"nom-espagnol": ["Multimedia"],
"nom-folder": "multimedia",
"nom-francais": ["Multim&#233;dia"],
"nom-italien": ["Multimedia"],
"nom-machine": "terme-2015-12-06-16-27-21-86966234479",
"sous-type": "types-de-ressource",
"type": "taxonomies"
}