{
"_id": "terme-2015-12-06-16-27-19-86966234371",
"ajouter-aux-favoris": false,
"breadcrumb": "taxonomies/types-de-ressource/autre(s)/logiciel/",
"description": "Description de Logiciel",
"fiche-a-completer": true,
"fiche-publiee": true,
"identifiant-drupal": 317567,
"mise-a-jour": "2016-05-09-16-46-42",
"moment-de-creation": "2015-12-06-16-27-19",
"moment-de-modification": "2015-01-04-02-27-56",
"nom": "Logiciel",
"nom-anglais": ["Software"],
"nom-espagnol": ["Software"],
"nom-folder": "logiciel",
"nom-francais": ["Logiciel"],
"nom-italien": ["Software"],
"nom-machine": "terme-2015-12-06-16-27-19-86966234371",
"sous-type": "types-de-ressource",
"type": "taxonomies"
}