{
"_id": "terme-2015-12-06-16-27-19-86966234375",
"ajouter-aux-favoris": false,
"breadcrumb": "taxonomies/types-de-ressource/autre(s)/logiciel/API/",
"description": "Description de Api",
"fiche-a-completer": true,
"fiche-publiee": true,
"identifiant-drupal": 369505,
"mise-a-jour": "2016-05-09-16-46-42",
"moment-de-creation": "2015-12-06-16-27-19",
"moment-de-modification": "2015-01-04-02-27-56",
"nom": "Api",
"nom-anglais": ["Api"],
"nom-espagnol": ["Api"],
"nom-folder": "API",
"nom-francais": ["Api"],
"nom-italien": ["Api"],
"nom-machine": "terme-2015-12-06-16-27-19-86966234375",
"sous-type": "types-de-ressource",
"type": "taxonomies"
}