{
"_id": "terme-2015-12-06-16-27-19-86966234386",
"ajouter-aux-favoris": false,
"breadcrumb": "taxonomies/types-de-ressource/fil-RSS/Feedburner/",
"description": "Description de Feedburner",
"fiche-a-completer": true,
"fiche-publiee": true,
"identifiant-drupal": 369314,
"mise-a-jour": "2016-05-09-16-46-42",
"moment-de-creation": "2015-12-06-16-27-19",
"moment-de-modification": "2015-01-04-02-27-56",
"nom": "Feedburner",
"nom-anglais": ["Feedburner"],
"nom-espagnol": ["Feedburner"],
"nom-folder": "Feedburner",
"nom-francais": ["Feedburner"],
"nom-italien": ["Feedburner"],
"nom-machine": "terme-2015-12-06-16-27-19-86966234386",
"sous-type": "types-de-ressource",
"type": "taxonomies"
}