{
"_id": "terme-2015-12-06-16-27-19-86966234398",
"ajouter-aux-favoris": false,
"breadcrumb": "taxonomies/types-de-ressource/fil-RSS/MPEG/",
"description": "Description de Mpeg",
"fiche-a-completer": true,
"fiche-publiee": true,
"identifiant-drupal": 369316,
"mise-a-jour": "2016-05-09-16-46-42",
"moment-de-creation": "2015-12-06-16-27-19",
"moment-de-modification": "2015-01-04-02-27-56",
"nom": "Mpeg",
"nom-anglais": ["Mpeg"],
"nom-arabe": ["MPEG"],
"nom-espagnol": ["Mpeg"],
"nom-folder": "MPEG",
"nom-francais": ["Mpeg"],
"nom-italien": ["Mpeg"],
"nom-machine": "terme-2015-12-06-16-27-19-86966234398",
"sous-type": "types-de-ressource",
"type": "taxonomies"
}