{
"_id": "terme-2015-12-06-16-27-21-86966234462",
"ajouter-aux-favoris": false,
"breadcrumb": "taxonomies/types-de-ressource/fichier/fichier-PPT/",
"description": "Description de Fichier ppt",
"fiche-a-completer": true,
"fiche-publiee": true,
"identifiant-drupal": 382412,
"mise-a-jour": "2016-05-09-16-46-43",
"moment-de-creation": "2015-12-06-16-27-21",
"moment-de-modification": "2015-01-04-02-27-56",
"nom": "Fichier ppt",
"nom-anglais": ["Ppt file"],
"nom-espagnol": ["Archivo ppt"],
"nom-folder": "fichier-PPT",
"nom-francais": ["Fichier ppt"],
"nom-italien": ["Documento ppt"],
"nom-machine": "terme-2015-12-06-16-27-21-86966234462",
"sous-type": "types-de-ressource",
"type": "taxonomies"
}