{
"_id": "terme-2015-12-06-16-27-20-86966234426",
"ajouter-aux-favoris": false,
"breadcrumb": "taxonomies/types-de-ressource/catalogue/",
"description": "Description de Catalogue",
"enfants": ["terme-2015-12-06-16-27-20-86966234430","terme-2015-12-06-16-27-20-86966234433","terme-2015-12-06-16-27-20-86966234435","terme-2015-12-06-16-27-20-86966234439"],
"fiche-a-completer": true,
"fiche-publiee": true,
"identifiant-drupal": 369403,
"mise-a-jour": "2016-05-09-16-46-43",
"moment-de-creation": "2015-12-06-16-27-20",
"moment-de-modification": "2015-01-04-02-27-56",
"nom": "Catalogue",
"nom-anglais": ["Catalogue"],
"nom-espagnol": ["Cat&#225;logo"],
"nom-folder": "catalogue",
"nom-francais": ["Catalogue"],
"nom-italien": ["Catalogo"],
"nom-machine": "terme-2015-12-06-16-27-20-86966234426",
"sous-type": "types-de-ressource",
"type": "taxonomies"
}