{
"_id": "terme-2015-12-06-16-27-20-86966234401",
"ajouter-aux-favoris": false,
"breadcrumb": "taxonomies/types-de-ressource/fil-RSS/podcast/",
"description": "podcast",
"fiche-a-completer": true,
"fiche-publiee": true,
"identifiant-drupal": 369506,
"mise-a-jour": "2016-05-09-16-46-42",
"moment-de-creation": "2015-12-06-16-27-20",
"moment-de-modification": "2015-01-04-02-27-56",
"nom": "Balado-diffusion",
"nom-anglais": ["Podcast"],
"nom-arabe": ["&#1578;&#1583;&#1608;&#1610;&#1606; &#1589;&#1608;&#1578;&#1610;"],
"nom-espagnol": ["Podcast"],
"nom-folder": "podcast",
"nom-francais": ["Balado-diffusion"],
"nom-italien": ["Podcast"],
"nom-machine": "terme-2015-12-06-16-27-20-86966234401",
"sous-type": "types-de-ressource",
"type": "taxonomies"
}