{
"_id": "terme-2015-12-06-16-27-20-86966234456",
"ajouter-aux-favoris": false,
"breadcrumb": "taxonomies/types-de-ressource/fichier/fichier-OPML/",
"description": "Description de Fichier opml",
"fiche-a-completer": true,
"fiche-publiee": true,
"identifiant-drupal": 380949,
"mise-a-jour": "2016-05-09-16-46-43",
"moment-de-creation": "2015-12-06-16-27-20",
"moment-de-modification": "2015-01-04-02-27-56",
"nom": "Fichier opml",
"nom-anglais": ["Opml file"],
"nom-espagnol": ["Archivo opml"],
"nom-folder": "fichier-OPML",
"nom-francais": ["Fichier opml"],
"nom-italien": ["Documento opml"],
"nom-machine": "terme-2015-12-06-16-27-20-86966234456",
"sous-type": "types-de-ressource",
"type": "taxonomies"
}