{
"_id": "terme-2016-04-12-20-33-40-87630457201",
"ajouter-aux-favoris": false,
"breadcrumb": "taxonomies/types-de-ressource/fil-RSS/RSS/RSS-2-0/",
"description": "Description de Rss 2.0",
"fiche-a-completer": true,
"fiche-defectueuse": false,
"fiche-publiee": true,
"mise-a-jour": "2016-05-09-16-46-43",
"moment-de-creation": "2016-04-12-20-33-40",
"moment-de-modification": "2016-04-12-20-34-08",
"nom": "Rss 2.0",
"nom-anglais": ["Rss 2.0"],
"nom-arabe": ["RSS 2.0"],
"nom-espagnol": ["Rss 2.0"],
"nom-folder": "RSS-2-0",
"nom-francais": ["Rss 2.0"],
"nom-italien": ["Rss 2.0"],
"nom-machine": "terme-2016-04-12-20-33-40-87630457201",
"sous-type": "types-de-ressource",
"type": "taxonomies"
}