{
"_id": "terme-2015-12-06-16-27-20-86966234411",
"ajouter-aux-favoris": false,
"breadcrumb": "taxonomies/types-de-ressource/fil-RSS/Wordpress/",
"description": "Description de Wordpress",
"fiche-a-completer": true,
"fiche-publiee": true,
"identifiant-drupal": 369329,
"mise-a-jour": "2016-05-09-16-46-43",
"moment-de-creation": "2015-12-06-16-27-20",
"moment-de-modification": "2015-01-04-02-27-56",
"nom": "Wordpress",
"nom-anglais": ["Wordpress"],
"nom-arabe": ["Wordpress"],
"nom-espagnol": ["Wordpress"],
"nom-folder": "Wordpress",
"nom-francais": ["Wordpress"],
"nom-italien": ["Wordpress"],
"nom-machine": "terme-2015-12-06-16-27-20-86966234411",
"sous-type": "types-de-ressource",
"type": "taxonomies"
}