{
"_id": "terme-2015-12-06-16-27-21-86966234477",
"ajouter-aux-favoris": false,
"breadcrumb": "taxonomies/types-de-ressource/moteur-de-recherche/",
"description": "Description de Moteur de recherche",
"fiche-a-completer": true,
"fiche-publiee": true,
"identifiant-drupal": 317561,
"mise-a-jour": "2016-05-09-16-46-43",
"moment-de-creation": "2015-12-06-16-27-21",
"moment-de-modification": "2015-01-04-02-27-56",
"nom": "Moteur de recherche",
"nom-anglais": ["Search engine"],
"nom-espagnol": ["Motor de busqueda"],
"nom-folder": "moteur-de-recherche",
"nom-francais": ["Moteur de recherche"],
"nom-italien": ["Motore di recerca"],
"nom-machine": "terme-2015-12-06-16-27-21-86966234477",
"sous-type": "types-de-ressource",
"type": "taxonomies"
}