{
"_id": "terme-2015-12-06-16-27-21-86966234491",
"ajouter-aux-favoris": false,
"breadcrumb": "taxonomies/types-de-ressource/site-web/portail/portail-generaliste/",
"description": "Description de Portail generaliste",
"fiche-a-completer": true,
"fiche-publiee": true,
"identifiant-drupal": 369936,
"mise-a-jour": "2016-05-09-16-46-43",
"moment-de-creation": "2015-12-06-16-27-21",
"moment-de-modification": "2015-01-04-02-27-56",
"nom": "Portail generaliste",
"nom-anglais": ["Non specialized portal"],
"nom-espagnol": ["Portal generalista"],
"nom-folder": "portail-generaliste",
"nom-francais": ["Portail generaliste"],
"nom-italien": ["Portale generalista"],
"nom-machine": "terme-2015-12-06-16-27-21-86966234491",
"sous-type": "types-de-ressource",
"type": "taxonomies"
}