{
"_id": "terme-2015-12-06-16-23-27-86966220461",
"ajouter-aux-favoris": false,
"breadcrumb": "taxonomies/periodes/semaine/",
"description": "Description de Semaine",
"fiche-a-completer": false,
"fiche-publiee": true,
"identifiant-drupal": 368261,
"mise-a-jour": "2017-01-23-16-33-30",
"moment-de-creation": "2015-12-06-16-23-27",
"moment-de-modification": "2015-01-04-02-27-55",
"nom": "Semaine",
"nom-anglais": ["Weekly"],
"nom-arabe": ["&#1571;&#1587;&#1576;&#1608;&#1593;&#1610;"],
"nom-espagnol": ["Semana"],
"nom-folder": "semaine",
"nom-francais": ["Semaine"],
"nom-italien": ["Settimana"],
"nom-machine": "terme-2015-12-06-16-23-27-86966220461",
"sous-type": "periodes",
"type": "taxonomies"
}