{
"_id": "terme-2015-12-06-16-23-27-86966220453",
"ajouter-aux-favoris": false,
"breadcrumb": "taxonomies/periodes/jour/",
"description": "Description de Jour",
"fiche-a-completer": true,
"fiche-publiee": true,
"identifiant-drupal": 368262,
"mise-a-jour": "2016-05-09-16-45-51",
"moment-de-creation": "2015-12-06-16-23-27",
"moment-de-modification": "2015-01-04-02-27-55",
"nom": "Jour",
"nom-anglais": ["Day"],
"nom-arabe": ["&#1610;&#1608;&#1605;"],
"nom-espagnol": ["D&#237;a"],
"nom-folder": "jour",
"nom-francais": ["Jour"],
"nom-italien": ["Giorno"],
"nom-machine": "terme-2015-12-06-16-23-27-86966220453",
"sous-type": "periodes",
"type": "taxonomies"
}