{
"_id": "terme-2015-12-06-16-23-27-86966220450",
"ajouter-aux-favoris": false,
"breadcrumb": "taxonomies/periodes/immediatement/",
"description": "Description de Imm&#233;diatement",
"fiche-a-completer": true,
"fiche-publiee": true,
"identifiant-drupal": 368265,
"mise-a-jour": "2016-05-09-16-45-51",
"moment-de-creation": "2015-12-06-16-23-27",
"moment-de-modification": "2015-01-04-02-27-55",
"nom": "Imm&#233;diatement",
"nom-anglais": ["At once"],
"nom-arabe": ["&#1601;&#1608;&#1585;&#1575;"],
"nom-espagnol": ["Inmediatamente"],
"nom-folder": "immediatement",
"nom-francais": ["Imm&#233;diatement"],
"nom-italien": ["Subito"],
"nom-machine": "terme-2015-12-06-16-23-27-86966220450",
"sous-type": "periodes",
"type": "taxonomies"
}