{
"_id": "terme-2015-12-06-16-23-27-86966220458",
"ajouter-aux-favoris": false,
"breadcrumb": "taxonomies/periodes/quart-d'heure/",
"description": "Description de Quart d'heure",
"fiche-a-completer": true,
"fiche-publiee": true,
"identifiant-drupal": 368264,
"mise-a-jour": "2016-05-09-16-45-51",
"moment-de-creation": "2015-12-06-16-23-27",
"moment-de-modification": "2015-01-04-02-27-55",
"nom": "Quart d'heure",
"nom-anglais": ["Fifteen minutes"],
"nom-arabe": ["&#1582;&#1605;&#1587; &#1593;&#1588;&#1585;&#1577; &#1583;&#1602;&#1610;&#1602;&#1577;"],
"nom-espagnol": ["Cuarto de hora"],
"nom-folder": "quart-d'heure",
"nom-francais": ["Quart d'heure"],
"nom-italien": ["Quarto d'ora"],
"nom-machine": "terme-2015-12-06-16-23-27-86966220458",
"sous-type": "periodes",
"type": "taxonomies"
}