{
"_id": "terme-2015-12-06-16-23-27-86966220455",
"ajouter-aux-favoris": false,
"breadcrumb": "taxonomies/periodes/mois/",
"description": "Description de Mois",
"fiche-a-completer": true,
"fiche-publiee": true,
"identifiant-drupal": 368260,
"mise-a-jour": "2016-05-09-16-45-51",
"moment-de-creation": "2015-12-06-16-23-27",
"moment-de-modification": "2015-01-04-02-27-55",
"nom": "Mois",
"nom-anglais": ["Monthly"],
"nom-arabe": ["&#1588;&#1607;&#1585;&#1610;&#1575;"],
"nom-espagnol": ["Mes"],
"nom-folder": "mois",
"nom-francais": ["Mois"],
"nom-italien": ["Mese"],
"nom-machine": "terme-2015-12-06-16-23-27-86966220455",
"sous-type": "periodes",
"type": "taxonomies"
}