{
"_id": "terme-2015-12-06-16-23-27-86966220447",
"ajouter-aux-favoris": false,
"breadcrumb": "taxonomies/periodes/heure/",
"description": "Description de Heure",
"fiche-a-completer": false,
"fiche-publiee": true,
"identifiant-drupal": 368263,
"mise-a-jour": "2017-01-23-16-33-30",
"moment-de-creation": "2015-12-06-16-23-27",
"moment-de-modification": "2015-01-04-02-27-55",
"nom": "Heure",
"nom-anglais": ["Hour"],
"nom-arabe": ["&#1587;&#1575;&#1593;&#1577;"],
"nom-espagnol": ["Hora"],
"nom-folder": "heure",
"nom-francais": ["Heure"],
"nom-italien": ["Ora"],
"nom-machine": "terme-2015-12-06-16-23-27-86966220447",
"sous-type": "periodes",
"type": "taxonomies"
}