{
"_id": "terme-2015-12-06-16-23-27-86966220444",
"ajouter-aux-favoris": false,
"breadcrumb": "taxonomies/periodes/duree-de-vie/",
"description": "Description de Dur&#233;e de vie",
"fiche-a-completer": false,
"fiche-publiee": true,
"identifiant-drupal": 368258,
"mise-a-jour": "2017-01-23-16-33-30",
"moment-de-creation": "2015-12-06-16-23-27",
"moment-de-modification": "2015-01-04-02-27-55",
"nom": "Dur&#233;e de vie",
"nom-anglais": ["Lifetime"],
"nom-arabe": ["&#1605;&#1583;&#1577; &#1575;&#1604;&#1581;&#1610;&#1575;&#1577;"],
"nom-espagnol": ["Duraci&#243;n"],
"nom-folder": "duree-de-vie",
"nom-francais": ["Dur&#233;e de vie"],
"nom-italien": ["Durata di vita"],
"nom-machine": "terme-2015-12-06-16-23-27-86966220444",
"sous-type": "periodes",
"type": "taxonomies"
}