{
"_id": "terme-2015-12-06-16-23-27-86966220442",
"ajouter-aux-favoris": false,
"breadcrumb": "taxonomies/periodes/annee/",
"description": "Description de Ann&#233;e",
"fiche-a-completer": true,
"fiche-publiee": true,
"identifiant-drupal": 368259,
"mise-a-jour": "2016-05-09-16-45-51",
"moment-de-creation": "2015-12-06-16-23-27",
"moment-de-modification": "2015-01-04-02-27-55",
"nom": "Ann&#233;e",
"nom-anglais": ["Year"],
"nom-arabe": ["&#1587;&#1606;&#1577;"],
"nom-espagnol": ["A&#241;o"],
"nom-folder": "annee",
"nom-francais": ["Ann&#233;e"],
"nom-italien": ["Anno"],
"nom-machine": "terme-2015-12-06-16-23-27-86966220442",
"sous-type": "periodes",
"type": "taxonomies"
}