{
"_id": "pers-2016-03-25-07-00-05-87534216327",
"ajouter-aux-favoris": false,
"date-edition": "2016-03-25-07-00-05",
"description": "No&#235;lle Renaude (n&#233;e &#224; Paris en 1949) est une dramaturge fran&#231;aise contemporaine.<br>Elle a aujourd'hui une vingtaine de pi&#232;ces &#224; son actif, la plupart traduites en plusieurs langues et jou&#233;es ou &#233;dit&#233;es &#224; l'&#233;tranger.<br>Elle &#233;crit pour le th&#233;&#226;tre depuis l'&#226;ge de 27 ans. Ce n'est qu'apr&#232;s des &#233;tudes d'histoire de l'art et de langues orientales qu'elle se consacre &#224; l'&#233;criture th&#233;&#226;trale tout en &#233;crivant pour des revues diverses sur le th&#233;&#226;tre et les arts plastiques.<br>Oeuvre prot&#233;iforme, en r&#233;g&#233;n&#233;ration permanente, ses textes explorent la sc&#232;ne tout en la provoquant. De 1994 &#224; 1997 elle &#233;crit Ma Solange, comment t'&#233;crire mon d&#233;sastre, Alex Roux, texte fleuve de 18 heures, qu'elle destine &#224; l'acteur Christophe Brault, et qu'elle met en sc&#232;ne au fur et &#224; mesure de l'avanc&#233;e de l'&#233;criture.<br>En France, des metteurs en sc&#232;ne comme Robert Cantarella, Michel Didym, Fran&#231;ois Rancillac, Fr&#233;d&#233;ric Fisbach, Philippe Calvario, Fr&#233;d&#233;ric Maragnani, ainsi que l'artiste plasticien Thierry Fournier, ont mont&#233; ses textes. Florence Giorgetti, pour sa part, a mis en sc&#232;ne Blanche Aurore C&#233;leste, Madame Ka et r&#233;cemment Une belle journ&#233;e. Ses textes font par ailleurs l'objet de cr&#233;ations radiophoniques sur France Culture et d'autres radios &#233;trang&#232;res. L'atlas alphab&#233;tique d'un nouveau monde , sous la direction de Michel Corvin, explore les territoires de son &#233;criture.",
"fiche-a-completer": true,
"fiche-publiee": true,
"identifiant-drupal": 455534,
"importance": 0,
"mise-a-jour": "2016-05-09-16-44-04",
"moment-de-creation": "2016-03-25-07-00-05",
"moment-de-modification": "2016-03-25-07-00-05",
"nom": "No&#235;lle Renaude",
"nom-francais": ["No&#235;lle Renaude"],
"nom-machine": ["pers-2016-03-25-07-00-05-87534216327"],
"personne-date-naissance": "terme-2015-12-06-16-25-32-86966227937",
"personne-nom-famille": "Renaude",
"personne-nom-prenom": "No&#235;lle",
"site-de-diffusion": ["terme-2015-12-06-16-23-47-86966221646"],
"source-defectueuse": false,
"source-url": "http://www.phdadministration.net/?id=pers-2016-03-25-07-00-05-87534216327",
"sous-type": "pers",
"type": "ressources",
"type-de-ressource": ["terme-2015-12-06-16-27-16-86966234209","terme-2015-12-06-16-27-18-86966234335"]
}