{
"_id": "pers-2016-04-04-18-46-07-87588598063",
"ajouter-aux-favoris": false,
"fiche-a-completer": true,
"fiche-publiee": true,
"importance": 0,
"mise-a-jour": "2016-05-09-16-44-28",
"moment-de-creation": "2016-04-04-18-46-07",
"moment-de-modification": "2016-04-04-18-46-07",
"nom": "Jean-fran&#227;&#167;ois Jarrige",
"nom-francais": ["Jean-fran&#227;&#167;ois Jarrige"],
"nom-machine": "pers-2016-04-04-18-46-07-87588598063",
"personne-nom-famille": "Jarrige",
"personne-nom-prenom": "Jean-fran&#227;&#167;ois",
"site-de-diffusion": ["terme-2015-12-06-16-23-47-86966221646"],
"source-defectueuse": false,
"source-url": "http://www.phdadministration.net/?id=pers-2016-04-04-18-46-07-87588598063,",
"sous-type": "pers",
"type": "ressources",
"type-de-ressource": ["terme-2015-12-06-16-27-21-86966234485"]
}