{
"_id": "pers-2016-03-25-06-59-21-87534213717",
"ajouter-aux-favoris": false,
"date-edition": "2016-03-25-06-59-21",
"description": "Avocate de la compagnie<br>Poss&#233;dant plus de 20 ans d'exp&#233;rience en droit des affaires, Marie Laure Leclercq est sp&#233;cialis&#233;e dans le domaine de la propri&#233;t&#233; intellectuelle et des technologies. Elle agit pour le compte d&#8217;une client&#232;le compos&#233;e principalement d&#8217;entreprises et d&#8217;organismes en ce qui a trait &#224; tous enjeux juridiques li&#233;s &#224; la propri&#233;t&#233; intellectuelle, qu'il s'agisse de brevets, de marques de commerce, de droits d'auteur (logiciels, droit de l'Internet et droit du divertissement) ou de dessins industriels.<br>Au fil de sa carri&#232;re, Me Leclercq a &oelig;uvr&#233; pendant plusieurs ann&#233;es &#224; titre de vice-pr&#233;sidente, Finances et vice-pr&#233;sidente ex&#233;cutive d'une entreprise de d&#233;veloppement et de commercialisation de logiciels ainsi que de conception de mat&#233;riel p&#233;dagogique. Dans le cadre des ses fonctions, elle a contribu&#233; &#224; tous les aspects de la gestion, notamment l&#8217;acquisition et la vente d'entreprises, le financement, la mise en march&#233; et l&#8217;&#233;tablissement de partenariat, lui conf&#233;rant des aptitudes &#233;prouv&#233;es pour conseiller judicieusement les entrepreneurs dans l&#8217;atteinte de leurs objectifs d&#8217;affaires.",
"fiche-a-completer": true,
"fiche-publiee": true,
"identifiant-drupal": 3120,
"importance": 0,
"mise-a-jour": "2016-05-09-16-44-01",
"moment-de-creation": "2016-03-25-06-59-21",
"moment-de-modification": "2016-03-25-06-59-21",
"mots-clefs": ["avocat","propri&#233;t&#233; intellecteulle"],
"nom": "Marie-Laure Leclercq",
"nom-francais": ["Marie-Laure Leclercq"],
"nom-machine": ["pers-2016-03-25-06-59-21-87534213717"],
"personne-nom-famille": "Leclercq",
"personne-nom-prenom": "Marie-Laure",
"site-de-diffusion": ["terme-2015-12-06-16-23-47-86966221646"],
"source-defectueuse": false,
"source-url": "http://www.phdadministration.net/?id=pers-2016-03-25-06-59-21-87534213717",
"sous-type": "pers",
"tip": "Avocate de la compagnie.",
"type": "ressources",
"type-de-ressource": ["terme-2015-12-06-16-27-16-86966234209","terme-2015-12-06-16-27-18-86966234335","terme-2015-12-06-16-27-20-86966234417","terme-2015-12-06-16-27-21-86966234485"]
}