{
"_id": "pers-2016-03-07-05-34-47-87440813239",
"ajouter-aux-favoris": false,
"fiche-a-completer": true,
"fiche-publiee": true,
"importance": 0,
"lieu-concerne": ["lieu-2015-12-06-16-22-27-86966216836","lieu-2015-12-06-16-23-24-86966220277"],
"mise-a-jour": "2016-05-09-16-44-01",
"moment-de-creation": "2016-03-07-05-34-47",
"moment-de-modification": "2016-03-07-05-34-53",
"nom": "Robert Van Der Veen",
"nom-francais": ["Robert Van Der Veen"],
"nom-machine": "pers-2016-03-07-05-34-47-87440813239",
"personne-concernee": ["pers-2016-03-07-05-22-23-87440768614"],
"personne-nom-famille": "Van Der Veen",
"personne-nom-prenom": "Robert",
"personne-wikipedia": "https://www.researchgate.net/profile/Robert_Van_Der_Veen",
"site-de-diffusion": ["terme-2015-12-06-16-23-47-86966221646"],
"source-defectueuse": false,
"source-url": "http://www.phdadministration.net/?id=pers-2016-03-07-05-34-47-87440813239",
"sous-type": "pers",
"sujet": ["terme-2015-12-06-16-24-53-86966225626","terme-2015-12-06-16-24-53-86966225628","terme-2015-12-06-16-24-53-86966225631","terme-2015-12-06-16-26-47-86966232428","terme-2015-12-06-16-26-48-86966232482"],
"type": "ressources",
"type-de-ressource": ["terme-2015-12-06-16-27-21-86966234485"]
}