{
"_id": "pers-2016-03-25-07-02-34-87534225244",
"ajouter-aux-favoris": false,
"date-edition": "2016-03-25-07-02-34",
"fiche-a-completer": true,
"fiche-publiee": true,
"identifiant-drupal": 462959,
"importance": 0,
"mise-a-jour": "2016-05-09-16-44-11",
"moment-de-creation": "2016-03-25-07-02-34",
"moment-de-modification": "2016-03-25-07-02-34",
"nom": "Liah Greenfeld",
"nom-francais": ["Liah Greenfeld"],
"nom-machine": ["pers-2016-03-25-07-02-34-87534225244"],
"personne-date-naissance": "terme-2015-12-06-16-25-32-86966227943",
"personne-nom-famille": "Greenfeld ",
"personne-nom-prenom": "Liah",
"site-de-diffusion": ["terme-2015-12-06-16-23-47-86966221646"],
"source-defectueuse": false,
"source-url": "http://www.phdadministration.net/?id=pers-2016-03-25-07-02-34-87534225244",
"sous-type": "pers",
"tip": "auteurs.html",
"type": "ressources",
"type-de-ressource": ["terme-2015-12-06-16-27-16-86966234209","terme-2015-12-06-16-27-18-86966234335"]
}