{
"_id": "pers-2016-03-25-06-59-42-87534214953",
"ajouter-aux-favoris": false,
"date-edition": "2016-03-25-06-59-42",
"fiche-a-completer": true,
"fiche-publiee": true,
"identifiant-drupal": 4422,
"importance": 0,
"langue-edition": ["terme-2015-12-06-16-10-42-86966174537"],
"mise-a-jour": "2016-05-09-16-44-03",
"moment-de-creation": "2016-03-25-06-59-42",
"moment-de-modification": "2016-03-25-06-59-42",
"nom": "Paul Ricoeur",
"nom-francais": ["Paul Ricoeur"],
"nom-machine": ["pers-2016-03-25-06-59-42-87534214953"],
"personne-nom-famille": "Ricoeur",
"personne-nom-prenom": "Paul",
"site-de-diffusion": ["terme-2015-12-06-16-23-47-86966221646"],
"source-defectueuse": false,
"source-url": "http://www.phdadministration.net/?id=pers-2016-03-25-06-59-42-87534214953",
"sous-type": "pers",
"type": "ressources",
"type-de-ressource": ["terme-2015-12-06-16-27-16-86966234209","terme-2015-12-06-16-27-18-86966234335"]
}