{
"_id": "pers-2016-03-25-07-06-02-87534237737",
"ajouter-aux-favoris": false,
"date-edition": "2016-03-25-07-06-02",
"fiche-a-completer": true,
"fiche-publiee": true,
"identifiant-drupal": 48984,
"importance": 0,
"mise-a-jour": "2016-05-09-16-44-17",
"moment-de-creation": "2016-03-25-07-06-02",
"moment-de-modification": "2016-03-25-07-06-02",
"nom": "Pierre HERISSON",
"nom-francais": ["Pierre HERISSON"],
"nom-machine": ["pers-2016-03-25-07-06-02-87534237737"],
"personne-nom-famille": "HERISSON",
"personne-nom-prenom": "Pierre",
"site-de-diffusion": ["terme-2015-12-06-16-23-47-86966221646"],
"source-defectueuse": false,
"source-url": "http://www.phdadministration.net/?id=pers-2016-03-25-07-06-02-87534237737",
"sous-type": "pers",
"type": "ressources",
"type-de-ressource": ["terme-2015-12-06-16-27-16-86966234209","terme-2015-12-06-16-27-18-86966234335","terme-2015-12-06-16-27-19-86966234380"]
}