{
"_id": "pers-2016-04-04-18-45-28-87588595703",
"ajouter-aux-favoris": false,
"fiche-a-completer": true,
"fiche-publiee": true,
"importance": 0,
"mise-a-jour": "2016-05-09-16-44-19",
"moment-de-creation": "2016-04-04-18-45-28",
"moment-de-modification": "2016-04-04-18-45-28",
"nom": "Fr&#227;&#169;d&#227;&#169;ric Baleine Du Laurens",
"nom-francais": ["Fr&#227;&#169;d&#227;&#169;ric Baleine Du Laurens"],
"nom-machine": "pers-2016-04-04-18-45-28-87588595703",
"personne-nom-famille": "Baleine Du Laurens",
"personne-nom-prenom": "Fr&#227;&#169;d&#227;&#169;ric",
"site-de-diffusion": ["terme-2015-12-06-16-23-47-86966221646"],
"source-defectueuse": false,
"source-url": "http://www.phdadministration.net/?id=pers-2016-04-04-18-45-28-87588595703,",
"sous-type": "pers",
"type": "ressources",
"type-de-ressource": ["terme-2015-12-06-16-27-21-86966234485"]
}