{
"_id": "pers-2016-03-25-07-02-47-87534226068",
"ajouter-aux-favoris": false,
"date-edition": "2016-03-25-07-02-47",
"fiche-a-completer": true,
"fiche-publiee": true,
"identifiant-drupal": 463323,
"importance": 0,
"mise-a-jour": "2016-05-09-16-44-14",
"moment-de-creation": "2016-03-25-07-02-47",
"moment-de-modification": "2016-03-25-07-02-47",
"nom": "Aviad Raz",
"nom-francais": ["Aviad Raz"],
"nom-machine": ["pers-2016-03-25-07-02-47-87534226068"],
"personne-date-naissance": "terme-2015-12-06-16-25-33-86966228022",
"personne-nom-famille": "Raz ",
"personne-nom-prenom": "Aviad",
"site-de-diffusion": ["terme-2015-12-06-16-23-47-86966221646"],
"source-defectueuse": false,
"source-url": "http://www.phdadministration.net/?id=pers-2016-03-25-07-02-47-87534226068",
"sous-type": "pers",
"tip": "auteurs.html",
"type": "ressources",
"type-de-ressource": ["terme-2015-12-06-16-27-16-86966234209","terme-2015-12-06-16-27-18-86966234335"]
}