{
"_id": "pers-2016-03-25-06-59-15-87534213357",
"ajouter-aux-favoris": false,
"date-edition": "2016-03-25-06-59-15",
"fiche-a-completer": true,
"fiche-publiee": true,
"identifiant-drupal": 28608,
"importance": 0,
"mise-a-jour": "2016-05-09-16-44-01",
"moment-de-creation": "2016-03-25-06-59-15",
"moment-de-modification": "2016-03-25-06-59-15",
"nom": "Choses vues by Emery Dolig&#233;",
"nom-francais": ["Choses vues by Emery Dolig&#233;"],
"nom-machine": ["pers-2016-03-25-06-59-15-87534213357"],
"personne-nom-famille": "Dolig&#233;",
"personne-nom-prenom": "Emery",
"site-de-diffusion": ["terme-2015-12-06-16-23-47-86966221646"],
"source-defectueuse": false,
"source-url": "http://www.phdadministration.net/?id=pers-2016-03-25-06-59-15-87534213357",
"sous-type": "pers",
"type": "ressources",
"type-de-ressource": ["terme-2015-12-06-16-27-18-86966234335","terme-2015-12-06-16-27-19-86966234380"]
}