{
"_id": "pers-2016-04-04-18-45-59-87588597543",
"ajouter-aux-favoris": false,
"fiche-a-completer": true,
"fiche-publiee": true,
"importance": 0,
"mise-a-jour": "2016-05-09-16-44-26",
"moment-de-creation": "2016-04-04-18-45-59",
"moment-de-modification": "2016-04-04-18-45-59",
"nom": "Fei Ge",
"nom-francais": ["Fei Ge"],
"nom-machine": "pers-2016-04-04-18-45-59-87588597543",
"personne-nom-famille": "Ge",
"personne-nom-prenom": "Fei",
"site-de-diffusion": ["terme-2015-12-06-16-23-47-86966221646"],
"source-defectueuse": false,
"source-url": "http://www.phdadministration.net/?id=pers-2016-04-04-18-45-59-87588597543,",
"sous-type": "pers",
"type": "ressources",
"type-de-ressource": ["terme-2015-12-06-16-27-21-86966234485"]
}