{
"_id": "pers-2016-03-25-07-03-16-87534227801",
"ajouter-aux-favoris": false,
"date-edition": "2016-03-25-07-03-16",
"fiche-a-completer": true,
"fiche-publiee": true,
"identifiant-drupal": 466160,
"importance": 0,
"langue-edition": ["terme-2015-12-06-16-10-42-86966174537"],
"mise-a-jour": "2016-05-09-16-44-17",
"moment-de-creation": "2016-03-25-07-03-16",
"moment-de-modification": "2016-03-25-07-03-16",
"mots-clefs": ["&#233;conomie politique spinoziste","capitalisme actionnarial","CESSP","chercheur","CNRS","crise financi&#232;re","directeur de recherche","Fr&#233;d&#233;ric Lordon","march&#233;s financiers","Universit&#233; Paris La Sorbonne"],
"nom": "Fr&#233;d&#233;ric Lordon - Travaux",
"nom-francais": ["Fr&#233;d&#233;ric Lordon - Travaux"],
"nom-machine": ["pers-2016-03-25-07-03-16-87534227801"],
"personne-nom-famille": "Lordon",
"personne-nom-prenom": "Fr&#233;d&#233;ric",
"site-de-diffusion": ["terme-2015-12-06-16-23-47-86966221646"],
"source-defectueuse": false,
"source-url": "http://www.phdadministration.net/?id=pers-2016-03-25-07-03-16-87534227801",
"sous-type": "pers",
"tip": "Fr&#233;d&#233;ric Lordon, directeur de recherche au CNRS, travaille au d&#233;veloppement d'une &#233;conomie politique spinoziste. Et &#233;galement sur les logiques du capitalisme actionnarial, des march&#233;s financiers et de leurs crises.",
"type": "ressources",
"type-de-ressource": ["terme-2015-12-06-16-27-18-86966234335","terme-2015-12-06-16-27-21-86966234482"]
}