{
"_id": "pers-2016-03-25-07-00-06-87534216380",
"ajouter-aux-favoris": false,
"date-edition": "2016-03-25-07-00-06",
"description": "V&#225;clav Havel (IPA&#160;: /&#712;va:&#678;laf &#712;&#614;av&#603;l/) (n&#233; le 5&#160;octobre&#160;1936 &#224; Prague) est un &#233;crivain, intellectuel et homme politique tch&#233;coslovaque puis tch&#232;que. Durant la p&#233;riode communiste, il a &#233;t&#233; l'une des figures de l'opposition &#224; la R&#233;publique socialiste tch&#233;coslovaque. Il a ensuite &#233;t&#233; le pr&#233;sident de la R&#233;publique f&#233;d&#233;rale tch&#232;que et slovaque de 1989 &#224; 1992 puis le pr&#233;sident de la R&#233;publique tch&#232;que de 1993 &#224; 2003. Politicien atypique, g&#233;n&#233;ralement estim&#233; comme une &#171;&#160;personnalit&#233; extraordinaire&#160;&#187; dans son pays, souvent appel&#233; le &#171;&#160;pr&#233;sident-philosophe&#160;&#187;, sa vie a &#233;t&#233; qualifi&#233;e d'&#171;&#160;&oelig;uvre d'art&#187; par Milan Kundera.",
"fiche-a-completer": true,
"fiche-publiee": true,
"identifiant-drupal": 455557,
"importance": 0,
"langue-edition": ["terme-2015-12-06-16-10-42-86966174537"],
"mise-a-jour": "2016-05-09-16-44-04",
"moment-de-creation": "2016-03-25-07-00-06",
"moment-de-modification": "2016-03-25-07-00-06",
"nom": "V&#225;clav Havel",
"nom-francais": ["V&#225;clav Havel"],
"nom-machine": ["pers-2016-03-25-07-00-06-87534216380"],
"personne-date-naissance": "terme-2015-12-06-16-25-31-86966227885",
"personne-nom-famille": "Havel",
"personne-nom-prenom": "V&#225;clav",
"site-de-diffusion": ["terme-2015-12-06-16-23-47-86966221646"],
"source-defectueuse": false,
"source-url": "http://www.phdadministration.net/?id=pers-2016-03-25-07-00-06-87534216380",
"sous-type": "pers",
"type": "ressources",
"type-de-ressource": ["terme-2015-12-06-16-27-16-86966234209","terme-2015-12-06-16-27-18-86966234335"]
}