{
"_id": "pers-2016-03-25-07-00-05-87534216347",
"ajouter-aux-favoris": false,
"date-edition": "2016-03-25-07-00-05",
"description": "Pierre Laville, n&#233; en 1937 &#224; Saint-Vincent-Rive-d'Olt, dans le Lot, est un &#233;crivain, dramaturge et metteur en sc&#232;ne fran&#231;ais.<br>N&#233; dans une famille d'enseignants, Pierre Laville a d'abord fait ses &#233;tudes secondaires au lyc&#233;e Gambetta &#224; Cahors, puis des &#233;tudes de droit &#224; l'universit&#233; de Toulouse qui le conduisent aux doctorats de droit et de sciences politiques. &#192; son arriv&#233;e &#224; Paris (comme professeur de droit &#224; l'&#201;cole pratique des hautes &#233;tudes, en Sorbonne, aupr&#232;s de Henri Desroche)il fait la connaissance de Jean-Marie Serreau, de Marie Bell, qui dirige alors le Th&#233;&#226;tre du Gymnase. Il collabore avec le cin&#233;aste Guy Gilles et Jacques Bouzerand, pour le tournage du film M&#233;lancholia, produit par Fran&#231;ois Reichenbach et participe plus tard &#224; La Noire de..., film du S&#233;n&#233;galais Semb&#232;ne Ousmane.",
"fiche-a-completer": true,
"fiche-publiee": true,
"identifiant-drupal": 455542,
"importance": 0,
"mise-a-jour": "2016-05-09-16-44-04",
"moment-de-creation": "2016-03-25-07-00-05",
"moment-de-modification": "2016-03-25-07-00-05",
"nom": "Pierre Laville",
"nom-francais": ["Pierre Laville"],
"nom-machine": ["pers-2016-03-25-07-00-05-87534216347"],
"personne-date-naissance": "1937",
"personne-nom-famille": "Laville",
"personne-nom-prenom": "Pierre",
"site-de-diffusion": ["terme-2015-12-06-16-23-47-86966221646"],
"source-defectueuse": false,
"source-url": "http://www.phdadministration.net/?id=pers-2016-03-25-07-00-05-87534216347",
"sous-type": "pers",
"type": "ressources",
"type-de-ressource": ["terme-2015-12-06-16-27-16-86966234209","terme-2015-12-06-16-27-18-86966234335"]
}