{
"_id": "pers-2016-03-25-07-00-01-87534216092",
"ajouter-aux-favoris": false,
"date-edition": "2016-03-25-07-00-01",
"description": "G&#233;rard Philipe (4&#160;d&#233;cembre&#160;1922 - 25&#160;novembre&#160;1959), de son vrai nom G&#233;rard Philip1, est un acteur de th&#233;&#226;tre et de cin&#233;ma fran&#231;ais.",
"fiche-a-completer": true,
"fiche-publiee": true,
"identifiant-drupal": 455430,
"importance": 0,
"mise-a-jour": "2016-05-09-16-44-03",
"moment-de-creation": "2016-03-25-07-00-01",
"moment-de-modification": "2016-03-25-07-00-01",
"nom": "G&#233;rard Philipe",
"nom-francais": ["G&#233;rard Philipe"],
"nom-machine": ["pers-2016-03-25-07-00-01-87534216092"],
"personne-date-deces": "1959",
"personne-date-naissance": "terme-2015-12-06-16-25-30-86966227848",
"personne-nom-famille": "Philipe",
"personne-nom-prenom": "G&#233;rard",
"site-de-diffusion": ["terme-2015-12-06-16-23-47-86966221646"],
"source-defectueuse": false,
"source-url": "http://www.phdadministration.net/?id=pers-2016-03-25-07-00-01-87534216092",
"sous-type": "pers",
"type": "ressources",
"type-de-ressource": ["terme-2015-12-06-16-27-16-86966234209","terme-2015-12-06-16-27-18-86966234335"]
}