{
"_id": "pers-2016-03-25-07-00-05-87534216330",
"ajouter-aux-favoris": false,
"date-edition": "2016-03-25-07-00-05",
"description": "Olivier Py, n&#233; le 24&#160;juillet&#160;1965 &#224; Grasse, est un dramaturge et metteur en sc&#232;ne fran&#231;ais. Il est &#233;galement com&#233;dien, et r&#233;alisateur.",
"fiche-a-completer": true,
"fiche-publiee": true,
"identifiant-drupal": 455535,
"importance": 0,
"mise-a-jour": "2016-05-09-16-44-04",
"moment-de-creation": "2016-03-25-07-00-05",
"moment-de-modification": "2016-03-25-07-00-05",
"nom": "Olivier Py",
"nom-francais": ["Olivier Py"],
"nom-machine": ["pers-2016-03-25-07-00-05-87534216330"],
"personne-date-naissance": "terme-2015-12-06-16-25-33-86966228014",
"personne-nom-famille": "Py",
"personne-nom-prenom": "Olivier",
"site-de-diffusion": ["terme-2015-12-06-16-23-47-86966221646"],
"source-defectueuse": false,
"source-url": "http://www.phdadministration.net/?id=pers-2016-03-25-07-00-05-87534216330",
"sous-type": "pers",
"type": "ressources",
"type-de-ressource": ["terme-2015-12-06-16-27-16-86966234209","terme-2015-12-06-16-27-18-86966234335"]
}