{
"_id": "pers-2016-03-12-02-06-11-87465982306",
"ajouter-aux-favoris": false,
"fiche-a-completer": true,
"fiche-publiee": true,
"importance": 0,
"mise-a-jour": "2016-05-09-16-44-01",
"moment-de-creation": "2016-03-12-02-06-11",
"moment-de-modification": "2016-03-12-02-09-14",
"mots-clefs": ["g&#233;opolitique","management international","relations internationales"],
"nom": "Yahia H. Zoubir",
"nom-francais": ["Yahia H. Zoubir"],
"nom-machine": "pers-2016-03-12-02-06-11-87465982306",
"personne-nom-famille": "Zoubir",
"personne-nom-prenom": "Yahia H.",
"site-de-diffusion": ["terme-2015-12-06-16-23-47-86966221646"],
"source-defectueuse": false,
"source-url": "http://www.phdadministration.net/?id=pers-2016-03-12-02-06-11-87465982306",
"sous-type": "pers",
"type": "ressources"
}