{
"_id": "pers-2016-03-25-07-00-06-87534216408",
"ajouter-aux-favoris": false,
"date-edition": "2016-03-25-07-00-06",
"description": "Zeami (&#19990;&#38463;&#24357;, 1363 - 1443), de son nom d'origine Kanze Motokiyo(&#35251;&#19990; &#20803;&#28165;), acteur et dramaturge japonais, fut le th&#233;oricien du N&#333;.<br>Fils de Kan'ami Kiyotsugu, acteur et directeur d'une troupe pr&#232;s de Nara, Zeami est remarqu&#233; &#224; l'&#226;ge de 13 ans lors d'une repr&#233;sentation, par un Shogun Ashikaga qui en fait son prot&#233;g&#233;. Pendant toute sa vie d'artiste, il s'effor&#231;a de clarifier et codifier le Sarugaku no n&#333;, alors emprunt de danses populaires, en un art d'esth&#233;tisme et de raffinement.<br>Il a &#233;nonc&#233; tous les grands principes du N&#333; tel qu'on le joue encore aujourd'hui, il en a d&#233;fini les secrets par des conseils savants et d&#233;licats. Sous sa direction, apparaissent l'ensemble des composantes de cet art&#160;: costumes, masques, musique, gestuelle codifi&#233;e. Il composa pr&#232;s de 90 pi&#232;ces de th&#233;&#226;tre, parmi les plus c&#233;l&#232;bres&#160;: Hagoromo, Shunkan, Takasago. Ses trait&#233;s demeurent une r&#233;f&#233;rence. Apr&#232;s avoir &#233;t&#233; transmis de p&#232;res en fils par les dynasties d'acteurs traditionnels, ils ne furent d&#233;couverts par le public qu'en 1909. F&#363;shi kaden (La transmission de la fleur artistique) &#233;galement appel&#233; kaden sho est sans doute son ouvrage le plus respect&#233;. Il y expose la mani&#232;re de faire fleurir l'interpr&#233;tation d'un personnage. Dans ce livre, &#233;crit en exil, il fait ainsi r&#233;f&#233;rence au concept de Y&#363;gen (le charme subtil) comme base de son enseignement th&#233;&#226;tral.<br>En 1422, &#224; 59 ans, Zeami se d&#233;tache du monde flottant pour entrer en religion. Sa succession est transmise &#224; ses fils qui disparaissent pr&#233;matur&#233;ment, puis &#224; son gendre, Komparu Zenchiku (&#37329;&#26149; &#31109;&#31481;), qui reprend ses enseignements et les fait perdurer. Aujourd'hui encore, les pi&#232;ces de Zeami sont les plus jou&#233;es dans le r&#233;pertoire du th&#233;&#226;tre N&#333;.",
"fiche-a-completer": true,
"fiche-publiee": true,
"identifiant-drupal": 455570,
"importance": 0,
"mise-a-jour": "2016-05-09-16-44-05",
"moment-de-creation": "2016-03-25-07-00-06",
"moment-de-modification": "2016-03-25-07-00-06",
"nom": "Zeami",
"nom-francais": ["Zeami"],
"nom-machine": ["pers-2016-03-25-07-00-06-87534216408"],
"personne-date-deces": "1443",
"personne-date-naissance": "page-2016-03-25-06-58-35-87534210916",
"personne-nom-famille": "Zeami",
"site-de-diffusion": ["terme-2015-12-06-16-23-47-86966221646"],
"source-defectueuse": false,
"source-url": "http://www.phdadministration.net/?id=pers-2016-03-25-07-00-06-87534216408",
"sous-type": "pers",
"type": "ressources",
"type-de-ressource": ["terme-2015-12-06-16-27-16-86966234209","terme-2015-12-06-16-27-18-86966234335"]
}