{
"_id": "pers-2016-03-25-06-59-42-87534214974",
"ajouter-aux-favoris": false,
"date-edition": "2016-03-25-06-59-42",
"fiche-a-completer": true,
"fiche-publiee": true,
"identifiant-drupal": 4432,
"importance": 0,
"langue-edition": ["terme-2015-12-06-16-10-42-86966174537"],
"mise-a-jour": "2016-05-09-16-44-03",
"moment-de-creation": "2016-03-25-06-59-42",
"moment-de-modification": "2016-03-25-06-59-42",
"nom": "Eric Schlosser",
"nom-francais": ["Eric Schlosser"],
"nom-machine": ["pers-2016-03-25-06-59-42-87534214974"],
"personne-nom-famille": "Schlosser",
"personne-nom-prenom": "Eric",
"site-de-diffusion": ["terme-2015-12-06-16-23-47-86966221646"],
"source-defectueuse": false,
"source-url": "http://www.phdadministration.net/?id=pers-2016-03-25-06-59-42-87534214974",
"sous-type": "pers",
"type": "ressources",
"type-de-ressource": ["terme-2015-12-06-16-27-16-86966234209","terme-2015-12-06-16-27-18-86966234335","terme-2015-12-06-16-27-19-86966234380"]
}