{
"_id": "pers-2016-03-25-07-02-51-87534226294",
"ajouter-aux-favoris": false,
"date-edition": "2016-03-25-07-02-51",
"fiche-a-completer": true,
"fiche-publiee": true,
"identifiant-drupal": 463420,
"importance": 0,
"mise-a-jour": "2016-05-09-16-44-15",
"moment-de-creation": "2016-03-25-07-02-51",
"moment-de-modification": "2016-03-25-07-02-51",
"nom": "Pierre Sieurin",
"nom-francais": ["Pierre Sieurin"],
"nom-machine": ["pers-2016-03-25-07-02-51-87534226294"],
"personne-nom-famille": "Sieurin ",
"personne-nom-prenom": "Pierre",
"site-de-diffusion": ["terme-2015-12-06-16-23-47-86966221646"],
"source-defectueuse": false,
"source-url": "http://www.phdadministration.net/?id=pers-2016-03-25-07-02-51-87534226294",
"sous-type": "pers",
"type": "ressources",
"type-de-ressource": ["terme-2015-12-06-16-27-16-86966234209","terme-2015-12-06-16-27-18-86966234335"]
}