{
"_id": "pers-2016-03-25-07-00-05-87534216332",
"ajouter-aux-favoris": false,
"date-edition": "2016-03-25-07-00-05",
"description": "Oscar Wilde, de son nom complet Oscar Fingal O'Flahertie Wills Wilde, est un &#233;crivain irlandais, n&#233; &#224; Dublin en Irlande le 16&#160;octobre&#160;1854 au 21 Westland Row&#160;(en), et mort &#224; Paris le 30&#160;novembre&#160;1900 &#224; l'&#226;ge de 46 ans.",
"fiche-a-completer": true,
"fiche-publiee": true,
"identifiant-drupal": 455536,
"importance": 0,
"mise-a-jour": "2016-05-09-16-44-04",
"moment-de-creation": "2016-03-25-07-00-05",
"moment-de-modification": "2016-03-25-07-00-05",
"nom": "Oscar Wilde",
"nom-francais": ["Oscar Wilde"],
"nom-machine": ["pers-2016-03-25-07-00-05-87534216332"],
"personne-date-deces": "1900",
"personne-date-naissance": "terme-2015-12-06-16-25-27-86966227651",
"personne-nom-famille": "Wilde",
"personne-nom-prenom": "Oscar",
"site-de-diffusion": ["terme-2015-12-06-16-23-47-86966221646"],
"source-defectueuse": false,
"source-url": "http://www.phdadministration.net/?id=pers-2016-03-25-07-00-05-87534216332",
"sous-type": "pers",
"type": "ressources",
"type-de-ressource": ["terme-2015-12-06-16-27-16-86966234209","terme-2015-12-06-16-27-18-86966234335"]
}