{
"_id": "pers-2016-03-25-07-01-35-87534221740",
"ajouter-aux-favoris": false,
"date-edition": "2016-03-25-07-01-35",
"description": "I am a Lecturer for Bangor University. Current research interests include behavioural advertising, viral culture, tensions between creativity and innovation, dataveillance, virtual environments and locative media. I am the author of Digital Advertising and currently working on my next book contracted to Continuum that investigates the social, cultural and legal impact of behavioural advertising. Please contact me at mcstay@bangor.ac.uk if you are interested in Ph.D supervision or consultancy services.",
"fiche-a-completer": true,
"fiche-publiee": true,
"identifiant-drupal": 458439,
"importance": 0,
"langue-edition": ["terme-2015-12-06-16-10-40-86966174431"],
"mise-a-jour": "2016-05-09-16-44-06",
"moment-de-creation": "2016-03-25-07-01-35",
"moment-de-modification": "2016-03-25-07-01-35",
"nom": "Andrew McStay",
"nom-francais": ["Andrew McStay"],
"nom-machine": ["pers-2016-03-25-07-01-35-87534221740"],
"personne-nom-famille": "McStay",
"personne-nom-prenom": "Andrew",
"site-de-diffusion": ["terme-2015-12-06-16-23-47-86966221646"],
"source-defectueuse": false,
"source-url": "http://www.phdadministration.net/?id=pers-2016-03-25-07-01-35-87534221740",
"sous-type": "pers",
"type": "ressources",
"type-de-ressource": ["terme-2015-12-06-16-27-16-86966234209","terme-2015-12-06-16-27-18-86966234335","terme-2015-12-06-16-27-20-86966234417","terme-2015-12-06-16-27-20-86966234423","terme-2015-12-06-16-27-21-86966234485"]
}