{
"_id": "pers-2016-03-25-07-00-02-87534216159",
"ajouter-aux-favoris": false,
"date-edition": "2016-03-25-07-00-02",
"description": "Christopher Fry (n&#233; le 12&#160;d&#233;cembre&#160;1907 &#224; Bristol, Gloucestershire, d&#233;c&#233;d&#233; le 30&#160;janvier&#160;2005 &#224; Chichester dans le Sussex) &#233;tait un dramaturge britannique et un directeur de th&#233;&#226;tre. Il fut le dernier &#233;crivain de langue anglaise &#224; avoir du succ&#232;s avec des pi&#232;ces en vers.<br>Son v&#233;ritable nom est Christopher Harris (surnom Kit). Il prit comme pseudonyme le nom de jeune fille de sa grand-m&#232;re maternelle, parente d'Elizabeth Fry, et devint quaker. Son p&#232;re mourut des cons&#233;quences de son alcoolisme alors qu'il avait trois ans. Il assista pour la premi&#232;re fois &#224; une pi&#232;ce de th&#233;&#226;tre (Peter Pan) lorsqu'il avait cinq ans, &#224; Bedford.<br>Il obtint son premier succ&#232;s en 1938 lorsqu'un vicaire du Sussex lui demanda d'&#233;crire une pi&#232;ce pour son &#233;glise (&#171;&#160;The boy with a Cart&#160;&#187;). Elle attira l'attention de T.S. Eliot qui devint son mentor et son ami.<br>Ses pi&#232;ces les plus c&#233;l&#232;bres sont&#160;: &#171;&#160;A Phoenix Too Frequent&#160;&#187; (1946), &#171;&#160;The Firstborn&#160;&#187; (1946), &#171;&#160;The Lady's Not for Burning&#160;&#187; (1949), &#171;&#160; Venus Observed&#160;&#187; (1950).<br>&#192; partir des ann&#233;es 1950, certaines de ses pi&#232;ces furent adapt&#233;es &#224; l'&#233;cran. Il participa &#224; la r&#233;daction de sc&#233;nario (Ben Hur en 1959 et Barabbas en 1962).",
"fiche-a-completer": true,
"fiche-publiee": true,
"identifiant-drupal": 455462,
"importance": 0,
"mise-a-jour": "2016-05-09-16-44-04",
"moment-de-creation": "2016-03-25-07-00-02",
"moment-de-modification": "2016-03-25-07-00-02",
"nom": "Christopher Fry",
"nom-francais": ["Christopher Fry"],
"nom-machine": ["pers-2016-03-25-07-00-02-87534216159"],
"personne-date-deces": "2005",
"personne-date-naissance": "terme-2015-12-06-16-25-29-86966227786",
"personne-nom-famille": "Fry",
"personne-nom-prenom": "Christopher",
"site-de-diffusion": ["terme-2015-12-06-16-23-47-86966221646"],
"source-defectueuse": false,
"source-url": "http://www.phdadministration.net/?id=pers-2016-03-25-07-00-02-87534216159",
"sous-type": "pers",
"type": "ressources",
"type-de-ressource": ["terme-2015-12-06-16-27-16-86966234209","terme-2015-12-06-16-27-18-86966234335"]
}