{
"_id": "pers-2016-03-25-07-02-18-87534224328",
"ajouter-aux-favoris": false,
"date-edition": "2016-03-25-07-02-18",
"fiche-a-completer": true,
"fiche-publiee": true,
"identifiant-drupal": 461536,
"importance": 0,
"mise-a-jour": "2016-05-09-16-44-07",
"moment-de-creation": "2016-03-25-07-02-18",
"moment-de-modification": "2016-03-25-07-02-18",
"nom": "Gary Gereffi",
"nom-francais": ["Gary Gereffi"],
"nom-machine": ["pers-2016-03-25-07-02-18-87534224328"],
"personne-nom-famille": "Gereffi",
"personne-nom-prenom": "Gary",
"site-de-diffusion": ["terme-2015-12-06-16-23-47-86966221646"],
"source-defectueuse": false,
"source-url": "http://www.phdadministration.net/?id=pers-2016-03-25-07-02-18-87534224328",
"sous-type": "pers",
"type": "ressources",
"type-de-ressource": ["terme-2015-12-06-16-27-16-86966234209","terme-2015-12-06-16-27-18-86966234335","terme-2015-12-06-16-27-20-86966234417","terme-2015-12-06-16-27-21-86966234485"]
}