{
"_id": "pers-2016-03-25-07-02-17-87534224262",
"ajouter-aux-favoris": false,
"date-edition": "2016-03-25-07-02-17",
"fiche-a-completer": true,
"fiche-publiee": true,
"identifiant-drupal": 461503,
"importance": 0,
"langue-edition": ["terme-2015-12-06-16-10-40-86966174431"],
"mise-a-jour": "2016-05-09-16-44-07",
"moment-de-creation": "2016-03-25-07-02-17",
"moment-de-modification": "2016-03-25-07-02-17",
"nom": "Barbara A. Emmel",
"nom-francais": ["Barbara A. Emmel"],
"nom-machine": ["pers-2016-03-25-07-02-17-87534224262"],
"personne-nom-famille": "Emmel",
"personne-nom-prenom": "Barbara A.",
"site-de-diffusion": ["terme-2015-12-06-16-23-47-86966221646"],
"source-defectueuse": false,
"source-url": "http://www.phdadministration.net/?id=pers-2016-03-25-07-02-17-87534224262",
"sous-type": "pers",
"suggestion-personne": "http://www.scoms.ch/search/author.asp?id=176",
"type": "ressources",
"type-de-ressource": ["terme-2015-12-06-16-27-16-86966234209","terme-2015-12-06-16-27-18-86966234335","terme-2015-12-06-16-27-21-86966234485"]
}