{
"_id": "pers-2016-04-04-18-46-02-87588597735",
"ajouter-aux-favoris": false,
"fiche-a-completer": true,
"fiche-publiee": true,
"importance": 0,
"mise-a-jour": "2016-05-09-16-44-26",
"moment-de-creation": "2016-04-04-18-46-02",
"moment-de-modification": "2016-04-04-18-46-02",
"nom": "Aliette Guibert-certhoux",
"nom-francais": ["Aliette Guibert-certhoux"],
"nom-machine": "pers-2016-04-04-18-46-02-87588597735",
"personne-nom-famille": "Guibert-certhoux",
"personne-nom-prenom": "Aliette",
"site-de-diffusion": ["terme-2015-12-06-16-23-47-86966221646"],
"source-defectueuse": false,
"source-url": "http://www.phdadministration.net/?id=pers-2016-04-04-18-46-02-87588597735,",
"sous-type": "pers",
"type": "ressources",
"type-de-ressource": ["terme-2015-12-06-16-27-21-86966234485"]
}