{
"_id": "pers-2016-03-25-07-00-01-87534216073",
"ajouter-aux-favoris": false,
"date-edition": "2016-03-25-07-00-01",
"description": "Eleonora Duse est une com&#233;dienne italienne n&#233;e le 3&#160;octobre&#160;1858 &#224; Vigevano et morte le 21&#160;avril&#160;1924 &#224; Pittsburgh. Elle est consid&#233;r&#233;e comme l'une des plus grandes actrices de son temps. Rivale de Sarah Bernhardt, elle lui voua cependant une admiration profonde.",
"fiche-a-completer": true,
"fiche-publiee": true,
"identifiant-drupal": 455422,
"importance": 0,
"mise-a-jour": "2016-05-09-16-44-03",
"moment-de-creation": "2016-03-25-07-00-01",
"moment-de-modification": "2016-03-25-07-00-01",
"nom": "Eleonora Duse",
"nom-francais": ["Eleonora Duse"],
"nom-machine": ["pers-2016-03-25-07-00-01-87534216073"],
"personne-date-deces": "1924",
"personne-date-naissance": "terme-2015-12-06-16-25-28-86966227680",
"personne-nom-famille": "Duse",
"personne-nom-prenom": "Eleonora",
"site-de-diffusion": ["terme-2015-12-06-16-23-47-86966221646"],
"source-defectueuse": false,
"source-url": "http://www.phdadministration.net/?id=pers-2016-03-25-07-00-01-87534216073",
"sous-type": "pers",
"type": "ressources",
"type-de-ressource": ["terme-2015-12-06-16-27-16-86966234209","terme-2015-12-06-16-27-18-86966234335"]
}