{
"_id": "pers-2016-03-25-07-00-04-87534216297",
"ajouter-aux-favoris": false,
"date-edition": "2016-03-25-07-00-04",
"description": "Juan Ruiz de Alarc&#243;n y Mendoza ou, plus couramment, Juan Ruiz de Alarc&#243;n (n&#233; le 2&#160;octobre&#160;1581 &#224; Real de Taxco dans l'actuel &#201;tat de Guerrero, Mexique, et mort le 4&#160;ao&#251;t&#160;1639 &#224; Madrid, Espagne) &#233;tait un dramaturge espagnol du d&#233;but du xviie&#160;si&#232;cle.",
"fiche-a-completer": true,
"fiche-publiee": true,
"identifiant-drupal": 455520,
"importance": 0,
"mise-a-jour": "2016-05-09-16-44-04",
"moment-de-creation": "2016-03-25-07-00-04",
"moment-de-modification": "2016-03-25-07-00-04",
"nom": "Juan Ruiz de Alarc&#243;n y Mendoza",
"nom-francais": ["Juan Ruiz de Alarc&#243;n y Mendoza"],
"nom-machine": ["pers-2016-03-25-07-00-04-87534216297"],
"personne-date-deces": "1639",
"personne-date-naissance": "1581",
"personne-nom-famille": "de Alarc&#243;n y Mendoza",
"personne-nom-prenom": "Juan Ruiz",
"site-de-diffusion": ["terme-2015-12-06-16-23-47-86966221646"],
"source-defectueuse": false,
"source-url": "http://www.phdadministration.net/?id=pers-2016-03-25-07-00-04-87534216297",
"sous-type": "pers",
"type": "ressources",
"type-de-ressource": ["terme-2015-12-06-16-27-16-86966234209","terme-2015-12-06-16-27-18-86966234335"]
}