{
"_id": "pers-2016-03-25-07-02-57-87534226670",
"ajouter-aux-favoris": false,
"date-edition": "2016-03-25-07-02-57",
"fiche-a-completer": true,
"fiche-publiee": true,
"identifiant-drupal": 463584,
"importance": 0,
"langue-edition": ["terme-2015-12-06-16-10-42-86966174537"],
"mise-a-jour": "2016-05-09-16-44-16",
"moment-de-creation": "2016-03-25-07-02-57",
"moment-de-modification": "2016-03-25-07-02-57",
"nom": "Viviana Zelizer",
"nom-francais": ["Viviana Zelizer"],
"nom-machine": ["pers-2016-03-25-07-02-57-87534226670"],
"personne-nom-famille": "Zelizer ",
"personne-nom-prenom": "Viviana",
"site-de-diffusion": ["terme-2015-12-06-16-23-47-86966221646"],
"source-defectueuse": false,
"source-url": "http://www.phdadministration.net/?id=pers-2016-03-25-07-02-57-87534226670",
"sous-type": "pers",
"tip": "auteurs.html",
"type": "ressources",
"type-de-ressource": ["terme-2015-12-06-16-27-16-86966234209","terme-2015-12-06-16-27-18-86966234335"]
}