{
"_id": "pers-2016-03-25-07-02-31-87534225063",
"ajouter-aux-favoris": false,
"date-edition": "2016-03-25-07-02-31",
"fiche-a-completer": true,
"fiche-publiee": true,
"identifiant-drupal": 462876,
"importance": 0,
"mise-a-jour": "2016-05-09-16-44-10",
"moment-de-creation": "2016-03-25-07-02-31",
"moment-de-modification": "2016-03-25-07-02-31",
"nom": "C&#233;cile Fl&#233;chon",
"nom-francais": ["C&#233;cile Fl&#233;chon"],
"nom-machine": ["pers-2016-03-25-07-02-31-87534225063"],
"personne-nom-famille": "Fl&#233;chon ",
"personne-nom-prenom": "C&#233;cile",
"site-de-diffusion": ["terme-2015-12-06-16-23-47-86966221646"],
"source-defectueuse": false,
"source-url": "http://www.phdadministration.net/?id=pers-2016-03-25-07-02-31-87534225063",
"sous-type": "pers",
"tip": "electronlibre",
"type": "ressources",
"type-de-ressource": ["terme-2015-12-06-16-27-16-86966234209","terme-2015-12-06-16-27-18-86966234335"]
}