{
"_id": "pers-2016-03-25-07-00-59-87534219551",
"ajouter-aux-favoris": false,
"date-edition": "2016-03-25-07-00-59",
"description": "Fabian MUNIESA - Sociologue, Charg&#233; de recherche<br>Fabian Muniesa s'est form&#233; &#224; la sociologie &#224; la Universidad Complutense de Madrid (Espagne). Il a rejoint en 1999 le laboratoire de sciences sociales de France T&#233;l&#233;com R&amp;amp;D pour r&#233;aliser une th&#232;se de doctorat sur l&#8217;informatisation des march&#233;s financiers qu&#8217;il a soutenu en 2003 &#224; l&#8217;Ecole des Mines de Paris. Il a par la suite rejoint la London School of Economics pour un post-doctorat et a b&#233;n&#233;fici&#233; d&#8217;une bourse de recherche internationale de la Ville de Paris..",
"fiche-a-completer": true,
"fiche-publiee": true,
"identifiant-drupal": 457168,
"importance": 0,
"langue-edition": ["terme-2015-12-06-16-10-42-86966174537"],
"mise-a-jour": "2016-05-09-16-44-06",
"moment-de-creation": "2016-03-25-07-00-59",
"moment-de-modification": "2016-03-25-07-00-59",
"nom": "Fabian MUNIESA",
"nom-francais": ["Fabian MUNIESA"],
"nom-machine": ["pers-2016-03-25-07-00-59-87534219551"],
"personne-nom-famille": "MUNIESA",
"personne-nom-prenom": "Fabian",
"site-de-diffusion": ["terme-2015-12-06-16-23-47-86966221646"],
"source-defectueuse": false,
"source-url": "http://www.phdadministration.net/?id=pers-2016-03-25-07-00-59-87534219551",
"sous-type": "pers",
"tip": "Sociologue, Charg&#233; de recherche",
"type": "ressources",
"type-de-ressource": ["terme-2015-12-06-16-27-16-86966234209","terme-2015-12-06-16-27-18-86966234335","terme-2015-12-06-16-27-21-86966234485"]
}