{
"_id": "pers-2016-03-25-07-02-39-87534225557",
"ajouter-aux-favoris": false,
"date-edition": "2016-03-25-07-02-39",
"fiche-a-completer": true,
"fiche-publiee": true,
"identifiant-drupal": 463100,
"importance": 0,
"mise-a-jour": "2016-05-09-16-44-12",
"moment-de-creation": "2016-03-25-07-02-39",
"moment-de-modification": "2016-03-25-07-02-39",
"nom": "Charles Lemert",
"nom-francais": ["Charles Lemert"],
"nom-machine": ["pers-2016-03-25-07-02-39-87534225557"],
"personne-date-naissance": "1937",
"personne-nom-famille": "Lemert ",
"personne-nom-prenom": "Charles",
"site-de-diffusion": ["terme-2015-12-06-16-23-47-86966221646"],
"source-defectueuse": false,
"source-url": "http://www.phdadministration.net/?id=pers-2016-03-25-07-02-39-87534225557",
"sous-type": "pers",
"tip": "auteurs.html",
"type": "ressources",
"type-de-ressource": ["terme-2015-12-06-16-27-16-86966234209","terme-2015-12-06-16-27-18-86966234335"]
}