{
"_id": "pers-2016-03-25-07-00-05-87534216359",
"ajouter-aux-favoris": false,
"date-edition": "2016-03-25-07-00-05",
"description": "Robert Garnier, n&#233; &#224; La Fert&#233;-Bernard (Sarthe) vers 1545 et mort au Mans le 20 septembre 1590, est un po&#232;te et dramaturge fran&#231;ais.",
"fiche-a-completer": true,
"fiche-publiee": true,
"identifiant-drupal": 455548,
"importance": 0,
"mise-a-jour": "2016-05-09-16-44-04",
"moment-de-creation": "2016-03-25-07-00-05",
"moment-de-modification": "2016-03-25-07-00-05",
"nom": "Robert Garnier",
"nom-francais": ["Robert Garnier"],
"nom-machine": ["pers-2016-03-25-07-00-05-87534216359"],
"personne-date-deces": "1590",
"personne-date-naissance": "1545",
"personne-nom-famille": "Garnier",
"personne-nom-prenom": "Robert",
"site-de-diffusion": ["terme-2015-12-06-16-23-47-86966221646"],
"source-defectueuse": false,
"source-url": "http://www.phdadministration.net/?id=pers-2016-03-25-07-00-05-87534216359",
"sous-type": "pers",
"type": "ressources",
"type-de-ressource": ["terme-2015-12-06-16-27-16-86966234209","terme-2015-12-06-16-27-18-86966234335"]
}