{
"_id": "pers-2016-03-25-07-03-07-87534227234",
"ajouter-aux-favoris": false,
"date-edition": "2016-03-25-07-03-07",
"fiche-a-completer": true,
"fiche-publiee": true,
"identifiant-drupal": 465914,
"importance": 0,
"langue-edition": ["terme-2015-12-06-16-10-41-86966174518"],
"mise-a-jour": "2016-05-09-16-44-17",
"moment-de-creation": "2016-03-25-07-03-07",
"moment-de-modification": "2016-03-25-07-03-07",
"nom": "Rub&#233;n A. S&#225;nchez",
"nom-francais": ["Rub&#233;n A. S&#225;nchez"],
"nom-machine": ["pers-2016-03-25-07-03-07-87534227234"],
"personne-nom-famille": "S&#225;nchez",
"personne-nom-prenom": "Rub&#233;n A.",
"site-de-diffusion": ["terme-2015-12-06-16-23-47-86966221646"],
"source-defectueuse": false,
"source-url": "http://www.phdadministration.net/?id=pers-2016-03-25-07-03-07-87534227234",
"sous-type": "pers",
"type": "ressources",
"type-de-ressource": ["terme-2015-12-06-16-27-16-86966234209","terme-2015-12-06-16-27-18-86966234335","terme-2015-12-06-16-27-20-86966234417","terme-2015-12-06-16-27-21-86966234485"]
}