{
"_id": "pers-2016-03-25-07-00-04-87534216280",
"ajouter-aux-favoris": false,
"date-edition": "2016-03-25-07-00-04",
"description": "Johann Nepomuk Eduard Ambrosius Nestroy (7 d&#233;cembre 1801 &#224; Vienne - &dagger; 25 mai 1862 &#224; Graz (Autriche), est un acteur, chanteur et dramaturge autrichien.<br>Apr&#232;s une carri&#232;re de chanteur d'op&#233;ra de 1822 &#224; 1831 qui le conduisit dans plusieurs villes europ&#233;ennes, Nestroy retourna dans sa ville natale, Vienne. C'est en ces lieux qu'il d&#233;buta son activit&#233; d'acteur mais surtout d'auteur de th&#233;&#226;tre. Similaire &#224; celle d'autres grands hommes de th&#233;&#226;tre, de par son existence et de son importance pour son pays natal, il fut consid&#233;r&#233; et appel&#233; par certains &#171;&#160;le Shakespeare Autrichien&#160;&#187;.<br>Contrairement &#224; Shakespeare, sa carri&#232;re d'&#233;crivain fut un franc et imm&#233;diat succ&#232;s&#160;: d&#232;s 1833, sa pi&#232;ce Lumpacivagabundus re&#231;ut un important &#233;cho dans la soci&#233;t&#233; intellectuelle viennoise et il devint aussit&#244;t une des figures majeures de la vie culturelle et sociale de l'Autriche tout enti&#232;re. C'est dans cette p&#233;riode qu'il succ&#233;da &#224; Ferdinand Raimund comme directeur artistique des spectacles commerciaux de Vienne.<br>Alors que Raimund, h&#233;ritier d'une tradition plus conventionnelle, avait pr&#233;f&#233;r&#233; les fantaisies magiques et romantiques, Nestroy fut le promoteur de la com&#233;die &#224; port&#233;e parodique et m&#234;me parfois critique. Oppos&#233; &#224; une soci&#233;t&#233; des plus conservatrice, repr&#233;sent&#233;e en la personne du ministre Clemens Metternich, il dut jouer habilement avec les sous-entendus et les limites de la pol&#233;mique ouverte pour pouvoir exprimer ses talents de critique de la soci&#233;t&#233; au travers du th&#233;&#226;tre. Cette pratique fut caract&#233;ris&#233;e par l'emploi de langage viennois. Il fut &#233;galement consid&#233;r&#233; comme l'un des pr&#233;curseurs quant &#224; l'utilisation de la musique pour souligner l'action th&#233;&#226;trale.<br>Productif, Nestroy &#233;crivit plus de quatre-vingts pi&#232;ces durant les ann&#233;es 1840 et 1850. Parmi les plus reconnues, on peut citer les com&#233;dies burlesques Lumpacivagabundus, Liebesgeschichten und Heiratssachen, Der Talisman, Einen Jux will er sich machen ou encore Der Zerrissene&#160;: toutes sont marqu&#233;es par une profonde critique sociale &#233;paul&#233;e par un sens aig&#252;e de la satire cinglante.<br>Il fut contemporain des styles Restauration et Louis-Philippe, et participa au mouvement artistique Biedermeier courant qui d&#233;signa la culture et l'art bourgeois apparus &#224; cette &#233;poque.",
"fiche-a-completer": true,
"fiche-publiee": true,
"identifiant-drupal": 455513,
"importance": 0,
"mise-a-jour": "2016-05-09-16-44-04",
"moment-de-creation": "2016-03-25-07-00-04",
"moment-de-modification": "2016-03-25-07-00-04",
"nom": "Johann Nestroy",
"nom-francais": ["Johann Nestroy"],
"nom-machine": ["pers-2016-03-25-07-00-04-87534216280"],
"personne-date-deces": "1862",
"personne-date-naissance": "terme-2015-12-06-16-25-22-86966227364",
"personne-nom-famille": "Nestroy",
"personne-nom-prenom": "Johann",
"site-de-diffusion": ["terme-2015-12-06-16-23-47-86966221646"],
"source-defectueuse": false,
"source-url": "http://www.phdadministration.net/?id=pers-2016-03-25-07-00-04-87534216280",
"sous-type": "pers",
"type": "ressources",
"type-de-ressource": ["terme-2015-12-06-16-27-16-86966234209","terme-2015-12-06-16-27-18-86966234335"]
}