{
"_id": "pers-2016-03-25-07-00-59-87534219575",
"ajouter-aux-favoris": false,
"date-edition": "2016-03-25-07-00-59",
"description": "Genevi&#232;ve TEIL - Chercheur associ&#233; - Genevi&#232;ve Teil est chercheur &#224; l'INRA Institut national de la Recherche Agronomique, dans l'unit&#233; SAD APT et actuellement en mission longue dur&#233;e en Inde, &#224; Bombay aupr&#232;s de l&#8217;Indira Gandhi Insitute on Development Research. Ses travaux portent sur l'analyse de la perception, du go&#251;t, de la qualit&#233;, les proc&#233;dures d'&#233;valuation et de jugement. Ces questions sont trait&#233;es de deux points de vue...",
"fiche-a-completer": true,
"fiche-publiee": true,
"identifiant-drupal": 457178,
"importance": 0,
"langue-edition": ["terme-2015-12-06-16-10-42-86966174537"],
"mise-a-jour": "2016-05-09-16-44-06",
"moment-de-creation": "2016-03-25-07-00-59",
"moment-de-modification": "2016-03-25-07-00-59",
"nom": "Genevi&#232;ve TEIL",
"nom-francais": ["Genevi&#232;ve TEIL"],
"nom-machine": ["pers-2016-03-25-07-00-59-87534219575"],
"personne-nom-famille": "TEIL",
"personne-nom-prenom": "Genevi&#232;ve",
"site-de-diffusion": ["terme-2015-12-06-16-23-47-86966221646"],
"source-defectueuse": false,
"source-url": "http://www.phdadministration.net/?id=pers-2016-03-25-07-00-59-87534219575",
"sous-type": "pers",
"tip": "Chercheur associ&#233;",
"type": "ressources",
"type-de-ressource": ["terme-2015-12-06-16-27-16-86966234209","terme-2015-12-06-16-27-18-86966234335","terme-2015-12-06-16-27-21-86966234485"]
}