{
"_id": "pers-2016-03-25-07-03-31-87534228680",
"ajouter-aux-favoris": false,
"date-edition": "2016-03-25-07-03-31",
"fiche-a-completer": true,
"fiche-publiee": true,
"identifiant-drupal": 466543,
"importance": 0,
"langue-edition": ["terme-2015-12-06-16-10-42-86966174537"],
"mise-a-jour": "2016-05-09-16-44-17",
"moment-de-creation": "2016-03-25-07-03-31",
"moment-de-modification": "2016-03-25-07-03-31",
"mots-clefs": ["D&#233;veloppement","entreprise","gestion","innovation","meilleures pratiques d'affaires","productivit&#233;","ressources humaines","strat&#233;gie","strat&#233;gique"],
"nom": "Yves Coulombe",
"nom-francais": ["Yves Coulombe"],
"nom-machine": ["pers-2016-03-25-07-03-31-87534228680"],
"personne-nom-famille": "Coulombe",
"personne-nom-prenom": "Yves",
"site-de-diffusion": ["terme-2015-12-06-16-23-47-86966221646"],
"source-defectueuse": false,
"source-url": "http://www.phdadministration.net/?id=pers-2016-03-25-07-03-31-87534228680",
"sous-type": "pers",
"tip": "D&#233;veloppement des entreprises",
"type": "ressources",
"type-de-ressource": ["terme-2015-12-06-16-27-16-86966234209","terme-2015-12-06-16-27-18-86966234335","terme-2015-12-06-16-27-19-86966234380","terme-2015-12-06-16-27-20-86966234423"]
}