{
"_id": "pers-2016-03-06-01-50-44-87434822662",
"ajouter-aux-favoris": false,
"fiche-a-completer": true,
"fiche-publiee": true,
"importance": 0,
"lieu-concerne": ["lieu-2015-12-06-16-10-48-86966174886","lieu-2015-12-06-16-13-14-86966183674","lieu-2015-12-06-16-14-01-86966186496","lieu-2015-12-06-16-22-44-86966217877"],
"mise-a-jour": "2016-05-09-16-44-00",
"moment-de-creation": "2016-03-06-01-50-44",
"moment-de-modification": "2016-03-06-01-52-06",
"nom": "Raphael Elkan Samuel",
"nom-francais": ["Raphael Elkan Samuel"],
"nom-machine": "pers-2016-03-06-01-50-44-87434822662",
"personne-concernee": ["pers-2016-03-06-01-09-56-87434675809","pers-2016-03-06-01-50-44-87434822662","pers-2016-03-25-07-02-34-87534225287","pers-2016-03-25-07-02-56-87534226599"],
"personne-date-deces": "1996-12-09",
"personne-date-naissance": "1934-12-26",
"personne-nom-famille": "Samuel",
"personne-nom-prenom": "Raphael ",
"personne-wikipedia": "https://en.wikipedia.org/wiki/Raphael_Samuel",
"site-de-diffusion": ["terme-2015-12-06-16-23-47-86966221646"],
"source-defectueuse": false,
"source-url": "http://www.phdadministration.net/?id=pers-2016-03-06-01-50-44-87434822662",
"sous-type": "pers",
"sujet": ["terme-2015-12-06-16-24-36-86966224613","terme-2015-12-06-16-24-46-86966225201","terme-2015-12-06-16-25-11-86966226696","terme-2015-12-06-16-26-26-86966231160","terme-2015-12-06-16-26-31-86966231498"],
"type": "ressources",
"type-de-ressource": ["terme-2015-12-06-16-27-18-86966234335"]
}