{
"_id": "pers-2016-03-25-07-00-05-87534216318",
"ajouter-aux-favoris": false,
"date-edition": "2016-03-25-07-00-05",
"description": "Maurice Polydore Marie Bernard Maeterlinck (/ma.t&#603;&#641;.l&#603;&#771;&#720;k/ en Belgique&#160;; /m&#603;.te&#641;.l&#603;&#771;&#720;k/ en France1), n&#233; le 29 ao&#251;t 1862 &#224; Gand (Belgique) et d&#233;c&#233;d&#233; le 5 mai 1949 &#224; Nice (France), est un &#233;crivain francophone belge. Il re&#231;ut le prix Prix Nobel de litt&#233;rature en 1911.",
"fiche-a-completer": true,
"fiche-publiee": true,
"identifiant-drupal": 455529,
"importance": 0,
"mise-a-jour": "2016-05-09-16-44-04",
"moment-de-creation": "2016-03-25-07-00-05",
"moment-de-modification": "2016-03-25-07-00-05",
"nom": "Maurice Maeterlinck",
"nom-francais": ["Maurice Maeterlinck"],
"nom-machine": ["pers-2016-03-25-07-00-05-87534216318"],
"personne-date-deces": "1949",
"personne-date-naissance": "terme-2015-12-06-16-25-27-86966227672",
"personne-nom-famille": "Maeterlinck",
"personne-nom-prenom": "Maurice",
"site-de-diffusion": ["terme-2015-12-06-16-23-47-86966221646"],
"source-defectueuse": false,
"source-url": "http://www.phdadministration.net/?id=pers-2016-03-25-07-00-05-87534216318",
"sous-type": "pers",
"type": "ressources",
"type-de-ressource": ["terme-2015-12-06-16-27-16-86966234209","terme-2015-12-06-16-27-18-86966234335"]
}