{
"_id": "pers-2016-04-04-18-45-26-87588595589",
"ajouter-aux-favoris": false,
"fiche-a-completer": true,
"fiche-publiee": true,
"importance": 0,
"mise-a-jour": "2016-05-09-16-44-18",
"moment-de-creation": "2016-04-04-18-45-26",
"moment-de-modification": "2016-04-04-18-45-26",
"nom": "Valentina Arce",
"nom-francais": ["Valentina Arce"],
"nom-machine": "pers-2016-04-04-18-45-26-87588595589",
"personne-nom-famille": "Arce",
"personne-nom-prenom": "Valentina",
"site-de-diffusion": ["terme-2015-12-06-16-23-47-86966221646"],
"source-defectueuse": false,
"source-url": "http://www.phdadministration.net/?id=pers-2016-04-04-18-45-26-87588595589,",
"sous-type": "pers",
"type": "ressources",
"type-de-ressource": ["terme-2015-12-06-16-27-21-86966234485"]
}