{
"_id": "pers-2016-03-25-07-00-03-87534216194",
"ajouter-aux-favoris": false,
"date-edition": "2016-03-25-07-00-03",
"description": "Frank Wedekind, (de son vrai nom Benjamin Franklin Wedekind) n&#233; &#224; Hanovre le 24 juillet 1864 et d&#233;c&#233;d&#233; &#224; Munich le 9 mars 1918, est un dramaturge allemand.<br>Son p&#232;re est m&#233;decin, sa m&#232;re actrice et chanteuse. Il fr&#233;quente les universit&#233;s de Munich et de Zurich. Il a &#233;t&#233; le chef de file de l'expressionnisme allemand, influenc&#233; par Ibsen, Nietzsche, Hauptmann, B&#252;chner et Strindberg. &#192; partir de 1896, il vit &#224; Munich avec Frida Strindberg et aura un enfant avec elle. En 1908, il trouve un emploi dans le journal satirique munichois Simplicissimus.<br>Son th&#233;&#226;tre conteste la soci&#233;t&#233; bourgeoise et les tabous sexuels. Il provoque dans un dessein d'&#233;mancipation des masses et en usant de nombreux proc&#233;d&#233;s dramatiques, de la farce au vaudeville en passant par le drame et le cirque.<br>Alban Berg s'est inspir&#233; de L'esprit de la terre et de La Bo&#238;te de Pandore pour &#233;crire Lulu.",
"fiche-a-completer": true,
"fiche-publiee": true,
"identifiant-drupal": 455478,
"importance": 0,
"mise-a-jour": "2016-05-09-16-44-04",
"moment-de-creation": "2016-03-25-07-00-03",
"moment-de-modification": "2016-03-25-07-00-03",
"nom": "Frank Wedekind",
"nom-francais": ["Frank Wedekind"],
"nom-machine": ["pers-2016-03-25-07-00-03-87534216194"],
"personne-date-deces": "1918",
"personne-date-naissance": "terme-2015-12-06-16-25-27-86966227678",
"personne-nom-famille": "Wedekind",
"personne-nom-prenom": "Frank",
"site-de-diffusion": ["terme-2015-12-06-16-23-47-86966221646"],
"source-defectueuse": false,
"source-url": "http://www.phdadministration.net/?id=pers-2016-03-25-07-00-03-87534216194",
"sous-type": "pers",
"type": "ressources",
"type-de-ressource": ["terme-2015-12-06-16-27-16-86966234209","terme-2015-12-06-16-27-18-86966234335"]
}