{
"_id": "pers-2016-03-25-06-58-26-87534210367",
"ajouter-aux-favoris": false,
"date-edition": "2016-03-25-06-58-26",
"fiche-a-completer": true,
"fiche-publiee": true,
"identifiant-drupal": 10051,
"importance": 0,
"langue-edition": ["terme-2015-12-06-16-10-42-86966174537"],
"mise-a-jour": "2016-05-09-16-44-01",
"moment-de-creation": "2016-03-25-06-58-26",
"moment-de-modification": "2016-03-25-06-58-26",
"nom": "Marc Aug&#233;",
"nom-francais": ["Marc Aug&#233;"],
"nom-machine": ["pers-2016-03-25-06-58-26-87534210367"],
"personne-nom-famille": "Aug&#233;",
"personne-nom-prenom": "Marc",
"site-de-diffusion": ["terme-2015-12-06-16-23-47-86966221646"],
"source-defectueuse": false,
"source-url": "http://www.phdadministration.net/?id=pers-2016-03-25-06-58-26-87534210367",
"sous-type": "pers",
"type": "ressources",
"type-de-ressource": ["terme-2015-12-06-16-27-16-86966234209","terme-2015-12-06-16-27-18-86966234335","terme-2015-12-06-16-27-19-86966234380"]
}