{
"_id": "pers-2016-03-25-07-00-03-87534216182",
"ajouter-aux-favoris": false,
"date-edition": "2016-03-25-07-00-03",
"description": "Falaba Issa Traor&#233; &#233;tait un &#233;crivain, com&#233;dien, r&#233;alisateur et dramaturge malien. Il est n&#233; vers 1930 &#224; Bougouni (Mali) et est d&#233;c&#233;d&#233; le 8&#160;ao&#251;t&#160;2003 &#224; Rabat (Maroc).<br>Instituteur de profession, il dirige une troupe de th&#233;&#226;tre amateur avant de diriger entre 1962 et 1968 la troupe r&#233;gionale de Bamako. De 1969 &#224; 1973, il cr&#233;e et dirige la troupe folklorique et d&#8217;art dramatique Yankadi.<br>En 1973, il part en Allemagne[r&#233;f.&#160;souhait&#233;e] &#233;tudier la r&#233;alisation au cin&#233;ma. De retour au Mali en 1976, il dirige la section Cin&#233;ma au minist&#232;re des Sports, des Arts et de la Culture.<br>Com&#233;dien, il a notamment jou&#233; dans des films de Kalifa Dienta (A Banna), de Cheick Oumar Sissoko (Nidiougou Guimba), de Boubacar Sidib&#233; (Le Pacte social, Sanoudi&#233; et N&#8217;Tronk&#233;l&#233;). Il a &#233;galement &#233;t&#233; r&#233;alisateur, son dernier film, Bamunan (&#171;&#160;Le Pagne sacr&#233;&#160;&#187;), est sorti en 1990.<br>Dramaturge, il est l&#8217;auteur des op&#233;ras Soundiata ou l&#8217;&#201;pop&#233;e mandingue et Dah Monzon ou l&#8217;&#201;pop&#233;e bambara.<br>Il est laur&#233;at du prix Afrique de Po&#233;sie de la Francophonie en 1972.",
"fiche-a-completer": true,
"fiche-publiee": true,
"identifiant-drupal": 455473,
"importance": 0,
"mise-a-jour": "2016-05-09-16-44-04",
"moment-de-creation": "2016-03-25-07-00-03",
"moment-de-modification": "2016-03-25-07-00-03",
"nom": "Falaba Issa Traor&#233;",
"nom-francais": ["Falaba Issa Traor&#233;"],
"nom-machine": ["pers-2016-03-25-07-00-03-87534216182"],
"personne-date-deces": "2003",
"personne-date-naissance": "terme-2015-12-06-16-25-31-86966227877",
"personne-nom-famille": "Traor&#233;",
"personne-nom-prenom": "Falaba Issa",
"site-de-diffusion": ["terme-2015-12-06-16-23-47-86966221646"],
"source-defectueuse": false,
"source-url": "http://www.phdadministration.net/?id=pers-2016-03-25-07-00-03-87534216182",
"sous-type": "pers",
"type": "ressources",
"type-de-ressource": ["terme-2015-12-06-16-27-16-86966234209","terme-2015-12-06-16-27-18-86966234335"]
}