{
"_id": "pers-2016-03-25-06-59-35-87534214535",
"ajouter-aux-favoris": false,
"date-edition": "2016-03-25-06-59-35",
"fiche-a-completer": true,
"fiche-publiee": true,
"identifiant-drupal": 4270,
"importance": 0,
"mise-a-jour": "2016-05-09-16-44-02",
"moment-de-creation": "2016-03-25-06-59-35",
"moment-de-modification": "2016-03-25-06-59-35",
"nom": "Eve Chiapello",
"nom-francais": ["Eve Chiapello"],
"nom-machine": ["pers-2016-03-25-06-59-35-87534214535"],
"personne-nom-famille": "Chiapello",
"personne-nom-prenom": "Eve",
"site-de-diffusion": ["terme-2015-12-06-16-23-47-86966221646"],
"source-defectueuse": false,
"source-url": "http://www.phdadministration.net/?id=pers-2016-03-25-06-59-35-87534214535",
"sous-type": "pers",
"tip": "Fil-RSS de Eve Chiapello.",
"type": "ressources",
"type-de-ressource": ["terme-2015-12-06-16-27-16-86966234209","terme-2015-12-06-16-27-18-86966234335","terme-2015-12-06-16-27-19-86966234380"]
}