{
"_id": "pers-2016-03-25-07-02-53-87534226402",
"ajouter-aux-favoris": false,
"date-edition": "2016-03-25-07-02-53",
"fiche-a-completer": true,
"fiche-publiee": true,
"identifiant-drupal": 463467,
"importance": 0,
"mise-a-jour": "2016-05-09-16-44-15",
"moment-de-creation": "2016-03-25-07-02-53",
"moment-de-modification": "2016-03-25-07-02-53",
"nom": "Eilert Sundt",
"nom-francais": ["Eilert Sundt"],
"nom-machine": ["pers-2016-03-25-07-02-53-87534226402"],
"personne-date-deces": "1875",
"personne-date-naissance": "terme-2015-12-06-16-25-23-86966227411",
"personne-nom-famille": "Sundt ",
"personne-nom-prenom": "Eilert",
"site-de-diffusion": ["terme-2015-12-06-16-23-47-86966221646"],
"source-defectueuse": false,
"source-url": "http://www.phdadministration.net/?id=pers-2016-03-25-07-02-53-87534226402",
"sous-type": "pers",
"tip": "auteurs.html",
"type": "ressources",
"type-de-ressource": ["terme-2015-12-06-16-27-16-86966234209","terme-2015-12-06-16-27-18-86966234335"]
}