{
"_id": "pers-2016-04-04-18-46-42-87588600151",
"ajouter-aux-favoris": false,
"fiche-a-completer": true,
"fiche-publiee": true,
"importance": 0,
"mise-a-jour": "2016-05-09-16-44-37",
"moment-de-creation": "2016-04-04-18-46-42",
"moment-de-modification": "2016-04-04-18-46-42",
"nom": "Han Shaogong",
"nom-francais": ["Han Shaogong"],
"nom-machine": "pers-2016-04-04-18-46-42-87588600151",
"personne-nom-famille": "Shaogong",
"personne-nom-prenom": "Han",
"site-de-diffusion": ["terme-2015-12-06-16-23-47-86966221646"],
"source-defectueuse": false,
"source-url": "http://www.phdadministration.net/?id=pers-2016-04-04-18-46-42-87588600151,",
"sous-type": "pers",
"type": "ressources",
"type-de-ressource": ["terme-2015-12-06-16-27-21-86966234485"]
}