{
"_id": "pers-2016-03-25-07-00-06-87534216369",
"ajouter-aux-favoris": false,
"date-edition": "2016-03-25-07-00-06",
"description": "Sophocle (en grec ancien&#160;: &#931;&#959;&#966;&#959;&#954;&#955;&#8134;&#962; / Sophokl&#7877;s), n&#233; &#224; Colone en 496 ou 495 av. J.-C. et mort en 406 ou 405 av. J.-C. est l'un des trois grands tragiques grecs dont l'&oelig;uvre nous est partiellement parvenue, avec Eschyle (526-456) et Euripide (480-406). Il est principalement l'auteur de cent-vingt-deux pi&#232;ces (dont une centaine de trag&#233;dies), mais dont seules sept nous sont parvenues. Cit&#233; comme paradigme de la trag&#233;die par Aristote, notamment pour l'usage qu'il fait du ch&oelig;ur1 et pour sa pi&#232;ce &OElig;dipe roi2, il remporte &#233;galement le nombre le plus &#233;lev&#233; de victoires au concours tragique des grandes Dionysies (dix-huit), et n'y figure jamais dernier.<br>Son th&#233;&#226;tre rompt avec la trilogie &#171;&#160;li&#233;e&#160;&#187; et approfondit les aspects psychologiques des personnages. Ses pi&#232;ces mettent en sc&#232;ne des h&#233;ros, souvent solitaires et m&#234;me rejet&#233;s (Ajax, Antigone, &OElig;dipe, &#201;lectre), et confront&#233;s &#224; des probl&#232;mes moraux desquels na&#238;t la situation tragique. Compar&#233; &#224; Eschyle, Sophocle ne met pas ou peu en sc&#232;ne les dieux, qui n'interviennent que par des oracles dont le caract&#232;re obscur trompe souvent les hommes, sur le mode de l'ironie tragique.",
"fiche-a-completer": true,
"fiche-publiee": true,
"identifiant-drupal": 455552,
"importance": 0,
"mise-a-jour": "2016-05-09-16-44-04",
"moment-de-creation": "2016-03-25-07-00-06",
"moment-de-modification": "2016-03-25-07-00-06",
"nom": "Sophocle",
"nom-francais": ["Sophocle"],
"nom-machine": ["pers-2016-03-25-07-00-06-87534216369"],
"personne-date-deces": "-405",
"personne-date-naissance": "-496",
"personne-nom-famille": "Sophocle",
"site-de-diffusion": ["terme-2015-12-06-16-23-47-86966221646"],
"source-defectueuse": false,
"source-url": "http://www.phdadministration.net/?id=pers-2016-03-25-07-00-06-87534216369",
"sous-type": "pers",
"type": "ressources",
"type-de-ressource": ["terme-2015-12-06-16-27-16-86966234209","terme-2015-12-06-16-27-18-86966234335"]
}