{
"_id": "pers-2016-03-25-06-59-20-87534213630",
"ajouter-aux-favoris": false,
"date-edition": "2016-03-25-06-59-20",
"fiche-a-completer": true,
"fiche-publiee": true,
"identifiant-drupal": 30818,
"importance": 0,
"langue-edition": ["terme-2015-12-06-16-10-40-86966174431"],
"mise-a-jour": "2016-05-09-16-44-01",
"moment-de-creation": "2016-03-25-06-59-20",
"moment-de-modification": "2016-03-25-06-59-20",
"nom": "Michael Geist Blog",
"nom-francais": ["Michael Geist Blog"],
"nom-machine": ["pers-2016-03-25-06-59-20-87534213630"],
"personne-nom-famille": "Geist",
"personne-nom-prenom": "Michael",
"site-de-diffusion": ["terme-2015-12-06-16-23-47-86966221646"],
"source-defectueuse": false,
"source-url": "http://www.phdadministration.net/?id=pers-2016-03-25-06-59-20-87534213630",
"sous-type": "pers",
"type": "ressources",
"type-de-ressource": ["terme-2015-12-06-16-27-16-86966234209","terme-2015-12-06-16-27-18-86966234335","terme-2015-12-06-16-27-19-86966234380","terme-2015-12-06-16-27-20-86966234423"]
}