{
"_id": "pers-2016-03-25-07-06-08-87534238098",
"ajouter-aux-favoris": false,
"date-edition": "2016-03-25-07-06-08",
"fiche-a-completer": true,
"fiche-publiee": true,
"identifiant-drupal": 5673,
"importance": 0,
"mise-a-jour": "2016-05-09-16-44-17",
"moment-de-creation": "2016-03-25-07-06-08",
"moment-de-modification": "2016-03-25-07-06-08",
"nom": "Boris Rannou",
"nom-francais": ["Boris Rannou"],
"nom-machine": ["pers-2016-03-25-07-06-08-87534238098"],
"personne-nom-famille": "Rannou",
"personne-nom-prenom": "Boris",
"site-de-diffusion": ["terme-2015-12-06-16-23-47-86966221646"],
"source-defectueuse": false,
"source-url": "http://www.phdadministration.net/?id=pers-2016-03-25-07-06-08-87534238098",
"sous-type": "pers",
"tip": "Fil RSS du blog de Boris Rannou",
"type": "ressources",
"type-de-ressource": ["terme-2015-12-06-16-27-18-86966234335","terme-2015-12-06-16-27-19-86966234380","terme-2015-12-06-16-27-20-86966234423"]
}