{
"_id": "pers-2016-03-25-06-59-06-87534212804",
"ajouter-aux-favoris": false,
"date-edition": "2016-03-25-06-59-06",
"description": "Amartya Kumar Sen (Bengali : &#2437;&#2478;&#2480;&#2509;&#2468;&#2509;&#2479; &#2453;&#2497;&#2478;&#2494;&#2480; &#2488;&#2503;&#2472;, &#212;morto Kumar Shen) (n&#233; le 3 novembre 1933 &#224; Santiniketan, Inde), est un &#233;conomiste. Il a re&#231;u le &#171; prix Nobel &#187; d'&#233;conomie en 1998, pour ses travaux sur la famine, sur la th&#233;orie du d&#233;veloppement humain, sur l'&#233;conomie du bien-&#234;tre, sur les m&#233;canismes fondamentaux de la pauvret&#233;, et sur le lib&#233;ralisme politique.<br>De 1998 &#224; 2004, il a &#233;t&#233; directeur du Trinity College &#224; l'Universit&#233; de Cambridge, devenant ainsi le premier universitaire asiatique &#224; diriger un des coll&#232;ges d'Oxbridge. Amartya Sen est aussi partie prenante dans le d&#233;bat sur la mondialisation. Il a donn&#233; des conf&#233;rences devant les dirigeants de la Banque mondiale et il est le pr&#233;sident honoraire d'Oxfam.<br>Parmi ses nombreuses contributions &#224; l'&#233;conomie du d&#233;veloppement, Sen a fait des &#233;tudes sur les in&#233;galit&#233;s entre les hommes et les femmes, qu'il d&#233;nonce en utilisant toujours un pronom f&#233;minin pour se r&#233;f&#233;rer &#224; une personne abstraite. Il est aujourd'hui professeur universitaire Lamont &#224; l'Universit&#233; Harvard. Les livres d'Amartya Sen ont &#233;t&#233; traduits en plus de trente langues.",
"fiche-a-completer": true,
"fiche-publiee": true,
"identifiant-drupal": 269844,
"importance": 0,
"langue-edition": ["terme-2015-12-06-16-10-42-86966174537"],
"mise-a-jour": "2016-05-09-16-44-01",
"moment-de-creation": "2016-03-25-06-59-06",
"moment-de-modification": "2016-03-25-06-59-06",
"mots-clefs": ["&#233;conomie","&#233;conomie du bien-&#234;tre","d&#233;veloppement humain","famine","lib&#233;ralisme politique","modialisation","pauvret&#233;"],
"nom": "Amartya Kumar Sen",
"nom-francais": ["Amartya Kumar Sen"],
"nom-machine": ["pers-2016-03-25-06-59-06-87534212804"],
"personne-nom-famille": "Sen",
"personne-nom-prenom": "Amartya Kumar ",
"site-de-diffusion": ["terme-2015-12-06-16-23-47-86966221646"],
"source-defectueuse": false,
"source-url": "http://www.phdadministration.net/?id=pers-2016-03-25-06-59-06-87534212804",
"sous-type": "pers",
"tip": "Prix Nobel d'&#233;conomie 1998",
"type": "ressources",
"type-de-ressource": ["terme-2015-12-06-16-27-16-86966234209","terme-2015-12-06-16-27-18-86966234335"]
}