{
"_id": "pers-2016-03-25-07-00-04-87534216247",
"ajouter-aux-favoris": false,
"date-edition": "2016-03-25-07-00-04",
"description": "Jean Racine, n&#233; &#224; La Fert&#233;-Milon le 22&#160;d&#233;cembre&#160;1639 et mort &#224; Paris le 21&#160;avril&#160;1699, est un dramaturge fran&#231;ais consid&#233;r&#233; comme l'un des plus grands auteurs de trag&#233;dies de la p&#233;riode classique de la France de Louis XIV.<br>Issu d'une famille de petits notables et vite orphelin, il est &#233;lev&#233; par sa grand-m&#232;re et sa marraine et re&#231;oit une solide &#233;ducation litt&#233;raire marqu&#233;e par le jans&#233;nisme. Il choisit ensuite de se consacrer &#224; la litt&#233;rature et particuli&#232;rement au th&#233;&#226;tre en faisant jouer La Th&#233;ba&#239;de en 1664 et Alexandre le Grand en 1665, qui est son premier succ&#232;s et qui lui vaut le soutien du jeune roi Louis XIV mais il se brouille avec Moli&#232;re.<br>Le succ&#232;s d'Andromaque en 1667 ouvre une d&#233;cennie de grande cr&#233;ation o&#249; l'on trouve &#224; c&#244;t&#233; d'une unique com&#233;die (Les Plaideurs en 1668) six grandes trag&#233;dies&#160;: Britannicus (1669), B&#233;r&#233;nice (1670), Bajazet (1672), Mithridate (1673), Iphig&#233;nie (1674) et Ph&#232;dre (1677). Auteur &#224; succ&#232;s mais &#233;branl&#233; par les cabales et ayant renou&#233; avec le jans&#233;nisme, Racine abandonne le th&#233;&#226;tre, devient Historiographe du Roi et entre &#224; l'Acad&#233;mie fran&#231;aise en 1672. C'est pour r&#233;pondre &#224; la demande de Madame de Maintenon qu'il revient &#224; l'&#233;criture th&#233;&#226;trale et donne deux trag&#233;dies aux sujets bibliques aux jeunes filles de Saint-Cyr&#160;: Esther (en 1689) et Athalie (en 1691).<br>Privil&#233;giant les sujets grecs, Racine, cherchant &#224; rivaliser avec Pierre Corneille, a n&#233;anmoins trait&#233; trois sujets romains, et un sujet moderne, Bajazet (1672), mais d&#233;cal&#233; dans l'espace puisque se d&#233;roulant dans l'Empire ottoman. On a pu lui reprocher le manque de v&#233;rit&#233; historique (dans Britannicus ou Mithridate par exemple) et le manque d'action (particuli&#232;rement dans B&#233;r&#233;nice), mais on a salu&#233; la musique de ses vers, son respect assez strict des unit&#233;s de temps, de lieu et d'action qui renforcent la densit&#233; et le sentiment tragique, ainsi que de la vraisemblance psychologique&#160;: les passions de chacun deviennent en effet les instruments du destin. Parmi ces passions, l'amour tient la premi&#232;re place et Racine l'analyse avec ses manifestations physiologiques (ex.&#160;: Je le vis, je rougis, je p&#226;lis &#224; sa vue&#160;;// Un trouble s'&#233;leva dans mon &#226;me &#233;perdue, Ph&#232;dre, v.272-273). La passion anime et d&#233;truit les personnages pourtant tout-puissants (rois, empereurs, princesses...) qui ne peuvent rien sur leur propre destin. Associant la pr&#233;destination jans&#233;niste et le fatum des trag&#233;dies de l'Antiquit&#233;, Racine montre ce cheminement inexorable propre &#224; faire na&#238;tre la terreur et la piti&#233; de la catharsis d'Aristote.<br>L'&#233;conomie des moyens (densit&#233; du propos avec un nombre restreint de mots pour toutes ses &oelig;uvres, utilisation du confident pour rendre plus naturelle l'expression des personnages), la rigueur de la construction (situation de crise men&#233;e &#224; son acm&#233;), la ma&#238;trise de l'alexandrin et la profondeur de l'analyse psychologique font des &oelig;uvres de Jean Racine un mod&#232;le de la trag&#233;die classique fran&#231;aise.",
"fiche-a-completer": true,
"fiche-publiee": true,
"identifiant-drupal": 455500,
"importance": 0,
"mise-a-jour": "2016-05-09-16-44-04",
"moment-de-creation": "2016-03-25-07-00-04",
"moment-de-modification": "2016-03-25-07-00-04",
"nom": "Jean Racine",
"nom-francais": ["Jean Racine"],
"nom-machine": ["pers-2016-03-25-07-00-04-87534216247"],
"personne-date-deces": "1699",
"personne-date-naissance": "1639",
"personne-nom-famille": "Racine",
"personne-nom-prenom": "Jean",
"site-de-diffusion": ["terme-2015-12-06-16-23-47-86966221646"],
"source-defectueuse": false,
"source-url": "http://www.phdadministration.net/?id=pers-2016-03-25-07-00-04-87534216247",
"sous-type": "pers",
"type": "ressources",
"type-de-ressource": ["terme-2015-12-06-16-27-16-86966234209","terme-2015-12-06-16-27-18-86966234335"]
}