{
"_id": "pers-2016-03-25-07-04-45-87534233115",
"ajouter-aux-favoris": false,
"date-edition": "2016-03-25-07-04-45",
"description": "Methodology of CDA<br>Fairclough's line of study, also called textually oriented discourse analysis or TODA, to distinguish it from philosophical enquires not involving the use of linguistic methodology, is specially concerned with the mutual effects of formally linguistic textual properties, sociolinguistic speech genres, and formally sociological practices. The main thrust of his analysis is that, if &mdash;according to Foucaultian theory&mdash; practices are discursively shaped and enacted, the intrinsic properties of discourse, which are linguistically analysable, are to constitute a key element of their interpretation. He is thus interested in how social practices are discursively shaped, as well as the subsequent discursive effects of social practices.",
"fiche-a-completer": true,
"fiche-publiee": true,
"identifiant-drupal": 469060,
"identifiant-drupal-parent": 469062,
"importance": 0,
"langue-edition": ["terme-2015-12-06-16-10-40-86966174431"],
"mise-a-jour": "2016-05-09-16-44-17",
"moment-de-creation": "2016-03-25-07-04-45",
"moment-de-modification": "2016-03-25-07-04-45",
"mots-clefs": ["analyse critique du discours"],
"nom": "Norman Fairclough",
"nom-francais": ["Norman Fairclough"],
"nom-machine": ["pers-2016-03-25-07-04-45-87534233115"],
"personne-date-naissance": "terme-2015-12-06-16-25-30-86966227857",
"personne-nom-famille": "Fairclough",
"personne-nom-prenom": "Norman",
"section": ["terme-2015-12-06-16-23-44-86966221458"],
"site-de-diffusion": ["terme-2015-12-06-16-23-47-86966221646"],
"source-defectueuse": false,
"source-url": "http://www.phdadministration.net/?id=pers-2016-03-25-07-04-45-87534233115",
"sous-type": "pers",
"sujet": ["terme-2015-12-06-16-26-45-86966232356"],
"type": "ressources",
"type-de-ressource": ["terme-2015-12-06-16-27-16-86966234209","terme-2015-12-06-16-27-18-86966234335"]
}