{
"_id": "pers-2016-03-25-07-00-26-87534217613",
"ajouter-aux-favoris": false,
"date-edition": "2016-03-25-07-00-26",
"fiche-a-completer": true,
"fiche-publiee": true,
"identifiant-drupal": 456237,
"importance": 0,
"mise-a-jour": "2016-05-09-16-44-05",
"moment-de-creation": "2016-03-25-07-00-26",
"moment-de-modification": "2016-03-25-07-00-26",
"nom": "Nicolas Boukharine",
"nom-francais": ["Nicolas Boukharine"],
"nom-machine": ["pers-2016-03-25-07-00-26-87534217613"],
"personne-nom-famille": "Boukharine",
"personne-nom-prenom": "Nicolas",
"site-de-diffusion": ["terme-2015-12-06-16-23-47-86966221646"],
"source-defectueuse": false,
"source-url": "http://www.phdadministration.net/?id=pers-2016-03-25-07-00-26-87534217613",
"sous-type": "pers",
"type": "ressources",
"type-de-ressource": ["terme-2015-12-06-16-27-16-86966234209","terme-2015-12-06-16-27-18-86966234335"]
}