{
"_id": "pers-2016-03-25-06-59-38-87534214733",
"ajouter-aux-favoris": false,
"date-edition": "2016-03-25-06-59-38",
"fiche-a-completer": true,
"fiche-publiee": true,
"identifiant-drupal": 4341,
"importance": 0,
"mise-a-jour": "2016-05-09-16-44-02",
"moment-de-creation": "2016-03-25-06-59-38",
"moment-de-modification": "2016-03-25-06-59-38",
"nom": "Nathalie Heinich",
"nom-francais": ["Nathalie Heinich"],
"nom-machine": ["pers-2016-03-25-06-59-38-87534214733"],
"personne-nom-famille": "Heinich",
"personne-nom-prenom": "Nathalie",
"site-de-diffusion": ["terme-2015-12-06-16-23-47-86966221646"],
"source-defectueuse": false,
"source-url": "http://www.phdadministration.net/?id=pers-2016-03-25-06-59-38-87534214733",
"sous-type": "pers",
"tip": "Fil-RSS de Nathalie Heinich.",
"type": "ressources",
"type-de-ressource": ["terme-2015-12-06-16-27-16-86966234209","terme-2015-12-06-16-27-18-86966234335","terme-2015-12-06-16-27-19-86966234380"]
}