{
"_id": "pers-2016-03-25-07-00-49-87534218995",
"ajouter-aux-favoris": false,
"date-edition": "2016-03-25-07-00-49",
"fiche-a-completer": true,
"fiche-publiee": true,
"identifiant-drupal": 456875,
"importance": 0,
"mise-a-jour": "2016-05-09-16-44-05",
"moment-de-creation": "2016-03-25-07-00-49",
"moment-de-modification": "2016-03-25-07-00-49",
"nom": "Joe Biden",
"nom-francais": ["Joe Biden"],
"nom-machine": ["pers-2016-03-25-07-00-49-87534218995"],
"personne-nom-famille": "Biden",
"personne-nom-prenom": "Joe",
"site-de-diffusion": ["terme-2015-12-06-16-23-47-86966221646"],
"source-defectueuse": false,
"source-url": "http://www.phdadministration.net/?id=pers-2016-03-25-07-00-49-87534218995",
"sous-type": "pers",
"type": "ressources",
"type-de-ressource": ["terme-2015-12-06-16-27-16-86966234209","terme-2015-12-06-16-27-18-86966234335"]
}