{
"_id": "pers-2016-03-25-07-02-16-87534224213",
"ajouter-aux-favoris": false,
"date-edition": "2016-03-25-07-02-16",
"fiche-a-completer": true,
"fiche-publiee": true,
"identifiant-drupal": 461480,
"importance": 0,
"langue-edition": ["terme-2015-12-06-16-10-42-86966174537"],
"mise-a-jour": "2016-05-09-16-44-07",
"moment-de-creation": "2016-03-25-07-02-16",
"moment-de-modification": "2016-03-25-07-02-16",
"nom": "Henri de Saint-Simon",
"nom-francais": ["Henri de Saint-Simon"],
"nom-machine": ["pers-2016-03-25-07-02-16-87534224213"],
"personne-date-deces": "1825",
"personne-date-naissance": "terme-2015-12-06-16-23-43-86966221438",
"personne-nom-famille": "de Saint-Simon",
"personne-nom-prenom": "Henri",
"site-de-diffusion": ["terme-2015-12-06-16-23-47-86966221646"],
"source-defectueuse": false,
"source-url": "http://www.phdadministration.net/?id=pers-2016-03-25-07-02-16-87534224213",
"sous-type": "pers",
"type": "ressources",
"type-de-ressource": ["terme-2015-12-06-16-27-16-86966234209","terme-2015-12-06-16-27-18-86966234335"]
}