{
"_id": "pers-2016-03-25-06-59-23-87534213809",
"ajouter-aux-favoris": false,
"date-edition": "2016-03-25-06-59-23",
"fiche-a-completer": true,
"fiche-publiee": true,
"identifiant-drupal": 31861,
"importance": 0,
"langue-edition": ["terme-2015-12-06-16-10-40-86966174431"],
"mise-a-jour": "2016-05-09-16-44-01",
"moment-de-creation": "2016-03-25-06-59-23",
"moment-de-modification": "2016-03-25-06-59-23",
"nom": "Sherman Dorn",
"nom-francais": ["Sherman Dorn"],
"nom-machine": ["pers-2016-03-25-06-59-23-87534213809"],
"personne-nom-famille": "Dorn",
"personne-nom-prenom": "Sherman",
"site-de-diffusion": ["terme-2015-12-06-16-23-47-86966221646"],
"source-defectueuse": false,
"source-url": "http://www.phdadministration.net/?id=pers-2016-03-25-06-59-23-87534213809",
"sous-type": "pers",
"type": "ressources",
"type-de-ressource": ["terme-2015-12-06-16-27-16-86966234209","terme-2015-12-06-16-27-18-86966234335","terme-2015-12-06-16-27-19-86966234380"]
}