{
"_id": "pers-2016-03-25-07-01-49-87534222564",
"ajouter-aux-favoris": false,
"date-edition": "2016-03-25-07-01-49",
"fiche-a-completer": true,
"fiche-publiee": true,
"identifiant-drupal": 458851,
"importance": 0,
"langue-edition": ["terme-2015-12-06-16-10-42-86966174537"],
"mise-a-jour": "2016-05-09-16-44-06",
"moment-de-creation": "2016-03-25-07-01-49",
"moment-de-modification": "2016-03-25-07-01-49",
"nom": "Pierre Dubois",
"nom-francais": ["Pierre Dubois"],
"nom-machine": ["pers-2016-03-25-07-01-49-87534222564"],
"personne-nom-famille": "Dubois",
"personne-nom-prenom": "Pierre",
"site-de-diffusion": ["terme-2015-12-06-16-23-47-86966221646"],
"source-defectueuse": false,
"source-url": "http://www.phdadministration.net/?id=pers-2016-03-25-07-01-49-87534222564",
"sous-type": "pers",
"type": "ressources",
"type-de-ressource": ["terme-2015-12-06-16-27-16-86966234209","terme-2015-12-06-16-27-18-86966234335","terme-2015-12-06-16-27-21-86966234485"]
}