{
"_id": "pers-2016-03-25-07-00-59-87534219579",
"ajouter-aux-favoris": false,
"date-edition": "2016-03-25-07-00-59",
"description": "Anne-Sophie TREBUCHET-BREITWILLER - Doctorante - Anthropologie &#233;conomique des produits de luxe. Je m&#8217;int&#233;resse pr&#233;cis&#233;ment au d&#233;veloppement des produits de luxe, &#224; la fa&#231;on dont ils s&#8217;inventent..",
"fiche-a-completer": true,
"fiche-publiee": true,
"identifiant-drupal": 457180,
"importance": 0,
"langue-edition": ["terme-2015-12-06-16-10-42-86966174537"],
"mise-a-jour": "2016-05-09-16-44-06",
"moment-de-creation": "2016-03-25-07-00-59",
"moment-de-modification": "2016-03-25-07-00-59",
"nom": "Anne-Sophie TREBUCHET-BREITWILLER",
"nom-francais": ["Anne-Sophie TREBUCHET-BREITWILLER"],
"nom-machine": ["pers-2016-03-25-07-00-59-87534219579"],
"personne-nom-famille": "TREBUCHET-BREITWILLER",
"personne-nom-prenom": "Anne-Sophie",
"site-de-diffusion": ["terme-2015-12-06-16-23-47-86966221646"],
"source-defectueuse": false,
"source-url": "http://www.phdadministration.net/?id=pers-2016-03-25-07-00-59-87534219579",
"sous-type": "pers",
"tip": "Doctorante - Anthropologie &#233;conomique des produits de luxe.",
"type": "ressources",
"type-de-ressource": ["terme-2015-12-06-16-27-16-86966234209","terme-2015-12-06-16-27-18-86966234335","terme-2015-12-06-16-27-21-86966234485"]
}