{
"_id": "pers-2016-03-25-07-00-04-87534216292",
"ajouter-aux-favoris": false,
"date-edition": "2016-03-25-07-00-04",
"description": "Juan de la Cueva de Garoza ou Juan de la Cueva (n&#233; en 1543 &#224; S&#233;ville - mort en 1612), &#233;tait un po&#232;te et dramaturge espagnol du Si&#232;cle d'or.<br>Il &#233;tait le fr&#232;re de l'archidiacre de la cath&#233;drale de Guadalajara. Il v&#233;cut &#224; Cuenca, dans les &#238;les Canaries, puis, de 1574 &#224; 1577 au Mexique. A son retour en Espagne, il commen&#231;a sa carri&#232;re de dramaturge.<br>Il s'inspira du Romancero - on d&#233;signe sous ce vocable l'ensemble des romans &#233;crits en Espagne depuis le xive&#160;si&#232;cle - et de la mythologie gr&#233;co-latine et adopta des th&#232;mes l&#233;gendaires et historiques, pour mettre en valeur le patriotisme castillan. Il rompit les unit&#233;s aristot&#233;liciennes d'action, de temps et de lieu, pr&#233;figurant en partie en cela la formule dramatique qui fera le succ&#232;s de Lope de Vega. C'est ainsi que dans son &oelig;uvre, ses pi&#232;ces sont toujours divis&#233;es en quatre journ&#233;es.<br>Il &#233;crivit en outre vingt-cinq sonnets, quelques &#233;glogues, une &#233;l&#233;gie, une sextine, trois madrigaux et deux odes, qui furent publi&#233;s dans le recueil &#171;&#160;Flores de Varia Poes&#237;a&#160;&#187; (Fleurs de po&#233;sie diverse). L' &#171;&#160;Ejemplar po&#233;tico&#160;&#187; (Po&#233;tique exemplaire) - sa derni&#232;re &oelig;uvre, &#233;crite entre 1606 et 1609, et divis&#233;e en trois lettres - est un art po&#233;tique mani&#233;riste, qui d&#233;crit l'art po&#233;tique de son &#233;poque.<br>Parmi ses autres &oelig;uvres, on peut citer &#171;&#160;Viaje de Sannio&#160;&#187; (Le voyage de Sannio), po&#232;me de cr&#237;tique litt&#233;raire, dans lequel il mentionne de nombreux g&#233;nies de son &#233;poque, &#171;&#160;La Muracinda&#160;&#187;, qui est une narration &#233;pique et burlesque d'une vengeance entre chiens et chats, le po&#232;me mythologique &#171;&#160;Llanto de Venus en la muerte de Adonis&#160;&#187; (Lamentations de V&#233;nus pour la mort d'Adonis), la narration mythologique et burlesque &#171;&#160;Los amores de Marte y Venus&#160;&#187; (Les amours de Mars et V&#233;nus) et &#171;&#160;Reto de Zamora&#160;&#187; (Le d&#233;fi de Zamora).<br>Un ensemble de ses po&#232;mes fut publi&#233; sous le titre &#171;&#160;&OElig;uvres de Juan de la Cueva&#160;&#187; &#224; S&#233;ville en 1582 et ses romans le furent dans &#171;&#160;Coro Febeo de Romances historiales&#160;&#187; (1587). Il s'essaya &#233;galement au genre &#233;pique, avec le po&#232;me en vingt-quatre chants &#171;&#160;La conquista de la B&#233;tica&#160;&#187; (La conqu&#234;te de la B&#233;tique) - publi&#233; &#224; S&#233;ville en 1603 - qui d&#233;crit la reconqu&#234;te de S&#233;ville par Ferdinand III le Saint en 1286.<br>Ont &#233;galement &#233;t&#233; conserv&#233;es une quinzaine de pi&#232;ces de th&#233;&#226;tre (en quatre journ&#233;es), dont les plus importantes sont &#171;&#160;El infamador&#160;&#187;, (L'inf&#226;me), dont le h&#233;ros, Leucino, pr&#233;figure l'arch&#233;type du Don Juan classique et qui introduit des personnages all&#233;goriques, &#171;&#160;El Saco de Roma&#160;&#187; (Le sac de Rome), &#171;&#160;La muerte del Rey Don Sancho&#160;&#187; (La mort du roi Sanche), &#171;&#160;La libertad de Espa&#241;a por Bernardo de Carpio&#160;&#187; (La libert&#233; de l'Espagne selon Bernard de Carpio) et &#171;&#160;La Tragedia de los siete Infantes de Lara&#160;&#187; (La trag&#233;die des sept enfants de Lara), qui fut repr&#233;sent&#233;e en 1579 et est consid&#233;r&#233;e comme un joyau de la po&#233;sie espagnole. Elles figurent, avec quelques autres dans le recueil imprim&#233; en 1583 sous le titre &#171;&#160;Premi&#232;re partie des trag&#233;dies et com&#233;dies de Juan de la Cueva&#160;&#187; (la seconde partie ne parvint jamais &#224; sortir, bien que l'autorisation en ait &#233;t&#233; demand&#233;e). Dans ces &oelig;uvres il est parfois difficile de faire clairement la distinction entre le genre tragique et le genre comique.<br>Abandonnant le mod&#232;le universel h&#233;tit&#233; de S&#233;n&#232;que jusqu'alors en vigueur en Espagne, Cueva a pris pour sujets des th&#232;mes de l&#233;gende nationale, de tradition historique, des &#233;v&#232;nements r&#233;cents ou m&#234;me les r&#233;alit&#233;s de la vie contemporaine. Cet amalgame d'&#233;l&#233;ments &#233;piques et r&#233;alistes, et l'introduction d'une grande vari&#233;t&#233; formelle, ont pr&#233;par&#233; l'&#233;mergence du drame romantique espagnol du xviie&#160;si&#232;cle.",
"fiche-a-completer": true,
"fiche-publiee": true,
"identifiant-drupal": 455518,
"importance": 0,
"mise-a-jour": "2016-05-09-16-44-04",
"moment-de-creation": "2016-03-25-07-00-04",
"moment-de-modification": "2016-03-25-07-00-04",
"nom": "Juan de la Cueva",
"nom-francais": ["Juan de la Cueva"],
"nom-machine": ["pers-2016-03-25-07-00-04-87534216292"],
"personne-date-deces": "1612",
"personne-date-naissance": "1543",
"personne-nom-famille": "de la Cueva",
"personne-nom-prenom": "Juan",
"site-de-diffusion": ["terme-2015-12-06-16-23-47-86966221646"],
"source-defectueuse": false,
"source-url": "http://www.phdadministration.net/?id=pers-2016-03-25-07-00-04-87534216292",
"sous-type": "pers",
"type": "ressources",
"type-de-ressource": ["terme-2015-12-06-16-27-16-86966234209","terme-2015-12-06-16-27-18-86966234335"]
}