{
"_id": "pers-2016-03-25-07-02-53-87534226438",
"ajouter-aux-favoris": false,
"date-edition": "2016-03-25-07-02-53",
"fiche-a-completer": true,
"fiche-publiee": true,
"identifiant-drupal": 463483,
"importance": 0,
"mise-a-jour": "2016-05-09-16-44-15",
"moment-de-creation": "2016-03-25-07-02-53",
"moment-de-modification": "2016-03-25-07-02-53",
"nom": "Ian Taylor",
"nom-francais": ["Ian Taylor"],
"nom-machine": ["pers-2016-03-25-07-02-53-87534226438"],
"personne-date-deces": "2001",
"personne-date-naissance": "terme-2015-12-06-16-25-31-86966227914",
"personne-nom-famille": "Taylor ",
"personne-nom-prenom": "Ian",
"site-de-diffusion": ["terme-2015-12-06-16-23-47-86966221646"],
"source-defectueuse": false,
"source-url": "http://www.phdadministration.net/?id=pers-2016-03-25-07-02-53-87534226438",
"sous-type": "pers",
"tip": "auteurs.html",
"type": "ressources",
"type-de-ressource": ["terme-2015-12-06-16-27-16-86966234209","terme-2015-12-06-16-27-18-86966234335"]
}