{
"_id": "pers-2016-03-25-07-00-05-87534216323",
"ajouter-aux-favoris": false,
"date-edition": "2016-03-25-07-00-05",
"description": "Cnaeus (ou Gnaeus) Naevius , en fran&#231;ais N&#233;vius ou Nevius (-264&ndash;-194), dramaturge romain.<br>C'est un Campanien (Capoue), originaire d'un milieu fortement marqu&#233; par les Grecs. Il est venu s&#8217;installer &#224; Rome &#224; la fin de la Premi&#232;re guerre punique o&#249; il avait combattu comme alli&#233; de Rome. Aulu Gelle nous dit qu&#8217;il donne sa premi&#232;re repr&#233;sentation en 235. Les Metelli le font emprisonner en 205. Il est lib&#233;r&#233; par Marcus Claudius Marcellus, fils du grand Marcellus, mais doit s&#8217;exiler en raison de ses positions contre les Metelli et les Scipions, disant que les destins des deux familles &quot;est de na&#238;tre consuls &#224; Rome.&quot;",
"fiche-a-completer": true,
"fiche-publiee": true,
"identifiant-drupal": 455532,
"importance": 0,
"mise-a-jour": "2016-05-09-16-44-04",
"moment-de-creation": "2016-03-25-07-00-05",
"moment-de-modification": "2016-03-25-07-00-05",
"nom": "Naevius",
"nom-francais": ["Naevius"],
"nom-machine": ["pers-2016-03-25-07-00-05-87534216323"],
"personne-date-deces": "-194",
"personne-date-naissance": "-264",
"personne-nom-famille": "Naevius",
"site-de-diffusion": ["terme-2015-12-06-16-23-47-86966221646"],
"source-defectueuse": false,
"source-url": "http://www.phdadministration.net/?id=pers-2016-03-25-07-00-05-87534216323",
"sous-type": "pers",
"type": "ressources",
"type-de-ressource": ["terme-2015-12-06-16-27-16-86966234209","terme-2015-12-06-16-27-18-86966234335"]
}