{
"_id": "pers-2016-03-25-06-59-42-87534214979",
"ajouter-aux-favoris": false,
"date-edition": "2016-03-25-06-59-42",
"fiche-a-completer": true,
"fiche-publiee": true,
"identifiant-drupal": 4434,
"importance": 0,
"langue-edition": ["terme-2015-12-06-16-10-42-86966174537"],
"mise-a-jour": "2016-05-09-16-44-03",
"moment-de-creation": "2016-03-25-06-59-42",
"moment-de-modification": "2016-03-25-06-59-42",
"nom": "Joseph Alois Schumpeter",
"nom-francais": ["Joseph Alois Schumpeter"],
"nom-machine": ["pers-2016-03-25-06-59-42-87534214979"],
"personne-date-deces": "1950",
"personne-date-naissance": "terme-2015-12-06-16-25-28-86966227737",
"personne-nom-famille": "Schumpeter ",
"personne-nom-prenom": "Joseph Alois",
"site-de-diffusion": ["terme-2015-12-06-16-23-47-86966221646"],
"source-defectueuse": false,
"source-langue-francais": ["http://fr.wikipedia.org/wiki/Joseph_Alois_Schumpeter"],
"source-url": "http://www.phdadministration.net/?id=pers-2016-03-25-06-59-42-87534214979",
"sous-type": "pers",
"tip": "auteurs.html",
"type": "ressources",
"type-de-ressource": ["terme-2015-12-06-16-27-16-86966234209","terme-2015-12-06-16-27-18-86966234335"]
}