{
"_id": "pers-2016-03-25-06-59-06-87534212809",
"ajouter-aux-favoris": false,
"date-edition": "2016-03-25-06-59-06",
"description": "Abdelmalek Sayad est n&#233; en 1933 &#224; Aghbala, commune de Beni Djellil en petite Kabylie, r&#233;gion berb&#232;re du nord de l'Alg&#233;rie (Alg&#233;rie fran&#231;aise &#224; l'&#233;poque), troisi&#232;me et unique gar&#231;on d'une famille de cinq enfants. Entr&#233; &#224; l'&#233;cole &#224; l'&#226;ge de sept ans, il fait ses &#233;tudes primaires dans son village natal. Il continue sa scolarit&#233; au lyc&#233;e de Beja&#239;a (Bougie), puis fait une formation d'instituteur &#224; l'&#233;cole normale de Bouzareah &#224; Alger. Il est ensuite nomm&#233; instituteur &#224; l'&#233;cole du quartier Barberousse dans la casbah d'Alger. Il poursuit enfin ses &#233;tudes &#224; l'universit&#233; d'Alger o&#249; il fait la rencontre de Pierre Bourdieu.<br>En 1963, il s'installe en France. D'abord vacataire au Centre de sociologie europ&#233;enne de l'&#201;cole des hautes &#233;tudes en sciences sociales (EHESS), il int&#232;gre en 1977 le Centre national de la recherche scientifique (CNRS), nomm&#233; Directeur de recherches en sociologie. Abdelmalek Sayad d&#233;c&#232;de le 13 mars 1998.",
"fiche-a-completer": true,
"fiche-publiee": true,
"identifiant-drupal": 269846,
"importance": 0,
"langue-edition": ["terme-2015-12-06-16-10-40-86966174431"],
"mise-a-jour": "2016-05-09-16-44-01",
"moment-de-creation": "2016-03-25-06-59-06",
"moment-de-modification": "2016-03-25-06-59-06",
"nom": "Abdelmalek Sayad",
"nom-francais": ["Abdelmalek Sayad"],
"nom-machine": ["pers-2016-03-25-06-59-06-87534212809"],
"personne-nom-famille": "Sayad",
"personne-nom-prenom": "Abdelmalek",
"site-de-diffusion": ["terme-2015-12-06-16-23-47-86966221646"],
"source-defectueuse": false,
"source-url": "http://www.phdadministration.net/?id=pers-2016-03-25-06-59-06-87534212809",
"sous-type": "pers",
"type": "ressources",
"type-de-ressource": ["terme-2015-12-06-16-27-16-86966234209","terme-2015-12-06-16-27-18-86966234335"]
}