{
"_id": "pers-2016-04-04-18-46-34-87588599647",
"ajouter-aux-favoris": false,
"fiche-a-completer": true,
"fiche-defectueuse": false,
"fiche-publiee": true,
"identifiant-drupal": 0,
"identifiant-drupal-parent": 0,
"importance": 0,
"mise-a-jour": "2016-05-09-16-44-34",
"moment-de-creation": "2016-04-04-18-46-34",
"moment-de-modification": "2016-04-29-00-48-24",
"nom": "Rabzax",
"nom-francais": ["Rabzax"],
"nom-machine": "pers-2016-04-04-18-46-34-87588599647",
"personne-nom-famille": "Rabzax",
"site-de-diffusion": ["terme-2015-12-06-16-23-47-86966221646"],
"source-url": "http://www.phdadministration.net/?id=pers-2016-04-04-18-46-34-87588599647,",
"sous-type": "pers",
"type": "personnes"
}