{
"_id": "pers-2016-03-25-07-00-02-87534216121",
"ajouter-aux-favoris": false,
"date-edition": "2016-03-25-07-00-02",
"description": "Alfred Victor, comte de Vigny est un &#233;crivain, dramaturge et po&#232;te fran&#231;ais, n&#233; le 27&#160;mars&#160;1797 ou 7 Germinal An 5 &#224; Loches (Indre-et-Loire) et mort le 17&#160;septembre&#160;1863 &#224; Paris, 8e.<br>Figure du romantisme, il &#233;crit parall&#232;lement &#224; une carri&#232;re militaire entam&#233;e en 1814 et publie ses premiers po&#232;mes en 1822. Avec la publication de Cinq-Mars en 1826, il contribue au d&#233;veloppement du roman historique fran&#231;ais. Ses traductions versifi&#233;es de Shakespeare s'inscrivent dans le drame romantique, de m&#234;me que sa pi&#232;ce Chatterton (1835). Son &oelig;uvre se caract&#233;rise par un pessimisme fondamental, et une vision d&#233;senchant&#233;e de la soci&#233;t&#233;. Il d&#233;veloppe &#224; plusieurs reprises le th&#232;me du paria, incarn&#233; par le po&#232;te, le proph&#232;te, le noble, Satan et le soldat. Sa po&#233;sie est empreinte d&#8217;un sto&#239;cisme hautain, qui s&#8217;exprime en vers denses et d&#233;pouill&#233;s, souvent riches en symboles, annon&#231;ant la modernit&#233; po&#233;tique de Baudelaire, Verlaine et Mallarm&#233;.",
"fiche-a-completer": true,
"fiche-publiee": true,
"identifiant-drupal": 455444,
"importance": 0,
"mise-a-jour": "2016-05-09-16-44-03",
"moment-de-creation": "2016-03-25-07-00-02",
"moment-de-modification": "2016-03-25-07-00-02",
"nom": "Alfred de Vigny",
"nom-francais": ["Alfred de Vigny"],
"nom-machine": ["pers-2016-03-25-07-00-02-87534216121"],
"personne-date-deces": "1863",
"personne-date-naissance": "terme-2015-12-06-16-25-22-86966227352",
"personne-nom-famille": "de Vigny",
"personne-nom-prenom": "Alfred",
"site-de-diffusion": ["terme-2015-12-06-16-23-47-86966221646"],
"source-defectueuse": false,
"source-url": "http://www.phdadministration.net/?id=pers-2016-03-25-07-00-02-87534216121",
"sous-type": "pers",
"type": "ressources",
"type-de-ressource": ["terme-2015-12-06-16-27-16-86966234209","terme-2015-12-06-16-27-18-86966234335"]
}