{
"_id": "pers-2016-03-25-06-59-53-87534215635",
"ajouter-aux-favoris": false,
"date-edition": "2016-03-25-06-59-53",
"fiche-a-completer": true,
"fiche-publiee": true,
"identifiant-drupal": 452204,
"importance": 0,
"langue-edition": ["terme-2015-12-06-16-10-42-86966174537"],
"mise-a-jour": "2016-05-09-16-44-03",
"moment-de-creation": "2016-03-25-06-59-53",
"moment-de-modification": "2016-03-25-06-59-53",
"nom": "Alain Duault",
"nom-francais": ["Alain Duault"],
"nom-machine": ["pers-2016-03-25-06-59-53-87534215635"],
"personne-nom-famille": "Duault",
"personne-nom-prenom": "Alain",
"site-de-diffusion": ["terme-2015-12-06-16-23-47-86966221646"],
"source-defectueuse": false,
"source-url": "http://www.phdadministration.net/?id=pers-2016-03-25-06-59-53-87534215635",
"sous-type": "pers",
"tip": "L&#8217;Humeur d&#8217;Alain Duault",
"type": "ressources",
"type-de-ressource": ["terme-2015-12-06-16-27-16-86966234209","terme-2015-12-06-16-27-18-86966234335","terme-2015-12-06-16-27-20-86966234417","terme-2015-12-06-16-27-20-86966234423"]
}