{
"_id": "pers-2016-04-04-18-45-47-87588596875",
"ajouter-aux-favoris": false,
"fiche-a-completer": true,
"fiche-publiee": true,
"importance": 0,
"mise-a-jour": "2016-05-09-16-44-23",
"moment-de-creation": "2016-04-04-18-45-47",
"moment-de-modification": "2016-04-04-18-45-47",
"nom": "Andre&#227;&#175; Demidov",
"nom-francais": ["Andre&#227;&#175; Demidov"],
"nom-machine": "pers-2016-04-04-18-45-47-87588596875",
"personne-nom-famille": "Demidov",
"personne-nom-prenom": "Andre&#227;&#175;",
"site-de-diffusion": ["terme-2015-12-06-16-23-47-86966221646"],
"source-defectueuse": false,
"source-url": "http://www.phdadministration.net/?id=pers-2016-04-04-18-45-47-87588596875,",
"sous-type": "pers",
"type": "ressources",
"type-de-ressource": ["terme-2015-12-06-16-27-21-86966234485"]
}