{
"_id": "pers-2016-03-25-07-02-42-87534225771",
"ajouter-aux-favoris": false,
"date-edition": "2016-03-25-07-02-42",
"fiche-a-completer": true,
"fiche-publiee": true,
"identifiant-drupal": 463196,
"importance": 0,
"mise-a-jour": "2016-05-09-16-44-13",
"moment-de-creation": "2016-03-25-07-02-42",
"moment-de-modification": "2016-03-25-07-02-42",
"nom": "Robert Michels",
"nom-francais": ["Robert Michels"],
"nom-machine": ["pers-2016-03-25-07-02-42-87534225771"],
"personne-date-deces": "1936",
"personne-date-naissance": "1876",
"personne-nom-famille": "Michels ",
"personne-nom-prenom": "Robert",
"site-de-diffusion": ["terme-2015-12-06-16-23-47-86966221646"],
"source-defectueuse": false,
"source-url": "http://www.phdadministration.net/?id=pers-2016-03-25-07-02-42-87534225771",
"sous-type": "pers",
"tip": "auteurs.html",
"type": "ressources",
"type-de-ressource": ["terme-2015-12-06-16-27-16-86966234209","terme-2015-12-06-16-27-18-86966234335"]
}