{
"_id": "pers-2016-03-25-07-02-18-87534224335",
"ajouter-aux-favoris": false,
"date-edition": "2016-03-25-07-02-18",
"description": "Pablo Gonz&#225;lez Casanova (Toluca, Estado de M&#233;xico, 1922) es un destacado soci&#243;logo y cr&#237;tico mexicano condecorado por la Unesco en 2003 con el Premio Internacional Jos&#233; Mart&#237; por su defensa de la identidad de los pueblos ind&#237;genas de Am&#233;rica Latina.",
"fiche-a-completer": true,
"fiche-publiee": true,
"identifiant-drupal": 461539,
"importance": 0,
"langue-edition": ["terme-2015-12-06-16-10-41-86966174518"],
"mise-a-jour": "2016-05-09-16-44-07",
"moment-de-creation": "2016-03-25-07-02-18",
"moment-de-modification": "2016-03-25-07-02-18",
"nom": "Pablo Gonz&#225;lez Casanova",
"nom-francais": ["Pablo Gonz&#225;lez Casanova"],
"nom-machine": ["pers-2016-03-25-07-02-18-87534224335"],
"personne-date-naissance": "terme-2015-12-06-16-25-30-86966227848",
"personne-nom-famille": "Casanova",
"personne-nom-prenom": "Pablo Gonz&#225;lez",
"site-de-diffusion": ["terme-2015-12-06-16-23-47-86966221646"],
"source-defectueuse": false,
"source-url": "http://www.phdadministration.net/?id=pers-2016-03-25-07-02-18-87534224335",
"sous-type": "pers",
"type": "ressources",
"type-de-ressource": ["terme-2015-12-06-16-27-16-86966234209","terme-2015-12-06-16-27-18-86966234335","terme-2015-12-06-16-27-20-86966234417","terme-2015-12-06-16-27-21-86966234485"]
}