{
"_id": "pers-2016-04-04-18-45-50-87588597024",
"ajouter-aux-favoris": false,
"fiche-a-completer": true,
"fiche-publiee": true,
"importance": 0,
"mise-a-jour": "2016-05-09-16-44-24",
"moment-de-creation": "2016-04-04-18-45-50",
"moment-de-modification": "2016-04-04-18-45-50",
"nom": "Beno&#227;&#174;t Dodelin",
"nom-francais": ["Beno&#227;&#174;t Dodelin"],
"nom-machine": "pers-2016-04-04-18-45-50-87588597024",
"personne-nom-famille": "Dodelin",
"personne-nom-prenom": "Beno&#227;&#174;t",
"site-de-diffusion": ["terme-2015-12-06-16-23-47-86966221646"],
"source-defectueuse": false,
"source-url": "http://www.phdadministration.net/?id=pers-2016-04-04-18-45-50-87588597024,",
"sous-type": "pers",
"type": "ressources",
"type-de-ressource": ["terme-2015-12-06-16-27-21-86966234485"]
}