{
"_id": "pers-2016-03-25-06-59-43-87534215016",
"ajouter-aux-favoris": false,
"date-edition": "2016-03-25-06-59-43",
"fiche-a-completer": true,
"fiche-publiee": true,
"identifiant-drupal": 4451,
"importance": 0,
"langue-edition": ["terme-2015-12-06-16-10-42-86966174537"],
"mise-a-jour": "2016-05-09-16-44-03",
"moment-de-creation": "2016-03-25-06-59-43",
"moment-de-modification": "2016-03-25-06-59-43",
"nom": "Thorstein Veblen",
"nom-francais": ["Thorstein Veblen"],
"nom-machine": ["pers-2016-03-25-06-59-43-87534215016"],
"personne-date-deces": "1929",
"personne-date-naissance": "terme-2015-12-06-16-25-27-86966227668",
"personne-nom-famille": "Veblen",
"personne-nom-prenom": "Thorstein",
"site-de-diffusion": ["terme-2015-12-06-16-23-47-86966221646"],
"source-defectueuse": false,
"source-url": "http://www.phdadministration.net/?id=pers-2016-03-25-06-59-43-87534215016",
"sous-type": "pers",
"type": "ressources",
"type-de-ressource": ["terme-2015-12-06-16-27-16-86966234209","terme-2015-12-06-16-27-18-86966234335"]
}