{
"_id": "pers-2016-03-25-06-59-35-87534214547",
"ajouter-aux-favoris": false,
"date-edition": "2016-03-25-06-59-35",
"fiche-a-completer": true,
"fiche-publiee": true,
"identifiant-drupal": 4274,
"importance": 0,
"langue-edition": ["terme-2015-12-06-16-10-42-86966174537"],
"mise-a-jour": "2016-05-09-16-44-02",
"moment-de-creation": "2016-03-25-06-59-35",
"moment-de-modification": "2016-03-25-06-59-35",
"nom": "Auguste Comte",
"nom-francais": ["Auguste Comte"],
"nom-machine": ["pers-2016-03-25-06-59-35-87534214547"],
"personne-date-deces": "1857",
"personne-date-naissance": "terme-2015-12-06-16-25-22-86966227355",
"personne-nom-famille": "Comte",
"personne-nom-prenom": "Auguste",
"site-de-diffusion": ["terme-2015-12-06-16-23-47-86966221646"],
"source-defectueuse": false,
"source-url": "http://www.phdadministration.net/?id=pers-2016-03-25-06-59-35-87534214547",
"sous-type": "pers",
"type": "ressources",
"type-de-ressource": ["terme-2015-12-06-16-27-16-86966234209","terme-2015-12-06-16-27-18-86966234335"]
}