{
"_id": "pers-2016-03-25-07-00-04-87534216240",
"ajouter-aux-favoris": false,
"date-edition": "2016-03-25-07-00-04",
"description": "Jean Cocteau est n&#233; le 5&#160;juillet&#160;1889 &#224; Maisons-Laffitte et mort le 11&#160;octobre&#160;1963 &#224; Milly-la-For&#234;t. Il est un po&#232;te fran&#231;ais, artiste aux multiples talents, graphiste, dessinateur, dramaturge, mais aussi cin&#233;aste.<br>Il fut &#233;lu &#224; l'Acad&#233;mie fran&#231;aise en 1955.<br>Comptant parmi les artistes qui ont marqu&#233; le XXe si&#232;cle, il c&#244;toya la plupart de ceux qui anim&#232;rent la vie artistique de son &#233;poque. Il fut l'impr&#233;sario de son temps, le lanceur de modes, le bon g&#233;nie d'innombrables artistes et posa sa touche inspir&#233;e sur tout ce qu'il cr&#233;a avec une gr&#226;ce particuli&#232;re, une originalit&#233; de tous les instants et une intuition rare.",
"fiche-a-completer": true,
"fiche-publiee": true,
"identifiant-drupal": 455497,
"importance": 0,
"mise-a-jour": "2016-05-09-16-44-04",
"moment-de-creation": "2016-03-25-07-00-04",
"moment-de-modification": "2016-03-25-07-00-04",
"nom": "Jean Cocteau",
"nom-francais": ["Jean Cocteau"],
"nom-machine": ["pers-2016-03-25-07-00-04-87534216240"],
"personne-date-deces": "1963",
"personne-date-naissance": "terme-2015-12-06-16-25-29-86966227755",
"personne-nom-famille": "Cocteau",
"personne-nom-prenom": "Jean",
"site-de-diffusion": ["terme-2015-12-06-16-23-47-86966221646"],
"source-defectueuse": false,
"source-url": "http://www.phdadministration.net/?id=pers-2016-03-25-07-00-04-87534216240",
"sous-type": "pers",
"type": "ressources",
"type-de-ressource": ["terme-2015-12-06-16-27-16-86966234209","terme-2015-12-06-16-27-18-86966234335"]
}