{
"_id": "pers-2016-04-04-18-45-25-87588595509",
"ajouter-aux-favoris": false,
"fiche-a-completer": true,
"fiche-publiee": true,
"importance": 0,
"mise-a-jour": "2016-05-09-16-44-18",
"moment-de-creation": "2016-04-04-18-45-25",
"moment-de-modification": "2016-04-04-18-45-25",
"nom": "G&#227;&#150;kalp Altan",
"nom-francais": ["G&#227;&#150;kalp Altan"],
"nom-machine": "pers-2016-04-04-18-45-25-87588595509",
"personne-nom-famille": "Altan",
"personne-nom-prenom": "G&#227;&#150;kalp",
"site-de-diffusion": ["terme-2015-12-06-16-23-47-86966221646"],
"source-defectueuse": false,
"source-url": "http://www.phdadministration.net/?id=pers-2016-04-04-18-45-25-87588595509,",
"sous-type": "pers",
"type": "ressources",
"type-de-ressource": ["terme-2015-12-06-16-27-21-86966234485"]
}