{
"_id": "pers-2016-03-25-07-02-31-87534225075",
"ajouter-aux-favoris": false,
"date-edition": "2016-03-25-07-02-31",
"description": " (born 1940)",
"fiche-a-completer": true,
"fiche-publiee": true,
"identifiant-drupal": 462881,
"importance": 0,
"mise-a-jour": "2016-05-09-16-44-10",
"moment-de-creation": "2016-03-25-07-02-31",
"moment-de-modification": "2016-03-25-07-02-31",
"nom": "Daniel A. Foss",
"nom-francais": ["Daniel A. Foss"],
"nom-machine": ["pers-2016-03-25-07-02-31-87534225075"],
"personne-nom-famille": "Foss ",
"personne-nom-prenom": "Daniel A.",
"site-de-diffusion": ["terme-2015-12-06-16-23-47-86966221646"],
"source-defectueuse": false,
"source-url": "http://www.phdadministration.net/?id=pers-2016-03-25-07-02-31-87534225075",
"sous-type": "pers",
"tip": "auteurs.html",
"type": "ressources",
"type-de-ressource": ["terme-2015-12-06-16-27-16-86966234209","terme-2015-12-06-16-27-18-86966234335"]
}