{
"_id": "pers-2016-03-25-06-59-21-87534213719",
"ajouter-aux-favoris": false,
"date-edition": "2016-03-25-06-59-21",
"description": "Comptable agr&#233;&#233;, Comptable de la compagnie. Groupex Poste t&#233;l&#233;phonique 223",
"fiche-a-completer": true,
"fiche-publiee": true,
"identifiant-drupal": 3121,
"importance": 0,
"mise-a-jour": "2016-05-09-16-44-01",
"moment-de-creation": "2016-03-25-06-59-21",
"moment-de-modification": "2016-03-25-06-59-21",
"mots-clefs": ["comptable"],
"nom": "Bernard Marcotte",
"nom-francais": ["Bernard Marcotte"],
"nom-machine": ["pers-2016-03-25-06-59-21-87534213719"],
"personne-nom-famille": "Marcotte",
"personne-nom-prenom": "Bernard",
"site-de-diffusion": ["terme-2015-12-06-16-23-47-86966221646"],
"source-defectueuse": false,
"source-url": "http://www.phdadministration.net/?id=pers-2016-03-25-06-59-21-87534213719",
"sous-type": "pers",
"tip": "Comptable agr&#233;&#233;, Comptable de la compagnie. Groupex Poste t&#233;l&#233;phonique 223",
"type": "ressources",
"type-de-ressource": ["terme-2015-12-06-16-27-16-86966234209","terme-2015-12-06-16-27-18-86966234335"]
}