{
"_id": "pers-2016-03-25-07-00-03-87534216211",
"ajouter-aux-favoris": false,
"date-edition": "2016-03-25-07-00-03",
"description": "Georges Feydeau, n&#233; &#224; Paris le 8&#160;d&#233;cembre&#160;1862 et mort &#224; Rueil-Malmaison le 5&#160;juin&#160;1921, est un auteur dramatique fran&#231;ais, connu pour ses tr&#232;s nombreux vaudevilles.",
"fiche-a-completer": true,
"fiche-publiee": true,
"identifiant-drupal": 455485,
"importance": 0,
"mise-a-jour": "2016-05-09-16-44-04",
"moment-de-creation": "2016-03-25-07-00-03",
"moment-de-modification": "2016-03-25-07-00-03",
"nom": "Georges Feydeau",
"nom-francais": ["Georges Feydeau"],
"nom-machine": ["pers-2016-03-25-07-00-03-87534216211"],
"personne-date-deces": "1921",
"personne-date-naissance": "terme-2015-12-06-16-25-27-86966227672",
"personne-nom-famille": "Feydeau",
"personne-nom-prenom": "Georges",
"site-de-diffusion": ["terme-2015-12-06-16-23-47-86966221646"],
"source-defectueuse": false,
"source-url": "http://www.phdadministration.net/?id=pers-2016-03-25-07-00-03-87534216211",
"sous-type": "pers",
"type": "ressources",
"type-de-ressource": ["terme-2015-12-06-16-27-16-86966234209","terme-2015-12-06-16-27-18-86966234335"]
}