{
"_id": "pers-2016-03-25-06-59-03-87534212615",
"ajouter-aux-favoris": false,
"date-edition": "2016-03-25-06-59-03",
"description": "Critiques et commentaires anarchistes",
"fiche-a-completer": true,
"fiche-publiee": true,
"identifiant-drupal": 2599,
"importance": 0,
"langue-edition": ["terme-2015-12-06-16-10-42-86966174537"],
"lieu-edition": ["lieu-2015-12-06-16-16-35-86966195724"],
"mise-a-jour": "2016-05-09-16-44-01",
"moment-de-creation": "2016-03-25-06-59-03",
"moment-de-modification": "2016-03-25-06-59-03",
"mots-clefs": ["&#233;conomie","Anarchisme","communicme libertaire","critique","politique","Situationnisme"],
"nom": "Claude Guillon - blogue",
"nom-francais": ["Claude Guillon - blogue"],
"nom-machine": ["pers-2016-03-25-06-59-03-87534212615"],
"personne-nom-famille": "Guillon",
"personne-nom-prenom": "Claude",
"site-de-diffusion": ["terme-2015-12-06-16-23-47-86966221646"],
"source-defectueuse": false,
"source-url": "http://www.phdadministration.net/?id=pers-2016-03-25-06-59-03-87534212615",
"sous-type": "pers",
"sujet": ["terme-2015-12-06-16-26-52-86966232741"],
"tip": "Critiques et commentaires anarchistes",
"type": "ressources",
"type-de-ressource": ["terme-2015-12-06-16-27-16-86966234209","terme-2015-12-06-16-27-18-86966234335","terme-2015-12-06-16-27-20-86966234423"]
}