{
"_id": "pers-2016-03-25-07-05-57-87534237432",
"ajouter-aux-favoris": false,
"date-edition": "2016-03-25-07-05-57",
"fiche-a-completer": true,
"fiche-publiee": true,
"identifiant-drupal": 472441,
"importance": 0,
"mise-a-jour": "2016-05-09-16-44-17",
"moment-de-creation": "2016-03-25-07-05-57",
"moment-de-modification": "2016-03-25-07-05-57",
"nom": "Stieg Larsson",
"nom-francais": ["Stieg Larsson"],
"nom-machine": ["pers-2016-03-25-07-05-57-87534237432"],
"personne-date-deces": "2004",
"personne-date-naissance": "terme-2015-12-06-16-25-32-86966227951",
"personne-nom-famille": "Larsson",
"personne-nom-prenom": "Stieg",
"site-de-diffusion": ["terme-2015-12-06-16-23-47-86966221646"],
"source-defectueuse": false,
"source-url": "http://www.phdadministration.net/?id=pers-2016-03-25-07-05-57-87534237432",
"sous-type": "pers",
"type": "ressources",
"type-de-ressource": ["terme-2015-12-06-16-27-21-86966234497"]
}