{
"_id": "pers-2016-03-25-07-03-16-87534227798",
"ajouter-aux-favoris": false,
"date-edition": "2016-03-25-07-03-16",
"fiche-a-completer": true,
"fiche-publiee": true,
"identifiant-drupal": 466159,
"importance": 0,
"langue-edition": ["terme-2015-12-06-16-10-42-86966174537"],
"mise-a-jour": "2016-05-09-16-44-17",
"moment-de-creation": "2016-03-25-07-03-16",
"moment-de-modification": "2016-03-25-07-03-16",
"nom": "Jean-Marie Harribey",
"nom-francais": ["Jean-Marie Harribey"],
"nom-machine": ["pers-2016-03-25-07-03-16-87534227798"],
"personne-nom-famille": "Harribey",
"personne-nom-prenom": "Jean-Marie",
"site-de-diffusion": ["terme-2015-12-06-16-23-47-86966221646"],
"source-defectueuse": false,
"source-url": "http://www.phdadministration.net/?id=pers-2016-03-25-07-03-16-87534227798",
"sous-type": "pers",
"type": "ressources",
"type-de-ressource": ["terme-2015-12-06-16-27-16-86966234209","terme-2015-12-06-16-27-18-86966234335","terme-2015-12-06-16-27-20-86966234417","terme-2015-12-06-16-27-20-86966234423","terme-2015-12-06-16-27-21-86966234485"],
"voir-aussi": ["site-2016-03-25-07-06-47-87534240422"]
}