{
"_id": "pers-2016-03-25-07-00-02-87534216126",
"ajouter-aux-favoris": false,
"date-edition": "2016-03-25-07-00-02",
"description": "Andr&#233; Obey est un auteur dramatique, romancier et essayiste fran&#231;ais n&#233; le 8&#160;mai&#160;1892 &#224; Douai et mort le 11&#160;avril&#160;1975 &#224; Montsoreau (Maine-et-Loire). Apr&#232;s une enfance pass&#233;e entre le coll&#232;ge et l&#8217;&#233;cole de musique, il passe ses licences de Droit et de Lettres &#224; Lille.",
"fiche-a-completer": true,
"fiche-publiee": true,
"identifiant-drupal": 455446,
"importance": 0,
"langue-edition": ["terme-2015-12-06-16-10-42-86966174537"],
"mise-a-jour": "2016-05-09-16-44-04",
"moment-de-creation": "2016-03-25-07-00-02",
"moment-de-modification": "2016-03-25-07-00-02",
"nom": "Andr&#233; Obey",
"nom-francais": ["Andr&#233; Obey"],
"nom-machine": ["pers-2016-03-25-07-00-02-87534216126"],
"personne-date-deces": "1975",
"personne-date-naissance": "terme-2015-12-06-16-25-29-86966227794",
"personne-nom-famille": "Obey",
"personne-nom-prenom": "Andr&#233;",
"site-de-diffusion": ["terme-2015-12-06-16-23-47-86966221646"],
"source-defectueuse": false,
"source-url": "http://www.phdadministration.net/?id=pers-2016-03-25-07-00-02-87534216126",
"sous-type": "pers",
"type": "ressources",
"type-de-ressource": ["terme-2015-12-06-16-27-16-86966234209","terme-2015-12-06-16-27-18-86966234335"]
}