{
"_id": "pers-2016-03-25-07-00-01-87534216119",
"ajouter-aux-favoris": false,
"date-edition": "2016-03-25-07-00-01",
"description": "Alfred de Musset, n&#233; le 11&#160;d&#233;cembre&#160;1810 &#224; Paris et mort le 2&#160;mai&#160;1857 dans la m&#234;me ville, est un po&#232;te et un dramaturge fran&#231;ais de la p&#233;riode romantique.",
"fiche-a-completer": true,
"fiche-publiee": true,
"identifiant-drupal": 455443,
"importance": 0,
"mise-a-jour": "2016-05-09-16-44-03",
"moment-de-creation": "2016-03-25-07-00-01",
"moment-de-modification": "2016-03-25-07-00-01",
"nom": "Alfred de Musset",
"nom-francais": ["Alfred de Musset"],
"nom-machine": ["pers-2016-03-25-07-00-01-87534216119"],
"personne-date-deces": "1857",
"personne-date-naissance": "terme-2015-12-06-16-25-23-86966227389",
"personne-nom-famille": "de Musset",
"personne-nom-prenom": "Alfred",
"site-de-diffusion": ["terme-2015-12-06-16-23-47-86966221646"],
"source-defectueuse": false,
"source-url": "http://www.phdadministration.net/?id=pers-2016-03-25-07-00-01-87534216119",
"sous-type": "pers",
"type": "ressources",
"type-de-ressource": ["terme-2015-12-06-16-27-16-86966234209","terme-2015-12-06-16-27-18-86966234335"]
}