{
"_id": "pers-2016-04-04-18-46-55-87588600906",
"ajouter-aux-favoris": false,
"fiche-a-completer": true,
"fiche-defectueuse": false,
"fiche-publiee": true,
"identifiant-drupal": 0,
"identifiant-drupal-parent": 0,
"importance": 0,
"mise-a-jour": "2016-05-09-16-44-40",
"moment-de-creation": "2016-04-04-18-46-55",
"moment-de-modification": "2016-04-29-00-48-36",
"nom": "Zhu",
"nom-francais": ["Zhu"],
"nom-machine": "pers-2016-04-04-18-46-55-87588600906",
"personne-nom-famille": "Zhu",
"site-de-diffusion": ["terme-2015-12-06-16-23-47-86966221646"],
"source-url": "http://www.phdadministration.net/?id=pers-2016-04-04-18-46-55-87588600906,",
"sous-type": "pers",
"type": "personnes"
}