{
"_id": "pers-2016-03-25-06-59-49-87534215364",
"ajouter-aux-favoris": false,
"date-edition": "2016-03-25-06-59-49",
"description": "&#1605;&#1593;&#1605;&#1585; &#1575;&#1604;&#1602;&#1584;&#1575;&#1601;&#1610;",
"fiche-a-completer": true,
"fiche-publiee": true,
"identifiant-drupal": 451898,
"importance": 0,
"langue-edition": ["terme-2015-12-06-16-10-40-86966174433"],
"lieu-concerne": ["lieu-2015-12-06-16-21-41-86966214116"],
"mise-a-jour": "2016-05-09-16-44-03",
"moment-de-creation": "2016-03-25-06-59-49",
"moment-de-modification": "2016-03-25-06-59-49",
"nom": "Mouammar el Kadhafi",
"nom-francais": ["Mouammar el Kadhafi"],
"nom-machine": ["pers-2016-03-25-06-59-49-87534215364"],
"personne-nom-famille": "el Kadhafi",
"personne-nom-prenom": "Mouammar",
"site-de-diffusion": ["terme-2015-12-06-16-23-47-86966221646"],
"source-defectueuse": false,
"source-url": "http://www.phdadministration.net/?id=pers-2016-03-25-06-59-49-87534215364",
"sous-type": "pers",
"tip": "Site de El Kadhafi- ne marche pas actuellement",
"type": "ressources",
"type-de-ressource": ["terme-2015-12-06-16-27-16-86966234209","terme-2015-12-06-16-27-18-86966234335","terme-2015-12-06-16-27-21-86966234482"]
}