{
"_id": "pers-2016-04-04-18-46-12-87588598329",
"ajouter-aux-favoris": false,
"fiche-a-completer": true,
"fiche-publiee": true,
"importance": 0,
"mise-a-jour": "2016-05-09-16-44-29",
"moment-de-creation": "2016-04-04-18-46-12",
"moment-de-modification": "2016-04-04-18-46-12",
"nom": "Elsa Lagier",
"nom-francais": ["Elsa Lagier"],
"nom-machine": "pers-2016-04-04-18-46-12-87588598329",
"personne-nom-famille": "Lagier",
"personne-nom-prenom": "Elsa",
"site-de-diffusion": ["terme-2015-12-06-16-23-47-86966221646"],
"source-defectueuse": false,
"source-url": "http://www.phdadministration.net/?id=pers-2016-04-04-18-46-12-87588598329,",
"sous-type": "pers",
"type": "ressources",
"type-de-ressource": ["terme-2015-12-06-16-27-21-86966234485"]
}