{
"_id": "pers-2016-03-25-07-04-57-87534233863",
"ajouter-aux-favoris": false,
"date-edition": "2016-03-25-07-04-57",
"fiche-a-completer": true,
"fiche-publiee": true,
"identifiant-drupal": 469629,
"importance": 0,
"langue-edition": ["terme-2015-12-06-16-10-42-86966174537"],
"mise-a-jour": "2016-05-09-16-44-17",
"moment-de-creation": "2016-03-25-07-04-57",
"moment-de-modification": "2016-03-25-07-04-57",
"nom": "G&#252;nther Anders",
"nom-francais": ["G&#252;nther Anders"],
"nom-machine": ["pers-2016-03-25-07-04-57-87534233863"],
"personne-date-deces": "1992",
"personne-date-naissance": "terme-2015-12-06-16-25-29-86966227768",
"personne-nom-famille": "Anders",
"personne-nom-prenom": "G&#252;nther",
"site-de-diffusion": ["terme-2015-12-06-16-23-47-86966221646"],
"source-defectueuse": false,
"source-url": "http://www.phdadministration.net/?id=pers-2016-03-25-07-04-57-87534233863",
"sous-type": "pers",
"tip": "penseur et essayiste allemand",
"type": "ressources",
"type-de-contenu": ["terme-2015-12-06-16-27-11-86966233910"],
"type-de-ressource": ["terme-2015-12-06-16-27-18-86966234335"]
}