{
"_id": "pers-2016-03-06-01-40-48-87434786887",
"ajouter-aux-favoris": false,
"fiche-a-completer": true,
"fiche-publiee": true,
"importance": 0,
"mise-a-jour": "2016-05-09-16-44-00",
"moment-de-creation": "2016-03-06-01-40-48",
"moment-de-modification": "2016-03-06-01-46-18",
"nom": "Eric John Ernest Hobsbawm",
"nom-francais": ["Eric John Ernest Hobsbawm"],
"nom-machine": "pers-2016-03-06-01-40-48-87434786887",
"personne-date-deces": "2012-10-01",
"personne-date-naissance": "1917-06-09",
"personne-nom-famille": "Hobsbawm",
"personne-nom-prenom": "Eric ",
"personne-wikipedia": "https://en.wikipedia.org/wiki/Eric_Hobsbawm",
"site-de-diffusion": ["terme-2015-12-06-16-23-47-86966221646"],
"source-defectueuse": false,
"source-url": "http://www.phdadministration.net/?id=pers-2016-03-06-01-40-48-87434786887",
"sous-type": "pers",
"type": "ressources",
"type-de-ressource": ["terme-2015-12-06-16-27-18-86966234335"]
}