{
"_id": "pers-2016-04-04-18-45-42-87588596566",
"ajouter-aux-favoris": false,
"fiche-a-completer": true,
"fiche-publiee": true,
"importance": 0,
"mise-a-jour": "2016-05-09-16-44-22",
"moment-de-creation": "2016-04-04-18-45-42",
"moment-de-modification": "2016-04-04-18-45-42",
"nom": "Laure Collignon",
"nom-francais": ["Laure Collignon"],
"nom-machine": "pers-2016-04-04-18-45-42-87588596566",
"personne-nom-famille": "Collignon",
"personne-nom-prenom": "Laure",
"site-de-diffusion": ["terme-2015-12-06-16-23-47-86966221646"],
"source-defectueuse": false,
"source-url": "http://www.phdadministration.net/?id=pers-2016-04-04-18-45-42-87588596566,",
"sous-type": "pers",
"type": "ressources",
"type-de-ressource": ["terme-2015-12-06-16-27-21-86966234485"]
}