{
"_id": "pers-2016-03-25-07-00-21-87534217312",
"ajouter-aux-favoris": false,
"date-edition": "2016-03-25-07-00-21",
"description": "<p>L&#8217;&#201;cole de Francfort est le nom donn&#233;, dans les ann&#233;es 1960, &#224; un groupe d'intellectuels allemands r&#233;unis autour de l'Institut de Recherche sociale fond&#233; en 1923 et soutenu par le m&#233;c&#232;ne Felix Weil. Elle est actuellement dirig&#233;e par le philosophe Axel Honneth. Connue pour ses illustres chercheurs, parmi lesquels on compte notamment Theodor W. Adorno, Max Horkheimer, Herbert Marcuse et Walter Benjamin, son projet initial &#233;tait d'accomplir une analyse critique des sciences sociales dans une perspective n&#233;o-marxiste. L'&#233;cole de Francfort est notamment connue pour s'&#234;tre pench&#233;e sur l'apparition de la culture de masse dans les soci&#233;t&#233;s modernes, dont elle d&#233;veloppera une critique &#224; l'aide du concept de l'&#171; industrie culturelle &#187;.</p><br><p>Cette &#233;cole se penche sur les concepts de critique comme :</p><br><ul><br><li>au sens des <em>Lumi&#232;res</em> : la raison pour d&#233;crypter les textes,</li><br><li>au sens de la philosophie id&#233;aliste allemande : voir Kant (&#233;pist&#233;mologie),</li><br><li>au sens marxiste : il faut prendre conscience de la situation pour s'en lib&#233;rer.</li><br></ul><br><p>A l'arriv&#233;e du parti nazi au pouvoir en 1933, l'Institut est ferm&#233; et ses membres sont contraints &#224; l'exil. Adorno, Horkheimer et Marcuse partent aux &#201;tats-Unis. Herbert Marcuse enseignera &#224; Berkeley, en Californie. Apr&#232;s une escale &#224; Gen&#232;ve, l'Institut est transf&#233;r&#233; &#224; New York, o&#249; il restera jusqu'en 1950, date de son retour &#224; Francfort. J&#252;rgen Habermas, par un r&#233;investissement de la th&#233;orie critique, contribuera &#224; fonder ce que l'on nommera la &#171; Seconde g&#233;n&#233;ration de l'&#201;cole de Francfort &#187;.</p>",
"fiche-a-completer": true,
"fiche-publiee": true,
"identifiant-drupal": 4561,
"importance": 0,
"langue-edition": ["terme-2015-12-06-16-10-42-86966174537"],
"mise-a-jour": "2016-05-09-16-44-05",
"moment-de-creation": "2016-03-25-07-00-21",
"moment-de-modification": "2016-03-25-07-00-21",
"mots-clefs": ["Allemand"],
"nom": "&#201;cole de Francfort",
"nom-francais": ["&#201;cole de Francfort"],
"nom-machine": ["pers-2016-03-25-07-00-21-87534217312"],
"personne-nom-famille": "Francfort",
"personne-nom-prenom": "&#201;cole de",
"site-de-diffusion": ["terme-2015-12-06-16-23-47-86966221646"],
"source-defectueuse": false,
"source-url": "http://www.phdadministration.net/?id=pers-2016-03-25-07-00-21-87534217312",
"sous-type": "pers",
"suggestion-relation": "4221,4343,4386,4242,4318,4339",
"sujet": ["terme-2015-12-06-16-27-02-86966233348"],
"tip": "Groupe d'intellectuels allemands r&#233;unis autour de l'Institut de Recherche sociale ...",
"type": "ressources",
"type-de-ressource": ["terme-2015-12-06-16-27-16-86966234209","terme-2015-12-06-16-27-18-86966234289"]
}