{
"_id": "pers-2016-03-25-07-00-02-87534216150",
"ajouter-aux-favoris": false,
"date-edition": "2016-03-25-07-00-02",
"description": "Catherine Fradonnet, dite Catherine Des Roches, n&#233;e en d&#233;cembre 1542 et morte en novembre 1587 est une &#233;crivaine f&#233;ministe de la Renaissance.<br>Contemporaine de Ronsard et de l&#8217;humaniste Estienne Pasquier qu&#8217;avec sa m&#232;re, Madeleine Des Roches, elle connaissait bien, Catherine Des Roches &#233;tait, avec celle-ci, au centre d&#8217;un cercle litt&#233;raire &#224; Poitiers entre 1570 et 1587. Gr&#226;ce &#224; sa m&#232;re, qui lui a servi de mentor intellectuel, Catherine Des Roches a plus &#233;crit que cette derni&#232;re. Son &oelig;uvre la plus connue est son sonnet &#192; ma quenouille o&#249; &#171;&#160;ayant dedans la main, le fuzeau et la plume&#160;&#187;, elle d&#233;peint la femme partag&#233;e entre ses t&#226;ches domestiques et les activit&#233;s de l&#8217;esprit.<br>Elle refusa de se marier pour pouvoir se consacrer &#224; ses travaux intellectuels. Elle mourut de la peste le m&#234;me jour que sa m&#232;re.",
"fiche-a-completer": true,
"fiche-publiee": true,
"identifiant-drupal": 455458,
"importance": 0,
"mise-a-jour": "2016-05-09-16-44-04",
"moment-de-creation": "2016-03-25-07-00-02",
"moment-de-modification": "2016-03-25-07-00-02",
"nom": "Catherine Des Roches",
"nom-francais": ["Catherine Des Roches"],
"nom-machine": ["pers-2016-03-25-07-00-02-87534216150"],
"personne-date-deces": "1587",
"personne-date-naissance": "1542",
"personne-nom-famille": "Des Roches",
"personne-nom-prenom": "Catherine",
"site-de-diffusion": ["terme-2015-12-06-16-23-47-86966221646"],
"source-defectueuse": false,
"source-url": "http://www.phdadministration.net/?id=pers-2016-03-25-07-00-02-87534216150",
"sous-type": "pers",
"type": "ressources",
"type-de-ressource": ["terme-2015-12-06-16-27-16-86966234209","terme-2015-12-06-16-27-18-86966234335"]
}