{
"_id": "pers-2016-04-04-18-45-40-87588596403",
"ajouter-aux-favoris": false,
"fiche-a-completer": true,
"fiche-publiee": true,
"importance": 0,
"mise-a-jour": "2016-05-09-16-44-21",
"moment-de-creation": "2016-04-04-18-45-40",
"moment-de-modification": "2016-04-04-18-45-40",
"nom": "Hugo Charbit",
"nom-francais": ["Hugo Charbit"],
"nom-machine": "pers-2016-04-04-18-45-40-87588596403",
"personne-nom-famille": "Charbit",
"personne-nom-prenom": "Hugo",
"site-de-diffusion": ["terme-2015-12-06-16-23-47-86966221646"],
"source-defectueuse": false,
"source-url": "http://www.phdadministration.net/?id=pers-2016-04-04-18-45-40-87588596403,",
"sous-type": "pers",
"type": "ressources",
"type-de-ressource": ["terme-2015-12-06-16-27-21-86966234485"]
}