{
"_id": "pers-2016-03-25-07-00-58-87534219530",
"ajouter-aux-favoris": false,
"date-edition": "2016-03-25-07-00-58",
"description": "Antoine HENNION - Sociologue, Directeur de recherche - Antoine Hennion m&#232;ne des travaux en sociologie de la musique et de la culture, sur les industries culturelles, la publicit&#233; et le design, sur les m&#233;diateurs, les services et les usagers. Il travaille actuellement sur une analyse comparative de diverses formes d&#8217;attachement, &#224; travers une enqu&#234;te sur les amateurs et, avec J.-M..",
"fiche-a-completer": true,
"fiche-publiee": true,
"identifiant-drupal": 457159,
"importance": 0,
"langue-edition": ["terme-2015-12-06-16-10-42-86966174537"],
"mise-a-jour": "2016-05-09-16-44-06",
"moment-de-creation": "2016-03-25-07-00-58",
"moment-de-modification": "2016-03-25-07-00-58",
"nom": "Antoine HENNION",
"nom-francais": ["Antoine HENNION"],
"nom-machine": ["pers-2016-03-25-07-00-58-87534219530"],
"personne-nom-famille": "HENNION",
"personne-nom-prenom": "Antoine",
"site-de-diffusion": ["terme-2015-12-06-16-23-47-86966221646"],
"source-defectueuse": false,
"source-url": "http://www.phdadministration.net/?id=pers-2016-03-25-07-00-58-87534219530",
"sous-type": "pers",
"tip": "Sociologue, Directeur de recherche",
"type": "ressources",
"type-de-ressource": ["terme-2015-12-06-16-27-16-86966234209","terme-2015-12-06-16-27-18-86966234335","terme-2015-12-06-16-27-21-86966234485"]
}