{
"_id": "pers-2016-03-25-07-01-50-87534222640",
"ajouter-aux-favoris": false,
"date-edition": "2016-03-25-07-01-50",
"fiche-a-completer": true,
"fiche-publiee": true,
"identifiant-drupal": 458881,
"importance": 0,
"langue-edition": ["terme-2015-12-06-16-10-42-86966174537"],
"mise-a-jour": "2016-05-09-16-44-06",
"moment-de-creation": "2016-03-25-07-01-50",
"moment-de-modification": "2016-03-25-07-01-50",
"nom": "Wilfried Sand-Zantman",
"nom-francais": ["Wilfried Sand-Zantman"],
"nom-machine": ["pers-2016-03-25-07-01-50-87534222640"],
"personne-nom-famille": "Sand-Zantman",
"personne-nom-prenom": "Wilfried",
"site-de-diffusion": ["terme-2015-12-06-16-23-47-86966221646"],
"source-defectueuse": false,
"source-url": "http://www.phdadministration.net/?id=pers-2016-03-25-07-01-50-87534222640",
"sous-type": "pers",
"type": "ressources",
"type-de-ressource": ["terme-2015-12-06-16-27-16-86966234209","terme-2015-12-06-16-27-18-86966234335","terme-2015-12-06-16-27-21-86966234485"]
}