{
"_id": "pers-2016-03-25-07-00-01-87534216102",
"ajouter-aux-favoris": false,
"date-edition": "2016-03-25-07-00-01",
"description": "Jean-Sully Mounet, dit Mounet-Sully, n&#233; &#224; Bergerac le 27&#160;f&#233;vrier&#160;1841 et mort &#224; Paris le 1er&#160;mars 1916, est un acteur fran&#231;ais, trag&#233;dien.",
"fiche-a-completer": true,
"fiche-publiee": true,
"identifiant-drupal": 455435,
"importance": 0,
"mise-a-jour": "2016-05-09-16-44-03",
"moment-de-creation": "2016-03-25-07-00-01",
"moment-de-modification": "2016-03-25-07-00-01",
"nom": "Mounet-Sully",
"nom-francais": ["Mounet-Sully"],
"nom-machine": ["pers-2016-03-25-07-00-01-87534216102"],
"personne-date-deces": "1916",
"personne-date-naissance": "terme-2015-12-06-16-25-26-86966227586",
"personne-nom-famille": "Mounet-Sully",
"site-de-diffusion": ["terme-2015-12-06-16-23-47-86966221646"],
"source-defectueuse": false,
"source-url": "http://www.phdadministration.net/?id=pers-2016-03-25-07-00-01-87534216102",
"sous-type": "pers",
"type": "ressources",
"type-de-ressource": ["terme-2015-12-06-16-27-16-86966234209","terme-2015-12-06-16-27-18-86966234335"]
}