{
"_id": "pers-2016-03-25-07-00-04-87534216245",
"ajouter-aux-favoris": false,
"date-edition": "2016-03-25-07-00-04",
"description": "Hippolyte Jean GiraudouxN 1 est un &#233;crivain1 et un diplomate fran&#231;ais, n&#233; le 29&#160;octobre&#160;1882 &#224; Bellac en Haute-Vienne et mort le 31&#160;janvier&#160;1944 &#224; Paris.<br>Brillant &#233;tudiant et soldat d&#233;cor&#233; pendant la Premi&#232;re Guerre mondiale, il occupe des fonctions diplomatiques et administratives tout en &#233;crivant des romans (Suzanne et le Pacifique en 1921, Siegfried et le Limousin en 1922) avant de se diriger vers le th&#233;&#226;tre apr&#232;s sa rencontre avec le com&#233;dien Louis Jouvet qui mettra en sc&#232;ne et interpr&#233;tera ses &oelig;uvres principales.<br>Il est aujourd'hui surtout connu pour son th&#233;&#226;tre qui compte des pi&#232;ces c&#233;l&#232;bres comme Amphitryon 38 (1929), La guerre de Troie n'aura pas lieu (1935), &#201;lectre (1937) ou Ondine (1939) ou La Folle de Chaillot jou&#233;e en 1945 apr&#232;s sa mort. Jean Giraudoux a particip&#233; comme d'autres dramaturges des ann&#233;es 1930-1940 (Cocteau, Sartre, Camus par exemple) &#224; la r&#233;&#233;criture des mythes antiques &#233;clair&#233;s par les mentalit&#233;s modernes. Il a su allier fantaisie po&#233;tique et go&#251;t pour les images insolites et &#233;galement associer le tragique et le l&#233;ger dans une langue &#233;l&#233;gante et fine, parfois m&#234;me po&#233;tique comme dans Intermezzo ou Ondine.<br>Germanophile et diplomate de carri&#232;re, il est Commissaire g&#233;n&#233;ral &#224; l'information en 1939-1940 et sa situation pendant l'Occupation est complexe et son r&#244;le contrast&#233;.<br>Jean Giraudoux meurt &#224; Paris le 31&#160;janvier&#160;1944, &#224; l'&#226;ge de soixante et un ans, &#224; la suite d'un empoisonnement alimentaire ou d'une inflammation du pancr&#233;as.",
"fiche-a-completer": true,
"fiche-publiee": true,
"identifiant-drupal": 455499,
"importance": 0,
"mise-a-jour": "2016-05-09-16-44-04",
"moment-de-creation": "2016-03-25-07-00-04",
"moment-de-modification": "2016-03-25-07-00-04",
"nom": "Jean Giraudoux",
"nom-francais": ["Jean Giraudoux"],
"nom-machine": ["pers-2016-03-25-07-00-04-87534216245"],
"personne-date-deces": "1944",
"personne-date-naissance": "1882",
"personne-nom-famille": "Giraudoux",
"personne-nom-prenom": "Jean",
"site-de-diffusion": ["terme-2015-12-06-16-23-47-86966221646"],
"source-defectueuse": false,
"source-url": "http://www.phdadministration.net/?id=pers-2016-03-25-07-00-04-87534216245",
"sous-type": "pers",
"type": "ressources",
"type-de-ressource": ["terme-2015-12-06-16-27-16-86966234209","terme-2015-12-06-16-27-18-86966234335"]
}