{
"_id": "pers-2016-03-25-06-58-53-87534212006",
"ajouter-aux-favoris": false,
"date-edition": "2016-03-25-06-58-53",
"description": "Marc-Andr&#233; Lussier<br>Journaliste &#224; La Presse depuis 1995, Marc-Andr&#233; Lussier est fou de cin&#233;ma. Depuis son adolescence, il se tape quelques centaines de films par an, affichant sans honte son &#233;clectisme. Aussi entich&#233; de bon cin&#233;ma populaire que d&#8217;oeuvres un peu plus pointues, notre blogueur s&#8217;est d&#8217;abord fait conna&#238;tre &#224; la radio dans les ann&#233;es 90 pour ensuite se consacrer principalement &#224; l&#8217;&#233;crit. Son but est toujours le m&#234;me: communiquer la passion du 7e art.",
"fiche-a-completer": true,
"fiche-publiee": true,
"identifiant-drupal": 222634,
"importance": 0,
"langue-edition": ["terme-2015-12-06-16-10-40-86966174431"],
"mise-a-jour": "2016-05-09-16-44-01",
"moment-de-creation": "2016-03-25-06-58-53",
"moment-de-modification": "2016-03-25-06-58-53",
"mots-clefs": ["analyse","Cin&#233;ma","critique","films","la presse","Marc-Andr&#233; Lussier","Montr&#233;al"],
"nom": "Marc-Andr&#233; Lussier",
"nom-francais": ["Marc-Andr&#233; Lussier"],
"nom-machine": ["pers-2016-03-25-06-58-53-87534212006"],
"periodicite": ["quotidienne","terme-2015-12-06-16-23-28-86966220485"],
"personne-nom-famille": "Lussier",
"personne-nom-prenom": "Marc-Andr&#233;",
"section": ["terme-2015-12-06-16-23-38-86966221081"],
"site-de-diffusion": ["terme-2015-12-06-16-23-47-86966221646"],
"source-defectueuse": false,
"source-url": "http://www.phdadministration.net/?id=pers-2016-03-25-06-58-53-87534212006",
"sous-type": "pers",
"tip": "Blogue du critique de cin&#233;ma de La Presse, quotidien de Montr&#233;al",
"type": "ressources",
"type-de-contenu": ["terme-2015-12-06-16-27-15-86966234132","terme-2015-12-06-16-27-15-86966234147"],
"type-de-ressource": ["terme-2015-12-06-16-27-16-86966234209","terme-2015-12-06-16-27-18-86966234335","terme-2015-12-06-16-27-20-86966234417","terme-2015-12-06-16-27-21-86966234485"]
}