{
"_id": "pers-2016-04-04-18-46-33-87588599604",
"ajouter-aux-favoris": false,
"fiche-a-completer": true,
"fiche-publiee": true,
"importance": 0,
"mise-a-jour": "2016-05-09-16-44-34",
"moment-de-creation": "2016-04-04-18-46-33",
"moment-de-modification": "2016-04-04-18-46-33",
"nom": "Jo&#227;&#171;lle Proust",
"nom-francais": ["Jo&#227;&#171;lle Proust"],
"nom-machine": "pers-2016-04-04-18-46-33-87588599604",
"personne-nom-famille": "Proust",
"personne-nom-prenom": "Jo&#227;&#171;lle",
"site-de-diffusion": ["terme-2015-12-06-16-23-47-86966221646"],
"source-defectueuse": false,
"source-url": "http://www.phdadministration.net/?id=pers-2016-04-04-18-46-33-87588599604,",
"sous-type": "pers",
"type": "ressources",
"type-de-ressource": ["terme-2015-12-06-16-27-21-86966234485"]
}