{
"_id": "pers-2016-04-04-18-45-49-87588596983",
"ajouter-aux-favoris": false,
"fiche-a-completer": true,
"fiche-publiee": true,
"importance": 0,
"mise-a-jour": "2016-05-09-16-44-24",
"moment-de-creation": "2016-04-04-18-45-49",
"moment-de-modification": "2016-04-04-18-45-49",
"nom": "Philippe Di Folco",
"nom-francais": ["Philippe Di Folco"],
"nom-machine": "pers-2016-04-04-18-45-49-87588596983",
"personne-nom-famille": "Di Folco",
"personne-nom-prenom": "Philippe",
"site-de-diffusion": ["terme-2015-12-06-16-23-47-86966221646"],
"source-defectueuse": false,
"source-url": "http://www.phdadministration.net/?id=pers-2016-04-04-18-45-49-87588596983,",
"sous-type": "pers",
"type": "ressources",
"type-de-ressource": ["terme-2015-12-06-16-27-21-86966234485"]
}