{
"_id": "pers-2016-03-25-07-00-04-87534216266",
"ajouter-aux-favoris": false,
"date-edition": "2016-03-25-07-00-04",
"description": "Jean-Paul Sartre est un philosophe et &#233;crivain fran&#231;ais (dramaturge, romancier et nouvelliste), n&#233; le 21&#160;juin&#160;1905 &#224; Paris et mort le 15&#160;avril&#160;1980 &#224; Paris. Sa vie d'intellectuel r&#233;volutionnaire a suscit&#233; pol&#233;miques et r&#233;ticences. Prolifique et hyperactif, il est autant connu pour son &oelig;uvre, et notamment ses paradigmes philosophiques que l'on regroupe sous le nom d'existentialisme, que pour son engagement politique &#224; gauche1. Sartre est connu aussi comme le compagnon de la philosophe Simone de Beauvoir. Leurs philosophies, bien que tr&#232;s proches, ne sauraient &#234;tre confondues&#160;; les deux auteurs se sont influenc&#233;s r&#233;ciproquement.<br>L'&oelig;uvre de Jean-Paul Sartre est riche d'essais et de textes philosophiques majeurs comme L'&#202;tre et le N&#233;ant (1943) ou L'existentialisme est un humanisme (1945), mais aussi de textes litt&#233;raires avec son recueil de nouvelles publi&#233; en 1939 Le Mur ou ses romans&#160;: La Naus&#233;e (1938) et Les Chemins de la libert&#233; (1945). Son th&#233;&#226;tre avec des pi&#232;ces &ndash; par exemple Les Mouches (1943), Huis clos (1944) ou Les Mains sales (1948) - constitue une part importante de son activit&#233; litt&#233;raire entre drame social et r&#233;flexion existentialiste, par exemple &quot;Les mouches&quot;(1943),&quot;Huis clos&quot;(1944),&quot;La p...respectueuse&quot;(1946), &quot;Le diable et le bon Dieu&quot;(1951), &quot;Les s&#233;questr&#233;s d'Altona&quot;(1959). Dans une p&#233;riode plus tardive, il publie aussi en 1964 un texte autobiographique remarqu&#233; Les Mots qui porte sur les onze premi&#232;res ann&#233;es de sa vie, ainsi qu'une vaste &#233;tude sur Gustave Flaubert (L'Idiot de la famille, 1970-1971).<br>Intransigeant et fid&#232;le &#224; lui-m&#234;me et &#224; ses id&#233;es, il a toujours rejet&#233; les honneurs (&#224; l'exception toutefois du titre de Docteur Honoris Causa de l'Universit&#233; de J&#233;rusalem en 1976). Il a notamment refus&#233; le prix Nobel de litt&#233;rature 1964.",
"fiche-a-completer": true,
"fiche-publiee": true,
"identifiant-drupal": 455508,
"importance": 0,
"mise-a-jour": "2016-05-09-16-44-04",
"moment-de-creation": "2016-03-25-07-00-04",
"moment-de-modification": "2016-03-25-07-00-04",
"nom": "Jean-Paul Sartre",
"nom-francais": ["Jean-Paul Sartre"],
"nom-machine": ["pers-2016-03-25-07-00-04-87534216266"],
"personne-date-deces": "1980",
"personne-date-naissance": "terme-2015-12-06-16-25-29-86966227779",
"personne-nom-famille": "Sartre",
"personne-nom-prenom": "Jean-Paul",
"site-de-diffusion": ["terme-2015-12-06-16-23-47-86966221646"],
"source-defectueuse": false,
"source-url": "http://www.phdadministration.net/?id=pers-2016-03-25-07-00-04-87534216266",
"sous-type": "pers",
"type": "ressources",
"type-de-ressource": ["terme-2015-12-06-16-27-16-86966234209","terme-2015-12-06-16-27-18-86966234335"]
}