{
"_id": "pers-2016-03-25-07-02-27-87534224861",
"ajouter-aux-favoris": false,
"date-edition": "2016-03-25-07-02-27",
"fiche-a-completer": true,
"fiche-publiee": true,
"identifiant-drupal": 462788,
"importance": 0,
"langue-edition": ["terme-2015-12-06-16-10-40-86966174431"],
"mise-a-jour": "2016-05-09-16-44-09",
"moment-de-creation": "2016-03-25-07-02-27",
"moment-de-modification": "2016-03-25-07-02-27",
"nom": "Amicis De Fabrizio",
"nom-francais": ["Amicis De Fabrizio"],
"nom-machine": ["pers-2016-03-25-07-02-27-87534224861"],
"personne-nom-famille": "De Fabrizio",
"personne-nom-prenom": "Amicis",
"site-de-diffusion": ["terme-2015-12-06-16-23-47-86966221646"],
"source-defectueuse": false,
"source-url": "http://www.phdadministration.net/?id=pers-2016-03-25-07-02-27-87534224861",
"sous-type": "pers",
"sujet": ["terme-2015-12-06-16-25-38-86966228294"],
"tip": "SCS-459496",
"type": "ressources",
"type-de-ressource": ["terme-2015-12-06-16-27-16-86966234209","terme-2015-12-06-16-27-18-86966234335","terme-2015-12-06-16-27-21-86966234485"]
}