{
"_id": "pers-2016-03-25-06-59-02-87534212578",
"ajouter-aux-favoris": false,
"date-edition": "2016-03-25-06-59-02",
"description": "D&#233;v des affaires, pubs, nouveaux-m&#233;dias, nouvelles technologies",
"fiche-a-completer": true,
"fiche-publiee": true,
"identifiant-drupal": 25752,
"importance": 0,
"langue-edition": ["terme-2015-12-06-16-10-42-86966174537"],
"mise-a-jour": "2016-05-09-16-44-01",
"moment-de-creation": "2016-03-25-06-59-02",
"moment-de-modification": "2016-03-25-06-59-02",
"nom": "Andr&#233; Rocheleau",
"nom-francais": ["Andr&#233; Rocheleau"],
"nom-machine": ["pers-2016-03-25-06-59-02-87534212578"],
"personne-nom-famille": "Rocheleau",
"personne-nom-prenom": "Andr&#233;",
"site-de-diffusion": ["terme-2015-12-06-16-23-47-86966221646"],
"source-defectueuse": false,
"source-url": "http://www.phdadministration.net/?id=pers-2016-03-25-06-59-02-87534212578",
"sous-type": "pers",
"tip": "Passionn&#233;, pubs, affichage num&#233;rique, radio corpo et webradio",
"type": "ressources",
"type-de-ressource": ["terme-2015-12-06-16-27-16-86966234209","terme-2015-12-06-16-27-18-86966234335","terme-2015-12-06-16-27-20-86966234417","terme-2015-12-06-16-27-20-86966234423","terme-2015-12-06-16-27-21-86966234485"]
}