{
"_id": "pers-2016-03-25-07-01-50-87534222633",
"ajouter-aux-favoris": false,
"date-edition": "2016-03-25-07-01-50",
"fiche-a-completer": true,
"fiche-publiee": true,
"identifiant-drupal": 458878,
"importance": 0,
"langue-edition": ["terme-2015-12-06-16-10-42-86966174537"],
"mise-a-jour": "2016-05-09-16-44-06",
"moment-de-creation": "2016-03-25-07-01-50",
"moment-de-modification": "2016-03-25-07-01-50",
"nom": "Patrick Rey",
"nom-francais": ["Patrick Rey"],
"nom-machine": ["pers-2016-03-25-07-01-50-87534222633"],
"personne-nom-famille": "Rey",
"personne-nom-prenom": "Patrick",
"site-de-diffusion": ["terme-2015-12-06-16-23-47-86966221646"],
"source-defectueuse": false,
"source-url": "http://www.phdadministration.net/?id=pers-2016-03-25-07-01-50-87534222633",
"sous-type": "pers",
"type": "ressources",
"type-de-ressource": ["terme-2015-12-06-16-27-16-86966234209","terme-2015-12-06-16-27-18-86966234335","terme-2015-12-06-16-27-21-86966234485"]
}