{
"_id": "pers-2016-03-25-07-00-04-87534216282",
"ajouter-aux-favoris": false,
"date-edition": "2016-03-25-07-00-04",
"description": "Johann Wolfgang von Goethe, n&#233; le 28&#160;ao&#251;t&#160;1749 &#224; Francfort et mort le 22&#160;mars&#160;1832 &#224; Weimar, est un po&#232;te, romancier, dramaturge, th&#233;oricien de l'art et homme d'&#201;tat allemand, fortement int&#233;ress&#233; par les sciences, notamment l'optique, la g&#233;ologie et la botanique, et grand administrateur.",
"fiche-a-completer": true,
"fiche-publiee": true,
"identifiant-drupal": 455514,
"importance": 0,
"mise-a-jour": "2016-05-09-16-44-04",
"moment-de-creation": "2016-03-25-07-00-04",
"moment-de-modification": "2016-03-25-07-00-04",
"nom": "Johann Wolfgang von Goethe",
"nom-francais": ["Johann Wolfgang von Goethe"],
"nom-machine": ["pers-2016-03-25-07-00-04-87534216282"],
"personne-date-deces": "1832",
"personne-date-naissance": "terme-2015-12-06-16-23-43-86966221416",
"personne-nom-famille": "von Goethe",
"personne-nom-prenom": "Johann Wolfgang",
"site-de-diffusion": ["terme-2015-12-06-16-23-47-86966221646"],
"source-defectueuse": false,
"source-url": "http://www.phdadministration.net/?id=pers-2016-03-25-07-00-04-87534216282",
"sous-type": "pers",
"type": "ressources",
"type-de-ressource": ["terme-2015-12-06-16-27-16-86966234209","terme-2015-12-06-16-27-18-86966234335"]
}