{
"_id": "pers-2016-04-04-18-45-54-87588597271",
"ajouter-aux-favoris": false,
"fiche-a-completer": true,
"fiche-publiee": true,
"importance": 0,
"mise-a-jour": "2016-05-09-16-44-25",
"moment-de-creation": "2016-04-04-18-45-54",
"moment-de-modification": "2016-04-04-18-45-54",
"nom": "Jos&#227;&#169; Ferreiros",
"nom-francais": ["Jos&#227;&#169; Ferreiros"],
"nom-machine": "pers-2016-04-04-18-45-54-87588597271",
"personne-nom-famille": "Ferreiros",
"personne-nom-prenom": "Jos&#227;&#169;",
"site-de-diffusion": ["terme-2015-12-06-16-23-47-86966221646"],
"source-defectueuse": false,
"source-url": "http://www.phdadministration.net/?id=pers-2016-04-04-18-45-54-87588597271,",
"sous-type": "pers",
"type": "ressources",
"type-de-ressource": ["terme-2015-12-06-16-27-21-86966234485"]
}