{
"_id": "pers-2016-03-25-07-02-17-87534224272",
"ajouter-aux-favoris": false,
"date-edition": "2016-03-25-07-02-17",
"fiche-a-completer": true,
"fiche-publiee": true,
"identifiant-drupal": 461508,
"importance": 0,
"mise-a-jour": "2016-05-09-16-44-07",
"moment-de-creation": "2016-03-25-07-02-17",
"moment-de-modification": "2016-03-25-07-02-17",
"nom": "Kenneth D. Bailey",
"nom-francais": ["Kenneth D. Bailey"],
"nom-machine": ["pers-2016-03-25-07-02-17-87534224272"],
"personne-nom-famille": "Bailey",
"personne-nom-prenom": "Kenneth D.",
"site-de-diffusion": ["terme-2015-12-06-16-23-47-86966221646"],
"source-defectueuse": false,
"source-url": "http://www.phdadministration.net/?id=pers-2016-03-25-07-02-17-87534224272",
"sous-type": "pers",
"type": "ressources",
"type-de-ressource": ["terme-2015-12-06-16-27-16-86966234209","terme-2015-12-06-16-27-18-86966234335"]
}