{
"_id": "pers-2016-03-25-07-02-18-87534224333",
"ajouter-aux-favoris": false,
"date-edition": "2016-03-25-07-02-18",
"description": "Claude Giraud (1936-) est un acteur fran&#231;ais.",
"fiche-a-completer": true,
"fiche-publiee": true,
"identifiant-drupal": 461538,
"importance": 0,
"mise-a-jour": "2016-05-09-16-44-07",
"moment-de-creation": "2016-03-25-07-02-18",
"moment-de-modification": "2016-03-25-07-02-18",
"nom": "Claude Giraud",
"nom-francais": ["Claude Giraud"],
"nom-machine": ["pers-2016-03-25-07-02-18-87534224333"],
"personne-date-naissance": "terme-2015-12-06-16-25-31-86966227885",
"personne-nom-famille": "Giraud",
"personne-nom-prenom": "Claude",
"site-de-diffusion": ["terme-2015-12-06-16-23-47-86966221646"],
"source-defectueuse": false,
"source-url": "http://www.phdadministration.net/?id=pers-2016-03-25-07-02-18-87534224333",
"sous-type": "pers",
"type": "ressources",
"type-de-ressource": ["terme-2015-12-06-16-27-16-86966234209","terme-2015-12-06-16-27-18-86966234335"]
}