{
"_id": "pers-2016-04-04-18-46-00-87588597639",
"ajouter-aux-favoris": false,
"fiche-a-completer": true,
"fiche-publiee": true,
"importance": 0,
"mise-a-jour": "2016-05-09-16-44-26",
"moment-de-creation": "2016-04-04-18-46-00",
"moment-de-modification": "2016-04-04-18-46-00",
"nom": "Nicolas Goepfert",
"nom-francais": ["Nicolas Goepfert"],
"nom-machine": "pers-2016-04-04-18-46-00-87588597639",
"personne-nom-famille": "Goepfert",
"personne-nom-prenom": "Nicolas",
"site-de-diffusion": ["terme-2015-12-06-16-23-47-86966221646"],
"source-defectueuse": false,
"source-url": "http://www.phdadministration.net/?id=pers-2016-04-04-18-46-00-87588597639,",
"sous-type": "pers",
"type": "ressources",
"type-de-ressource": ["terme-2015-12-06-16-27-21-86966234485"]
}