{
"_id": "pers-2016-03-25-07-00-02-87534216173",
"ajouter-aux-favoris": false,
"date-edition": "2016-03-25-07-00-02",
"description": "Eug&#232;ne Ionesco, n&#233; Eugen Ionescu le 26&#160;novembre&#160;1909 &#224; Slatina (Roumanie) et mort le 28&#160;mars&#160;1994 &#224; Paris, est un auteur dramatique et &#233;crivain roumain et fran&#231;ais. Il passe la majeure partie de sa vie &#224; voyager entre la France et la Roumanie. Repr&#233;sentant du th&#233;&#226;tre de l'absurde, il &#233;crit de nombreuses &oelig;uvres dont les plus connues sont La Cantatrice chauve, Les Chaises ou bien encore Rhinoc&#233;ros.",
"fiche-a-completer": true,
"fiche-publiee": true,
"identifiant-drupal": 455469,
"importance": 0,
"mise-a-jour": "2016-05-09-16-44-04",
"moment-de-creation": "2016-03-25-07-00-02",
"moment-de-modification": "2016-03-25-07-00-02",
"nom": "Eug&#232;ne Ionesco",
"nom-francais": ["Eug&#232;ne Ionesco"],
"nom-machine": ["pers-2016-03-25-07-00-02-87534216173"],
"personne-date-deces": "1994",
"personne-date-naissance": "terme-2015-12-06-16-25-30-86966227812",
"personne-nom-famille": "Ionesco",
"personne-nom-prenom": "Eug&#232;ne",
"site-de-diffusion": ["terme-2015-12-06-16-23-47-86966221646"],
"source-defectueuse": false,
"source-url": "http://www.phdadministration.net/?id=pers-2016-03-25-07-00-02-87534216173",
"sous-type": "pers",
"type": "ressources",
"type-de-ressource": ["terme-2015-12-06-16-27-16-86966234209","terme-2015-12-06-16-27-18-86966234335"]
}