{
"_id": "pers-2016-03-25-07-00-01-87534216114",
"ajouter-aux-favoris": false,
"date-edition": "2016-03-25-07-00-01",
"description": "Alexandre Dumas, (dit aussi Alexandre Dumas p&#232;re) est un &#233;crivain fran&#231;ais n&#233; le 24&#160;juillet&#160;1802 (5 thermidor an X) &#224; Villers-Cotter&#234;ts (Aisne) et mort le 5&#160;d&#233;cembre&#160;1870 &#224; Puys, pr&#232;s de Dieppe (Seine-Maritime).",
"fiche-a-completer": true,
"fiche-publiee": true,
"identifiant-drupal": 455441,
"importance": 0,
"langue-edition": ["terme-2015-12-06-16-10-42-86966174537"],
"mise-a-jour": "2016-05-09-16-44-03",
"moment-de-creation": "2016-03-25-07-00-01",
"moment-de-modification": "2016-03-25-07-00-01",
"nom": "Alexandre Dumas",
"nom-francais": ["Alexandre Dumas"],
"nom-machine": ["pers-2016-03-25-07-00-01-87534216114"],
"personne-date-deces": "1870",
"personne-date-naissance": "terme-2015-12-06-16-25-22-86966227367",
"personne-nom-famille": "Dumas",
"personne-nom-prenom": "Alexandre",
"site-de-diffusion": ["terme-2015-12-06-16-23-47-86966221646"],
"source-defectueuse": false,
"source-url": "http://www.phdadministration.net/?id=pers-2016-03-25-07-00-01-87534216114",
"sous-type": "pers",
"type": "ressources",
"type-de-ressource": ["terme-2015-12-06-16-27-16-86966234209","terme-2015-12-06-16-27-18-86966234335"]
}