{
"_id": "pers-2016-03-25-07-00-05-87534216341",
"ajouter-aux-favoris": false,
"date-edition": "2016-03-25-07-00-05",
"description": "Philippe Quinault, n&#233; le 3 juin 1635 &#224; Paris o&#249; il est mort le 26 novembre 1688, est un po&#232;te, auteur dramatique et librettiste fran&#231;ais.",
"fiche-a-completer": true,
"fiche-publiee": true,
"identifiant-drupal": 455540,
"importance": 0,
"mise-a-jour": "2016-05-09-16-44-04",
"moment-de-creation": "2016-03-25-07-00-05",
"moment-de-modification": "2016-03-25-07-00-05",
"nom": "Philippe Quinault",
"nom-francais": ["Philippe Quinault"],
"nom-machine": ["pers-2016-03-25-07-00-05-87534216341"],
"personne-date-deces": "1688",
"personne-date-naissance": "1635",
"personne-nom-famille": "Quinault",
"personne-nom-prenom": "Philippe",
"site-de-diffusion": ["terme-2015-12-06-16-23-47-86966221646"],
"source-defectueuse": false,
"source-url": "http://www.phdadministration.net/?id=pers-2016-03-25-07-00-05-87534216341",
"sous-type": "pers",
"type": "ressources",
"type-de-ressource": ["terme-2015-12-06-16-27-16-86966234209","terme-2015-12-06-16-27-18-86966234335"]
}