{
"_id": "pers-2016-03-25-06-59-53-87534215586",
"ajouter-aux-favoris": false,
"date-edition": "2016-03-25-06-59-53",
"fiche-a-completer": true,
"fiche-publiee": true,
"identifiant-drupal": 452179,
"importance": 0,
"langue-edition": ["terme-2015-12-06-16-10-42-86966174537"],
"mise-a-jour": "2016-05-09-16-44-03",
"moment-de-creation": "2016-03-25-06-59-53",
"moment-de-modification": "2016-03-25-06-59-53",
"nom": "Paul Wattez",
"nom-francais": ["Paul Wattez"],
"nom-machine": ["pers-2016-03-25-06-59-53-87534215586"],
"personne-nom-famille": "Wattez",
"personne-nom-prenom": "Paul",
"site-de-diffusion": ["terme-2015-12-06-16-23-47-86966221646"],
"source-defectueuse": false,
"source-url": "http://www.phdadministration.net/?id=pers-2016-03-25-06-59-53-87534215586",
"sous-type": "pers",
"tip": "Anthropologue professionnel",
"type": "ressources",
"type-de-ressource": ["terme-2015-12-06-16-27-16-86966234209","terme-2015-12-06-16-27-20-86966234417"]
}