{
"_id": "pers-2016-03-25-07-00-03-87534216216",
"ajouter-aux-favoris": false,
"date-edition": "2016-03-25-07-00-03",
"description": "Gildas Milin est com&#233;dien, auteur dramatique et metteur en sc&#232;ne de ses pi&#232;ces.<br>Apr&#232;s des &#233;tudes d&#8217;arts plastiques, il int&#232;gre le Conservatoire national sup&#233;rieur d'art dramatique dans les cours de Philippe Adrien et de Stuart Seide. En 1995, il fonde la compagnie Les Bourdons Farouches.",
"fiche-a-completer": true,
"fiche-publiee": true,
"identifiant-drupal": 455487,
"importance": 0,
"mise-a-jour": "2016-05-09-16-44-04",
"moment-de-creation": "2016-03-25-07-00-03",
"moment-de-modification": "2016-03-25-07-00-03",
"nom": "Gildas Milin",
"nom-francais": ["Gildas Milin"],
"nom-machine": ["pers-2016-03-25-07-00-03-87534216216"],
"personne-nom-famille": "Milin",
"personne-nom-prenom": "Gildas",
"site-de-diffusion": ["terme-2015-12-06-16-23-47-86966221646"],
"source-defectueuse": false,
"source-url": "http://www.phdadministration.net/?id=pers-2016-03-25-07-00-03-87534216216",
"sous-type": "pers",
"type": "ressources",
"type-de-ressource": ["terme-2015-12-06-16-27-16-86966234209","terme-2015-12-06-16-27-18-86966234335"]
}