{
"_id": "pers-2016-03-25-07-02-18-87534224300",
"ajouter-aux-favoris": false,
"date-edition": "2016-03-25-07-02-18",
"description": "Theotonio dos Santos J&#250;nior (Carangola, 11 de novembro de 1936) &#233; um economista brasileiro. Um dos formuladores da teoria da depend&#234;ncia, atualmente &#233; um dos principais expoentes da teoria do sistema-mundo.<br>Mestre em Ci&#234;ncia Pol&#237;tica pela Universidade de Bras&#237;lia, doutor em economia pela Universidade Federal de Minas Gerais. Professor em&#233;rito da Universidade Federal Fluminense. Coordenador da C&#225;tedra e Rede da UNESCO e da UNU sobre economia global e desenvolvimento sustent&#225;vel (a REGGEN).[1]<br>Entre seus aportes te&#243;ricos mais destacados &#224; economia e &#224;s ci&#234;ncias sociais est&#227;o a contribui&#231;&#227;o &#224; formula&#231;&#227;o geral do conceito de depend&#234;ncia, &#224; periodiza&#231;&#227;o das diversas fases da depend&#234;ncia na hist&#243;ria da acumula&#231;&#227;o capitalista mundial, &#224; caracteriza&#231;&#227;o das estruturas internas dependentes e a defini&#231;&#227;o dos mecanismos reprodutivos da depend&#234;ncia. Tem trabalhado tamb&#233;m sobre a teoria dos ciclos, a din&#226;mica de longo prazo do capitalismo e a teoria do sistema-mundo. Outra contribui&#231;&#227;o te&#243;rica foi a formula&#231;&#227;o do conceito de &quot;civiliza&#231;&#227;o planet&#225;ria&quot;.<br>Bacharel em sociologia e pol&#237;tica pela Universidade Federal de Minas Gerais; mestre em ci&#234;ncia pol&#237;tica pela Universidade de Bras&#237;lia; doutor not&#243;rio saber pela Universidade Federal de Minas Gerais e doutor not&#243;rio saber pela Universidade Federal Fluminense. Comendador da Ordem do Rio Branco (Brasil). Doutor honoris causa pela Universidad Ricardo Palma (Lima, Peru), Universidad Nacional Mayor de San Marcos (Lima, Peru) e Universidad de Buenos Aires (Buenos Aires, Argentina).<br>Autor de 38 livros, co-autor ou colaborador de 78 livros, com 150 artigos publicados em revistas cient&#237;ficas, e uma vasta colabora&#231;&#227;o na imprensa peri&#243;dica, seus trabalhos foram publicados em 16 l&#237;nguas.",
"fiche-a-completer": true,
"fiche-publiee": true,
"identifiant-drupal": 461522,
"importance": 0,
"mise-a-jour": "2016-05-09-16-44-07",
"moment-de-creation": "2016-03-25-07-02-18",
"moment-de-modification": "2016-03-25-07-02-18",
"nom": "Theotonio dos Santos",
"nom-francais": ["Theotonio dos Santos"],
"nom-machine": ["pers-2016-03-25-07-02-18-87534224300"],
"personne-date-naissance": "terme-2015-12-06-16-25-31-86966227885",
"personne-nom-famille": "dos Santos",
"personne-nom-prenom": "Theotonio",
"site-de-diffusion": ["terme-2015-12-06-16-23-47-86966221646"],
"source-defectueuse": false,
"source-url": "http://www.phdadministration.net/?id=pers-2016-03-25-07-02-18-87534224300",
"sous-type": "pers",
"type": "ressources",
"type-de-ressource": ["terme-2015-12-06-16-27-16-86966234209","terme-2015-12-06-16-27-18-86966234335","terme-2015-12-06-16-27-20-86966234417","terme-2015-12-06-16-27-21-86966234485"]
}