{
"_id": "pers-2016-03-25-07-00-05-87534216344",
"ajouter-aux-favoris": false,
"date-edition": "2016-03-25-07-00-05",
"description": "Pierre Corneille, appel&#233; aussi le &#171;&#160;Grand Corneille&#160;&#187; ou &#171;&#160;Corneille l'a&#238;n&#233;&#160;&#187;, n&#233; &#224; Rouen le 6&#160;juin&#160;1606 et mort &#224; Paris (paroisse Saint-Roch) le 1er&#160;octobre&#160;1684, est un dramaturge fran&#231;ais de la p&#233;riode pr&#233;-classique et classique de la France du xviie&#160;si&#232;cle.<br>N&#233; &#224; Rouen dans une famille de la bourgeoisie de robe cultiv&#233;e, Pierre Corneille envisage, apr&#232;s de solides &#233;tudes chez les J&#233;suites, une carri&#232;re d'avocat avant de se tourner vers la litt&#233;rature. Il &#233;crit d'abord des com&#233;dies comme M&#233;lite (1629, sa premi&#232;re &oelig;uvre), La Place royale (1634), L&#8217;Illusion comique (1636) ou plus tard Le Menteur (1643, pi&#232;ce qui inspirera les com&#233;dies de m&oelig;urs de Moli&#232;re). Mais &#224; partir de 1637, il se tourne vers le genre tragique avec en (1637), une tragi-com&#233;die qui fait grand bruit Le Cid. Suivront des trag&#233;dies aux sujets romains comme Horace (1640), Cinna ou la Cl&#233;mence d'Auguste (1641), Polyeucte (1642), Rodogune (1644) ou encore Nicom&#232;de (1651).<br>&#192; cette date, apr&#232;s une d&#233;cennie de gloire &ndash; il est &#233;lu &#224; l&#8217;Acad&#233;mie fran&#231;aise d&#232;s 1647 -, ses pi&#232;ces rencontrent moins de succ&#232;s et Pierre Corneille cesse d'&#233;crire pendant pr&#232;s d'une dizaine d'ann&#233;es. Il revient au th&#233;&#226;tre en 1659 mais la faveur nouvelle pour les &oelig;uvres de Jean Racine moins d&#233;monstratives rel&#232;gue ses cr&#233;ations - encore nombreuses - dans l'ombre. Il cesse d'&#233;crire apr&#232;s l'&#233;chec de Sur&#233;na en 1674 et sa vie devient difficile (il doit &#234;tre pensionn&#233; par Louis XIV), m&#234;me si ses anciennes pi&#232;ces continuent &#224; &#234;tre repr&#233;sent&#233;es.<br>Son &oelig;uvre importante, riche de 32 pi&#232;ces, est diverse puisque &#224; c&#244;t&#233; de com&#233;dies proches de l'esth&#233;tique baroque et pleines d'invention th&#233;&#226;trale comme dans L&#8217;Illusion comique ou dans des &#171;&#160;com&#233;dies-machines&#160;&#187;, Pierre Corneille a su donner sa v&#233;ritable dimension &#224; la trag&#233;die moderne naissante au milieu du XVIIe si&#232;cle. Aux prises avec la mise en place des r&#232;gles classiques, il a marqu&#233; de son empreinte le genre par les hautes figures qu'il a cr&#233;&#233;es&#160;: des &#226;mes fortes confront&#233;es &#224; des choix moraux fondamentaux (le fameux &#171;&#160;dilemme corn&#233;lien&#160;&#187;) comme Rodrigue qui doit choisir entre amour et honneur familial, Auguste qui pr&#233;f&#232;re la cl&#233;mence &#224; la vengeance ou Polyeucte plac&#233; entre l'amour humain et l'amour de Dieu. Si les figures des jeunes hommes pleins de fougue (Rodrigue, le jeune Horace) s'associent &#224; des figures de p&#232;res nobles (Don Di&#232;gue ou le vieil Horace), les figures masculines ne doivent pas faire oublier les personnages f&#233;minins vibrant de sentiments comme Chim&#232;ne dans Le Cid, Camille dans Horace ou Cl&#233;op&#226;tre, reine de Syrie, dans Rodogune.<br>L'&oelig;uvre de Pierre Corneille est aussi marqu&#233;e par la puissance d'un alexandrin rythm&#233; qui donne de c&#233;l&#232;bres morceaux de bravoure (monologue de Don Di&#232;gue dans Le Cid, impr&#233;cations de Camille dans Horace) et la force de maximes &#224; certaines paroles (&#171;&#160;Laisse faire le temps, ta vaillance et ton roi&#160;&#187;, dernier vers du Cid - &#171;&#160;Je suis ma&#238;tre de moi comme de l'univers&#160;&#187;, Cinna, V, 3 - &#171;&#160;Dieu ne veut point d'un coeur o&#249; le monde domine&#160;&#187; Polyeucte, I,1 ).<br>Le th&#233;&#226;tre de Pierre Corneille fait ainsi &#233;cho aux tournures du Grand Si&#232;cle dont il refl&#232;te aussi les valeurs comme l'honneur et les grandes interrogations, sur le pouvoir par exemple (contexte de la mort de Richelieu et de Louis XIII et question de la guerre civile dans La Mort de Pomp&#233;e (1643) - lutte pour le tr&#244;ne dans Nicom&#232;de (1651, dans le contexte de la Fronde).",
"fiche-a-completer": true,
"fiche-publiee": true,
"identifiant-drupal": 455541,
"importance": 0,
"mise-a-jour": "2016-05-09-16-44-04",
"moment-de-creation": "2016-03-25-07-00-05",
"moment-de-modification": "2016-03-25-07-00-05",
"nom": "Pierre Corneille",
"nom-francais": ["Pierre Corneille"],
"nom-machine": ["pers-2016-03-25-07-00-05-87534216344"],
"personne-date-deces": "1684",
"personne-date-naissance": "1606",
"personne-nom-famille": "Corneille",
"personne-nom-prenom": "Pierre",
"site-de-diffusion": ["terme-2015-12-06-16-23-47-86966221646"],
"source-defectueuse": false,
"source-url": "http://www.phdadministration.net/?id=pers-2016-03-25-07-00-05-87534216344",
"sous-type": "pers",
"type": "ressources",
"type-de-ressource": ["terme-2015-12-06-16-27-16-86966234209","terme-2015-12-06-16-27-18-86966234335"]
}