{
"_id": "pers-2016-03-25-07-00-03-87534216232",
"ajouter-aux-favoris": false,
"date-edition": "2016-03-25-07-00-03",
"description": "Honor&#233; de Balzac, n&#233; Honor&#233; Balzac1,2,3 &#224; Tours le 20&#160;mai&#160;1799 (1er prairial an VII) et mort &#224; Paris le 18&#160;ao&#251;t&#160;1850, est un &#233;crivain fran&#231;ais. Tour &#224; tour romancier, dramaturge, critique litt&#233;raire, critique d'art, essayiste, journaliste, imprimeur, il a laiss&#233; une &oelig;uvre romanesque qui compte parmi les plus imposantes de la litt&#233;rature fran&#231;aise, avec 91 romans et nouvelles parus (137 pr&#233;vus) de 1829 &#224; 1852.<br>Travailleur forcen&#233;, fragilisant par des exc&#232;s sa sant&#233; d&#233;j&#224; pr&#233;caire (il mourra d'ailleurs pr&#233;matur&#233;ment &#224; 51 ans), endett&#233; par des investissements hasardeux, fuyant ses cr&#233;anciers sous de faux noms dans diff&#233;rentes demeures, Balzac a v&#233;cu de nombreuses liaisons f&#233;minines avant d'&#233;pouser, en 1850, la comtesse Ha&#324;ska qu'il avait courtis&#233;e pendant plus de dix-sept ans4,5,6.<br>Honor&#233; de Balzac est un des ma&#238;tres incontest&#233;s du roman fran&#231;ais dont il a abord&#233; plusieurs genres&#160;: le roman historique / politique, avec Les Chouans, le roman philosophique avec le Le Chef-d'&oelig;uvre inconnu, le roman fantastique avec La Peau de chagrin, le roman po&#233;tique avec Le Lys dans la vall&#233;e. Mais ses romans r&#233;alistes et psychologiques les plus c&#233;l&#232;bres comme Le P&#232;re Goriot ou Eug&#233;nie Grandet, qui constituent une part tr&#232;s importante de son &oelig;uvre, ont induit, &#224; tort7, une classification r&#233;ductrice d'&#171;&#160;auteur r&#233;aliste&#187;8.<br>Les &#233;tudes balzaciennes r&#233;centes soulignent au contraire le romantisme de Balzac et la po&#233;tique de ses romans, notamment dans Lys dans la vall&#233;e, ainsi que l'inspiration fantastique, voire mystique, qui impr&#232;gne nombre de ses romans ou nouvelles, et qui, selon Jacques Martineau, &#171;&#160;ne dispara&#238;t jamais totalement de la Com&#233;die humaine depuis La Peau de chagrin et La Messe de l'ath&#233;e jusqu'&#224; Louis Lambert&#160;&#187;9,10.<br>Balzac a organis&#233; ses &oelig;uvres en un vaste ensemble, La Com&#233;die humaine, dont le titre est une r&#233;f&#233;rence &#224; la Divine Com&#233;die de Dante11. Son projet est d'explorer les diff&#233;rentes classes sociales et les individus qui les composent. Il entend &#171;&#160;faire concurrence &#224; l'&#233;tat civil&#160;&#187; selon la formule qu'il emploie dans l'Avant-propos de la Com&#233;die humaine12.<br>Il a r&#233;uni ses textes dans des ensembles g&#233;n&#233;riques&#160;: &#201;tudes de m&oelig;urs, &#201;tudes analytiques, &#201;tudes philosophiques. Il attachait une &#233;norme importance aux &#201;tudes philosophiques qui permettent de comprendre l'ensemble de son &oelig;uvre13. La Peau de chagrin repr&#233;sentait selon ses propres termes &#171;&#160;la cl&#233; de vo&#251;te qui relie les &#233;tudes de m&oelig;urs aux &#233;tudes philosophiques par l'anneau d&#8217;une fantaisie presque orientale o&#249; la vie elle-m&#234;me est prise avec le D&#233;sir, principe de toute passion14.&#160;&#187;<br>Honor&#233; de Balzac a bross&#233; un vaste tableau de la soci&#233;t&#233; de son temps cr&#233;ant des arch&#233;types comme celui du jeune provincial ambitieux &#224; la conqu&#234;te de Paris Eug&#232;ne de Rastignac, de l'avare tyran domestique&#160;: F&#233;lix Grandet, l'ic&#244;ne du p&#232;re&#160;: Jean-Joachim Goriot, ce &#171;&#160;Christ de la paternit&#233;15&#187;, ou le bagnard reconverti en policier&#160;: Vautrin.<br>Il a influenc&#233; directement des auteurs comme Gustave Flaubert dont le roman L'&#201;ducation sentimentale est directement inspir&#233; du Lys dans la vall&#233;e, et Madame Bovary, de La Femme de trente ans16. Le cycle romanesque de La Com&#233;die humaine et le principe des personnages reparaissant ont &#233;galement influenc&#233; de nombreux auteurs de son si&#232;cle et du si&#232;cle suivant, notamment &#201;mile Zola, pour le cycle des Rougon-Macquart, et plus tard, Marcel Proust17 &#224; propos duquel Georges Cattaui &#233;crit&#160;: &#171;&#160;Ce sont les fameux &#171;&#160;monomanes&#160;&#187; de Balzac que nous revoyons, en effet, dans les grands passionn&#233;s de Proust 18,19.&#160;&#187;<br>On continue de r&#233;imprimer les &oelig;uvres de Balzac, y compris ses &oelig;uvres de jeunesse. Ses romans sont encore une source in&#233;puisable pour le cin&#233;ma qui a adapt&#233; d&#232;s 1906 La Mar&#226;tre, et qui ne cesse depuis de porter ses romans &#224; l'&#233;cran, environ une centaine de films et t&#233;l&#233;films dans de nombreux pays.",
"fiche-a-completer": true,
"fiche-publiee": true,
"identifiant-drupal": 455494,
"importance": 0,
"mise-a-jour": "2016-05-09-16-44-04",
"moment-de-creation": "2016-03-25-07-00-03",
"moment-de-modification": "2016-03-25-07-00-03",
"nom": "Honor&#233; de Balzac",
"nom-francais": ["Honor&#233; de Balzac"],
"nom-machine": ["pers-2016-03-25-07-00-03-87534216232"],
"personne-date-deces": "1850",
"personne-date-naissance": "terme-2015-12-06-16-25-22-86966227358",
"personne-nom-famille": "de Balzac",
"personne-nom-prenom": "Honor&#233;",
"site-de-diffusion": ["terme-2015-12-06-16-23-47-86966221646"],
"source-defectueuse": false,
"source-url": "http://www.phdadministration.net/?id=pers-2016-03-25-07-00-03-87534216232",
"sous-type": "pers",
"type": "ressources",
"type-de-ressource": ["terme-2015-12-06-16-27-16-86966234209","terme-2015-12-06-16-27-18-86966234335"]
}