{
"_id": "pers-2016-03-25-07-02-23-87534224619",
"ajouter-aux-favoris": false,
"date-edition": "2016-03-25-07-02-23",
"fiche-a-completer": true,
"fiche-publiee": true,
"identifiant-drupal": 462678,
"importance": 0,
"mise-a-jour": "2016-05-09-16-44-08",
"moment-de-creation": "2016-03-25-07-02-23",
"moment-de-modification": "2016-03-25-07-02-23",
"nom": "Thomas Bottomore",
"nom-francais": ["Thomas Bottomore"],
"nom-machine": ["pers-2016-03-25-07-02-23-87534224619"],
"personne-date-deces": "1992",
"personne-date-naissance": "terme-2015-12-06-16-25-30-86966227837",
"personne-nom-famille": "Bottomore ",
"personne-nom-prenom": "Thomas",
"site-de-diffusion": ["terme-2015-12-06-16-23-47-86966221646"],
"source-defectueuse": false,
"source-url": "http://www.phdadministration.net/?id=pers-2016-03-25-07-02-23-87534224619",
"sous-type": "pers",
"tip": "auteurs.html",
"type": "ressources",
"type-de-ressource": ["terme-2015-12-06-16-27-16-86966234209","terme-2015-12-06-16-27-18-86966234335"]
}