{
"_id": "pers-2016-03-25-06-59-22-87534213724",
"ajouter-aux-favoris": false,
"date-edition": "2016-03-25-06-59-22",
"description": "Technicien en c&#226;blodistribution, fr&#232;re d'Evelyne.",
"fiche-a-completer": true,
"fiche-publiee": true,
"identifiant-drupal": 3122,
"importance": 0,
"mise-a-jour": "2016-05-09-16-44-01",
"moment-de-creation": "2016-03-25-06-59-22",
"moment-de-modification": "2016-03-25-06-59-22",
"mots-clefs": ["configuration","installation","r&#233;seaux c&#226;bl&#233;s","T&#233;l&#233;vision"],
"nom": "Marc Follain",
"nom-francais": ["Marc Follain"],
"nom-machine": ["pers-2016-03-25-06-59-22-87534213724"],
"personne-nom-famille": "Follain",
"personne-nom-prenom": "Marc",
"site-de-diffusion": ["terme-2015-12-06-16-23-47-86966221646"],
"source-defectueuse": false,
"source-url": "http://www.phdadministration.net/?id=pers-2016-03-25-06-59-22-87534213724",
"sous-type": "pers",
"tip": "Technicien en c&#226;blodistribution, fr&#232;re d'Evelyne.",
"type": "ressources",
"type-de-ressource": ["terme-2015-12-06-16-27-16-86966234209","terme-2015-12-06-16-27-18-86966234335"]
}