{
"_id": "pers-2016-03-25-07-04-59-87534233961",
"ajouter-aux-favoris": false,
"date-edition": "2016-03-25-07-04-59",
"fiche-a-completer": true,
"fiche-publiee": true,
"identifiant-drupal": 469768,
"importance": 0,
"langue-edition": ["terme-2015-12-06-16-10-42-86966174537"],
"mise-a-jour": "2016-05-09-16-44-17",
"moment-de-creation": "2016-03-25-07-04-59",
"moment-de-modification": "2016-03-25-07-04-59",
"nom": "Marc Fourdrignier",
"nom-francais": ["Marc Fourdrignier"],
"nom-machine": ["pers-2016-03-25-07-04-59-87534233961"],
"personne-nom-famille": "Fourdrignier",
"personne-nom-prenom": "Marc",
"site-de-diffusion": ["terme-2015-12-06-16-23-47-86966221646"],
"source-defectueuse": false,
"source-url": "http://www.phdadministration.net/?id=pers-2016-03-25-07-04-59-87534233961",
"sous-type": "pers",
"type": "ressources",
"type-de-ressource": ["terme-2015-12-06-16-27-16-86966234209","terme-2015-12-06-16-27-18-86966234335","terme-2015-12-06-16-27-20-86966234411","terme-2015-12-06-16-27-20-86966234423"]
}