{
"_id": "pers-2016-03-25-07-00-04-87534216264",
"ajouter-aux-favoris": false,
"date-edition": "2016-03-25-07-00-04",
"description": "Louise Lab&#233; n&#233;e Louise Charly en 1524 &#224; Lyon, d&#233;c&#233;d&#233;e le 25&#160;avril&#160;1566 &#224; Parcieux-en-Dombes, est une po&#233;tesse fran&#231;aise. Surnomm&#233;e &#171;&#160;La Belle Cordi&#232;re&#160;&#187;, elle fait partie des po&#232;tes en activit&#233; &#224; Lyon pendant la Renaissance.",
"fiche-a-completer": true,
"fiche-publiee": true,
"identifiant-drupal": 455507,
"importance": 0,
"mise-a-jour": "2016-05-09-16-44-04",
"moment-de-creation": "2016-03-25-07-00-04",
"moment-de-modification": "2016-03-25-07-00-04",
"nom": "Louise Lab&#233;",
"nom-francais": ["Louise Lab&#233;"],
"nom-machine": ["pers-2016-03-25-07-00-04-87534216264"],
"personne-date-deces": "1566",
"personne-date-naissance": "1524",
"personne-nom-famille": "Lab&#233;",
"personne-nom-prenom": "Louise",
"site-de-diffusion": ["terme-2015-12-06-16-23-47-86966221646"],
"source-defectueuse": false,
"source-url": "http://www.phdadministration.net/?id=pers-2016-03-25-07-00-04-87534216264",
"sous-type": "pers",
"type": "ressources",
"type-de-ressource": ["terme-2015-12-06-16-27-16-86966234209","terme-2015-12-06-16-27-18-86966234335"]
}