{
"_id": "pers-2016-03-25-06-59-55-87534215708",
"ajouter-aux-favoris": false,
"date-edition": "2016-03-25-06-59-55",
"fiche-a-completer": true,
"fiche-publiee": true,
"identifiant-drupal": 452369,
"importance": 0,
"langue-edition": ["terme-2015-12-06-16-10-42-86966174537"],
"mise-a-jour": "2016-05-09-16-44-03",
"moment-de-creation": "2016-03-25-06-59-55",
"moment-de-modification": "2016-03-25-06-59-55",
"mots-clefs": ["art visuel","bavotasan.com","c.bavota","cinema","culture","custom theme","magazine basic","pierre lagrange","premium themes","pulp sciences","themes","wordpress"],
"nom": "Pierre Lagrange",
"nom-francais": ["Pierre Lagrange"],
"nom-machine": ["pers-2016-03-25-06-59-55-87534215708"],
"personne-nom-famille": "Lagrange",
"personne-nom-prenom": "Pierre",
"section": ["terme-2015-12-06-16-23-45-86966221503","terme-2015-12-06-16-23-45-86966221549"],
"site-de-diffusion": ["terme-2015-12-06-16-23-47-86966221646"],
"source-defectueuse": false,
"source-url": "http://www.phdadministration.net/?id=pers-2016-03-25-06-59-55-87534215708",
"sous-type": "pers",
"tip": "Carnet de recherche visuel, par Pierre Lagrange",
"type": "ressources",
"type-de-contenu": ["terme-2015-12-06-16-27-16-86966234189"],
"type-de-ressource": ["terme-2015-12-06-16-27-18-86966234335","terme-2015-12-06-16-27-20-86966234417","terme-2015-12-06-16-27-20-86966234423"]
}