{
"_id": "pers-2016-03-25-06-59-10-87534213016",
"ajouter-aux-favoris": false,
"date-edition": "2016-03-25-06-59-10",
"description": "Chroniqueure m&#233;dias, Nathalie Collard est journaliste &#224; La Presse depuis 2001. Elle a &#233;t&#233; &#233;ditorialiste de 2005 &#224; 2010. Auparavant, elle a collabor&#233; &#224; plusieurs publications qu&#233;b&#233;coises et canadiennes. Elle est l&#8217;auteure, avec Pascale Navarro, d&#8217;Interdit aux femmes, un essai portant sur la pornographie, le f&#233;minisme et la libert&#233; d&#8217;expression, et avec Dr Jean-Fran&#231;ois Chicoine, de l&#8217;essai Le b&#233;b&#233; et l&#8217;eau du bain.<br>Elle explore le monde des m&#233;dias dans les pages de La Presse, sur son blogue et sur twitter.",
"fiche-a-completer": true,
"fiche-publiee": true,
"identifiant-drupal": 271739,
"importance": 0,
"mise-a-jour": "2016-05-09-16-44-01",
"moment-de-creation": "2016-03-25-06-59-10",
"moment-de-modification": "2016-03-25-06-59-10",
"mots-clefs": ["journaliste","m&#233;dias","quotidien"],
"nom": "Nathalie Collard",
"nom-francais": ["Nathalie Collard"],
"nom-machine": ["pers-2016-03-25-06-59-10-87534213016"],
"personne-nom-famille": "Collard",
"personne-nom-prenom": "Nathalie",
"section": ["terme-2015-12-06-16-23-38-86966221133"],
"site-de-diffusion": ["terme-2015-12-06-16-23-47-86966221646"],
"source-defectueuse": false,
"source-url": "http://www.phdadministration.net/?id=pers-2016-03-25-06-59-10-87534213016",
"sous-type": "pers",
"tip": "Chroniqueur M&#233;dias de Cyberpresse",
"type": "ressources",
"type-de-contenu": ["terme-2015-12-06-16-27-10-86966233857","terme-2015-12-06-16-27-15-86966234132"],
"type-de-ressource": ["terme-2015-12-06-16-27-16-86966234209","terme-2015-12-06-16-27-18-86966234335","terme-2015-12-06-16-27-19-86966234380","terme-2015-12-06-16-27-20-86966234423"]
}