{
"_id": "pers-2016-03-25-07-00-04-87534216287",
"ajouter-aux-favoris": false,
"date-edition": "2016-03-25-07-00-04",
"description": "John Fletcher (1579-1625), auteur dramatique et dramaturge anglais, fils de Richard Fletcher.<br>Il fut destin&#233; au barreau, mais renon&#231;a &#224; cette carri&#232;re pour les lettres, se lia avec le po&#232;te Francis Beaumont, et donna en soci&#233;t&#233; avec lui plus de 50 pi&#232;ces, trag&#233;dies et com&#233;dies. Il surv&#233;cut &#224; son ami, mort en 1615, et fit seul quelques nouvelles pi&#232;ces. Il mourut de la peste en 1625.<br>Autant qu'il est possible de distinguer les ouvrages des deux amis, le Dictionnaire Bouillet estime au xixe&#160;si&#232;cle davantage les com&#233;dies de Fletcher&#160;: elles brillent par l'esprit, la vivacit&#233; et la fid&#233;lit&#233; des peintures de m&oelig;urs. Les meilleures pour lui sont&#160;: le Fat, le Capitaine, le Voyage des amants, l'Ennemi des femmes.<br>Contemporains de Shakespeare, Beaumont et Fletcher eurent de leur temps plus de vogue que ce grand po&#232;te. Il composa une tragi-com&#233;die pastorale, The Faithful Shepherdess, et collabora avec Shakespeare pour Les Deux Nobles Cousins, et peut-&#234;tre pour Henri VIII.<br>L'&#233;dition la plus compl&#232;te de leurs &oelig;uvres est celle de Dyce, Londres, 1844, 11 volumes in-8. Elles ont &#233;t&#233; traduites dans les Chefs-d'&oelig;uvre des Ma&#238;tres &#233;trangers, 1813 et s&#233;par&#233;ment par Ernest Lafond, 1864.",
"fiche-a-completer": true,
"fiche-publiee": true,
"identifiant-drupal": 455516,
"importance": 0,
"mise-a-jour": "2016-05-09-16-44-04",
"moment-de-creation": "2016-03-25-07-00-04",
"moment-de-modification": "2016-03-25-07-00-04",
"nom": "John Fletcher",
"nom-francais": ["John Fletcher"],
"nom-machine": ["pers-2016-03-25-07-00-04-87534216287"],
"personne-date-deces": "1625",
"personne-date-naissance": "1579",
"personne-nom-famille": "Fletcher",
"personne-nom-prenom": "John",
"site-de-diffusion": ["terme-2015-12-06-16-23-47-86966221646"],
"source-defectueuse": false,
"source-url": "http://www.phdadministration.net/?id=pers-2016-03-25-07-00-04-87534216287",
"sous-type": "pers",
"type": "ressources",
"type-de-ressource": ["terme-2015-12-06-16-27-16-86966234209","terme-2015-12-06-16-27-18-86966234335"]
}