{
"_id": "pers-2016-04-04-18-46-29-87588599390",
"ajouter-aux-favoris": false,
"fiche-a-completer": true,
"fiche-publiee": true,
"importance": 0,
"mise-a-jour": "2016-05-09-16-44-33",
"moment-de-creation": "2016-04-04-18-46-29",
"moment-de-modification": "2016-04-04-18-46-29",
"nom": "Gian Carlo Pellacani",
"nom-francais": ["Gian Carlo Pellacani"],
"nom-machine": "pers-2016-04-04-18-46-29-87588599390",
"personne-nom-famille": "Pellacani",
"personne-nom-prenom": "Gian Carlo",
"site-de-diffusion": ["terme-2015-12-06-16-23-47-86966221646"],
"source-defectueuse": false,
"source-url": "http://www.phdadministration.net/?id=pers-2016-04-04-18-46-29-87588599390,",
"sous-type": "pers",
"type": "ressources",
"type-de-ressource": ["terme-2015-12-06-16-27-21-86966234485"]
}