{
"_id": "pers-2016-03-25-07-00-04-87534216299",
"ajouter-aux-favoris": false,
"date-edition": "2016-03-25-07-00-04",
"description": "Louis Henri Jean Farigoule, dit Jules Romains, n&#233; &#224; Saint-Julien-Chapteuil (Haute-Loire) le 26&#160;ao&#251;t&#160;1885 et mort &#224; Paris le 14&#160;ao&#251;t&#160;1972, est un po&#232;te et &#233;crivain fran&#231;ais, membre de l'Acad&#233;mie fran&#231;aise.",
"fiche-a-completer": true,
"fiche-publiee": true,
"identifiant-drupal": 455521,
"importance": 0,
"mise-a-jour": "2016-05-09-16-44-04",
"moment-de-creation": "2016-03-25-07-00-04",
"moment-de-modification": "2016-03-25-07-00-04",
"nom": "Jules Romains",
"nom-francais": ["Jules Romains"],
"nom-machine": ["pers-2016-03-25-07-00-04-87534216299"],
"personne-date-deces": "1972",
"personne-date-naissance": "terme-2015-12-06-16-25-29-86966227743",
"personne-nom-famille": "Romains",
"personne-nom-prenom": "Jules",
"site-de-diffusion": ["terme-2015-12-06-16-23-47-86966221646"],
"source-defectueuse": false,
"source-url": "http://www.phdadministration.net/?id=pers-2016-03-25-07-00-04-87534216299",
"sous-type": "pers",
"type": "ressources",
"type-de-ressource": ["terme-2015-12-06-16-27-16-86966234209","terme-2015-12-06-16-27-18-86966234335"]
}