{
"_id": "pers-2016-03-25-06-58-25-87534210347",
"ajouter-aux-favoris": false,
"date-edition": "2016-03-25-06-58-25",
"description": "Les 20 derni&#232;res parutions de Bernard Lahire ...",
"fiche-a-completer": true,
"fiche-publiee": true,
"identifiant-drupal": 10045,
"importance": 0,
"langue-edition": ["terme-2015-12-06-16-10-42-86966174537"],
"mise-a-jour": "2016-05-09-16-44-01",
"moment-de-creation": "2016-03-25-06-58-25",
"moment-de-modification": "2016-03-25-06-58-25",
"nom": "Bernard Lahire",
"nom-francais": ["Bernard Lahire"],
"nom-machine": ["pers-2016-03-25-06-58-25-87534210347"],
"personne-nom-famille": "Lahire",
"personne-nom-prenom": "Bernard",
"site-de-diffusion": ["terme-2015-12-06-16-23-47-86966221646"],
"source-defectueuse": false,
"source-url": "http://www.phdadministration.net/?id=pers-2016-03-25-06-58-25-87534210347",
"sous-type": "pers",
"tip": "Bernard Lahire, les 20 derni&#232;res parutions",
"type": "ressources",
"type-de-ressource": ["terme-2015-12-06-16-27-16-86966234209","terme-2015-12-06-16-27-18-86966234335","terme-2015-12-06-16-27-19-86966234380"]
}