{
"_id": "pers-2016-03-25-07-00-59-87534219582",
"ajouter-aux-favoris": false,
"date-edition": "2016-03-25-07-00-59",
"description": "Fr&#233;d&#233;ric VERGNAUD - Ing&#233;nieur CNRS - De formation en Sociologie et en Informatique, Fr&#233;d&#233;ric Vergnaud est Ing&#233;nieur d&#8217;Etudes au CNRS. Il s'occupe notamment de la conception et de la r&#233;alisation d&#8217;enqu&#234;tes qualitatives et quantitatives et est sp&#233;cialis&#233; en Sociologie de la M&#233;decine, Sociologie de la Culture et de la Communication, D&#233;mographie, Economie politique et sociale, Psychologie Sociale, Ethologie Humaine et Biologie Sociale...",
"fiche-a-completer": true,
"fiche-publiee": true,
"identifiant-drupal": 457181,
"importance": 0,
"langue-edition": ["terme-2015-12-06-16-10-42-86966174537"],
"mise-a-jour": "2016-05-09-16-44-06",
"moment-de-creation": "2016-03-25-07-00-59",
"moment-de-modification": "2016-03-25-07-00-59",
"nom": "Fr&#233;d&#233;ric VERGNAUD",
"nom-francais": ["Fr&#233;d&#233;ric VERGNAUD"],
"nom-machine": ["pers-2016-03-25-07-00-59-87534219582"],
"personne-nom-famille": "VERGNAUD",
"personne-nom-prenom": "Fr&#233;d&#233;ric",
"site-de-diffusion": ["terme-2015-12-06-16-23-47-86966221646"],
"source-defectueuse": false,
"source-url": "http://www.phdadministration.net/?id=pers-2016-03-25-07-00-59-87534219582",
"sous-type": "pers",
"tip": "Fr&#233;d&#233;ric Vergnaud est Ing&#233;nieur d&#8217;Etudes au CNRS.",
"type": "ressources",
"type-de-ressource": ["terme-2015-12-06-16-27-16-86966234209","terme-2015-12-06-16-27-18-86966234335","terme-2015-12-06-16-27-21-86966234485"]
}