{
"_id": "pers-2016-03-25-07-00-02-87534216154",
"ajouter-aux-favoris": false,
"date-edition": "2016-03-25-07-00-02",
"description": "Charles Tordjman, n&#233; le 6&#160;novembre&#160;1947, est tour &#224; tour dramaturge, auteur et metteur en sc&#232;ne de pi&#232;ce de th&#233;&#226;tre.<br>De 1992 &#224; 2010, il a dirig&#233; le centre dramatique national Nancy-Lorraine, le Th&#233;&#226;tre de la Manufacture.<br>Il a &#233;t&#233; membre du Conseil national du Syndicat national des Entreprises artistiques et culturelles ainsi que du Conseil &#233;conomique et social de Lorraine.",
"fiche-a-completer": true,
"fiche-publiee": true,
"identifiant-drupal": 455459,
"importance": 0,
"mise-a-jour": "2016-05-09-16-44-04",
"moment-de-creation": "2016-03-25-07-00-02",
"moment-de-modification": "2016-03-25-07-00-02",
"nom": "Charles Tordjman",
"nom-francais": ["Charles Tordjman"],
"nom-machine": ["pers-2016-03-25-07-00-02-87534216154"],
"personne-date-naissance": "terme-2015-12-06-16-25-32-86966227932",
"personne-nom-famille": "Tordjman",
"personne-nom-prenom": "Charles",
"site-de-diffusion": ["terme-2015-12-06-16-23-47-86966221646"],
"source-defectueuse": false,
"source-url": "http://www.phdadministration.net/?id=pers-2016-03-25-07-00-02-87534216154",
"sous-type": "pers",
"type": "ressources",
"type-de-ressource": ["terme-2015-12-06-16-27-16-86966234209","terme-2015-12-06-16-27-18-86966234335"]
}