{
"_id": "pers-2016-03-25-07-00-03-87534216192",
"ajouter-aux-favoris": false,
"date-edition": "2016-03-25-07-00-03",
"description": "Fran&#231;oise Pascal, n&#233;e &#224; Lyon en 1632 et morte &#224; Paris apr&#232;s 1698, est une po&#233;tesse, peintre, dramaturge et paroli&#232;re fran&#231;aise.<br>Fille d&#8217;un commis des douanes devenu garde du mar&#233;chal de Villeroy, le gouverneur de la ville, Fran&#231;oise Pascal fut au service de la prestigieuse famille des Villeroy. Elle se fit conna&#238;tre par ses po&#233;sies, ses peintures (aujourd&#8217;hui disparues) et surtout par ses pi&#232;ces de th&#233;&#226;tre.<br>Elle est la premi&#232;re femme, connue &#224; ce jour, dont l&#8217;&oelig;uvre dramatique ait &#233;t&#233; jou&#233;e par des troupes professionnelles. Elle s&#8217;installa &#224; Paris vers 1667, peut-&#234;tre pour tenter une carri&#232;re th&#233;&#226;trale sur les sc&#232;nes de la capitale, mais apparemment sans succ&#232;s. Elle &#233;volua alors dans certains salons de la capitale, composant les paroles d&#8217;&oelig;uvres musicales et religieuses.",
"fiche-a-completer": true,
"fiche-publiee": true,
"identifiant-drupal": 455477,
"importance": 0,
"mise-a-jour": "2016-05-09-16-44-04",
"moment-de-creation": "2016-03-25-07-00-03",
"moment-de-modification": "2016-03-25-07-00-03",
"nom": "Fran&#231;oise Pascal",
"nom-francais": ["Fran&#231;oise Pascal"],
"nom-machine": ["pers-2016-03-25-07-00-03-87534216192"],
"personne-date-deces": "1698",
"personne-date-naissance": "1632",
"personne-nom-famille": "Pascal",
"personne-nom-prenom": "Fran&#231;oise",
"site-de-diffusion": ["terme-2015-12-06-16-23-47-86966221646"],
"source-defectueuse": false,
"source-url": "http://www.phdadministration.net/?id=pers-2016-03-25-07-00-03-87534216192",
"sous-type": "pers",
"type": "ressources",
"type-de-ressource": ["terme-2015-12-06-16-27-16-86966234209","terme-2015-12-06-16-27-18-86966234335"]
}