{
"_id": "pers-2016-03-25-07-00-01-87534216107",
"ajouter-aux-favoris": false,
"date-edition": "2016-03-25-07-00-01",
"description": "Sarah Bernhardt est une com&#233;dienne fran&#231;aise n&#233;e le 22&#160;octobre&#160;1844 &#224; Paris dans l'ancien 12e arrondissement (actuel 5e) et morte le 26&#160;mars&#160;1923 &#224; Paris 17e. Elle est inhum&#233;e au cimeti&#232;re du P&#232;re-Lachaise (division 44).<br>Sa m&#232;re, Judith-Julie Bernardt, &#233;tait une courtisane n&#233;erlandaise4 et Sarah elle-m&#234;me a us&#233; de ses charmes &#224; ses d&#233;buts pour se faire une situation, comme l'indique son inscription dans le &#171;&#160;fichier des courtisanes&#160;&#187; &#233;tabli par la Pr&#233;fecture de police de Paris5. On ignore en revanche qui &#233;tait son v&#233;ritable p&#232;re, Sarah ayant toujours gard&#233; le silence sur son &#233;tat-civil6. Elle eut au moins trois s&oelig;urs et souffrit en particulier longtemps de la pr&#233;f&#233;rence de sa m&#232;re pour sa jeune s&oelig;ur Jeanne-Rosine, &#233;galement com&#233;dienne.<br>Elle &#233;tait surnomm&#233;e &#171;&#160;la Voix d'or&#160;&#187; (expression de Victor Hugo) ou &#171;&#160;la Divine&#160;&#187; mais aussi &#171;&#160;la Scandaleuse&#160;&#187;. Consid&#233;r&#233;e par beaucoup, avec Rachel, comme une des plus grandes trag&#233;diennes fran&#231;aises du xixe&#160;si&#232;cle, elle fut la premi&#232;re com&#233;dienne &#224; avoir fait des tourn&#233;es triomphales sur les cinq continents, Jean Cocteau inventant pour elle l'expression de &#171;&#160;monstre sacr&#233;&#160;&#187;.<br>Sa devise &#233;tait &#171;&#160;Quand m&#234;me&#160;&#187; en r&#233;f&#233;rence &#224; son audace et &#224; son m&#233;pris des conventions. On lui attribue aussi ce &#171;&#160;mot-programme&#160;&#187;&#160;: &#171;&#160;Il faut ha&#239;r tr&#232;s peu, car c'est tr&#232;s fatigant. Il faut m&#233;priser beaucoup, pardonner souvent, mais ne jamais oublier.&#160;&#187;",
"fiche-a-completer": true,
"fiche-publiee": true,
"identifiant-drupal": 455438,
"importance": 0,
"mise-a-jour": "2016-05-09-16-44-03",
"moment-de-creation": "2016-03-25-07-00-01",
"moment-de-modification": "2016-03-25-07-00-01",
"nom": "Sarah Bernhardt",
"nom-francais": ["Sarah Bernhardt"],
"nom-machine": ["pers-2016-03-25-07-00-01-87534216107"],
"personne-date-deces": "1923",
"personne-date-naissance": "terme-2015-12-06-16-25-26-86966227617",
"personne-nom-famille": "Bernhardt",
"personne-nom-prenom": "Sarah",
"site-de-diffusion": ["terme-2015-12-06-16-23-47-86966221646"],
"source-defectueuse": false,
"source-url": "http://www.phdadministration.net/?id=pers-2016-03-25-07-00-01-87534216107",
"sous-type": "pers",
"type": "ressources",
"type-de-ressource": ["terme-2015-12-06-16-27-16-86966234209","terme-2015-12-06-16-27-18-86966234335"]
}