{
"_id": "pers-2016-04-04-18-46-05-87588597932",
"ajouter-aux-favoris": false,
"fiche-a-completer": true,
"fiche-publiee": true,
"importance": 0,
"mise-a-jour": "2016-05-09-16-44-27",
"moment-de-creation": "2016-04-04-18-46-05",
"moment-de-modification": "2016-04-04-18-46-05",
"nom": "Vincent Hoffmann-martinot",
"nom-francais": ["Vincent Hoffmann-martinot"],
"nom-machine": "pers-2016-04-04-18-46-05-87588597932",
"personne-nom-famille": "Hoffmann-martinot",
"personne-nom-prenom": "Vincent",
"site-de-diffusion": ["terme-2015-12-06-16-23-47-86966221646"],
"source-defectueuse": false,
"source-url": "http://www.phdadministration.net/?id=pers-2016-04-04-18-46-05-87588597932,",
"sous-type": "pers",
"type": "ressources",
"type-de-ressource": ["terme-2015-12-06-16-27-21-86966234485"]
}