{
"_id": "pers-2016-03-25-06-59-40-87534214810",
"ajouter-aux-favoris": false,
"date-edition": "2016-03-25-06-59-40",
"description": "<table><tr><br><td>Dans sa derni&#233;re livraison, <em>Cogitamus, six letttres sur les humanit&#233;s scientifiques</em>, Bruno Latour nous livre une de ses tentatives successives de <em>vulgarisation</em> de sa pens&#233;e (comme dans <em>la science en action</em>, <em>petites le&#231;ons de sociologie des sciences</em>, etc). Mais si les autres textes ouvraient le champ des possibles vers de nouvelles conception de la sociologie des sciences (et des techniques) celle-ci semble op&#233;rer un replis sur <em>l'analyse de controverses</em> qu'il prolonge par la cartographie de ces m&#234;mes controverses.</td><br><td><img src=&quot;http://upload.wikimedia.org/wikipedia/commons/thumb/c/cb/BrunoLatour.jpg/250px-BrunoLatour.jpg&quot; width=&quot;250&quot; height=&quot;296&quot; alt=&quot;Bruno Latour&quot; /></td><br></tr></table><br><a href=&quot;http://www.csi.ensmp.fr/index.php?page=EMembres&amp;amp;lang=&amp;amp;IdM=4&quot;>Bruno LATOUR</a> - Sociologue, Membre d'honneur. Nouvelle adresse postale : Sciences-PO, CSO, 10 rue de la Chaise, 75007 PARIS. Bruno Latour, n&#233; en 1947 &#224; Beaune, en C&#244;te d'Or, apr&#232;s une agr&#233;gation de philosophie, s'est form&#233; &#224; l'anthropologie en C&#244;te d'Ivoire. Tr&#232;s vite il s'est int&#233;ress&#233; aux sciences et aux techniques...<a href=&quot;http://www.csi.ensmp.fr/index.php?page=EMembres&amp;amp;lang=&amp;amp;IdM=4&quot;>Plus</a>",
"fiche-a-completer": true,
"fiche-publiee": true,
"identifiant-drupal": 4365,
"importance": 0,
"langue-edition": ["terme-2015-12-06-16-10-42-86966174537"],
"mise-a-jour": "2016-05-09-16-44-02",
"moment-de-creation": "2016-03-25-06-59-40",
"moment-de-modification": "2016-03-25-06-59-40",
"nom": "Bruno Latour",
"nom-francais": ["Bruno Latour"],
"nom-machine": ["pers-2016-03-25-06-59-40-87534214810"],
"personne-date-naissance": "terme-2015-12-06-16-25-32-86966227932",
"personne-nom-famille": "Latour",
"personne-nom-prenom": "Bruno",
"site-de-diffusion": ["terme-2015-12-06-16-23-47-86966221646"],
"source-defectueuse": false,
"source-url": "http://www.phdadministration.net/?id=pers-2016-03-25-06-59-40-87534214810",
"sous-type": "pers",
"tip": "Sociologue, Membre d'honneur.",
"type": "ressources",
"type-de-ressource": ["terme-2015-12-06-16-27-16-86966234209","terme-2015-12-06-16-27-18-86966234335"]
}