{
"_id": "pers-2016-03-25-07-00-06-87534216405",
"ajouter-aux-favoris": false,
"date-edition": "2016-03-25-07-00-06",
"description": "Yukio Mishima (&#19977;&#23798; &#30001;&#32000;&#22827;, Mishima Yukio?) de son vrai nom Kimitake Hiraoka (&#24179;&#23713; &#20844;&#23041;, Hiraoka Kimitake?) est un &#233;crivain japonais, n&#233; le 14 janvier 1925, et qui s'est suicid&#233; par seppuku le 25 novembre 1970.",
"fiche-a-completer": true,
"fiche-publiee": true,
"identifiant-drupal": 455568,
"importance": 0,
"mise-a-jour": "2016-05-09-16-44-05",
"moment-de-creation": "2016-03-25-07-00-06",
"moment-de-modification": "2016-03-25-07-00-06",
"nom": "Yukio Mishima",
"nom-francais": ["Yukio Mishima"],
"nom-machine": ["pers-2016-03-25-07-00-06-87534216405"],
"personne-date-deces": "1970",
"personne-date-naissance": "terme-2015-12-06-16-25-31-86966227863",
"personne-nom-famille": "Mishima",
"personne-nom-prenom": "Yukio",
"site-de-diffusion": ["terme-2015-12-06-16-23-47-86966221646"],
"source-defectueuse": false,
"source-url": "http://www.phdadministration.net/?id=pers-2016-03-25-07-00-06-87534216405",
"sous-type": "pers",
"type": "ressources",
"type-de-ressource": ["terme-2015-12-06-16-27-16-86966234209","terme-2015-12-06-16-27-18-86966234335"]
}