{
"_id": "pers-2016-03-25-06-59-51-87534215478",
"ajouter-aux-favoris": false,
"date-edition": "2016-03-25-06-59-51",
"description": "Sociologies",
"fiche-a-completer": true,
"fiche-publiee": true,
"identifiant-drupal": 452127,
"importance": 0,
"langue-edition": ["terme-2015-12-06-16-10-42-86966174537"],
"mise-a-jour": "2016-05-09-16-44-03",
"moment-de-creation": "2016-03-25-06-59-51",
"moment-de-modification": "2016-03-25-06-59-51",
"nom": "Baptiste Coulmont",
"nom-francais": ["Baptiste Coulmont"],
"nom-machine": ["pers-2016-03-25-06-59-51-87534215478"],
"personne-nom-famille": "Coulmont",
"personne-nom-prenom": "Baptiste",
"site-de-diffusion": ["terme-2015-12-06-16-23-47-86966221646"],
"source-defectueuse": false,
"source-url": "http://www.phdadministration.net/?id=pers-2016-03-25-06-59-51-87534215478",
"sous-type": "pers",
"type": "ressources",
"type-de-ressource": ["terme-2015-12-06-16-27-20-86966234417","terme-2015-12-06-16-27-20-86966234423"]
}