{
"_id": "pers-2016-03-25-07-00-59-87534219561",
"ajouter-aux-favoris": false,
"date-edition": "2016-03-25-07-00-59",
"description": "Florence PATERSON - Ing&#233;nieur de recherche - Florence Paterson a men&#233; des travaux sur l&#8217;&#233;thique et la justice distributive en actes dans le domaine de la transplantation d&#8217;organes, en s&#8217;int&#233;ressant &#224; la production normative des institutions locales qui se chargent de mani&#232;re concr&#232;te de la r&#233;alisation de pr&#233;l&#232;vements d&#8217;organes et de leur r&#233;partition...",
"fiche-a-completer": true,
"fiche-publiee": true,
"identifiant-drupal": 457172,
"importance": 0,
"langue-edition": ["terme-2015-12-06-16-10-42-86966174537"],
"mise-a-jour": "2016-05-09-16-44-06",
"moment-de-creation": "2016-03-25-07-00-59",
"moment-de-modification": "2016-03-25-07-00-59",
"nom": "Florence PATERSON",
"nom-francais": ["Florence PATERSON"],
"nom-machine": ["pers-2016-03-25-07-00-59-87534219561"],
"personne-nom-famille": "PATERSON",
"personne-nom-prenom": "Florence",
"site-de-diffusion": ["terme-2015-12-06-16-23-47-86966221646"],
"source-defectueuse": false,
"source-url": "http://www.phdadministration.net/?id=pers-2016-03-25-07-00-59-87534219561",
"sous-type": "pers",
"tip": "Ing&#233;nieur de recherche",
"type": "ressources",
"type-de-ressource": ["terme-2015-12-06-16-27-16-86966234209","terme-2015-12-06-16-27-18-86966234335","terme-2015-12-06-16-27-21-86966234485"]
}