{
"_id": "pers-2016-03-25-07-00-05-87534216334",
"ajouter-aux-favoris": false,
"date-edition": "2016-03-25-07-00-05",
"description": "Paul Claudel est un dramaturge, po&#232;te, essayiste et diplomate fran&#231;ais, n&#233; le 6&#160;ao&#251;t&#160;1868 &#224; Villeneuve-sur-F&#232;re dans l'Aisne et mort le 23&#160;f&#233;vrier&#160;1955 &#224; Paris. Il fut membre de l'Acad&#233;mie fran&#231;aise.",
"fiche-a-completer": true,
"fiche-publiee": true,
"identifiant-drupal": 455537,
"importance": 0,
"mise-a-jour": "2016-05-09-16-44-04",
"moment-de-creation": "2016-03-25-07-00-05",
"moment-de-modification": "2016-03-25-07-00-05",
"nom": "Paul Claudel",
"nom-francais": ["Paul Claudel"],
"nom-machine": ["pers-2016-03-25-07-00-05-87534216334"],
"personne-date-deces": "1955",
"personne-date-naissance": "terme-2015-12-06-16-25-28-86966227695",
"personne-nom-famille": "Claudel",
"personne-nom-prenom": "Paul",
"site-de-diffusion": ["terme-2015-12-06-16-23-47-86966221646"],
"source-defectueuse": false,
"source-url": "http://www.phdadministration.net/?id=pers-2016-03-25-07-00-05-87534216334",
"sous-type": "pers",
"type": "ressources",
"type-de-ressource": ["terme-2015-12-06-16-27-16-86966234209","terme-2015-12-06-16-27-18-86966234335"]
}