{
"_id": "pers-2016-03-25-07-00-59-87534219547",
"ajouter-aux-favoris": false,
"date-edition": "2016-03-25-07-00-59",
"description": "C&#233;cile MEADEL - Sociologue, Ma&#238;tre de recherche<br>C&#233;cile M&#233;adel a consacr&#233; l&#8217;essentiel de ses travaux aux usages des techniques de communication...",
"fiche-a-completer": true,
"fiche-publiee": true,
"identifiant-drupal": 457166,
"importance": 0,
"langue-edition": ["terme-2015-12-06-16-10-42-86966174537"],
"mise-a-jour": "2016-05-09-16-44-06",
"moment-de-creation": "2016-03-25-07-00-59",
"moment-de-modification": "2016-03-25-07-00-59",
"nom": "C&#233;cile MEADEL",
"nom-francais": ["C&#233;cile MEADEL"],
"nom-machine": ["pers-2016-03-25-07-00-59-87534219547"],
"personne-nom-famille": "MEADEL",
"personne-nom-prenom": "C&#233;cile",
"site-de-diffusion": ["terme-2015-12-06-16-23-47-86966221646"],
"source-defectueuse": false,
"source-url": "http://www.phdadministration.net/?id=pers-2016-03-25-07-00-59-87534219547",
"sous-type": "pers",
"tip": "Sociologue, Ma&#238;tre de recherche",
"type": "ressources",
"type-de-ressource": ["terme-2015-12-06-16-27-16-86966234209","terme-2015-12-06-16-27-18-86966234335","terme-2015-12-06-16-27-21-86966234485"]
}