{
"_id": "pers-2016-03-25-06-59-39-87534214745",
"ajouter-aux-favoris": false,
"date-edition": "2016-03-25-06-59-39",
"description": "Critique de l'&#233;conomie, critica de la economia, critique of economics",
"fiche-a-completer": true,
"fiche-publiee": true,
"identifiant-drupal": 4345,
"importance": 0,
"langue-edition": ["terme-2015-12-06-16-10-42-86966174537"],
"mise-a-jour": "2016-05-09-16-44-02",
"moment-de-creation": "2016-03-25-06-59-39",
"moment-de-modification": "2016-03-25-06-59-39",
"mots-clefs": ["&#233;conomie","critica","critique","economia","economics","marxism","marxisme","marxismo"],
"nom": "Michel Husson",
"nom-francais": ["Michel Husson"],
"nom-machine": ["pers-2016-03-25-06-59-39-87534214745"],
"personne-nom-famille": "Husson",
"personne-nom-prenom": "Michel",
"site-de-diffusion": ["terme-2015-12-06-16-23-47-86966221646"],
"source-defectueuse": false,
"source-url": "http://www.phdadministration.net/?id=pers-2016-03-25-06-59-39-87534214745",
"sous-type": "pers",
"tip": "portail Michel Husson",
"type": "ressources",
"type-de-ressource": ["terme-2015-12-06-16-27-16-86966234209","terme-2015-12-06-16-27-18-86966234335","terme-2015-12-06-16-27-21-86966234482"]
}