{
"_id": "pers-2016-04-04-18-46-07-87588598028",
"ajouter-aux-favoris": false,
"fiche-a-completer": true,
"fiche-publiee": true,
"importance": 0,
"mise-a-jour": "2016-05-09-16-44-28",
"moment-de-creation": "2016-04-04-18-46-07",
"moment-de-modification": "2016-04-04-18-46-07",
"nom": "Ray Jackendoff",
"nom-francais": ["Ray Jackendoff"],
"nom-machine": "pers-2016-04-04-18-46-07-87588598028",
"personne-nom-famille": "Jackendoff",
"personne-nom-prenom": "Ray",
"site-de-diffusion": ["terme-2015-12-06-16-23-47-86966221646"],
"source-defectueuse": false,
"source-url": "http://www.phdadministration.net/?id=pers-2016-04-04-18-46-07-87588598028,",
"sous-type": "pers",
"type": "ressources",
"type-de-ressource": ["terme-2015-12-06-16-27-21-86966234485"]
}