{
"_id": "pers-2016-03-25-07-00-02-87534216140",
"ajouter-aux-favoris": false,
"date-edition": "2016-03-25-07-00-02",
"description": "Bernard-Marie Kolt&#232;s est un auteur dramatique fran&#231;ais, n&#233; &#224; Metz le 9&#160;avril&#160;1948 et mort &#224; Paris le 15&#160;avril&#160;1989.",
"fiche-a-completer": true,
"fiche-publiee": true,
"identifiant-drupal": 455454,
"importance": 0,
"mise-a-jour": "2016-05-09-16-44-04",
"moment-de-creation": "2016-03-25-07-00-02",
"moment-de-modification": "2016-03-25-07-00-02",
"nom": "Bernard-Marie Kolt&#232;s",
"nom-francais": ["Bernard-Marie Kolt&#232;s"],
"nom-machine": ["pers-2016-03-25-07-00-02-87534216140"],
"personne-date-deces": "1989",
"personne-date-naissance": "terme-2015-12-06-16-25-32-86966227935",
"personne-nom-famille": "Kolt&#232;s",
"personne-nom-prenom": "Bernard-Marie",
"site-de-diffusion": ["terme-2015-12-06-16-23-47-86966221646"],
"source-defectueuse": false,
"source-url": "http://www.phdadministration.net/?id=pers-2016-03-25-07-00-02-87534216140",
"sous-type": "pers",
"type": "ressources",
"type-de-ressource": ["terme-2015-12-06-16-27-16-86966234209","terme-2015-12-06-16-27-18-86966234335"]
}