{
"_id": "pers-2016-03-25-07-00-03-87534216187",
"ajouter-aux-favoris": false,
"date-edition": "2016-03-25-07-00-03",
"description": "Ferdinand Jakob Raimann, dit &#171;&#160;Ferdinand Raimund&#160;&#187;, n&#233; le 1er&#160;juin&#160;1790 &#224; Vienne et mort le 5&#160;septembre&#160;1836 &#224; Pottenstein, est un po&#232;te et dramaturge autrichien.<br>Biographie[modifier]<br>Ferdinand Raimund a son premier contact avec le th&#233;&#226;tre en qualit&#233; de vendeur de confiseries au Burgtheater de Vienne. En 1808, il rejoint une troupe de com&#233;diens ambulants. Il se fait conna&#238;tre en tant qu&#8217;acteur au Th&#233;&#226;tre de Josefstadt de Vienne. En 1823, sa premi&#232;re pi&#232;ce, Le Fabricant de barom&#232;tres sur l&#8217;&#238;le enchant&#233;e, donn&#233;e au Th&#233;&#226;tre de Leopoldstadt lui am&#232;ne une notori&#233;t&#233; qui ne le quittera pas. Suivront sept autres pi&#232;ces qui se rattachent au genre de la f&#233;&#233;rie tr&#232;s en vogue &#224; Vienne &#224; cette &#233;poque.<br>Convaincu d&#8217;avoir &#233;t&#233; mordu par un chien enrag&#233;, il se suicide en se tirant une balle dans la t&#234;te.",
"fiche-a-completer": true,
"fiche-publiee": true,
"identifiant-drupal": 455475,
"importance": 0,
"mise-a-jour": "2016-05-09-16-44-04",
"moment-de-creation": "2016-03-25-07-00-03",
"moment-de-modification": "2016-03-25-07-00-03",
"nom": "Ferdinand Raimund",
"nom-francais": ["Ferdinand Raimund"],
"nom-machine": ["pers-2016-03-25-07-00-03-87534216187"],
"personne-date-deces": "1836",
"personne-date-naissance": "terme-2015-12-06-16-25-22-86966227329",
"personne-nom-famille": "Raimund",
"personne-nom-prenom": "Ferdinand",
"site-de-diffusion": ["terme-2015-12-06-16-23-47-86966221646"],
"source-defectueuse": false,
"source-url": "http://www.phdadministration.net/?id=pers-2016-03-25-07-00-03-87534216187",
"sous-type": "pers",
"type": "ressources",
"type-de-ressource": ["terme-2015-12-06-16-27-16-86966234209","terme-2015-12-06-16-27-18-86966234335"]
}