{
"_id": "pers-2016-03-25-07-00-04-87534216254",
"ajouter-aux-favoris": false,
"date-edition": "2016-03-25-07-00-04",
"description": "Jean-Luc Lagarce (n&#233; le 14 f&#233;vrier 1957 &ndash; d&#233;c&#233;d&#233; le 30 septembre 1995) est un homme de th&#233;&#226;tre&#160;: com&#233;dien, metteur en sc&#232;ne, directeur de troupe et &#233;crivain dramatique. C'est aujourd'hui l'auteur contemporain le plus jou&#233; en France, et globalement l'auteur le plus jou&#233; apr&#232;s Shakespeare et Moli&#232;re, mais avant Racine et Tchekhov1. La simplicit&#233; de ses mots, la profondeur de sa pens&#233;e et l'originalit&#233; de sa syntaxe font de lui un &#233;crivain classique contemporain. Ses textes font l'objet de multiples traductions et sont jou&#233;s dans de nombreux pays.",
"fiche-a-completer": true,
"fiche-publiee": true,
"identifiant-drupal": 455503,
"importance": 0,
"mise-a-jour": "2016-05-09-16-44-04",
"moment-de-creation": "2016-03-25-07-00-04",
"moment-de-modification": "2016-03-25-07-00-04",
"nom": "Jean-Luc Lagarce",
"nom-francais": ["Jean-Luc Lagarce"],
"nom-machine": ["pers-2016-03-25-07-00-04-87534216254"],
"personne-date-deces": "1995",
"personne-date-naissance": "terme-2015-12-06-16-25-32-86966227964",
"personne-nom-famille": "Lagarce",
"personne-nom-prenom": "Jean-Luc",
"site-de-diffusion": ["terme-2015-12-06-16-23-47-86966221646"],
"source-defectueuse": false,
"source-url": "http://www.phdadministration.net/?id=pers-2016-03-25-07-00-04-87534216254",
"sous-type": "pers",
"type": "ressources",
"type-de-ressource": ["terme-2015-12-06-16-27-16-86966234209","terme-2015-12-06-16-27-18-86966234335"]
}