{
"_id": "pers-2016-03-25-06-59-28-87534214098",
"ajouter-aux-favoris": false,
"date-edition": "2016-03-25-06-59-28",
"description": "Nations-Unies ...",
"fiche-a-completer": true,
"fiche-publiee": true,
"identifiant-drupal": 3430,
"importance": 0,
"langue-edition": ["terme-2015-12-06-16-10-42-86966174537"],
"mise-a-jour": "2016-05-09-16-44-01",
"moment-de-creation": "2016-03-25-06-59-28",
"moment-de-modification": "2016-03-25-06-59-28",
"nom": "Nations-Unies",
"nom-francais": ["Nations-Unies"],
"nom-machine": ["pers-2016-03-25-06-59-28-87534214098"],
"personne-nom-famille": "Nations-Unies",
"site-de-diffusion": ["terme-2015-12-06-16-23-47-86966221646"],
"source-defectueuse": false,
"source-url": "http://www.phdadministration.net/?id=pers-2016-03-25-06-59-28-87534214098",
"sous-type": "pers",
"tip": "Regroupement international des nations du Monde",
"type": "ressources",
"type-de-ressource": ["terme-2015-12-06-16-27-16-86966234209","terme-2015-12-06-16-27-18-86966234324","terme-2015-12-06-16-27-20-86966234417","terme-2015-12-06-16-27-21-86966234482"]
}