{
"_id": "pers-2016-03-25-07-06-43-87534240219",
"ajouter-aux-favoris": false,
"date-edition": "2016-03-25-07-06-43",
"fiche-a-completer": true,
"fiche-publiee": true,
"identifiant-drupal": 89139,
"importance": 0,
"mise-a-jour": "2016-05-09-16-44-17",
"moment-de-creation": "2016-03-25-07-06-43",
"moment-de-modification": "2016-03-25-07-06-43",
"nom": "Olivier Lussac",
"nom-francais": ["Olivier Lussac"],
"nom-machine": ["pers-2016-03-25-07-06-43-87534240219"],
"personne-nom-famille": "Lussac",
"personne-nom-prenom": "Olivier",
"site-de-diffusion": ["terme-2015-12-06-16-23-47-86966221646"],
"source-defectueuse": false,
"source-url": "http://www.phdadministration.net/?id=pers-2016-03-25-07-06-43-87534240219",
"sous-type": "pers",
"tip": "IDEAT-UMR8153",
"type": "ressources",
"type-de-ressource": ["terme-2015-12-06-16-27-16-86966234209","terme-2015-12-06-16-27-18-86966234335","terme-2015-12-06-16-27-19-86966234380"]
}