{
"_id": "pers-2016-04-04-18-46-47-87588600457",
"ajouter-aux-favoris": false,
"fiche-a-completer": true,
"fiche-publiee": true,
"importance": 0,
"mise-a-jour": "2016-05-09-16-44-38",
"moment-de-creation": "2016-04-04-18-46-47",
"moment-de-modification": "2016-04-04-18-46-47",
"nom": "Herv&#227;&#169; Thomas",
"nom-francais": ["Herv&#227;&#169; Thomas"],
"nom-machine": "pers-2016-04-04-18-46-47-87588600457",
"personne-nom-famille": "Thomas",
"personne-nom-prenom": "Herv&#227;&#169;",
"site-de-diffusion": ["terme-2015-12-06-16-23-47-86966221646"],
"source-defectueuse": false,
"source-url": "http://www.phdadministration.net/?id=pers-2016-04-04-18-46-47-87588600457,",
"sous-type": "pers",
"type": "ressources",
"type-de-ressource": ["terme-2015-12-06-16-27-21-86966234485"]
}