{
"_id": "pers-2016-03-25-06-58-46-87534211571",
"ajouter-aux-favoris": false,
"date-edition": "2016-03-25-06-58-46",
"fiche-a-completer": true,
"fiche-publiee": true,
"identifiant-drupal": 19274,
"importance": 0,
"mise-a-jour": "2016-05-09-16-44-01",
"moment-de-creation": "2016-03-25-06-58-46",
"moment-de-modification": "2016-03-25-06-58-46",
"nom": "Alain Truong",
"nom-francais": ["Alain Truong"],
"nom-machine": ["pers-2016-03-25-06-58-46-87534211571"],
"personne-nom-famille": "Truong",
"personne-nom-prenom": "Alain",
"site-de-diffusion": ["terme-2015-12-06-16-23-47-86966221646"],
"source-defectueuse": false,
"source-url": "http://www.phdadministration.net/?id=pers-2016-03-25-06-58-46-87534211571",
"sous-type": "pers",
"tip": "Les cahiers d'Alain Truong",
"type": "ressources",
"type-de-ressource": ["terme-2015-12-06-16-27-16-86966234209","terme-2015-12-06-16-27-18-86966234335","terme-2015-12-06-16-27-19-86966234380","terme-2015-12-06-16-27-20-86966234423"]
}