{
"_id": "pers-2016-04-04-18-46-08-87588598104",
"ajouter-aux-favoris": false,
"fiche-a-completer": true,
"fiche-publiee": true,
"importance": 0,
"mise-a-jour": "2016-05-09-16-44-28",
"moment-de-creation": "2016-04-04-18-46-08",
"moment-de-modification": "2016-04-04-18-46-08",
"nom": "Yu Jie",
"nom-francais": ["Yu Jie"],
"nom-machine": "pers-2016-04-04-18-46-08-87588598104",
"personne-nom-famille": "Jie",
"personne-nom-prenom": "Yu",
"site-de-diffusion": ["terme-2015-12-06-16-23-47-86966221646"],
"source-defectueuse": false,
"source-url": "http://www.phdadministration.net/?id=pers-2016-04-04-18-46-08-87588598104,",
"sous-type": "pers",
"type": "ressources",
"type-de-ressource": ["terme-2015-12-06-16-27-21-86966234485"]
}