{
"_id": "pers-2016-03-25-06-59-19-87534213585",
"ajouter-aux-favoris": false,
"date-edition": "2016-03-25-06-59-19",
"description": "Commerce Equitable, D&#233;veloppement Durable, Entrepreneuriat Social, Consomm'action, Alter Eco, et autres sujets connexes..",
"fiche-a-completer": true,
"fiche-publiee": true,
"identifiant-drupal": 3059,
"importance": 0,
"langue-edition": ["terme-2015-12-06-16-10-42-86966174537"],
"mise-a-jour": "2016-05-09-16-44-01",
"moment-de-creation": "2016-03-25-06-59-19",
"moment-de-modification": "2016-03-25-06-59-19",
"mots-clefs": ["Alter Eco","blog. Tristan Lecomte","blogue","Commerce Equitable","Consomm'action","d&#233;veloppement durable","Entrepreneuriat Social"],
"nom": "Tristan Lecomte",
"nom-francais": ["Tristan Lecomte"],
"nom-machine": ["pers-2016-03-25-06-59-19-87534213585"],
"personne-nom-famille": "Lecomte",
"personne-nom-prenom": "Tristan",
"section": ["terme-2015-12-06-16-23-35-86966220957"],
"site-de-diffusion": ["terme-2015-12-06-16-23-47-86966221646"],
"source-defectueuse": false,
"source-url": "http://www.phdadministration.net/?id=pers-2016-03-25-06-59-19-87534213585",
"sous-type": "pers",
"sujet": ["terme-2015-12-06-16-25-08-86966226499","terme-2015-12-06-16-25-22-86966227358"],
"tip": "Commerce Equitable, D&#233;veloppement Durable, Entrepreneuriat Social, Consomm'actio",
"type": "ressources",
"type-de-ressource": ["terme-2015-12-06-16-27-16-86966234209","terme-2015-12-06-16-27-18-86966234335","terme-2015-12-06-16-27-19-86966234380","terme-2015-12-06-16-27-20-86966234404","terme-2015-12-06-16-27-20-86966234423"]
}