{
"_id": "pers-2016-03-25-07-00-05-87534216308",
"ajouter-aux-favoris": false,
"date-edition": "2016-03-25-07-00-05",
"description": "Marguerite de Navarre, appel&#233;e &#233;galement Marguerite d&#8217;Angoul&#234;me et parfois Marguerite d'Alen&#231;on, est n&#233;e le 11 avril 1492 &#224; Angoul&#234;me et morte le 21 d&#233;cembre 1549 &#224; Odos-en-Bigorre. Elle joue un r&#244;le capital au cours de la premi&#232;re partie du xvie&#160;si&#232;cle&#160;: elle exerce une influence profonde en diplomatie et manifeste un certain int&#233;r&#234;t pour les id&#233;es nouvelles, encourageant les artistes tant &#224; la Cour de France qu'&#224; N&#233;rac. S&oelig;ur du roi Fran&#231;ois Ier, elle est la m&#232;re de Jeanne d'Albret (reine de Navarre et m&#232;re du futur Henri IV). Elle est aussi connue pour &#234;tre, apr&#232;s Christine de Pisan et Marie de France, l'une des premi&#232;res femmes de lettres fran&#231;aises, surnomm&#233;e la dixi&#232;me des muses.",
"fiche-a-completer": true,
"fiche-publiee": true,
"identifiant-drupal": 455525,
"importance": 0,
"mise-a-jour": "2016-05-09-16-44-04",
"moment-de-creation": "2016-03-25-07-00-05",
"moment-de-modification": "2016-03-25-07-00-05",
"nom": "Marguerite de Navarre",
"nom-francais": ["Marguerite de Navarre"],
"nom-machine": ["pers-2016-03-25-07-00-05-87534216308"],
"personne-date-deces": "1549",
"personne-date-naissance": "terme-2015-12-06-16-26-10-86966230254",
"personne-nom-famille": "de Navarre",
"personne-nom-prenom": "Marguerite",
"site-de-diffusion": ["terme-2015-12-06-16-23-47-86966221646"],
"source-defectueuse": false,
"source-url": "http://www.phdadministration.net/?id=pers-2016-03-25-07-00-05-87534216308",
"sous-type": "pers",
"type": "ressources",
"type-de-ressource": ["terme-2015-12-06-16-27-16-86966234209","terme-2015-12-06-16-27-18-86966234335"]
}