{
"_id": "pers-2016-03-25-06-59-07-87534212830",
"ajouter-aux-favoris": false,
"date-edition": "2016-03-25-06-59-07",
"description": "Th&#232;mes d'enseignement et d'&#233;tudes<br>- Th&#233;orie des id&#233;ologies et de la connaissance<br>- Sociologie et anthropologie &#233;conomique<br>- Sociologie de la jeunesse<br>- Sociologie et anthropologie du travail<br>- &#201;pist&#233;mologie<br>- Travail de terrain",
"fiche-a-completer": true,
"fiche-publiee": true,
"identifiant-drupal": 270370,
"importance": 0,
"langue-edition": ["terme-2015-12-06-16-10-42-86966174537"],
"mise-a-jour": "2016-05-09-16-44-01",
"moment-de-creation": "2016-03-25-06-59-07",
"moment-de-modification": "2016-03-25-06-59-07",
"nom": "Jacques Hamel",
"nom-francais": ["Jacques Hamel"],
"nom-machine": ["pers-2016-03-25-06-59-07-87534212830"],
"personne-nom-famille": "Hamel",
"personne-nom-prenom": "Jacues",
"site-de-diffusion": ["terme-2015-12-06-16-23-47-86966221646"],
"source-defectueuse": false,
"source-url": "http://www.phdadministration.net/?id=pers-2016-03-25-06-59-07-87534212830",
"sous-type": "pers",
"type": "ressources",
"type-de-ressource": ["terme-2015-12-06-16-27-16-86966234209","terme-2015-12-06-16-27-18-86966234335","terme-2015-12-06-16-27-20-86966234417","terme-2015-12-06-16-27-21-86966234485"]
}