{
"_id": "pers-2016-03-25-07-00-04-87534216285",
"ajouter-aux-favoris": false,
"date-edition": "2016-03-25-07-00-04",
"description": "John Dryden (n&#233; le 19&#160;ao&#251;t&#160;1631 &#224; Adwinkle, Northamptonshire - mort le 12 mai 1700) est un po&#232;te et un dramaturge anglais ayant exerc&#233; une forte influence au xviie&#160;si&#232;cle.",
"fiche-a-completer": true,
"fiche-publiee": true,
"identifiant-drupal": 455515,
"importance": 0,
"mise-a-jour": "2016-05-09-16-44-04",
"moment-de-creation": "2016-03-25-07-00-04",
"moment-de-modification": "2016-03-25-07-00-04",
"nom": "John Dryden",
"nom-francais": ["John Dryden"],
"nom-machine": ["pers-2016-03-25-07-00-04-87534216285"],
"personne-date-deces": "1700",
"personne-date-naissance": "1631",
"personne-nom-famille": "Dryden",
"personne-nom-prenom": "John",
"site-de-diffusion": ["terme-2015-12-06-16-23-47-86966221646"],
"source-defectueuse": false,
"source-url": "http://www.phdadministration.net/?id=pers-2016-03-25-07-00-04-87534216285",
"sous-type": "pers",
"type": "ressources",
"type-de-ressource": ["terme-2015-12-06-16-27-16-86966234209","terme-2015-12-06-16-27-18-86966234335"]
}