{
"_id": "pers-2016-03-25-06-59-09-87534212976",
"ajouter-aux-favoris": false,
"date-edition": "2016-03-25-06-59-09",
"fiche-a-completer": true,
"fiche-publiee": true,
"identifiant-drupal": 271475,
"identifiant-drupal-parent": 271710,
"importance": 0,
"mise-a-jour": "2016-05-09-16-44-01",
"moment-de-creation": "2016-03-25-06-59-09",
"moment-de-modification": "2016-03-25-06-59-09",
"mots-clefs": ["d&#233;mocratie","n&#233;potisme","Pr&#233;sident"],
"nom": "Karim Wade",
"nom-francais": ["Karim Wade"],
"nom-machine": ["pers-2016-03-25-06-59-09-87534212976"],
"personne-nom-famille": "Wade",
"personne-nom-prenom": "Karim",
"section": ["terme-2015-12-06-16-23-39-86966221166"],
"site-de-diffusion": ["terme-2015-12-06-16-23-47-86966221646"],
"source-defectueuse": false,
"source-url": "http://www.phdadministration.net/?id=pers-2016-03-25-06-59-09-87534212976",
"sous-type": "pers",
"suggestion-varia": ["1101|Acteurs politiques"],
"tip": "Karim Wade sur EMM - le retour du n&#233;potisme au S&#233;n&#233;gal ",
"type": "ressources",
"type-de-contenu": ["terme-2015-12-06-16-27-11-86966233881"],
"type-de-ressource": ["terme-2015-12-06-16-27-16-86966234209","terme-2015-12-06-16-27-16-86966234218","terme-2015-12-06-16-27-18-86966234335","terme-2015-12-06-16-27-19-86966234380"],
"voir-aussi": ["page-2016-03-25-06-59-09-87534212997"]
}