{
"_id": "pers-2016-03-25-07-00-02-87534216145",
"ajouter-aux-favoris": false,
"date-edition": "2016-03-25-07-00-02",
"description": "Carlo Goldoni, n&#233; le 25&#160;f&#233;vrier&#160;1707 &#224; Venise et mort le 6&#160;f&#233;vrier&#160;1793 &#224; Paris, est un auteur dramatique italien, de langues italienne, v&#233;nitienne et fran&#231;aise. Cr&#233;ateur de la com&#233;die italienne moderne, il s&#8217;&#233;tait exil&#233; en France en 1762 &#224; la suite de diff&#233;rends esth&#233;tiques avec ses confr&#232;res.",
"fiche-a-completer": true,
"fiche-publiee": true,
"identifiant-drupal": 455456,
"importance": 0,
"mise-a-jour": "2016-05-09-16-44-04",
"moment-de-creation": "2016-03-25-07-00-02",
"moment-de-modification": "2016-03-25-07-00-02",
"nom": "Carlo Goldoni",
"nom-francais": ["Carlo Goldoni"],
"nom-machine": ["pers-2016-03-25-07-00-02-87534216145"],
"personne-date-deces": "1793",
"personne-date-naissance": "terme-2015-12-06-16-23-42-86966221352",
"personne-nom-famille": "Goldoni",
"personne-nom-prenom": "Carlo",
"site-de-diffusion": ["terme-2015-12-06-16-23-47-86966221646"],
"source-defectueuse": false,
"source-url": "http://www.phdadministration.net/?id=pers-2016-03-25-07-00-02-87534216145",
"sous-type": "pers",
"type": "ressources",
"type-de-ressource": ["terme-2015-12-06-16-27-16-86966234209","terme-2015-12-06-16-27-18-86966234335"]
}