{
"_id": "pers-2016-03-25-07-00-02-87534216135",
"ajouter-aux-favoris": false,
"date-edition": "2016-03-25-07-00-02",
"description": "Johan August Strindberg , n&#233; le 22&#160;janvier&#160;1849 &#224; Stockholm, mort le 14&#160;mai&#160;1912 &#224; Stockholm, est un &#233;crivain, dramaturge et peintre su&#233;dois. Il fait partie des auteurs su&#233;dois les plus importants et est un des p&#232;res du th&#233;&#226;tre moderne. Ses &oelig;uvres se classent parmi deux courants litt&#233;raires majeurs, le naturalisme et l'expressionnisme.",
"fiche-a-completer": true,
"fiche-publiee": true,
"identifiant-drupal": 455451,
"importance": 0,
"mise-a-jour": "2016-05-09-16-44-04",
"moment-de-creation": "2016-03-25-07-00-02",
"moment-de-modification": "2016-03-25-07-00-02",
"nom": "August Strindberg",
"nom-francais": ["August Strindberg"],
"nom-machine": ["pers-2016-03-25-07-00-02-87534216135"],
"personne-date-deces": "1912",
"personne-date-naissance": "terme-2015-12-06-16-25-27-86966227632",
"personne-nom-famille": "Strindberg",
"personne-nom-prenom": "August",
"site-de-diffusion": ["terme-2015-12-06-16-23-47-86966221646"],
"source-defectueuse": false,
"source-url": "http://www.phdadministration.net/?id=pers-2016-03-25-07-00-02-87534216135",
"sous-type": "pers",
"type": "ressources",
"type-de-ressource": ["terme-2015-12-06-16-27-16-86966234209","terme-2015-12-06-16-27-18-86966234335"]
}