{
"_id": "pers-2016-03-25-07-02-35-87534225354",
"ajouter-aux-favoris": false,
"date-edition": "2016-03-25-07-02-35",
"fiche-a-completer": true,
"fiche-publiee": true,
"identifiant-drupal": 463008,
"importance": 0,
"langue-edition": ["terme-2015-12-06-16-10-42-86966174537"],
"mise-a-jour": "2016-05-09-16-44-11",
"moment-de-creation": "2016-03-25-07-02-35",
"moment-de-modification": "2016-03-25-07-02-35",
"nom": "George C. Homans",
"nom-francais": ["George C. Homans"],
"nom-machine": ["pers-2016-03-25-07-02-35-87534225354"],
"personne-date-deces": "1989",
"personne-date-naissance": "terme-2015-12-06-16-25-30-86966227815",
"personne-nom-famille": "Homans ",
"personne-nom-prenom": "George C.",
"site-de-diffusion": ["terme-2015-12-06-16-23-47-86966221646"],
"source-defectueuse": false,
"source-url": "http://www.phdadministration.net/?id=pers-2016-03-25-07-02-35-87534225354",
"sous-type": "pers",
"tip": "auteurs.html",
"type": "ressources",
"type-de-ressource": ["terme-2015-12-06-16-27-16-86966234209","terme-2015-12-06-16-27-18-86966234335"]
}