{
"_id": "pers-2016-03-25-06-59-34-87534214445",
"ajouter-aux-favoris": false,
"date-edition": "2016-03-25-06-59-34",
"fiche-a-completer": true,
"fiche-publiee": true,
"identifiant-drupal": 4237,
"importance": 0,
"langue-edition": ["terme-2015-12-06-16-10-42-86966174537"],
"mise-a-jour": "2016-05-09-16-44-01",
"moment-de-creation": "2016-03-25-06-59-34",
"moment-de-modification": "2016-03-25-06-59-34",
"nom": "Jean Baudrillard",
"nom-francais": ["Jean Baudrillard"],
"nom-machine": ["pers-2016-03-25-06-59-34-87534214445"],
"personne-date-deces": "2007",
"personne-date-naissance": "terme-2015-12-06-16-25-31-86966227873",
"personne-nom-famille": "Baudrillard",
"personne-nom-prenom": "Jean",
"site-de-diffusion": ["terme-2015-12-06-16-23-47-86966221646"],
"source-defectueuse": false,
"source-url": "http://www.phdadministration.net/?id=pers-2016-03-25-06-59-34-87534214445",
"sous-type": "pers",
"type": "ressources",
"type-de-ressource": ["terme-2015-12-06-16-27-16-86966234209","terme-2015-12-06-16-27-18-86966234335"]
}