{
"_id": "pers-2016-04-04-18-46-34-87588599663",
"ajouter-aux-favoris": false,
"fiche-a-completer": true,
"fiche-publiee": true,
"importance": 0,
"mise-a-jour": "2016-05-09-16-44-34",
"moment-de-creation": "2016-04-04-18-46-34",
"moment-de-modification": "2016-04-04-18-46-34",
"nom": "Dhruv Raina",
"nom-francais": ["Dhruv Raina"],
"nom-machine": "pers-2016-04-04-18-46-34-87588599663",
"personne-nom-famille": "Raina",
"personne-nom-prenom": "Dhruv",
"site-de-diffusion": ["terme-2015-12-06-16-23-47-86966221646"],
"source-defectueuse": false,
"source-url": "http://www.phdadministration.net/?id=pers-2016-04-04-18-46-34-87588599663,",
"sous-type": "pers",
"type": "ressources",
"type-de-ressource": ["terme-2015-12-06-16-27-21-86966234485"]
}