{
"_id": "pers-2016-03-25-07-00-02-87534216168",
"ajouter-aux-favoris": false,
"date-edition": "2016-03-25-07-00-02",
"description": "Eschyle (en grec ancien &#913;&#7984;&#963;&#967;&#973;&#955;&#959;&#962; / Aiskh&#250;los), n&#233; &#224; &#201;leusis (Attique) vers 526 av. J.-C., mort &#224; G&#233;la (Sicile) en 456 av. J.-C., est le plus ancien des trois grands tragiques grecs. Pr&#233;c&#233;d&#233; d'autres trag&#233;diens1, il participe &#224; la naissance du genre gr&#226;ce &#224; certaines innovations, comme le nombre d'acteurs qu'il porte &#224; deux selon Aristote2. Treize fois vainqueur du concours tragique, il est l'auteur d'une centaine de pi&#232;ces dont sept seulement nous ont &#233;t&#233; transmises3.<br>Le th&#233;&#226;tre d'Eschyle est essentiellement remarqu&#233; pour sa force dramatique, la tension, l'angoisse qui habite ses pi&#232;ces, dont la coh&#233;rence se comprend surtout par la progression qui les reliait au sein de trilogies &#171;&#160;li&#233;es&#160;&#187;, dont ne subsiste aujourd'hui que l&#8217;Orestie. S'il ne d&#233;veloppe pas la psychologie des personnages, ses choix lui permettent de mettre en valeur ses conceptions puissantes sur l'&#233;quilibre de la cit&#233;, le d&#233;go&#251;t de l&#8217;hybris qui met en danger cet ordre, et le poids de la d&#233;cision des dieux dans la conduite des affaires humaines, notamment &#224; travers le sort militaire, ou la mal&#233;diction familiale (dans le cas de Th&#232;bes et des Atrides notamment).",
"fiche-a-completer": true,
"fiche-publiee": true,
"identifiant-drupal": 455467,
"importance": 0,
"mise-a-jour": "2016-05-09-16-44-04",
"moment-de-creation": "2016-03-25-07-00-02",
"moment-de-modification": "2016-03-25-07-00-02",
"nom": "Eschyle",
"nom-francais": ["Eschyle"],
"nom-machine": ["pers-2016-03-25-07-00-02-87534216168"],
"personne-date-deces": "-456",
"personne-date-naissance": "-526",
"personne-nom-famille": "Eschyle",
"site-de-diffusion": ["terme-2015-12-06-16-23-47-86966221646"],
"source-defectueuse": false,
"source-url": "http://www.phdadministration.net/?id=pers-2016-03-25-07-00-02-87534216168",
"sous-type": "pers",
"type": "ressources",
"type-de-ressource": ["terme-2015-12-06-16-27-16-86966234209","terme-2015-12-06-16-27-18-86966234335"]
}