{
"_id": "pers-2016-03-25-07-00-02-87534216164",
"ajouter-aux-favoris": false,
"date-edition": "2016-03-25-07-00-02",
"description": "Dario Fo (n&#233; le 24&#160;mars&#160;1926 &#224; Sangiano, pr&#232;s de Var&#232;se, en Lombardie, Italie) est un &#233;crivain italien, dramaturge, metteur en sc&#232;ne et acteur, ce qui en fait un &#171;&#160;homme de th&#233;&#226;tre complet.&#160;&#187;<br>Connu pour ses engagements politiques, Dario Fo est l'un des dramaturges italiens les plus repr&#233;sent&#233;s dans le monde avec Goldoni.<br>Dario Fo a une admiration sans bornes pour un dramaturge v&#233;nitien du xvie&#160;si&#232;cle, Angelo Beolco, dit Ruzzante, qu'il consid&#232;re comme son &#171;&#160;plus grand ma&#238;tre avec Moli&#232;re.&#160;&#187; Dans le discours pour la r&#233;ception du prix Nobel de litt&#233;rature qu'il pronon&#231;a &#224; Stockholm en 1997, il rendit un hommage appuy&#233; &#224; &#171;&#160;un extraordinaire homme de th&#233;&#226;tre de ma terre, peu connu ... m&#234;me en Italie. Mais qui est sans aucun doute le plus grand auteur de th&#233;&#226;tre que l'Europe ait connu pendant la Renaissance avant l'arriv&#233;e de Shakespeare1.&#160;&#187; Il insista sur la qualit&#233; du th&#233;&#226;tre de Ruzzante, qu'il consid&#232;re comme &#171;&#160;le vrai p&#232;re de la Commedia dell'arte, qui inventa un langage original, un langage de et pour le th&#233;&#226;tre, bas&#233; sur une vari&#233;t&#233; de langues&#160;: les dialectes de la Vall&#233;e du P&#244;, des expressions en latin, en espagnol, m&#234;me en allemand, le tout m&#233;lang&#233; avec des onomatop&#233;es de sa propre invention1.&#160;&#187;",
"fiche-a-completer": true,
"fiche-publiee": true,
"identifiant-drupal": 455464,
"importance": 0,
"mise-a-jour": "2016-05-09-16-44-04",
"moment-de-creation": "2016-03-25-07-00-02",
"moment-de-modification": "2016-03-25-07-00-02",
"nom": "Dario Fo",
"nom-francais": ["Dario Fo"],
"nom-machine": ["pers-2016-03-25-07-00-02-87534216164"],
"personne-date-naissance": "terme-2015-12-06-16-25-30-86966227840",
"personne-nom-famille": "Fo",
"personne-nom-prenom": "Dario",
"site-de-diffusion": ["terme-2015-12-06-16-23-47-86966221646"],
"source-defectueuse": false,
"source-url": "http://www.phdadministration.net/?id=pers-2016-03-25-07-00-02-87534216164",
"sous-type": "pers",
"type": "ressources",
"type-de-ressource": ["terme-2015-12-06-16-27-16-86966234209","terme-2015-12-06-16-27-18-86966234335"]
}