{
"_id": "pers-2016-04-04-18-45-33-87588596034",
"ajouter-aux-favoris": false,
"fiche-a-completer": true,
"fiche-publiee": true,
"importance": 0,
"mise-a-jour": "2016-05-09-16-44-20",
"moment-de-creation": "2016-04-04-18-45-33",
"moment-de-modification": "2016-04-04-18-45-33",
"nom": "Stefania Bonfiglioli",
"nom-francais": ["Stefania Bonfiglioli"],
"nom-machine": "pers-2016-04-04-18-45-33-87588596034",
"personne-nom-famille": "Bonfiglioli",
"personne-nom-prenom": "Stefania",
"site-de-diffusion": ["terme-2015-12-06-16-23-47-86966221646"],
"source-defectueuse": false,
"source-url": "http://www.phdadministration.net/?id=pers-2016-04-04-18-45-33-87588596034,",
"sous-type": "pers",
"type": "ressources",
"type-de-ressource": ["terme-2015-12-06-16-27-21-86966234485"]
}