{
"_id": "pers-2016-03-25-07-00-03-87534216218",
"ajouter-aux-favoris": false,
"date-edition": "2016-03-25-07-00-03",
"description": "Gotthold Ephraim Lessing, n&#233; le 22&#160;janvier&#160;1729 &#224; Kamenz en Saxe et mort le 15&#160;f&#233;vrier&#160;1781 &#224; Braunschweig dans le Brunswick, est un &#233;crivain, critique et dramaturge allemand.",
"fiche-a-completer": true,
"fiche-publiee": true,
"identifiant-drupal": 455488,
"importance": 0,
"mise-a-jour": "2016-05-09-16-44-04",
"moment-de-creation": "2016-03-25-07-00-03",
"moment-de-modification": "2016-03-25-07-00-03",
"nom": "Gotthold Ephraim Lessing",
"nom-francais": ["Gotthold Ephraim Lessing"],
"nom-machine": ["pers-2016-03-25-07-00-03-87534216218"],
"personne-date-deces": "1781",
"personne-date-naissance": "terme-2015-12-06-16-23-42-86966221369",
"personne-nom-famille": "Lessing",
"personne-nom-prenom": "Gotthold Ephraim",
"site-de-diffusion": ["terme-2015-12-06-16-23-47-86966221646"],
"source-defectueuse": false,
"source-url": "http://www.phdadministration.net/?id=pers-2016-03-25-07-00-03-87534216218",
"sous-type": "pers",
"type": "ressources",
"type-de-ressource": ["terme-2015-12-06-16-27-16-86966234209","terme-2015-12-06-16-27-18-86966234335"]
}