{
"_id": "pers-2016-04-04-18-46-53-87588600821",
"ajouter-aux-favoris": false,
"fiche-a-completer": true,
"fiche-publiee": true,
"importance": 0,
"mise-a-jour": "2016-05-09-16-44-39",
"moment-de-creation": "2016-04-04-18-46-53",
"moment-de-modification": "2016-04-04-18-46-53",
"nom": "K&#227;&#156;nne Wolfgang",
"nom-francais": ["K&#227;&#156;nne Wolfgang"],
"nom-machine": "pers-2016-04-04-18-46-53-87588600821",
"personne-nom-famille": "Wolfgang",
"personne-nom-prenom": "K&#227;&#156;nne",
"site-de-diffusion": ["terme-2015-12-06-16-23-47-86966221646"],
"source-defectueuse": false,
"source-url": "http://www.phdadministration.net/?id=pers-2016-04-04-18-46-53-87588600821,",
"sous-type": "pers",
"type": "ressources",
"type-de-ressource": ["terme-2015-12-06-16-27-21-86966234485"]
}