{
"ajouter-aux-favoris": "false",
"analyser-avec-open-calais": "true",
"apercu": "Capitalisme, institutions, pouvoirs",
"description": "La Revue de la r&#233;gulation. Capitalisme, institutions, pouvoirs, cr&#233;&#233;e &#224; l&#8217;initiative de l&#8217;association Recherche &amp; R&#233;gulation, est soutenue par la Maison des Sciences de l&#8217;Homme Paris Nord, par l&#8217;Institut des Sciences humaines et sociales du CNRS, ainsi qu&#8217;un r&#233;seau de centres de recherche. Elle est class&#233;e par l&#8217;AERES en cat&#233;gorie B, et figure dans le r&#233;f&#233;rencement econlit. La revue b&#233;n&#233;ficie &#233;galement du soutien du CNRS par la voie des sections 36 (Sociologie - Normes et r&#232;gles) et 37 (&#201;conomie et gestion). Elle vise &#224; fournir un lieu d&#8217;expression pour les analyses qui s&#8217;inscrivent dans la filiation des recherches r&#233;gulationnistes, et plus largement institutionnalistes, ainsi que pour les chercheurs qui souhaitent en d&#233;battre, en &#233;conomie et au-del&#224;. La revue a pour vocation d&#8217;alimenter une discussion large avec les autres sciences sociales : sociologie &#233;conomique, histoire, sciences politiques, gestion etc.<br>En effet, il appara&#238;t plus que jamais n&#233;cessaire de d&#233;velopper une &#233;conomie politique historicis&#233;e et socialis&#233;e afin de mieux comprendre les choix de politique &#233;conomique ou les &#233;volutions strat&#233;giques des entreprises, ainsi que leurs effets, &#224; partir des rapports sociaux qui les structurent. Poursuivre une r&#233;flexion globale sur la transformation du capitalisme, compte tenu de l&#8217;ampleur et la diversit&#233; de ses recompositions, incite &#224; rassembler des travaux issus de diff&#233;rents horizons. Les recherches que cette revue souhaite promouvoir porteront tant sur la caract&#233;risation des formes structurelles du capitalisme contemporain, que sur l&#8217;analyse de nouvelles dynamiques &#224; l&#8217;&oelig;uvre et les outils th&#233;oriques et m&#233;thodologiques permettant de les saisir.",
"domaine": "http://regulation.revues.org",
"encodage": "iso-8859-1",
"fiche-a-completer": "true",
"fiche-publiee": "false",
"format": "HTML",
"identifiant-drupal": ["458355"],
"importance": "0",
"isCopyright": "false",
"langue-edition": ["terme-2015-12-06-16-10-40-86966174431","terme-2015-12-06-16-10-41-86966174518","terme-2015-12-06-16-10-42-86966174537"],
"lieu-concerne": ["lieu-2015-12-06-16-13-01-86966182874","lieu-2015-12-06-16-16-35-86966195724","lieu-2015-12-06-16-19-34-86966206484","lieu-2015-12-06-16-19-36-86966206618","lieu-2015-12-06-16-20-24-86966209490"],
"mise-a-jour": "2016-05-09-16-43-53",
"mm-dans-Dspace": "false",
"mm-dans-JournalSeek": "false",
"mm-dans-JournalTOC": "false",
"mm-parcourir": "true",
"mm-premiere-version": "true",
"mm-source-doublon": "false",
"mm-source-noindex": "false",
"moment-de-creation": "2016-03-25-07-01-32",
"moment-de-modification": "2016-03-25-07-01-32",
"mots-clefs": [" Capitalisme"," institutions"," pouvoirs"," r&#233;gulation","Capitalisme","institutions","pouvoirs","r&#233;gulation"],
"niveau": "2",
"nom": "Revue de la r&#233;gulation",
"nom-machine": ["page-2016-12-01-09-27-14-87534243584"],
"parent": "A-determiner",
"personne-concernee": ["pers-2016-03-25-07-02-19-87534224358"],
"site-de-diffusion": ["terme-2015-12-06-16-23-47-86966221646"],
"source-defectueuse": "false",
"source-URL": "http://regulation.revues.org/11799",
"sous-type": "page",
"sujet": ["terme-2015-12-06-16-24-54-86966225669","terme-2015-12-06-16-25-04-86966226256","terme-2015-12-06-16-25-35-86966228117","terme-2015-12-06-16-25-58-86966229485","terme-2015-12-06-16-26-04-86966229850","terme-2015-12-06-16-26-12-86966230328","terme-2015-12-06-16-26-13-86966230424","terme-2015-12-06-16-26-13-86966230427","terme-2015-12-06-16-26-13-86966230430","terme-2015-12-06-16-26-17-86966230641","terme-2015-12-06-16-26-17-86966230646","terme-2015-12-06-16-26-49-86966232574","terme-2015-12-06-16-26-53-86966232821","terme-2015-12-06-16-26-55-86966232957","terme-2015-12-06-16-26-59-86966233151","terme-2015-12-06-16-27-04-86966233469","terme-2015-12-06-16-27-04-86966233476"],
"synonyme": "Revue de la r&#233;gulation",
"type": "ressources",
"type-de-contenu": ["terme-2015-12-06-16-27-11-86966233878","terme-2015-12-06-16-27-11-86966233885","terme-2015-12-06-16-27-15-86966234153"],
"type-de-ressource": ["terme-2015-12-06-16-27-16-86966234209","terme-2015-12-06-16-27-18-86966234304","terme-2015-12-06-16-27-21-86966234485"],
"voir-aussi": ["site-2016-03-25-06-58-37-87534211027.json"],

"_id": "lead-2016-12-01-09-27-14-87534243584",
"path": "/fr/detail/page-2016-12-01-09-27-14-87534243584",
"tip": "Tooltip du hyperlien dont le href est dans path",
"title": "PhD Admin - La régulation des goûts",
"titre": "La régulation des goûts",
"ressource": "page-2016-12-01-09-27-14-87534243584",
"provenance": "http://regulation.revues.org/11799",
"pertinence": "3",

"apercu": "Dans nos sociétés, les biens incluent de plus en plus de caractéristiques de goût, c’est-à-dire de caractéristiques faisant appel aux sens. La dimension hédonique de la consommation l’emporte souvent sur sa dimension utilitaire (Holbrook and Hirschman, 1982 ; Spangenberg et al., 1997 ; Addis and Holbrook, 2001). Cela confère aux goûts un rôle croissant",

"contenu": "Dans nos sociétés, les biens incluent de plus en plus de caractéristiques de goût, c’est-à-dire de caractéristiques faisant appel aux sens. La dimension hédonique de la consommation l’emporte souvent sur sa dimension utilitaire (Holbrook and Hirschman, 1982 ; Spangenberg et al., 1997 ; Addis and Holbrook, 2001). Cela confère aux goûts un rôle croissant"

}