{
"ajouter-aux-favoris": "false",
"analyser-avec-open-calais": "true",
"apercu": "D&#233;bats, &#233;changes, r&#233;flexions en r&#233;seaux. D&#233;veloppement rural au Sud.",
"description": "Inter-r&#233;seaux D&#233;veloppement rural est un lieu de d&#233;bats et d&#8217;&#233;changes d&#8217;exp&#233;riences sur le d&#233;veloppement rural men&#233;s au sein d&#8217;un r&#233;seau d&#8217;acteurs (...)",
"encodage": "iso-8859-1",
"fiche-a-completer": "true",
"fiche-publiee": "false",
"flux": ["http://www.inter-reseaux.org/spip.php?page=backend"],
"format": "HTML",
"identifiant-drupal": ["469637"],
"importance": "0",
"isCopyright": "false",
"lieu-concerne": ["lieu-2015-12-06-16-10-48-86966174889","lieu-2015-12-06-16-19-34-86966206484","lieu-2015-12-06-16-22-15-86966216152"],
"mise-a-jour": "2016-05-09-16-45-35",
"mm-dans-DOAJ": "false",
"mm-dans-Dspace": "false",
"mm-dans-JournalSeek": "false",
"mm-dans-JournalTOC": "false",
"mm-parcourir": "true",
"mm-premiere-version": "true",
"mm-source-doublon": "false",
"mm-source-noindex": "false",
"moment-de-creation": "2016-03-25-07-04-57",
"moment-de-modification": "2016-03-25-07-04-57",
"niveau": "1",
"nom": "Inter-r&#233;seaux D&#233;veloppement rural",
"nom-machine": ["page-2016-12-02-10-04-27-87534244526"],
"parent": "Aucun",
"site-de-diffusion": ["terme-2015-12-06-16-23-47-86966221646"],
"source-defectueuse": "false",
"source-URL": "http://www.inter-reseaux.org/publications/autres-publications/article/assurer-la-viabilite-et-promouvoir?lang=fr",
"sous-type": "site",
"sujet": ["terme-2015-12-06-16-24-22-86966223762","terme-2015-12-06-16-24-56-86966225765","terme-2015-12-06-16-24-56-86966225769","terme-2015-12-06-16-25-01-86966226100","terme-2015-12-06-16-25-08-86966226499","terme-2015-12-06-16-25-18-86966227132","terme-2015-12-06-16-25-35-86966228117","terme-2015-12-06-16-25-41-86966228484","terme-2015-12-06-16-25-41-86966228497","terme-2015-12-06-16-25-52-86966229131","terme-2015-12-06-16-25-57-86966229429","terme-2015-12-06-16-26-15-86966230512","terme-2015-12-06-16-26-17-86966230621","terme-2015-12-06-16-26-22-86966230977","terme-2015-12-06-16-27-04-86966233476"],
"synonyme": "Inter-r&#233;seaux D&#233;veloppement rural",
"type": "ressources",
"type-de-ressource": ["terme-2015-12-06-16-27-18-86966234338","terme-2015-12-06-16-27-21-86966234482","terme-2015-12-06-16-27-21-86966234485"],

"_id": "lead-2016-12-02-10-04-27-87534244526",
"path": "/fr/detail/page-2016-12-02-10-04-27-87534244526",
"tip": "Tooltip du hyperlien dont le href est dans path",
"title": "PhD Admin - Assurer la viabilité et promouvoir le développement des systèmes de stockage alimentaire de proximité en Afrique de l’Ouest",
"titre": "Assurer la viabilité et promouvoir le développement des systèmes de stockage alimentaire de proximité en Afrique de l’Ouest",
"ressource": "page-2016-12-02-10-04-27-87534244526",
"provenance": "http://www.inter-reseaux.org/publications/autres-publications/article/assurer-la-viabilite-et-promouvoir?lang=fr",
"pertinence": "3",

"apercu": "Les systèmes de stockage alimentaire de proximité un rôle à jouer dans la sécurité alimentaire et dans la régulation des marchés. Alors que la réserve régionale de la CEDEAO est en train de s’opérationnaliser, les stocks de proximité vont devoir sortir de leur atomisation, afin d’envisager des formes de coordination avec les autres lignes de défense.",

"contenu": "Les systèmes de stockage alimentaire de proximité un rôle à jouer dans la sécurité alimentaire et dans la régulation des marchés. Alors que la réserve régionale de la CEDEAO est en train de s’opérationnaliser, les stocks de proximité vont devoir sortir de leur atomisation, afin d’envisager des formes de coordination avec les autres lignes de défense."

}