{
"ajouter-aux-favoris": "false",
"analyser-avec-open-calais": "true",
"apercu": "Inra France,recherche agronomique publique,environnement,alimentation,agriculture",
"description": "L&#8217;Inra, institut scientifique de recherche agronomique publique finalis&#233;e, dans les domaines de l&#8217;agriculture, de l&#8217;alimentation, de la s&#233;curit&#233; des aliments, de l&#8217;environnement et de la gestion des territoires, dans une perspective de d&#233;veloppement durable. Il offre des informations sur tout emploi de la fonction publique aux personnes int&#233;ress&#233;es par une carri&#232;re dans l&#8217;environnement, l&#8217;alimentation ou l&#8217;agriculture.",
"encodage": "iso-8859-1",
"fiche-a-completer": "true",
"fiche-publiee": "false",
"flux": ["<a href=&quot;http://www.inra.fr/rss/feed/evenements&quot;>Manifestations et colloques : les rendez-vous de l'Inra</a><a href=&quot;http://www.inra.fr/rss/feed/recrutement&quot;>Recrutement : toutes nos annonces</a><a href=&quot;http://www.inra.fr/rss/feed/appels_offres_internationaux&quot;>International : appels d'offres</a><a href=&quot;http://www.inra.fr/rss/feed/presse&quot;>Informations presse : suivez nos communiqu&#233;s de presse</a><a href=&quot;http://www.inra.fr/rss/feed/mobilites_internationales&quot;>Mobilit&#233;s internationales</a>"],
"format": "HTML",
"identifiant-drupal": ["468441"],
"importance": "0",
"isCopyright": "false",
"langue-edition": ["terme-2015-12-06-16-10-42-86966174537"],
"lieu-concerne": ["lieu-2015-12-06-16-10-48-86966174886","lieu-2015-12-06-16-16-35-86966195724"],
"mise-a-jour": "2016-05-09-16-45-29",
"mm-dans-DOAJ": "false",
"mm-dans-Dspace": "false",
"mm-dans-JournalSeek": "false",
"mm-dans-JournalTOC": "false",
"mm-parcourir": "true",
"mm-premiere-version": "true",
"mm-source-doublon": "false",
"mm-source-noindex": "false",
"moment-de-creation": "2016-03-25-07-04-30",
"moment-de-modification": "2016-03-25-07-04-30",
"mots-clefs": [" agriculture"," alimentation"," chercheur"," emploi fonction publique"," environnement"," ing&#233;nieur environnement"," offres emploi Inra"," recherche agronomique"," ressources humaines Inra"," sciences"," soci&#233;t&#233;"," technicien","agriculture","alimentation","chercheur","emploi fonction publique","environnement","ing&#233;nieur environnement","Inra France","offres emploi Inra","recherche agronomique","ressources humaines Inra","sciences","soci&#233;t&#233;","technicien"],
"niveau": "1",
"nom": "Institut national de la recherche agronomique",
"nom-machine": ["page-2016-12-02-11-25-30-87534253468"],
"parent": "Aucun",
"section": ["terme-2015-12-06-16-23-43-86966221427","terme-2015-12-06-16-23-43-86966221427","terme-2015-12-06-16-23-44-86966221449","terme-2015-12-06-16-23-44-86966221449"],
"sigle": "INRA",
"site-de-diffusion": ["terme-2015-12-06-16-23-47-86966221646"],
"source-defectueuse": "false",
"source-URL": "http://www.inra.fr/Grand-public/Equilibres-alimentaires-mondiaux/Toutes-les-actualites/Pour-une-alimentation-mondiale-durable",
"sous-type": "site",
"sujet": ["terme-2015-12-06-16-24-22-86966223762","terme-2015-12-06-16-24-24-86966223861","terme-2015-12-06-16-24-24-86966223872","terme-2015-12-06-16-24-29-86966224152","terme-2015-12-06-16-24-30-86966224243","terme-2015-12-06-16-24-32-86966224340","terme-2015-12-06-16-24-54-86966225669","terme-2015-12-06-16-25-08-86966226480","terme-2015-12-06-16-25-08-86966226482","terme-2015-12-06-16-25-08-86966226499","terme-2015-12-06-16-25-09-86966226571","terme-2015-12-06-16-25-26-86966227617","terme-2015-12-06-16-25-33-86966228019","terme-2015-12-06-16-25-41-86966228497","terme-2015-12-06-16-25-41-86966228503","terme-2015-12-06-16-25-41-86966228509","terme-2015-12-06-16-25-42-86966228579","terme-2015-12-06-16-25-47-86966228847","terme-2015-12-06-16-26-00-86966229645","terme-2015-12-06-16-26-17-86966230621","terme-2015-12-06-16-26-19-86966230761","terme-2015-12-06-16-26-20-86966230815","terme-2015-12-06-16-26-22-86966230926","terme-2015-12-06-16-26-22-86966230937","terme-2015-12-06-16-26-28-86966231334","terme-2015-12-06-16-27-05-86966233540","terme-2015-12-06-16-27-10-86966233849"],
"synonyme": "Institut national de la recherche agronomique",
"type": "ressources",
"type-de-contenu": ["terme-2015-12-06-16-27-11-86966233860","terme-2015-12-06-16-27-11-86966233872","terme-2015-12-06-16-27-11-86966233893","terme-2015-12-06-16-27-11-86966233899","terme-2015-12-06-16-27-11-86966233919","terme-2015-12-06-16-27-12-86966233937","terme-2015-12-06-16-27-12-86966233951","terme-2015-12-06-16-27-12-86966233954","terme-2015-12-06-16-27-12-86966233960","terme-2015-12-06-16-27-12-86966233975","terme-2015-12-06-16-27-13-86966234009","terme-2015-12-06-16-27-14-86966234057","terme-2015-12-06-16-27-14-86966234074","terme-2015-12-06-16-27-14-86966234098","terme-2015-12-06-16-27-15-86966234118","terme-2015-12-06-16-27-15-86966234124","terme-2015-12-06-16-27-15-86966234127","terme-2015-12-06-16-27-15-86966234138","terme-2015-12-06-16-27-15-86966234144","terme-2015-12-06-16-27-15-86966234153","terme-2015-12-06-16-27-16-86966234165"],
"type-de-ressource": ["terme-2015-12-06-16-27-16-86966234209","terme-2015-12-06-16-27-18-86966234307","terme-2015-12-06-16-27-20-86966234417","terme-2015-12-06-16-27-21-86966234482"],

"_id": "lead-2016-12-02-11-25-30-87534253468",
"path": "/fr/detail/page-2016-12-02-11-25-30-87534253468",
"tip": "Tooltip du hyperlien dont le href est dans path",
"title": "PhD Admin - Course contre la montre pour une alimentation mondiale durable",
"titre": "Course contre la montre pour une alimentation mondiale durable",
"thumb-beside": "content",
"thumb-float": "right",
"thumb-tip": "Marché traditionnel flottant thaillandais où l'on trouve fruits, légumes et plats cuisinés à consommer sur place.. © © INRA, LE BASTARD Chloé",
"thumb-src": "https://inra-dam-front-resources-cdn.brainsonic.com/ressources/afile/240321-6dbcc-picture_client_format_2-9145-0064-jpg.html",
"ressource": "page-2016-12-02-10-04-27-87534244526",
"provenance": "http://www.inra.fr/Grand-public/Equilibres-alimentaires-mondiaux/Toutes-les-actualites/Pour-une-alimentation-mondiale-durable",
"pertinence": "3",

"apercu": "« Dans moins de trente ans nous devrons nourrir plus de 9 milliards d’êtres humains ! C’est une véritable course contre la montre qui se joue aujourd’hui sous nos yeux pour accéder au plus vite à un système alimentaire mondiale durable. C’est l’enjeu majeur du siècle car l’alimentation risque d’en être bouleversée !» explique Alban Thomas, directeur de recherche au laboratoire d’économie des ressources naturelles à l’Inra. Nourrir autant de monde dans un climat de plus en plus incertain, c’est possible, pronostiquent économistes, agronomes, nutritionnistes, écologues et sociologues fédérés dans un énorme projet de recherche sur la question (lire encadré). Ils explorent de nouveaux fronts de science, modélisent les ressources agricoles et les consommations à l’échelle planétaire, observent les déséquilibres, les tensions, évaluent la répartition des demandes alimentaires et non alimentaires…",

"contenu": "« Dans moins de trente ans nous devrons nourrir plus de 9 milliards d’êtres humains ! C’est une véritable course contre la montre qui se joue aujourd’hui sous nos yeux pour accéder au plus vite à un système alimentaire mondiale durable. C’est l’enjeu majeur du siècle car l’alimentation risque d’en être bouleversée !» explique Alban Thomas, directeur de recherche au laboratoire d’économie des ressources naturelles à l’Inra. Nourrir autant de monde dans un climat de plus en plus incertain, c’est possible, pronostiquent économistes, agronomes, nutritionnistes, écologues et sociologues fédérés dans un énorme projet de recherche sur la question (lire encadré). Ils explorent de nouveaux fronts de science, modélisent les ressources agricoles et les consommations à l’échelle planétaire, observent les déséquilibres, les tensions, évaluent la répartition des demandes alimentaires et non alimentaires…"

}