{
"ajouter-aux-favoris": "false",
"analyser-avec-open-calais": "true",
"description": "Le Centre local de d&#233;veloppement (CLD) de l'&#201;rable est un organisme &#224; but non lucratif qui couvre les 11 municipalit&#233;s de la MRC de l'&#201;rable.",
"domaine": "http://www.erable.ca",
"encodage": "iso-8859-1",
"fiche-a-completer": "true",
"fiche-publiee": "false",
"flux": ["http://www.erable.ca/cld/blogue/rss.xml"],
"format": "HTML",
"identifiant-drupal": ["469578"],
"importance": "0",
"isCopyright": "false",
"lieu-concerne": ["lieu-2015-12-06-16-14-44-86966189069"],
"mise-a-jour": "2016-05-09-16-43-57",
"mm-dans-Dspace": "false",
"mm-dans-JournalSeek": "false",
"mm-dans-JournalTOC": "false",
"mm-parcourir": "true",
"mm-premiere-version": "true",
"mm-source-doublon": "false",
"mm-source-noindex": "false",
"moment-de-creation": "2016-03-25-07-04-55",
"moment-de-modification": "2016-03-25-07-04-55",
"niveau": "2",
"nom": "Centre local de d&#233;veloppement | R&#233;gion de l&#8217;&#201;rable",
"nom-machine": ["page-2016-12-01-09-10-33-87534244564"],
"parent": "A-determiner",
"sigle": "CLD",
"site-de-diffusion": ["terme-2015-12-06-16-23-47-86966221646"],
"source-defectueuse": "false",
"source-URL": "http://www.erable.ca/cld-mrc/nouvelles/2016/11/machinex-modernise-le-centre-de-tri-debi-environnement-joliette",
"sous-type": "page",
"sujet": ["terme-2015-12-06-16-24-46-86966225201","terme-2015-12-06-16-24-54-86966225669","terme-2015-12-06-16-25-19-86966227166","terme-2015-12-06-16-25-41-86966228487","terme-2015-12-06-16-25-55-86966229303","terme-2015-12-06-16-25-58-86966229539","terme-2015-12-06-16-26-14-86966230489","terme-2015-12-06-16-26-25-86966231150"],
"synonyme": "Centre local de d&#233;veloppement | R&#233;gion de l&#8217;&#201;rable",
"type": "ressources",
"type-de-ressource": ["terme-2015-12-06-16-27-16-86966234215","terme-2015-12-06-16-27-18-86966234330","terme-2015-12-06-16-27-21-86966234485"],

"_id": "lead-2016-12-01-09-10-33-87534244564",
"path": "/fr/detail/page-2016-12-01-09-10-33-87534244564",
"tip": "Tooltip du hyperlien dont le href est dans path",
"title": "PhD Admin - Machinex modernise le centre de tri d'EBI Environnement à Joliette",
"titre": "Machinex modernise le centre de tri d'EBI Environnement à Joliette",
"thumb-beside": "content",
"thumb-float": "left",
"thumb-tip": "www.erable.ca",
"thumb-src": "http://www.erable.ca/sites/all/files/styles/baniere/public/ballistic_optic_ebi_1_0.jpg?itok=aT11W4jm",
"ressource": "lead-2016-12-01-09-10-33-87534244564",
"provenance": "http://www.erable.ca/cld-mrc/nouvelles/2016/11/machinex-modernise-le-centre-de-tri-debi-environnement-joliette",
"pertinence": "3",

"apercu": "Toujours à l’avant-garde dans son domaine d’activité, EBI a récemment investi plus de 3 millions de dollars afin de moderniser son centre de tri des matières recyclables, situé à Joliette. Mis en service avec ses nouveaux équipements le 12 septembre dernier, le centre de tri d’EBI Environnement est maintenant un des plus sophistiqués et avancés technologiquement au Québec.",

"contenu": "Toujours à l’avant-garde dans son domaine d’activité, EBI a récemment investi plus de 3 millions de dollars afin de moderniser son centre de tri des matières recyclables, situé à Joliette. Mis en service avec ses nouveaux équipements le 12 septembre dernier, le centre de tri d’EBI Environnement est maintenant un des plus sophistiqués et avancés technologiquement au Québec."

}