{
"ajouter-aux-favoris": "false",
"analyser-avec-open-calais": "true",
"encodage": "iso-8859-1",
"fiche-a-completer": "true",
"fiche-publiee": "false",
"format": "HTML",
"identifiant-drupal": ["471464"],
"importance": "0",
"isCopyright": "false",
"langue-edition": ["terme-2015-12-06-16-10-40-86966174431"],
"lieu-concerne": ["lieu-2015-12-06-16-10-48-86966174886","lieu-2015-12-06-16-13-04-86966183059","lieu-2015-12-06-16-16-08-86966194089","lieu-2015-12-06-16-23-24-86966220291","lieu-2015-12-06-16-23-24-86966220300"],
"mise-a-jour": "2016-05-09-16-45-43",
"mm-dans-DOAJ": "false",
"mm-dans-Dspace": "false",
"mm-dans-JournalSeek": "false",
"mm-dans-JournalTOC": "false",
"mm-parcourir": "true",
"mm-premiere-version": "true",
"mm-source-doublon": "false",
"mm-source-noindex": "false",
"moment-de-creation": "2016-03-25-07-05-41",
"moment-de-modification": "2016-03-25-07-05-41",
"niveau": "1",
"nom": "The Nation",
"nom-machine": ["page-2016-12-02-09-15-41-87534275844"],
"parent": "Aucun",
"periodicite": ["hebdomadaire","terme-2015-12-06-16-23-27-86966220473"],
"section": ["terme-2015-12-06-16-23-33-86966220789","terme-2015-12-06-16-23-35-86966220949","terme-2015-12-06-16-23-36-86966221009","terme-2015-12-06-16-23-37-86966221025","terme-2015-12-06-16-23-37-86966221067","terme-2015-12-06-16-23-38-86966221081","terme-2015-12-06-16-23-38-86966221110","terme-2015-12-06-16-23-38-86966221133","terme-2015-12-06-16-23-38-86966221136","terme-2015-12-06-16-23-39-86966221142","terme-2015-12-06-16-23-39-86966221148","terme-2015-12-06-16-23-39-86966221157","terme-2015-12-06-16-23-39-86966221172","terme-2015-12-06-16-23-39-86966221177","terme-2015-12-06-16-23-41-86966221299","terme-2015-12-06-16-23-41-86966221305","terme-2015-12-06-16-23-43-86966221381","terme-2015-12-06-16-23-44-86966221478","terme-2015-12-06-16-23-44-86966221492","terme-2015-12-06-16-23-46-86966221579","terme-2015-12-06-16-23-46-86966221582"],
"site-de-diffusion": ["terme-2015-12-06-16-23-47-86966221646"],
"source-defectueuse": "false",
"source-URL": "https://www.thenation.com/article/donald-trump-just-hired-a-current-theranos-board-member-to-run-the-pentagon/",
"sous-type": "site",
"sujet": ["terme-2015-12-06-16-24-43-86966225029","terme-2015-12-06-16-24-46-86966225201","terme-2015-12-06-16-24-47-86966225278","terme-2015-12-06-16-24-54-86966225669","terme-2015-12-06-16-25-04-86966226256","terme-2015-12-06-16-25-14-86966226876","terme-2015-12-06-16-25-14-86966226887","terme-2015-12-06-16-25-27-86966227678","terme-2015-12-06-16-25-47-86966228879","terme-2015-12-06-16-25-51-86966229116","terme-2015-12-06-16-26-25-86966231110","terme-2015-12-06-16-26-26-86966231160","terme-2015-12-06-16-26-48-86966232494","terme-2015-12-06-16-26-56-86966232960","terme-2015-12-06-16-27-04-86966233484","terme-2016-02-05-01-15-37-87279176261","terme-2016-02-05-01-19-48-87279191302"],
"synonyme": "The Nation",
"type": "ressources",
"type-de-contenu": ["terme-2015-12-06-16-27-11-86966233881","terme-2015-12-06-16-27-14-86966234083","terme-2015-12-06-16-27-15-86966234132"],
"type-de-ressource": ["terme-2015-12-06-16-27-18-86966234315","terme-2015-12-06-16-27-21-86966234482"],

"_id": "lead-2016-12-02-09-15-41-87534275844",
"path": "/fr/detail/page-2016-12-02-09-15-41-87534275844",
"tip": "Tooltip du hyperlien dont le href est dans path",
"title": "PhD Admin - Donald Trump Just Hired a Current Theranos Board Member to Run the Pentagon",
"titre": "Donald Trump Just Hired a Current Theranos Board Member to Run the Pentagon",
"soustitre": "General Mattis is still associated with the quack medical company. So much for “extreme vetting.”",
"citation": "He calls it “extreme vetting”",
"thumb-beside": "content",
"thumb-float": "left",
"thumb-tip": "President-elect Donald Trump stands with Defense Secretary pick James Mattis at Trump National Golf Club Bedminster clubhouse on November 19, 2016. (AP Photo / Carolyn Kaster)",
"thumb-src": "https://www.thenation.com/wp-content/uploads/2016/12/trump_mattis_ap_img.jpg?scale=896&compress=80",
"ressource": "page-2016-12-02-09-15-41-87534275844",
"provenance": "https://www.thenation.com/article/donald-trump-just-hired-a-current-theranos-board-member-to-run-the-pentagon/",
"pertinence": "3",

"apercu": "<p>Donald Trump believes that the government can closely monitor every individual entering the country to determine their likelihood of participating in a terrorist attack. He calls it “extreme vetting.” So surely his handpicked choices for the cabinet were vetted with that level of deep scrutiny, so no surprises would ensue after the selection. Yet Trump’s choice for defense secretary, retired Marine Gen. James “Mad Dog” Mattis (chosen, one assumes, for the nickname), has a very damaging association hiding in plain sight in his record—his current position on the <a href='https://www.theranos.com/leadership/board-of-directors'>board of directors</a> of quack medical company Theranos.</p>",

"contenu": "<p>Donald Trump believes that the government can closely monitor every individual entering the country to determine their likelihood of participating in a terrorist attack. He calls it “extreme vetting.” So surely his handpicked choices for the cabinet were vetted with that level of deep scrutiny, so no surprises would ensue after the selection. Yet Trump’s choice for defense secretary, retired Marine Gen. James “Mad Dog” Mattis (chosen, one assumes, for the nickname), has a very damaging association hiding in plain sight in his record—his current position on the <a href='https://www.theranos.com/leadership/board-of-directors'>board of directors</a> of quack medical company Theranos.</p>"

}