{
"ajouter-aux-favoris": "false",
"analyser-avec-open-calais": "true",
"encodage": "iso-8859-1",
"fiche-a-completer": "true",
"fiche-publiee": "false",
"format": "HTML",
"identifiant-drupal": ["470917"],
"importance": "0",
"isCopyright": "false",
"langue-edition": ["terme-2015-12-06-16-10-40-86966174431"],
"lieu-concerne": ["lieu-2015-12-06-16-10-48-86966174905","lieu-2015-12-06-16-12-59-86966182750","lieu-2015-12-06-16-15-44-86966192656","lieu-2015-12-06-16-16-15-86966194523","lieu-2015-12-06-16-19-38-86966206705"],
"mise-a-jour": "2016-05-09-16-45-39",
"mm-dans-DOAJ": "false",
"mm-dans-Dspace": "false",
"mm-dans-JournalSeek": "false",
"mm-dans-JournalTOC": "false",
"mm-parcourir": "true",
"mm-premiere-version": "true",
"mm-source-doublon": "false",
"mm-source-noindex": "false",
"moment-de-creation": "2016-03-25-07-05-22",
"moment-de-modification": "2016-03-25-07-05-22",
"niveau": "1",
"nom": "Entomological Society of Canada",
"nom-machine": ["page-2016-12-02-10-05-23-87534242514"],
"parent": "Aucun",
"site-de-diffusion": ["terme-2015-12-06-16-23-47-86966221646"],
"source-defectueuse": "false",
"source-URL": "https://escsecblog.com/2016/11/14/leonard-and-me/",
"sous-type": "site",
"sujet": ["terme-2015-12-06-16-24-22-86966223762","terme-2015-12-06-16-24-36-86966224613","terme-2015-12-06-16-24-40-86966224818","terme-2015-12-06-16-24-52-86966225572","terme-2015-12-06-16-25-10-86966226624","terme-2015-12-06-16-25-26-86966227597","terme-2015-12-06-16-25-27-86966227626","terme-2015-12-06-16-25-30-86966227809","terme-2015-12-06-16-25-34-86966228066","terme-2015-12-06-16-25-38-86966228297","terme-2015-12-06-16-25-47-86966228879","terme-2015-12-06-16-26-44-86966232276","terme-2015-12-06-16-27-10-86966233822","terme-2016-02-05-01-15-37-87279176261","terme-2016-02-05-01-43-48-87279277731"],
"synonyme": "Entomological Society of Canada",
"type": "ressources",
"type-de-ressource": ["terme-2015-12-06-16-27-16-86966234209","terme-2015-12-06-16-27-21-86966234482"],

"_id": "lead-2016-12-02-10-05-23-87534242514",
"path": "/fr/detail/page-2016-12-02-10-05-23-87534242514",
"tip": "Tooltip du hyperlien dont le href est dans path",
"title": "PhD Admin - Leonard, the insects and me",
"titre": "Leonard, the insects and me",
"thumb-beside": "content",
"thumb-float": "left",
"thumb-tip": "By Rama – Commons file, CC BY-SA 2.0 fr, https://commons.wikimedia.org/w/index.php?curid=53046764",
"thumb-src": "https://escsecblog.files.wordpress.com/2016/11/leonard_cohen_2008.jpg",
"ressource": "lead-2016-12-02-10-05-23-87534242514",
"provenance": "https://escsecblog.com/2016/11/14/leonard-and-me/",
"pertinence": "3",

"apercu": "<p>Last winter, I spent a few months working on insect identifications for the <a href='http://www2.gov.bc.ca/gov/content/environment/plants-animals-ecosystems/data-reporting/conservation-data-centre'>BC Conservation Data Centre</a>, mostly collections of insects made at newly-acquired conservation lands in the Okanagan and Kootenay regions of BC.</p><p>As I had no laboratory of my own, and no reference collections to work with, I was working out of the ROM, back behind Antonia Guidotti’s office in the entomology workroom. This place, in midwinter, is usually a little lonely, as Antonia has a lot of work to do all around the collection. And so mostly in solitude, I would sit there at my microscope, stumbling through insect IDs, learning what I could about a vast array of taxa, and listening to an inordinate amount of Leonard Cohen’s music.</p>",

"contenu": "<p>Last winter, I spent a few months working on insect identifications for the <a href='http://www2.gov.bc.ca/gov/content/environment/plants-animals-ecosystems/data-reporting/conservation-data-centre'>BC Conservation Data Centre</a>, mostly collections of insects made at newly-acquired conservation lands in the Okanagan and Kootenay regions of BC.</p><p>As I had no laboratory of my own, and no reference collections to work with, I was working out of the ROM, back behind Antonia Guidotti’s office in the entomology workroom. This place, in midwinter, is usually a little lonely, as Antonia has a lot of work to do all around the collection. And so mostly in solitude, I would sit there at my microscope, stumbling through insect IDs, learning what I could about a vast array of taxa, and listening to an inordinate amount of Leonard Cohen’s music.</p>"

}