{
"description": "Article temporaire pour tester la base-de-données.",
"encodage": "utf-8",
"fiche-publiee": "true",
"format": "HTML",
"importance": 1,
"isCopyright": "true",
"lieu-concerne": ["lieu-2015-12-06-16-10-48-86966174926","lieu-2015-12-06-16-12-48-86966182107"],
"mise-a-jour": "2016-05-09-16-43-47",
"moment-de-creation": "2015-01-25-02-34-25",
"moment-de-modification": "2016-02-18-14-31-41",
"nom": "Article08",
"nom-machine": "page-2016-11-30-15-46-33-85330292123",
"personne-concernee": ["pers-2016-03-25-06-59-43-87534214988","pers-2016-04-04-18-45-44-87588596696"],
"site-de-diffusion": ["terme-2015-12-06-16-23-47-86966221646"],
"source-defectueuse": "false",
"source-URL": "http://www.ogm.gouv.qc.ca/sante_et_environnement/environnement/benefices_potentiels/production_agricole_accrue.html",
"sous-type": "test",
"sujet": ["terme-2015-12-06-16-24-22-86966223762"]
"type-de-ressource": ["terme-2015-12-06-16-27-21-86966234485"],

"_id": "lead-2016-11-30-15-46-33-85330292123",
"path": "/fr/detail/page-2016-11-30-15-46-33-85330292123",
"tip": "Tooltip du hyperlien dont le href est dans path",
"title": "PhD Admin - Production agricole accrue",
"titre": "Production agricole accrue",
"ressource": "page-2016-11-30-15-46-33-85330292123",
"provenance": "http://www.ogm.gouv.qc.ca/sante_et_environnement/environnement/benefices_potentiels/production_agricole_accrue.html",
"pertinence": 2,

"apercu": "Produire davantage et mieux. Voilà l'une des préoccupations constantes des agriculteurs. Les grandes cultures d'OGM ont notamment été développées dans le but de répondre à cet objectif. Les plantes GM tolérantes aux herbicides, par exemple, doivent faciliter la lutte contre les mauvaises herbes. En cultivant des plantes GM résistantes aux insectes, aux maladies ou aux virus, les producteurs veulent se prémunir contre les pertes importantes qu'entraînent l'attaque d'insectes, l'apparition de maladies ou l'introduction de virus, tout en diminuant la quantité de traitements par pesticides. Ainsi, la culture d'OGM permettrait d'augmenter la production agricole.",

"contenu": "Produire davantage et mieux. Voilà l'une des préoccupations constantes des agriculteurs. Les grandes cultures d'OGM ont notamment été développées dans le but de répondre à cet objectif. Les plantes GM tolérantes aux herbicides, par exemple, doivent faciliter la lutte contre les mauvaises herbes. En cultivant des plantes GM résistantes aux insectes, aux maladies ou aux virus, les producteurs veulent se prémunir contre les pertes importantes qu'entraînent l'attaque d'insectes, l'apparition de maladies ou l'introduction de virus, tout en diminuant la quantité de traitements par pesticides. Ainsi, la culture d'OGM permettrait d'augmenter la production agricole."

}