{
"ajouter-aux-favoris": "false",
"analyser-avec-open-calais": "true",
"apercu": "actualit&#233; agroalimentaire",
"description": "L'information pour les entreprises agroalimentaires, la veille r&#233;glementaire, les actualit&#233;s pour les professionnels de l'agroalimentaire. D&#233;couvrez nos services d&#233;di&#233;s aux entreprises agroalimentaires.",
"encodage": "iso-8859-1",
"fiche-a-completer": "true",
"fiche-publiee": "false",
"flux": ["http://www.agro-media.fr/rss.xml"],
"format": "HTML",
"identifiant-drupal": ["466506"],
"importance": "0",
"isCopyright": "false",
"lieu-concerne": ["lieu-2015-12-06-16-10-48-86966174886"],
"mise-a-jour": "2016-05-09-16-45-26",
"mm-dans-DOAJ": "false",
"mm-dans-Dspace": "false",
"mm-dans-JournalSeek": "false",
"mm-dans-JournalTOC": "false",
"mm-parcourir": "true",
"mm-premiere-version": "true",
"mm-source-doublon": "false",
"mm-source-noindex": "false",
"moment-de-creation": "2016-03-25-07-03-29",
"moment-de-modification": "2016-03-25-07-03-29",
"mots-clefs": ["actualit&#233; agroalimentaire","agro","agro-alimentaire","agro-media.fr","agroalimentaire","analyse agroalimentaire","entreprise agroalimentaire","industrie agroalimentaire","information agroalimentaire","media","news agroalimentaire"],
"niveau": "1",
"nom": "agro-media.fr",
"nom-machine": ["page-2016-12-02-13-13-25-87534242278"],
"parent": "Aucun",
"site-de-diffusion": ["terme-2015-12-06-16-23-47-86966221646"],
"source-defectueuse": "false",
"source-URL": "http://www.agro-media.fr/actualite/monsanto-condamne-pour-lintoxication-dun-agriculteur-19292.html",
"sous-type": "page",
"sujet": ["terme-2015-12-06-16-24-22-86966223762","terme-2015-12-06-16-24-22-86966223776","terme-2015-12-06-16-24-27-86966224067","terme-2015-12-06-16-24-28-86966224091","terme-2015-12-06-16-25-08-86966226491","terme-2015-12-06-16-25-10-86966226641","terme-2015-12-06-16-25-13-86966226809","terme-2015-12-06-16-25-17-86966227059","terme-2015-12-06-16-25-18-86966227125","terme-2015-12-06-16-25-44-86966228670","terme-2015-12-06-16-25-44-86966228697","terme-2015-12-06-16-25-45-86966228700","terme-2015-12-06-16-25-55-86966229303","terme-2015-12-06-16-26-13-86966230383","terme-2015-12-06-16-27-07-86966233636"],
"synonyme": "agro-media.fr",
"type": "ressources",
"type-de-ressource": ["terme-2015-12-06-16-27-21-86966234482","terme-2015-12-06-16-27-21-86966234494"],

"_id": "lead-2016-12-02-13-13-25-87534242278",
"path": "/fr/detail/page-2016-12-02-13-13-25-87534242278",
"tip": "Tooltip du hyperlien dont le href est dans path",
"title": "PhD Admin - Monsanto condamné pour l’intoxication d’un agriculteur",
"titre": "Monsanto condamné pour l’intoxication d’un agriculteur",
"soustitre": "Monsanto a été condamné pour l'intoxication d'un agriculteur français, à la cour d'appel de Lyon, hier. ...",
"thumb-beside": "content",
"thumb-float": "right",
"thumb-tip": "Le Lasso est un herbicide, jugé dangereux, et interdit de vente en France depuis 2007.",
"thumb-src": "http://www.agro-media.fr/wp-content/uploads/2015/09/monsanto.jpg",
"ressource": "page-2016-12-02-13-13-25-87534242278",
"provenance": "http://www.agro-media.fr/actualite/monsanto-condamne-pour-lintoxication-dun-agriculteur-19292.html",
"pertinence": "3",

"apercu": "Paul François vient de remporter un bras de fer contre <a href='http://www.agro-media.fr/actualite/les-ogm-de-nouveau-au-coeur-de-la-polemique-8250.html'>Monsanto</a>. Depuis des années, cet agriculteur de Charente se bat pour faire reconnaître son intoxication au Lasso, un herbicide pour maïs toxique. Le géant des biotechnologie persiste assure que son produit «&nbsp;n’était pas dangereux&nbsp;» et que «&nbsp;les dommages invoqués n’existent pas&nbsp;».</p><p>Une condamnation de Monsanto en appel. Mais hier, Monsanto a été condamné à la cour d’appel de Lyon. En 2012, le groupe avait été reconnu «&nbsp;responsable&nbsp;» en première instance et condamné à «&nbsp;indemniser entièrement&nbsp;»&nbsp;» le céréalier qui a subi de graves troubles neurologiques par inhalation. Paul François est lui convaincu que la firme américaine connaissait les <em>dangers&nbsp;du Lasso</em> bien avant son interdiction en France en novembre 2007. Cet herbicide avait en effet été jugé dangereux et retiré du marché au Canada dès 1985 et depuis 1992 en Belgique et au Royaume-Uni",

"contenu": "Paul François vient de remporter un bras de fer contre <a href='http://www.agro-media.fr/actualite/les-ogm-de-nouveau-au-coeur-de-la-polemique-8250.html'>Monsanto</a>. Depuis des années, cet agriculteur de Charente se bat pour faire reconnaître son intoxication au Lasso, un herbicide pour maïs toxique. Le géant des biotechnologie persiste assure que son produit « n’était pas dangereux&nbsp;» et que «&nbsp;les dommages invoqués n’existent pas&nbsp;».</p><h2>Une condamnation de Monsanto en appel</h2><p>Mais hier, Monsanto a été condamné à la cour d’appel de Lyon. En 2012, le groupe avait été reconnu «&nbsp;responsable&nbsp;» en première instance et condamné à «&nbsp;indemniser entièrement&nbsp;»&nbsp;» le céréalier qui a subi de graves troubles neurologiques par inhalation. Paul François est lui convaincu que la firme américaine connaissait les dangers&nbsp;du Lasso bien avant son interdiction en France en novembre 2007. Cet herbicide&nbsp;avait en effet été jugé dangereux et retiré du marché au Canada dès 1985 et depuis&nbsp;1992 en Belgique et au Royaume-Uni"

}