{
"description": "Article temporaire pour tester la base-de-données.",
"encodage": "utf-8",
"fiche-publiee": "true",
"format": "HTML",
"importance": 1,
"isCopyright": "true",
"lieu-concerne": ["lieu-2015-12-06-16-10-48-86966174926","lieu-2015-12-06-16-12-48-86966182107"],
"mise-a-jour": "2016-05-09-16-43-47",
"moment-de-creation": "2015-01-25-02-34-25",
"moment-de-modification": "2016-02-18-14-31-41",
"nom": "Article09",
"nom-machine": "page-2016-11-30-17-10-51-85330296251",
"personne-concernee": ["pers-2016-03-25-06-59-43-87534214988","pers-2016-04-04-18-45-44-87588596696"],
"site-de-diffusion": ["terme-2015-12-06-16-23-47-86966221646"],
"source-defectueuse": "false",
"source-URL": "http://www.leclaireurprogres.ca/actualites/economie/2016/9/23/importation-de-sirop-derable-malgre-un-record-de-production.html",
"sous-type": "test",
"sujet": ["terme-2015-12-06-16-24-22-86966223762"]
"type-de-ressource": ["terme-2015-12-06-16-27-21-86966234485"],

"_id": "lead-2016-11-30-17-10-51-85330296251",
"path": "/fr/detail/page-2016-11-30-17-10-51-85330296251",
"tip": "Tooltip du hyperlien dont le href est dans path",
"title": "PhD Admin - Importation de sirop d’érable malgré un record de production",
"titre": "Importation de sirop d’érable malgré un record de production",
"thumb-beside": "content",
"thumb-float": "left",
"thumb-tip": "Environ le quart du sirop d’érable conçu en 2016 était certifié biologique.",
"thumb-src": "http://www.leclaireurprogres.ca/content/dam/tc/leclaireur-progres/images/2016/6/1/sirop-conserve-fpaq.jpg.imgtransform/ELRH/image.jpg",
"ressource": "page-2016-11-30-17-10-51-85330296251",
"provenance": "http://www.leclaireurprogres.ca/actualites/economie/2016/9/23/importation-de-sirop-derable-malgre-un-record-de-production.html",
"pertinence": 6,

"apercu": "Même si la dernière saison acéricole a été exceptionnelle, les acheteurs canadiens devront importer jusqu’à six millions de livres de sirop biologique des États-Unis afin de répondre à la forte demande des consommateurs pour ce produit spécialisé.",

"contenu": "Même si la dernière saison acéricole a été exceptionnelle, les acheteurs canadiens devront importer jusqu’à six millions de livres de sirop biologique des États-Unis afin de répondre à la forte demande des consommateurs pour ce produit spécialisé."

}