{
"description": "Article temporaire pour tester la base-de-données.",
"ajouter-aux-favoris": "false",
"analyser-avec-open-calais": "true",
"domaine": "http://www.irda.qc.ca",
"encodage": "iso-8859-1",
"fiche-a-completer": "true",
"fiche-publiee": "false",
"format": "HTML",
"identifiant-drupal": ["471611"],
"importance": "0",
"isCopyright": "false",
"lieu-concerne": ["lieu-2015-12-06-16-12-59-86966182750"],
"mise-a-jour": "2016-05-09-16-43-59",
"mm-dans-Dspace": "false",
"mm-dans-JournalSeek": "false",
"mm-dans-JournalTOC": "false",
"mm-parcourir": "true",
"mm-premiere-version": "true",
"mm-source-doublon": "false",
"mm-source-noindex": "false",
"moment-de-creation": "2016-03-25-07-05-46",
"moment-de-modification": "2016-03-25-07-05-46",
"niveau": "2",
"nom": "Institut de recherche et de d&#233;veloppement en agroenvironnement inc.",
"nom-machine": ["page-2016-12-01-09-07-32-85330322477"],
"parent": "A-determiner",
"sigle": "IRDA",
"site-de-diffusion": ["terme-2015-12-06-16-23-47-86966221646"],
"source-defectueuse": "false",
"source-URL": "http://www.irda.qc.ca/fr/",
"sous-type": "page",
"sujet": ["terme-2015-12-06-16-24-22-86966223762","terme-2015-12-06-16-24-22-86966223774","terme-2015-12-06-16-24-24-86966223891","terme-2015-12-06-16-24-27-86966224067","terme-2015-12-06-16-25-04-86966226256","terme-2015-12-06-16-25-06-86966226365","terme-2015-12-06-16-25-13-86966226811","terme-2015-12-06-16-25-14-86966226865","terme-2015-12-06-16-25-16-86966226992","terme-2015-12-06-16-25-17-86966227062","terme-2015-12-06-16-25-28-86966227713","terme-2015-12-06-16-25-32-86966227978","terme-2015-12-06-16-25-35-86966228141","terme-2015-12-06-16-25-41-86966228503","terme-2015-12-06-16-25-41-86966228509"],
"synonyme": "Institut de recherche et de d&#233;veloppement en agroenvironnement inc.",
"type": "ressources",
"type-de-ressource": ["terme-2015-12-06-16-27-18-86966234307","terme-2015-12-06-16-27-21-86966234482","terme-2015-12-06-16-27-21-86966234485"],

"_id": "lead-2016-12-01-09-07-32-85330322477",
"path": "/fr/detail/page-2016-12-01-09-07-32-85330322477",
"tip": "Tooltip du hyperlien dont le href est dans path",
"title": "PhD Admin - Article interne - Identifier des indicateurs biologiques de la santé des sols par l'analyse métagénomique de sols cultivés en grandes cultures sous diverses régies",
"titre": "Identifier des indicateurs biologiques de la santé des sols",
"soustitre": "par l'analyse métagénomique de sols cultivés en grandes cultures sous diverses régies",
"thumb-beside": "content",
"thumb-float": "left",
"thumb-tip": "Projet patate genôme",
"thumb-src": "https://www.irda.qc.ca/assets/documents/Projet/images/projet-patate-genome.jpg",
"ressource": "page-2016-12-01-09-07-32-85330322477",
"provenance": "https://www.irda.qc.ca/fr/projets/identifier-des-indicateurs-biologiques-de-la-sante-des-sols-par-l-analyse-metagenomique-de-sols-cultives-en-grandes-cultures-sous-diverses-regies/",
"pertinence": "3",

"apercu": "Les principaux paramètres utilisés pour déterminer la santé des sols et la durabilité des agroécosystèmes sont agronomiques, environnementaux, physico-chimiques et biologiques. Les paramètres biologiques actuellement utilisés sont toutefois trop peu discriminants. Les récents progrès des techniques d’analyses biologiques et génomiques rendent abordable la caractérisation structurale et fonctionnelle...",

"contenu": "<strong>Descriptions:</strong><p>Les principaux paramètres utilisés pour déterminer la santé des sols et la durabilité des agroécosystèmes sont agronomiques, environnementaux, physico-chimiques et biologiques. Les paramètres biologiques actuellement utilisés sont toutefois trop peu discriminants. Les récents progrès des techniques d’analyses biologiques et génomiques rendent abordable la caractérisation structurale et fonctionnelle détaillée de plusieurs communautés biologiques qui jouent des rôles essentiels à la santé des sols et à la durabilité des agroécosystèmes. Le projet propose d’identifier et d’intégrer des indicateurs biologiques aux outils d’aide à la décision adoptés par les filières agricoles pour soutenir les producteurs et les organismes réglementaires en agroenvironnement désireux de conserver la santé et la productivité des sols et de les cultiver selon des systèmes de production durable. Ce projet constitue une innovation majeure dans l’amélioration de nos connaissances sur les facteurs perturbateurs des régies et des pratiques agricoles dans les sols de grandes cultures cultivés au Québec.</p><p><strong>Objectifs:</strong></p><p>Le projet cible deux objectifs principaux : <br><br>Objectif 1) Réaliser la caractérisation structurale et fonctionnelle détaillée des communautés biologiques (bactéries, champignons, mycorhizes et microfaunes) des sols de parcelles longue durée dans trois dispositifs de systèmes de production en grandes cultures qui permettent de comparer les variables liées au type de travail du sol, aux rotations, aux régies de fertilisation et au traitement des résidus de culture. <br><br>Objectif 2) Intégrer des indicateurs biologiques dans les modèles d’aide à la décision basés sur des indicateurs agronomiques, climato-environnementaux et physico-chimiques appliqués aux systèmes de production mis en place pour ces trois dispositifs.</p>"

}