{
"description": "Article temporaire pour tester la base-de-données.",
"ajouter-aux-favoris": "false",
"analyser-avec-open-calais": "true",
"domaine": "http://www.irda.qc.ca",
"encodage": "iso-8859-1",
"fiche-a-completer": "true",
"fiche-publiee": "false",
"format": "HTML",
"identifiant-drupal": ["471611"],
"importance": "0",
"isCopyright": "false",
"lieu-concerne": ["lieu-2015-12-06-16-12-59-86966182750"],
"mise-a-jour": "2016-05-09-16-43-59",
"mm-dans-Dspace": "false",
"mm-dans-JournalSeek": "false",
"mm-dans-JournalTOC": "false",
"mm-parcourir": "true",
"mm-premiere-version": "true",
"mm-source-doublon": "false",
"mm-source-noindex": "false",
"moment-de-creation": "2016-03-25-07-05-46",
"moment-de-modification": "2016-03-25-07-05-46",
"niveau": "2",
"nom": "Institut de recherche et de d&#233;veloppement en agroenvironnement inc.",
"nom-machine": ["page-2016-12-01-07-05-46-87534236811"],
"parent": "A-determiner",
"sigle": "IRDA",
"site-de-diffusion": ["terme-2015-12-06-16-23-47-86966221646"],
"source-defectueuse": "false",
"source-URL": "http://www.irda.qc.ca/fr/",
"sous-type": "page",
"sujet": ["terme-2015-12-06-16-24-22-86966223762","terme-2015-12-06-16-24-22-86966223774","terme-2015-12-06-16-24-24-86966223891","terme-2015-12-06-16-24-27-86966224067","terme-2015-12-06-16-25-04-86966226256","terme-2015-12-06-16-25-06-86966226365","terme-2015-12-06-16-25-13-86966226811","terme-2015-12-06-16-25-14-86966226865","terme-2015-12-06-16-25-16-86966226992","terme-2015-12-06-16-25-17-86966227062","terme-2015-12-06-16-25-28-86966227713","terme-2015-12-06-16-25-32-86966227978","terme-2015-12-06-16-25-35-86966228141","terme-2015-12-06-16-25-41-86966228503","terme-2015-12-06-16-25-41-86966228509"],
"synonyme": "Institut de recherche et de d&#233;veloppement en agroenvironnement inc.",
"type": "ressources",
"type-de-ressource": ["terme-2015-12-06-16-27-18-86966234307","terme-2015-12-06-16-27-21-86966234482","terme-2015-12-06-16-27-21-86966234485"],

"_id": "lead-2016-12-01-07-05-46-87534236811",
"path": "/fr/detail/page-2016-12-01-07-05-46-87534236811",
"tip": "Tooltip du hyperlien dont le href est dans path",
"title": "PhD Admin - L’enracinement",
"titre": "L’enracinement",
"soustitre": "Chroniqueur / Mathieu-Bock-Côté",
"thumb-beside": "content",
"thumb-float": "left",
"thumb-tip": "provenance: lvaquotidien.typepad.com",
"thumb-src": "http://lvaquotidien.typepad.com/.a/6a0134877d9053970c01b7c71a8aaa970b-120wi",
"ressource": "page-2016-12-01-07-05-46-87534236811",
"provenance": "http://lvaquotidien.typepad.com/lvanouvelles/2014/12/lenracinement.html",
"pertinence": "3",

"apercu": "Je me prêterai ici à un petit exercice de sociologie de l’identité québécoise, pour examiner la place qu’y occupe la figure de l’agriculteur. Je noterai d’abord qu’elle est paradoxale. Elle porte avec elle les souvenirs contrastés, souvent douloureux, du Québec d’avant la Révolution tranquille, où se croisent le mythe de la Grande noirceur et celui de la Survivance, ou si on préfère, la Grande noirceur référant à notre aliénation et la Survivance à notre capacité de résistance collective.",

"contenu": "Je me prêterai ici à un petit exercice de sociologie de l’identité québécoise, pour examiner la place qu’y occupe la figure de l’agriculteur. Je noterai d’abord qu’elle est paradoxale. Elle porte avec elle les souvenirs contrastés, souvent douloureux, du Québec d’avant la Révolution tranquille, où se croisent le mythe de la Grande noirceur et celui de la Survivance, ou si on préfère, la Grande noirceur référant à notre aliénation et la Survivance à notre capacité de résistance collective."

}