{
"description": "Article temporaire pour tester la base-de-données.",
"ajouter-aux-favoris": "false",
"analyser-avec-open-calais": "true",
"domaine": "http://www.oecd.org",
"encodage": "iso-8859-1",
"fiche-a-completer": "true",
"fiche-publiee": "false",
"format": "HTML",
"identifiant-drupal": ["452144"],
"importance": "0",
"isCopyright": "false",
"langue-edition": ["terme-2015-12-06-16-10-42-86966174537"],
"lieu-concerne": ["lieu-2015-12-06-16-10-48-86966174889","lieu-2015-12-06-16-15-32-86966191971","lieu-2015-12-06-16-16-08-86966194089","lieu-2015-12-06-16-20-59-86966211590","lieu-2015-12-06-16-22-11-86966215874"],
"mise-a-jour": "2016-05-09-16-43-49",
"mm-dans-Dspace": "false",
"mm-dans-JournalSeek": "false",
"mm-dans-JournalTOC": "false",
"mm-parcourir": "true",
"mm-premiere-version": "true",
"mm-source-doublon": "false",
"mm-source-noindex": "false",
"moment-de-creation": "2016-03-25-06-59-51",
"moment-de-modification": "2016-03-25-06-59-51",
"niveau": "2",
"nom": "Organisation des Nations-Unies pour la Coop&#233;ration et le D&#233;veloppement &#201;conomique",
"nom-machine": ["page-2016-12-01-08-59-22-87534215684"],
"parent": "A-determiner",
"sigle": "OCDE",
"site-de-diffusion": ["terme-2015-12-06-16-23-47-86966221646"],
"source-defectueuse": "false",
"source-URL": "https://data.oecd.org/fr/agrland/bilan-nutritif.htm",
"sous-type": "page",
"sujet": ["terme-2015-12-06-16-24-22-86966223762","terme-2015-12-06-16-24-48-86966225287","terme-2015-12-06-16-24-50-86966225459","terme-2015-12-06-16-25-09-86966226554","terme-2015-12-06-16-25-48-86966228886","terme-2015-12-06-16-26-13-86966230383","terme-2015-12-06-16-26-14-86966230483","terme-2015-12-06-16-26-14-86966230489","terme-2015-12-06-16-26-20-86966230827","terme-2015-12-06-16-26-20-86966230829","terme-2015-12-06-16-26-20-86966230832","terme-2015-12-06-16-26-22-86966230977","terme-2015-12-06-16-26-25-86966231110","terme-2015-12-06-16-26-48-86966232506","terme-2015-12-06-16-27-05-86966233545"],
"synonyme": "Organisation des Nations-Unies pour la Coop&#233;ration et le D&#233;veloppement &#201;conomique",
"type": "ressources",
"type-de-ressource": ["terme-2015-12-06-16-27-20-86966234417","terme-2015-12-06-16-27-21-86966234485"],

"_id": "lead-2016-12-01-08-59-22-87534215684",
"path": "/fr/detail/page-2016-12-01-08-59-22-87534215684",
"tip": "Tooltip du hyperlien dont le href est dans path",
"title": "PhD Admin - Bilan nutritif",
"titre": "Bilan nutritif",
"ressource": "page-2016-12-01-08-59-22-87534215684",
"provenance": "https://data.oecd.org/fr/agrland/bilan-nutritif.htm",
"pertinence": "3",

"apercu": "Le bilan nutritif fournit des informations sur les pressions exercées sur l’environnement. Un déficit d’éléments nutritifs (valeur négative) révèle une diminution de la fertilité des sols. Un excédent d’éléments nutritifs (données positives) indique un risque de pollution des sols, de l’eau et de l’air. Le bilan nutritif correspond à la différence entre les entrées d'éléments nutritifs dans un système agricole (effluents d'élevage et engrais, principalement) et les sorties (absorption par les cultures et les pâturages). Les apports d'éléments nutritifs sont essentiels pour maintenir ou accroître la productivité des cultures et productions fourragères. Toutefois, s'ils dépassent les besoins immédiats des végétaux, il peut y avoir une déperdition qui risque de limiter l'efficience économique de l'utilisation des minéraux ou de causer des dommages à l'environnement sous la forme d'une pollution de l'eau ou de l'air, notamment du fait d'émissions d'ammoniac ou de gaz à effet de serre. Cet indicateur est calculé pour les deux principaux minéraux, à savoir l'azote et le phosphore. Il est exprimé en tonnes et kilogrammes de minéraux par hectare de terres agricoles.",

"contenu": "Le bilan nutritif fournit des informations sur les pressions exercées sur l’environnement. Un déficit d’éléments nutritifs (valeur négative) révèle une diminution de la fertilité des sols. Un excédent d’éléments nutritifs (données positives) indique un risque de pollution des sols, de l’eau et de l’air. Le bilan nutritif correspond à la différence entre les entrées d'éléments nutritifs dans un système agricole (effluents d'élevage et engrais, principalement) et les sorties (absorption par les cultures et les pâturages). Les apports d'éléments nutritifs sont essentiels pour maintenir ou accroître la productivité des cultures et productions fourragères. Toutefois, s'ils dépassent les besoins immédiats des végétaux, il peut y avoir une déperdition qui risque de limiter l'efficience économique de l'utilisation des minéraux ou de causer des dommages à l'environnement sous la forme d'une pollution de l'eau ou de l'air, notamment du fait d'émissions d'ammoniac ou de gaz à effet de serre. Cet indicateur est calculé pour les deux principaux minéraux, à savoir l'azote et le phosphore. Il est exprimé en tonnes et kilogrammes de minéraux par hectare de terres agricoles.",

}