{
"ajouter-aux-favoris": "false",
"analyser-avec-open-calais": "true",
"description": "Revue trimestrielle qui vise &#224; contribuer au d&#233;veloppement des recherches en strat&#233;gie, contr&#244;le et finance des organisations ; faciliter la diffusion des r&#233;sultats obtenus, en particulier ceux des th&#232;ses r&#233;cemment soutenues ; encourager le rapprochement des chercheurs travaillant sur des domaines connexes.<br>Elle privil&#233;gie les articles visant &#224; expliquer et &#224; comprendre le fonctionnement et les d&#233;cisions des organisations, dans ses domaines de recherche. Elle accorde sa pr&#233;f&#233;rence aux articles &#224; contenu empirique fort, que ce soit sous forme de tests, d'&#233;tudes cliniques, ou autres. La revue est &#233;galement ouverte aux synth&#232;ses bibliographiques originales et &#224; des notes de r&#233;flexion critique.",
"encodage": "iso-8859-1",
"fiche-a-completer": "true",
"fiche-publiee": "false",
"format": "HTML",
"identifiant-drupal": ["471767"],
"identifiant-drupal-parent": ["451504"],
"identifiant-issn": "2261-5512",
"importance": "0",
"isCopyright": "false",
"langue-edition": ["terme-2015-12-06-16-10-40-86966174431","terme-2015-12-06-16-10-42-86966174537"],
"lieu-concerne": ["lieu-2015-12-06-16-12-59-86966182750"],
"mise-a-jour": "2016-05-09-16-45-45",
"mm-dans-DOAJ": "false",
"mm-dans-Dspace": "false",
"mm-dans-JournalSeek": "false",
"mm-dans-JournalTOC": "false",
"mm-parcourir": "true",
"mm-premiere-version": "true",
"mm-source-doublon": "false",
"mm-source-noindex": "false",
"moment-de-creation": "2016-03-25-07-05-52",
"moment-de-modification": "2016-03-25-07-05-52",
"niveau": "1",
"nom": "Finance Contr&#244;le Strat&#233;gie",
"nom-machine": ["page-2016-12-02-09-35-41-87534232252"],
"parent": "Aucun",
"periodicite": ["terme-2015-12-06-16-23-28-86966220491","trimestrielle"],
"section": ["terme-2015-12-06-16-23-42-86966221340","terme-2015-12-06-16-23-43-86966221427","terme-2015-12-06-16-23-44-86966221458"],
"site-de-diffusion": ["terme-2015-12-06-16-23-47-86966221646"],
"source-defectueuse": "false",
"source-URL": "http://fcs.revues.org/",
"sous-type": "site",
"sujet": ["terme-2015-12-06-16-24-52-86966225535","terme-2015-12-06-16-24-54-86966225669","terme-2015-12-06-16-24-56-86966225788","terme-2015-12-06-16-24-56-86966225791","terme-2015-12-06-16-25-17-86966227071","terme-2015-12-06-16-25-20-86966227212","terme-2015-12-06-16-25-20-86966227218","terme-2015-12-06-16-25-20-86966227221","terme-2015-12-06-16-25-20-86966227224","terme-2015-12-06-16-25-20-86966227227","terme-2015-12-06-16-25-20-86966227230","terme-2015-12-06-16-25-20-86966227239","terme-2015-12-06-16-25-34-86966228072","terme-2015-12-06-16-25-35-86966228117","terme-2015-12-06-16-25-35-86966228125","terme-2015-12-06-16-25-35-86966228129","terme-2015-12-06-16-25-36-86966228163","terme-2015-12-06-16-25-38-86966228303","terme-2015-12-06-16-25-43-86966228600","terme-2015-12-06-16-25-54-86966229285","terme-2015-12-06-16-25-55-86966229344","terme-2015-12-06-16-25-56-86966229361","terme-2015-12-06-16-25-57-86966229452","terme-2015-12-06-16-25-57-86966229473","terme-2015-12-06-16-26-10-86966230248","terme-2015-12-06-16-26-15-86966230537","terme-2015-12-06-16-26-15-86966230543","terme-2015-12-06-16-27-04-86966233476"],
"synonyme": "Finance Contr&#244;le Strat&#233;gie",
"type": "ressources",
"type-de-contenu": ["terme-2015-12-06-16-27-11-86966233866","terme-2015-12-06-16-27-11-86966233869","terme-2015-12-06-16-27-11-86966233875","terme-2015-12-06-16-27-11-86966233885","terme-2015-12-06-16-27-14-86966234057","terme-2015-12-06-16-27-15-86966234124","terme-2015-12-06-16-27-15-86966234127","terme-2015-12-06-16-27-15-86966234153","terme-2015-12-06-16-27-16-86966234177","terme-2015-12-06-16-27-16-86966234180","terme-2015-12-06-16-27-16-86966234195"],
"type-de-ressource": ["terme-2015-12-06-16-27-19-86966234357","terme-2015-12-06-16-27-21-86966234482"],

"_id": "lead-2016-12-02-09-35-41-87534232252",
"path": "/fr/detail/page-2016-12-02-09-35-41-87534232252",
"tip": "Tooltip du hyperlien dont le href est dans path",
"title": "PhD Admin - Les mécanismes de gouvernance disciplinaires et cognitifs en Equity Crowdfunding : Le cas de la France",
"titre": "Les mécanismes de gouvernance disciplinaires et cognitifs en Equity Crowdfunding : Le cas de la France",
"ressource": "page-2016-12-02-09-35-41-87534232252",
"provenance": "http://fcs.revues.org/1829",
"pertinence": "3",

"apercu": "Le crowdfunding apparaît de plus en plus comme une source alternative de financement. Même s’il ne représente qu’une faible part du financement de l’économie, sa progression est fulgurante. L’originalité de l’Equity-Crowdfunding (ECF) est de permettre à la foule de participer à une aventure entrepreneuriale en devenant actionnaire. Notre question de recherche est relative aux mécanismes de gouvernance actionnés par les plateformes d’ECF pour gérer la relation « foule-porteur de projet », lors des phases de pre et post-investissement. Grâce à une étude qualitative portant sur six plateformes françaises d’ECF, nous mettons en évidence et expliquons le recours à un ensemble de mécanismes de gouvernance cognitifs et disciplinaires.",

"contenu": "Le crowdfunding apparaît de plus en plus comme une source alternative de financement. Même s’il ne représente qu’une faible part du financement de l’économie, sa progression est fulgurante. L’originalité de l’Equity-Crowdfunding (ECF) est de permettre à la foule de participer à une aventure entrepreneuriale en devenant actionnaire. Notre question de recherche est relative aux mécanismes de gouvernance actionnés par les plateformes d’ECF pour gérer la relation « foule-porteur de projet », lors des phases de pre et post-investissement. Grâce à une étude qualitative portant sur six plateformes françaises d’ECF, nous mettons en évidence et expliquons le recours à un ensemble de mécanismes de gouvernance cognitifs et disciplinaires."

}