{
"_id": "terme-2015-12-06-16-27-15-86966234156",
"ajouter-aux-favoris": false,
"breadcrumb": "taxonomies/types-de-contenu/revue/revue-de-presse/",
"description": "Description de Revue de presse",
"fiche-a-completer": true,
"fiche-publiee": true,
"identifiant-drupal": 369487,
"mise-a-jour": "2016-05-09-16-46-42",
"moment-de-creation": "2015-12-06-16-27-15",
"moment-de-modification": "2015-01-04-02-26-19",
"nom": "Revue de presse",
"nom-anglais": ["Press review"],
"nom-espagnol": ["Revista de pprensa"],
"nom-folder": "revue-de-presse",
"nom-francais": ["Revue de presse"],
"nom-italien": ["Rassegna stampa"],
"nom-machine": "terme-2015-12-06-16-27-15-86966234156",
"sous-type": "types-de-contenu",
"type": "taxonomies"
}