{
"_id": "terme-2015-12-06-16-27-12-86966233934",
"ajouter-aux-favoris": false,
"breadcrumb": "taxonomies/types-de-contenu/dictionnaire/dictionnaire-phonetique/",
"description": "dictionnaire phonetique",
"fiche-a-completer": true,
"fiche-publiee": true,
"identifiant-drupal": 369441,
"mise-a-jour": "2016-05-09-16-46-41",
"moment-de-creation": "2015-12-06-16-27-12",
"moment-de-modification": "2015-01-04-02-26-19",
"nom": "Dictionnaire phon&#233;tique",
"nom-anglais": ["Phonetic dictionary"],
"nom-espagnol": ["Diccionario fon&#233;tico"],
"nom-folder": "dictionnaire-phonetique",
"nom-francais": ["Dictionnaire phon&#233;tique"],
"nom-italien": ["Dizionario fonetico"],
"nom-machine": "terme-2015-12-06-16-27-12-86966233934",
"sous-type": "types-de-contenu",
"type": "taxonomies"
}