{
"_id": "terme-2015-12-06-16-27-15-86966234147",
"ajouter-aux-favoris": false,
"breadcrumb": "taxonomies/types-de-contenu/ressources-mixtes/",
"description": "Description de Ressources mixtes",
"fiche-a-completer": true,
"fiche-publiee": true,
"identifiant-drupal": 369483,
"mise-a-jour": "2016-05-09-16-46-42",
"moment-de-creation": "2015-12-06-16-27-15",
"moment-de-modification": "2015-01-04-02-26-19",
"nom": "Ressources mixtes",
"nom-anglais": ["Mixed resources"],
"nom-espagnol": ["Recursos mixtos"],
"nom-folder": "ressources-mixtes",
"nom-francais": ["Ressources mixtes"],
"nom-italien": ["Risorse miste"],
"nom-machine": "terme-2015-12-06-16-27-15-86966234147",
"sous-type": "types-de-contenu",
"type": "taxonomies"
}