{
"_id": "terme-2016-02-05-23-50-39-87284054357",
"ajouter-aux-favoris": false,
"breadcrumb": "taxonomies/types-de-contenu/Chapitre-de-livre/",
"description": "Description de Chapitre de livre",
"fiche-a-completer": true,
"fiche-publiee": true,
"mise-a-jour": "2016-05-09-16-46-42",
"moment-de-creation": "2016-02-05-23-50-39",
"moment-de-modification": "2016-02-05-23-55-26",
"nom": "Chapitre de livre",
"nom-anglais": ["Book chapter"],
"nom-arabe": ["(&#1603;&#1578;&#1576;) &#1576;&#1575;&#1576;"],
"nom-espagnol": ["Cap&#237;tulo de&#160;libro"],
"nom-folder": "chapitre-de-livre",
"nom-francais": ["Chapitre de livre"],
"nom-italien": ["Capitolo di libro"],
"nom-machine": "terme-2016-02-05-23-50-39-87284054357",
"sous-type": "types-de-contenu",
"type": "taxonomies"
}