{
"_id": "terme-2015-12-06-16-27-13-86966234014",
"ajouter-aux-favoris": false,
"breadcrumb": "taxonomies/types-de-contenu/grammaire/",
"description": "Description de Grammaire",
"fiche-a-completer": true,
"fiche-publiee": true,
"identifiant-drupal": 380433,
"mise-a-jour": "2016-05-09-16-46-42",
"moment-de-creation": "2015-12-06-16-27-13",
"moment-de-modification": "2015-01-04-02-26-19",
"nom": "Grammaire",
"nom-anglais": ["Grammar"],
"nom-espagnol": ["Gram&#225;tica"],
"nom-folder": "grammaire",
"nom-francais": ["Grammaire"],
"nom-italien": ["Grammatica"],
"nom-machine": "terme-2015-12-06-16-27-13-86966234014",
"sous-type": "types-de-contenu",
"type": "taxonomies"
}