{
"_id": "terme-2015-12-06-16-27-16-86966234180",
"ajouter-aux-favoris": false,
"breadcrumb": "taxonomies/types-de-contenu/temoignage/",
"description": "Description de T&#233;moignage",
"fiche-a-completer": true,
"fiche-publiee": true,
"identifiant-drupal": 369498,
"mise-a-jour": "2016-05-09-16-46-42",
"moment-de-creation": "2015-12-06-16-27-16",
"moment-de-modification": "2015-01-04-02-26-19",
"nom": "T&#233;moignage",
"nom-anglais": ["Testimony"],
"nom-espagnol": ["Testimonio"],
"nom-folder": "temoignage",
"nom-francais": ["T&#233;moignage"],
"nom-italien": ["Testimonianza"],
"nom-machine": "terme-2015-12-06-16-27-16-86966234180",
"sous-type": "types-de-contenu",
"type": "taxonomies"
}