{
"_id": "terme-2015-12-06-16-27-12-86966233931",
"ajouter-aux-favoris": false,
"breadcrumb": "taxonomies/types-de-contenu/dictionnaire/dictionnaire-illustre/",
"description": "dictionnaire illustre",
"fiche-a-completer": true,
"fiche-publiee": true,
"identifiant-drupal": 369440,
"mise-a-jour": "2016-05-09-16-46-41",
"moment-de-creation": "2015-12-06-16-27-12",
"moment-de-modification": "2015-01-04-02-26-19",
"nom": "Dictionnaire illustr&#233;",
"nom-anglais": ["Illustrated dictionary"],
"nom-espagnol": ["Diccionario ilustrado"],
"nom-folder": "dictionnaire-illustre",
"nom-francais": ["Dictionnaire illustr&#233;"],
"nom-italien": ["Dizionario illustrato"],
"nom-machine": "terme-2015-12-06-16-27-12-86966233931",
"sous-type": "types-de-contenu",
"type": "taxonomies"
}