{
"_id": "terme-2015-12-06-16-27-15-86966234141",
"ajouter-aux-favoris": false,
"breadcrumb": "taxonomies/types-de-contenu/recit/",
"description": "Description de R&#233;cit",
"fiche-a-completer": true,
"fiche-publiee": true,
"identifiant-drupal": 369480,
"mise-a-jour": "2016-05-09-16-46-42",
"moment-de-creation": "2015-12-06-16-27-15",
"moment-de-modification": "2015-01-04-02-26-19",
"nom": "R&#233;cit",
"nom-anglais": ["Narrative"],
"nom-arabe": ["&#1602;&#1589;&#1577;"],
"nom-espagnol": ["Narrativa"],
"nom-folder": "recit",
"nom-francais": ["R&#233;cit"],
"nom-italien": ["Narrativa"],
"nom-machine": "terme-2015-12-06-16-27-15-86966234141",
"sous-type": "types-de-contenu",
"type": "taxonomies"
}