{
"_id": "terme-2015-12-06-16-27-13-86966233994",
"ajouter-aux-favoris": false,
"breadcrumb": "taxonomies/types-de-contenu/evenement/soutenance-de-these/",
"description": "Description de Soutenance de th&#232;se",
"fiche-a-completer": true,
"fiche-publiee": true,
"identifiant-drupal": 382106,
"mise-a-jour": "2016-05-09-16-46-41",
"moment-de-creation": "2015-12-06-16-27-13",
"moment-de-modification": "2015-01-04-02-26-19",
"nom": "Soutenance de th&#232;se",
"nom-anglais": ["Thesis defense"],
"nom-espagnol": ["Defensa de t&#233;sis"],
"nom-folder": "soutenance-de-these",
"nom-francais": ["Soutenance de th&#232;se"],
"nom-italien": ["Discussione della tesi di laurea"],
"nom-machine": "terme-2015-12-06-16-27-13-86966233994",
"sous-type": "types-de-contenu",
"type": "taxonomies"
}