{
"_id": "terme-2015-12-06-16-27-11-86966233910",
"ajouter-aux-favoris": false,
"breadcrumb": "taxonomies/types-de-contenu/biographique/biographie/",
"description": "Description de Biographie",
"fiche-a-completer": true,
"fiche-publiee": true,
"identifiant-drupal": 369430,
"mise-a-jour": "2016-05-09-16-46-41",
"moment-de-creation": "2015-12-06-16-27-11",
"moment-de-modification": "2015-01-04-02-26-19",
"nom": "Biographie",
"nom-anglais": ["Biography"],
"nom-espagnol": ["Biograf&#237;a"],
"nom-folder": "biographie",
"nom-francais": ["Biographie"],
"nom-italien": ["Biografia"],
"nom-machine": "terme-2015-12-06-16-27-11-86966233910",
"sous-type": "types-de-contenu",
"type": "taxonomies"
}