{
"_id": "terme-2015-12-06-16-27-13-86966234024",
"ajouter-aux-favoris": false,
"breadcrumb": "taxonomies/types-de-contenu/litteraire/",
"description": "Description de Litt&#233;raire",
"enfants": ["terme-2015-12-06-16-27-13-86966234027","terme-2015-12-06-16-27-13-86966234029","terme-2015-12-06-16-27-13-86966234032","terme-2015-12-06-16-27-13-86966234035"],
"fiche-a-completer": true,
"fiche-publiee": true,
"identifiant-drupal": 380944,
"mise-a-jour": "2016-05-09-16-46-42",
"moment-de-creation": "2015-12-06-16-27-13",
"moment-de-modification": "2015-01-04-02-26-19",
"nom": "Litt&#233;raire",
"nom-anglais": ["Literary"],
"nom-espagnol": ["Literario"],
"nom-folder": "litteraire",
"nom-francais": ["Litt&#233;raire"],
"nom-italien": ["Letterario"],
"nom-machine": "terme-2015-12-06-16-27-13-86966234024",
"sous-type": "types-de-contenu",
"type": "taxonomies"
}