{
"_id": "terme-2015-12-06-16-27-11-86966233881",
"ajouter-aux-favoris": false,
"breadcrumb": "taxonomies/types-de-contenu/article/article-de-presse-reportage/",
"description": "Description de Article de presse reportage",
"fiche-a-completer": true,
"fiche-publiee": true,
"identifiant-drupal": 369421,
"mise-a-jour": "2016-05-09-16-46-41",
"moment-de-creation": "2015-12-06-16-27-11",
"moment-de-modification": "2015-01-04-02-26-19",
"nom": "Article de presse reportage",
"nom-anglais": ["News article, news reporting"],
"nom-espagnol": ["Art&#237;culo de prensa reportaje"],
"nom-folder": "article-de-presse-reportage",
"nom-francais": ["Article de presse reportage"],
"nom-italien": ["Articolo di stampa reportage"],
"nom-machine": "terme-2015-12-06-16-27-11-86966233881",
"sous-type": "types-de-contenu",
"type": "taxonomies"
}