{
"_id": "terme-2015-12-06-16-27-15-86966234112",
"ajouter-aux-favoris": false,
"breadcrumb": "taxonomies/types-de-contenu/publication/memoire/",
"description": "Description de Memoire",
"fiche-a-completer": true,
"fiche-publiee": true,
"identifiant-drupal": 369459,
"mise-a-jour": "2016-05-09-16-46-42",
"moment-de-creation": "2015-12-06-16-27-15",
"moment-de-modification": "2015-01-04-02-26-19",
"nom": "Memoire",
"nom-anglais": ["Memoir"],
"nom-espagnol": ["Tesina"],
"nom-folder": "memoire",
"nom-francais": ["Memoire"],
"nom-italien": ["Tesi magistrale"],
"nom-machine": "terme-2015-12-06-16-27-15-86966234112",
"sous-type": "types-de-contenu",
"type": "taxonomies"
}