{
"_id": "terme-2015-12-06-16-27-16-86966234186",
"ajouter-aux-favoris": false,
"breadcrumb": "taxonomies/types-de-contenu/textes/compte-rendu/",
"description": "Description de Compte rendu",
"fiche-a-completer": true,
"fiche-publiee": true,
"identifiant-drupal": 369436,
"mise-a-jour": "2016-05-09-16-46-42",
"moment-de-creation": "2015-12-06-16-27-16",
"moment-de-modification": "2015-01-04-02-26-19",
"nom": "Compte rendu",
"nom-anglais": ["Report"],
"nom-espagnol": ["Informe"],
"nom-folder": "compte-rendu",
"nom-francais": ["Compte rendu"],
"nom-italien": ["Rendiconto"],
"nom-machine": "terme-2015-12-06-16-27-16-86966234186",
"sous-type": "types-de-contenu",
"type": "taxonomies"
}