{
"_id": "terme-2015-12-06-16-27-11-86966233885",
"ajouter-aux-favoris": false,
"breadcrumb": "taxonomies/types-de-contenu/article/article-de-recherche/",
"description": "Description de Article de recherche",
"fiche-a-completer": true,
"fiche-publiee": true,
"identifiant-drupal": 369422,
"mise-a-jour": "2016-05-09-16-46-41",
"moment-de-creation": "2015-12-06-16-27-11",
"moment-de-modification": "2015-01-04-02-26-19",
"nom": "Article de recherche",
"nom-anglais": ["Research article"],
"nom-espagnol": ["Art&#237;culo de investigaci&#243;n (shys)"],
"nom-folder": "article-de-recherche",
"nom-francais": ["Article de recherche"],
"nom-italien": ["Articolo d&#8217;investigazione"],
"nom-machine": "terme-2015-12-06-16-27-11-86966233885",
"sous-type": "types-de-contenu",
"type": "taxonomies"
}