{
"_id": "terme-2015-12-06-16-27-13-86966234006",
"ajouter-aux-favoris": false,
"breadcrumb": "taxonomies/types-de-contenu/fait/",
"description": "Description de Fait",
"fiche-a-completer": true,
"fiche-publiee": true,
"identifiant-drupal": 369449,
"mise-a-jour": "2016-05-09-16-46-42",
"moment-de-creation": "2015-12-06-16-27-13",
"moment-de-modification": "2015-01-04-02-26-19",
"nom": "Fait",
"nom-anglais": ["Fact"],
"nom-espagnol": ["Hecho"],
"nom-folder": "fait",
"nom-francais": ["Fait"],
"nom-italien": ["Fatto"],
"nom-machine": "terme-2015-12-06-16-27-13-86966234006",
"sous-type": "types-de-contenu",
"type": "taxonomies"
}