{
"_id": "terme-2015-12-06-16-27-11-86966233904",
"ajouter-aux-favoris": false,
"breadcrumb": "taxonomies/types-de-contenu/biographique/",
"description": "Description de Biographique",
"enfants": ["terme-2015-12-06-16-27-11-86966233907","terme-2015-12-06-16-27-11-86966233910"],
"fiche-a-completer": true,
"fiche-publiee": true,
"identifiant-drupal": 369429,
"mise-a-jour": "2016-05-09-16-46-41",
"moment-de-creation": "2015-12-06-16-27-11",
"moment-de-modification": "2015-01-04-02-26-19",
"nom": "Biographique",
"nom-anglais": ["Biographical"],
"nom-espagnol": ["Biogr&#225;fico"],
"nom-folder": "biographique",
"nom-francais": ["Biographique"],
"nom-italien": ["Biografico"],
"nom-machine": "terme-2015-12-06-16-27-11-86966233904",
"sous-type": "types-de-contenu",
"type": "taxonomies"
}