{
"_id": "terme-2015-12-06-16-27-15-86966234109",
"ajouter-aux-favoris": false,
"breadcrumb": "taxonomies/types-de-contenu/publication/graphique/",
"description": "Description de Graphique",
"fiche-a-completer": true,
"fiche-publiee": true,
"identifiant-drupal": 379175,
"mise-a-jour": "2016-05-09-16-46-42",
"moment-de-creation": "2015-12-06-16-27-15",
"moment-de-modification": "2015-01-04-02-26-19",
"nom": "Graphique",
"nom-anglais": ["Graph"],
"nom-espagnol": ["Grafo"],
"nom-folder": "graphique",
"nom-francais": ["Graphique"],
"nom-italien": ["Grafico"],
"nom-machine": "terme-2015-12-06-16-27-15-86966234109",
"sous-type": "types-de-contenu",
"type": "taxonomies"
}