{
"_id": "terme-2015-12-06-16-27-12-86966233940",
"ajouter-aux-favoris": false,
"breadcrumb": "taxonomies/types-de-contenu/divertissement/",
"description": "Description de Divertissement",
"fiche-a-completer": true,
"fiche-publiee": true,
"identifiant-drupal": 369443,
"mise-a-jour": "2016-05-09-16-46-41",
"moment-de-creation": "2015-12-06-16-27-12",
"moment-de-modification": "2015-01-04-02-26-19",
"nom": "Divertissement",
"nom-anglais": ["Entertainment"],
"nom-espagnol": ["Entretenimiento"],
"nom-folder": "divertissement",
"nom-francais": ["Divertissement"],
"nom-italien": ["Intrattenimento"],
"nom-machine": "terme-2015-12-06-16-27-12-86966233940",
"sous-type": "types-de-contenu",
"type": "taxonomies"
}