{
"_id": "terme-2015-12-06-16-27-11-86966233869",
"ajouter-aux-favoris": false,
"breadcrumb": "taxonomies/types-de-contenu/analyse/recueil-d'analyses/",
"description": "Description de Recueil d'analyses",
"fiche-a-completer": true,
"fiche-publiee": true,
"identifiant-drupal": 369417,
"mise-a-jour": "2016-05-09-16-46-41",
"moment-de-creation": "2015-12-06-16-27-11",
"moment-de-modification": "2015-01-04-02-26-19",
"nom": "Recueil d'analyses",
"nom-anglais": ["Analysis digest"],
"nom-espagnol": ["Compendio de analisis"],
"nom-folder": "recueil-d'analyses",
"nom-francais": ["Recueil d'analyses"],
"nom-italien": ["Collezione d&#8217;analisi"],
"nom-machine": "terme-2015-12-06-16-27-11-86966233869",
"sous-type": "types-de-contenu",
"type": "taxonomies"
}