{
"_id": "terme-2015-12-06-16-27-14-86966234092",
"ajouter-aux-favoris": false,
"breadcrumb": "taxonomies/types-de-contenu/publication/carte/",
"description": "Description de Carte",
"fiche-a-completer": true,
"fiche-publiee": true,
"identifiant-drupal": 379174,
"mise-a-jour": "2016-05-09-16-46-42",
"moment-de-creation": "2015-12-06-16-27-14",
"moment-de-modification": "2015-01-04-02-26-19",
"nom": "Carte",
"nom-anglais": ["Map"],
"nom-espagnol": ["Mapa"],
"nom-folder": "carte",
"nom-francais": ["Carte"],
"nom-italien": ["Carta"],
"nom-machine": "terme-2015-12-06-16-27-14-86966234092",
"sous-type": "types-de-contenu",
"type": "taxonomies"
}