{
"_id": "terme-2015-12-06-16-27-12-86966233943",
"ajouter-aux-favoris": false,
"breadcrumb": "taxonomies/types-de-contenu/encyclopedie/",
"description": "Description de Encyclop&#233;die",
"fiche-a-completer": true,
"fiche-publiee": true,
"identifiant-drupal": 369446,
"mise-a-jour": "2016-05-09-16-46-41",
"moment-de-creation": "2015-12-06-16-27-12",
"moment-de-modification": "2015-01-04-02-26-19",
"nom": "Encyclop&#233;die",
"nom-anglais": ["Encyclopedia"],
"nom-arabe": ["&#1605;&#1608;&#1587;&#1608;&#1593;&#1577;"],
"nom-espagnol": ["Enciclopedia"],
"nom-folder": "encyclopedie",
"nom-francais": ["Encyclop&#233;die"],
"nom-italien": ["Enciclopedia"],
"nom-machine": "terme-2015-12-06-16-27-12-86966233943",
"nom-russe": ["&#1069;&#1085;&#1094;&#1080;&#1082;&#1083;&#1086;&#1087;&#1077;&#1076;&#1080;&#1103;"],
"sous-type": "types-de-contenu",
"type": "taxonomies"
}