{
"_id": "terme-2015-12-06-16-27-16-86966234189",
"ajouter-aux-favoris": false,
"breadcrumb": "taxonomies/types-de-contenu/textes/critique/",
"description": "Description de Critique",
"fiche-a-completer": true,
"fiche-publiee": true,
"identifiant-drupal": 369438,
"mise-a-jour": "2016-05-09-16-46-42",
"moment-de-creation": "2015-12-06-16-27-16",
"moment-de-modification": "2015-01-04-02-26-19",
"nom": "Critique",
"nom-anglais": ["Criticism"],
"nom-espagnol": ["Cr&#237;tica"],
"nom-folder": "critique",
"nom-francais": ["Critique"],
"nom-italien": ["Critica"],
"nom-machine": "terme-2015-12-06-16-27-16-86966234189",
"sous-type": "types-de-contenu",
"type": "taxonomies"
}