{
"_id": "terme-2015-12-06-16-27-14-86966234066",
"ajouter-aux-favoris": false,
"breadcrumb": "taxonomies/types-de-contenu/multimedia/radio-television-(broadcasters)/",
"description": "radio t&#233;l&#233;vision (broadcasters)",
"fiche-a-completer": true,
"fiche-publiee": true,
"identifiant-drupal": 369478,
"mise-a-jour": "2016-05-09-16-46-42",
"moment-de-creation": "2015-12-06-16-27-14",
"moment-de-modification": "2015-01-04-02-26-19",
"nom": "Radiodiffusion",
"nom-anglais": ["Brodcaster"],
"nom-arabe": ["&#1573;&#1584;&#1575;&#1593;&#1577;"],
"nom-espagnol": ["Radiodifusi&#243;n"],
"nom-folder": "radio-television-(broadcasters)",
"nom-francais": ["Radiodiffusion"],
"nom-italien": ["Diffusione radiotelevisiva"],
"nom-machine": "terme-2015-12-06-16-27-14-86966234066",
"sous-type": "types-de-contenu",
"type": "taxonomies"
}