{
"_id": "terme-2015-12-06-16-27-11-86966233916",
"ajouter-aux-favoris": false,
"breadcrumb": "taxonomies/types-de-contenu/catalogue/",
"description": "Description de Catalogue",
"enfants": ["terme-2015-12-06-16-27-11-86966233919","terme-2015-12-06-16-27-12-86966233922","terme-2015-12-06-16-27-12-86966233925"],
"fiche-a-completer": true,
"fiche-publiee": true,
"identifiant-drupal": 369432,
"mise-a-jour": "2016-05-09-16-46-41",
"moment-de-creation": "2015-12-06-16-27-11",
"moment-de-modification": "2015-01-04-02-26-19",
"nom": "Catalogue",
"nom-anglais": ["Catalog"],
"nom-espagnol": ["Cat&#225;logo de biblioteca"],
"nom-folder": "catalogue",
"nom-francais": ["Catalogue"],
"nom-italien": ["Catalogo"],
"nom-machine": "terme-2015-12-06-16-27-11-86966233916",
"sous-type": "types-de-contenu",
"type": "taxonomies"
}