{
"_id": "terme-2015-12-06-16-27-11-86966233890",
"ajouter-aux-favoris": false,
"breadcrumb": "taxonomies/types-de-contenu/atlas/",
"description": "Description de Atlas",
"fiche-a-completer": true,
"fiche-publiee": true,
"identifiant-drupal": 369424,
"mise-a-jour": "2016-05-09-16-46-41",
"moment-de-creation": "2015-12-06-16-27-11",
"moment-de-modification": "2015-01-04-02-26-19",
"nom": "Atlas",
"nom-anglais": ["Atlas"],
"nom-espagnol": ["Atlas"],
"nom-folder": "atlas",
"nom-francais": ["Atlas"],
"nom-italien": ["Atlante"],
"nom-machine": "terme-2015-12-06-16-27-11-86966233890",
"sous-type": "types-de-contenu",
"type": "taxonomies"
}