{
"_id": "terme-2015-12-06-16-27-16-86966234197",
"ajouter-aux-favoris": false,
"breadcrumb": "taxonomies/types-de-contenu/textes/table-des-matieres/",
"description": "Description de Table des matieres",
"fiche-a-completer": true,
"fiche-publiee": true,
"identifiant-drupal": 369496,
"mise-a-jour": "2016-05-09-16-46-42",
"moment-de-creation": "2015-12-06-16-27-16",
"moment-de-modification": "2015-01-04-02-26-19",
"nom": "Table des matieres",
"nom-anglais": ["Table of contents"],
"nom-arabe": ["&#1601;&#1607;&#1585;&#1587;"],
"nom-espagnol": ["Tabla de contenido"],
"nom-folder": "table-des-matieres",
"nom-francais": ["Table des matieres"],
"nom-italien": ["Indice"],
"nom-machine": "terme-2015-12-06-16-27-16-86966234197",
"sous-type": "types-de-contenu",
"type": "taxonomies"
}