{
"_id": "terme-2015-12-06-16-27-12-86966233972",
"ajouter-aux-favoris": false,
"breadcrumb": "taxonomies/types-de-contenu/evenement/formation/",
"description": "Description de Formation",
"fiche-a-completer": true,
"fiche-publiee": true,
"identifiant-drupal": 378180,
"mise-a-jour": "2016-05-09-16-46-41",
"moment-de-creation": "2015-12-06-16-27-12",
"moment-de-modification": "2015-01-04-02-26-19",
"nom": "Formation",
"nom-anglais": ["Training"],
"nom-espagnol": ["Formaci&#243;n"],
"nom-folder": "formation",
"nom-francais": ["Formation"],
"nom-italien": ["Formazione"],
"nom-machine": "terme-2015-12-06-16-27-12-86966233972",
"sous-type": "types-de-contenu",
"type": "taxonomies"
}