{
"_id": "terme-2015-12-06-16-27-13-86966234029",
"ajouter-aux-favoris": false,
"breadcrumb": "taxonomies/types-de-contenu/litteraire/nouvelle/",
"description": "Description de Nouvelle",
"fiche-a-completer": true,
"fiche-publiee": true,
"identifiant-drupal": 369465,
"mise-a-jour": "2016-05-09-16-46-42",
"moment-de-creation": "2015-12-06-16-27-13",
"moment-de-modification": "2015-01-04-02-26-19",
"nom": "Nouvelle",
"nom-anglais": ["Short story"],
"nom-arabe": ["&#1602;&#1589;&#1577; &#1602;&#1589;&#1610;&#1585;&#1577;"],
"nom-espagnol": ["Cuento"],
"nom-folder": "nouvelle",
"nom-francais": ["Nouvelle"],
"nom-italien": ["Racconto"],
"nom-machine": "terme-2015-12-06-16-27-13-86966234029",
"sous-type": "types-de-contenu",
"type": "taxonomies"
}