{
"_id": "terme-2015-12-06-16-27-15-86966234107",
"ajouter-aux-favoris": false,
"breadcrumb": "taxonomies/types-de-contenu/publication/etude-livre-blanc/",
"description": "Description de Etude-livre-blanc",
"fiche-a-completer": true,
"fiche-publiee": true,
"identifiant-drupal": 378964,
"mise-a-jour": "2016-05-09-16-46-42",
"moment-de-creation": "2015-12-06-16-27-15",
"moment-de-modification": "2015-01-04-02-26-19",
"nom": "Etude-livre-blanc",
"nom-anglais": ["White paper"],
"nom-arabe": ["&#1608;&#1585;&#1602;&#1577; &#1576;&#1610;&#1590;&#1575;&#1569;"],
"nom-espagnol": ["Libro blanco"],
"nom-folder": "etude-livre-blanc",
"nom-francais": ["Etude-livre-blanc"],
"nom-italien": ["Libro bianco"],
"nom-machine": "terme-2015-12-06-16-27-15-86966234107",
"nom-russe": ["&#1041;&#1077;&#1083;&#1072;&#1103; &#1082;&#1085;&#1080;&#1075;&#1072;"],
"sous-type": "types-de-contenu",
"type": "taxonomies"
}