{
"_id": "terme-2015-12-06-16-27-14-86966234074",
"ajouter-aux-favoris": false,
"breadcrumb": "taxonomies/types-de-contenu/offre-d'emploi/",
"description": "Description de Offre d'emploi",
"fiche-a-completer": true,
"fiche-publiee": true,
"identifiant-drupal": 369466,
"mise-a-jour": "2016-05-09-16-46-42",
"moment-de-creation": "2015-12-06-16-27-14",
"moment-de-modification": "2015-01-04-02-26-19",
"nom": "Offre d'emploi",
"nom-anglais": ["Job offering"],
"nom-espagnol": ["Oferta de empleo"],
"nom-folder": "offre-d'emploi",
"nom-francais": ["Offre d'emploi"],
"nom-italien": ["Offerta di lavoro"],
"nom-machine": "terme-2015-12-06-16-27-14-86966234074",
"sous-type": "types-de-contenu",
"type": "taxonomies"
}