{
"_id": "terme-2015-12-06-16-27-15-86966234138",
"ajouter-aux-favoris": false,
"breadcrumb": "taxonomies/types-de-contenu/recherche/",
"description": "Description de Recherche",
"fiche-a-completer": true,
"fiche-publiee": true,
"identifiant-drupal": 369479,
"mise-a-jour": "2016-05-09-16-46-42",
"moment-de-creation": "2015-12-06-16-27-15",
"moment-de-modification": "2015-01-04-02-26-19",
"nom": "Recherche",
"nom-anglais": ["Research"],
"nom-arabe": ["&#1576;&#1581;&#1579; &#1593;&#1604;&#1605;&#1610;"],
"nom-espagnol": ["Investigaci&#243;n"],
"nom-folder": "recherche",
"nom-francais": ["Recherche"],
"nom-italien": ["Ricerca scientifica"],
"nom-machine": "terme-2015-12-06-16-27-15-86966234138",
"sous-type": "types-de-contenu",
"type": "taxonomies"
}