{
"_id": "terme-2015-12-06-16-27-16-86966234168",
"ajouter-aux-favoris": false,
"breadcrumb": "taxonomies/types-de-contenu/schema/",
"description": "Description de Sch&#233;ma",
"enfants": ["terme-2015-12-06-16-27-16-86966234171"],
"fiche-a-completer": true,
"fiche-publiee": true,
"identifiant-drupal": 369492,
"mise-a-jour": "2016-05-09-16-46-42",
"moment-de-creation": "2015-12-06-16-27-16",
"moment-de-modification": "2015-01-04-02-26-19",
"nom": "Sch&#233;ma",
"nom-anglais": ["Diagram"],
"nom-espagnol": ["Diagrama"],
"nom-folder": "schema",
"nom-francais": ["Sch&#233;ma"],
"nom-italien": ["Diagramma"],
"nom-machine": "terme-2015-12-06-16-27-16-86966234168",
"sous-type": "types-de-contenu",
"type": "taxonomies"
}