{
"_id": "terme-2015-12-06-16-27-13-86966233997",
"ajouter-aux-favoris": false,
"breadcrumb": "taxonomies/types-de-contenu/evenement/vernissage/",
"description": "Description de Vernissage",
"fiche-a-completer": true,
"fiche-publiee": true,
"identifiant-drupal": 378880,
"mise-a-jour": "2016-05-09-16-46-42",
"moment-de-creation": "2015-12-06-16-27-13",
"moment-de-modification": "2015-01-04-02-26-19",
"nom": "Vernissage",
"nom-anglais": ["Vernissage"],
"nom-espagnol": ["Inauguraci&#243;n"],
"nom-folder": "vernissage",
"nom-francais": ["Vernissage"],
"nom-italien": ["Vernissage"],
"nom-machine": "terme-2015-12-06-16-27-13-86966233997",
"sous-type": "types-de-contenu",
"type": "taxonomies"
}