{
"_id": "terme-2015-12-06-16-27-14-86966234095",
"ajouter-aux-favoris": false,
"breadcrumb": "taxonomies/types-de-contenu/publication/dissertation/",
"description": "Description de Dissertation",
"fiche-a-completer": true,
"fiche-publiee": true,
"identifiant-drupal": 369442,
"mise-a-jour": "2016-05-09-16-46-42",
"moment-de-creation": "2015-12-06-16-27-14",
"moment-de-modification": "2015-01-04-02-26-19",
"nom": "Dissertation",
"nom-anglais": ["Dissertation"],
"nom-espagnol": ["Tesis"],
"nom-folder": "dissertation",
"nom-francais": ["Dissertation"],
"nom-italien": ["Tesi"],
"nom-machine": "terme-2015-12-06-16-27-14-86966234095",
"sous-type": "types-de-contenu",
"type": "taxonomies"
}