{
"_id": "terme-2015-12-06-16-27-14-86966234077",
"ajouter-aux-favoris": false,
"breadcrumb": "taxonomies/types-de-contenu/opinion/",
"description": "Description de Opinion",
"fiche-a-completer": true,
"fiche-publiee": true,
"identifiant-drupal": 369467,
"mise-a-jour": "2016-05-09-16-46-42",
"moment-de-creation": "2015-12-06-16-27-14",
"moment-de-modification": "2015-01-04-02-26-19",
"nom": "Opinion",
"nom-anglais": ["Opinion"],
"nom-espagnol": ["Opini&#243;n"],
"nom-folder": "opinion",
"nom-francais": ["Opinion"],
"nom-italien": ["Opinione"],
"nom-machine": "terme-2015-12-06-16-27-14-86966234077",
"sous-type": "types-de-contenu",
"type": "taxonomies"
}