{
"_id": "terme-2015-12-06-16-27-15-86966234159",
"ajouter-aux-favoris": false,
"breadcrumb": "taxonomies/types-de-contenu/revue/revue-generaliste/",
"description": "Description de Revue g&#233;n&#233;raliste",
"fiche-a-completer": true,
"fiche-publiee": true,
"identifiant-drupal": 369488,
"mise-a-jour": "2016-05-09-16-46-42",
"moment-de-creation": "2015-12-06-16-27-15",
"moment-de-modification": "2015-01-04-02-26-19",
"nom": "Revue g&#233;n&#233;raliste",
"nom-anglais": ["General public magazine"],
"nom-espagnol": ["Revista generalista"],
"nom-folder": "revue-generaliste",
"nom-francais": ["Revue g&#233;n&#233;raliste"],
"nom-italien": ["Rivista generalista"],
"nom-machine": "terme-2015-12-06-16-27-15-86966234159",
"sous-type": "types-de-contenu",
"type": "taxonomies"
}