{
"_id": "terme-2015-12-06-16-27-11-86966233901",
"ajouter-aux-favoris": false,
"breadcrumb": "taxonomies/types-de-contenu/bibliographique/notice-bibliographique/",
"description": "Description de Notice bibliographique",
"fiche-a-completer": true,
"fiche-publiee": true,
"identifiant-drupal": 369428,
"mise-a-jour": "2016-05-09-16-46-41",
"moment-de-creation": "2015-12-06-16-27-11",
"moment-de-modification": "2015-01-04-02-26-19",
"nom": "Notice bibliographique",
"nom-anglais": ["Bibliographic record"],
"nom-espagnol": ["Rese&#241;a bibliogr&#225;fica"],
"nom-folder": "notice-bibliographique",
"nom-francais": ["Notice bibliographique"],
"nom-italien": ["Notizia bibliografica"],
"nom-machine": "terme-2015-12-06-16-27-11-86966233901",
"sous-type": "types-de-contenu",
"type": "taxonomies"
}