{
"_id": "terme-2015-12-06-16-27-12-86966233960",
"ajouter-aux-favoris": false,
"breadcrumb": "taxonomies/types-de-contenu/evenement/conference/",
"description": "Description de Conf&#233;rence",
"fiche-a-completer": true,
"fiche-publiee": true,
"identifiant-drupal": 369437,
"mise-a-jour": "2016-05-09-16-46-41",
"moment-de-creation": "2015-12-06-16-27-12",
"moment-de-modification": "2015-01-04-02-26-19",
"nom": "Conf&#233;rence",
"nom-anglais": ["Conference"],
"nom-espagnol": ["Conferencia(s)"],
"nom-folder": "conference",
"nom-francais": ["Conf&#233;rence"],
"nom-italien": ["Conferenza"],
"nom-machine": "terme-2015-12-06-16-27-12-86966233960",
"sous-type": "types-de-contenu",
"type": "taxonomies"
}