{
"_id": "terme-2015-12-06-16-27-14-86966234086",
"ajouter-aux-favoris": false,
"breadcrumb": "taxonomies/types-de-contenu/periodique/periodique-specialise-(magazine)/",
"description": "Description de P&#233;riodique sp&#233;cialis&#233; (magazine)",
"fiche-a-completer": true,
"fiche-publiee": true,
"identifiant-drupal": 369470,
"mise-a-jour": "2016-05-09-16-46-42",
"moment-de-creation": "2015-12-06-16-27-14",
"moment-de-modification": "2015-01-04-02-26-19",
"nom": "P&#233;riodique sp&#233;cialis&#233; (magazine)",
"nom-anglais": ["Specialized magazine"],
"nom-espagnol": ["Magaz&#237;n especializado"],
"nom-folder": "periodique-specialise-(magazine)",
"nom-francais": ["P&#233;riodique sp&#233;cialis&#233; (magazine)"],
"nom-italien": ["Rivista specializzata"],
"nom-machine": "terme-2015-12-06-16-27-14-86966234086",
"sous-type": "types-de-contenu",
"type": "taxonomies"
}