{
"_id": "terme-2015-12-06-16-27-16-86966234162",
"ajouter-aux-favoris": false,
"breadcrumb": "taxonomies/types-de-contenu/revue/revue-professionnelle/",
"description": "Description de Revue professionnelle",
"fiche-a-completer": true,
"fiche-publiee": true,
"identifiant-drupal": 369491,
"mise-a-jour": "2016-05-09-16-46-42",
"moment-de-creation": "2015-12-06-16-27-16",
"moment-de-modification": "2015-01-04-02-26-19",
"nom": "Revue professionnelle",
"nom-anglais": ["Professional journal"],
"nom-espagnol": ["Revista profesional"],
"nom-folder": "revue-professionnelle",
"nom-francais": ["Revue professionnelle"],
"nom-italien": ["Rivista professionale"],
"nom-machine": "terme-2015-12-06-16-27-16-86966234162",
"sous-type": "types-de-contenu",
"type": "taxonomies"
}