{
"_id": "terme-2015-12-06-16-27-14-86966234069",
"ajouter-aux-favoris": false,
"breadcrumb": "taxonomies/types-de-contenu/multimedia/radio/",
"description": "Description de Radio",
"fiche-a-completer": true,
"fiche-publiee": true,
"identifiant-drupal": 369477,
"mise-a-jour": "2016-05-09-16-46-42",
"moment-de-creation": "2015-12-06-16-27-14",
"moment-de-modification": "2015-01-04-02-26-19",
"nom": "Radio",
"nom-anglais": ["Radio"],
"nom-espagnol": ["Radio"],
"nom-folder": "radio",
"nom-francais": ["Radio"],
"nom-italien": ["Radio"],
"nom-machine": "terme-2015-12-06-16-27-14-86966234069",
"sous-type": "types-de-contenu",
"type": "taxonomies"
}