{
"_id": "terme-2015-12-06-16-27-12-86966233977",
"ajouter-aux-favoris": false,
"breadcrumb": "taxonomies/types-de-contenu/evenement/lancement de disque/",
"description": "Description de Lancement de disque",
"fiche-a-completer": true,
"fiche-publiee": true,
"identifiant-drupal": 378881,
"mise-a-jour": "2016-05-09-16-46-41",
"moment-de-creation": "2015-12-06-16-27-12",
"moment-de-modification": "2015-01-04-02-26-19",
"nom": "Lancement de disque",
"nom-anglais": ["Record launch"],
"nom-espagnol": ["Lanzamiento de disco"],
"nom-folder": "lancement de disque",
"nom-francais": ["Lancement de disque"],
"nom-italien": ["Lancio di disco"],
"nom-machine": "terme-2015-12-06-16-27-12-86966233977",
"sous-type": "types-de-contenu",
"type": "taxonomies"
}