{
"_id": "terme-2015-12-06-16-27-15-86966234121",
"ajouter-aux-favoris": false,
"breadcrumb": "taxonomies/types-de-contenu/publication/tableau-de-bord/",
"description": "Description de Tableau de bord",
"fiche-a-completer": true,
"fiche-publiee": true,
"identifiant-drupal": 379173,
"mise-a-jour": "2016-05-09-16-46-42",
"moment-de-creation": "2015-12-06-16-27-15",
"moment-de-modification": "2015-01-04-02-26-19",
"nom": "Tableau de bord",
"nom-anglais": ["Dashboard"],
"nom-espagnol": ["Cuadro de mando"],
"nom-folder": "tableau-de-bord",
"nom-francais": ["Tableau de bord"],
"nom-italien": ["Quadro di controllo"],
"nom-machine": "terme-2015-12-06-16-27-15-86966234121",
"sous-type": "types-de-contenu",
"type": "taxonomies"
}