{
"_id": "terme-2015-12-06-16-27-11-86966233907",
"ajouter-aux-favoris": false,
"breadcrumb": "taxonomies/types-de-contenu/biographique/autobiographie/",
"description": "Description de Autobiographie",
"fiche-a-completer": true,
"fiche-publiee": true,
"identifiant-drupal": 369431,
"mise-a-jour": "2016-05-09-16-46-41",
"moment-de-creation": "2015-12-06-16-27-11",
"moment-de-modification": "2015-01-04-02-26-19",
"nom": "Autobiographie",
"nom-anglais": ["Autobiography"],
"nom-espagnol": ["Autobiograf&#237;a"],
"nom-folder": "autobiographie",
"nom-francais": ["Autobiographie"],
"nom-italien": ["Autobiografia"],
"nom-machine": "terme-2015-12-06-16-27-11-86966233907",
"sous-type": "types-de-contenu",
"type": "taxonomies"
}