{
"_id": "terme-2015-12-06-16-27-13-86966234027",
"ajouter-aux-favoris": false,
"breadcrumb": "taxonomies/types-de-contenu/litteraire/essai/",
"description": "Description de Essai",
"fiche-a-completer": true,
"fiche-publiee": true,
"identifiant-drupal": 369447,
"mise-a-jour": "2016-05-09-16-46-42",
"moment-de-creation": "2015-12-06-16-27-13",
"moment-de-modification": "2015-01-04-02-26-19",
"nom": "Essai",
"nom-anglais": ["Essay"],
"nom-espagnol": ["Ensayo"],
"nom-folder": "essai",
"nom-francais": ["Essai"],
"nom-italien": ["Saggio"],
"nom-machine": "terme-2015-12-06-16-27-13-86966234027",
"sous-type": "types-de-contenu",
"type": "taxonomies"
}