{
"_id": "terme-2015-12-06-16-27-11-86966233913",
"ajouter-aux-favoris": false,
"breadcrumb": "taxonomies/types-de-contenu/blogue/",
"description": "Description de Blogue",
"fiche-a-completer": true,
"fiche-publiee": true,
"mise-a-jour": "2016-05-09-16-46-41",
"moment-de-creation": "2015-12-06-16-27-11",
"moment-de-modification": "2015-09-18-00-36-03",
"nom": "Blogue",
"nom-anglais": ["Blog"],
"nom-arabe": ["&#1605;&#1583;&#1608;&#1606;&#1577;"],
"nom-espagnol": ["Blog"],
"nom-folder": "blogue",
"nom-francais": ["Blogue"],
"nom-italien": ["Blog"],
"nom-machine": "terme-2015-12-06-16-27-11-86966233913",
"nom-russe": ["&#1041;&#1083;&#1086;&#1075;"],
"sous-type": "types-de-contenu",
"type": "taxonomies"
}