{
"_id": "terme-2015-12-06-16-27-15-86966234101",
"ajouter-aux-favoris": false,
"breadcrumb": "taxonomies/types-de-contenu/publication/document/",
"description": "Description de Document",
"fiche-a-completer": true,
"fiche-publiee": true,
"identifiant-drupal": 369444,
"mise-a-jour": "2016-05-09-16-46-42",
"moment-de-creation": "2015-12-06-16-27-15",
"moment-de-modification": "2015-01-04-02-26-19",
"nom": "Document",
"nom-anglais": ["Document"],
"nom-espagnol": ["Documento"],
"nom-folder": "document",
"nom-francais": ["Document"],
"nom-italien": ["Documento"],
"nom-machine": "terme-2015-12-06-16-27-15-86966234101",
"sous-type": "types-de-contenu",
"type": "taxonomies"
}