{
"_id": "terme-2015-12-06-16-27-16-86966234174",
"ajouter-aux-favoris": false,
"breadcrumb": "taxonomies/types-de-contenu/sondage/",
"description": "Description de Sondage",
"fiche-a-completer": true,
"fiche-publiee": true,
"identifiant-drupal": 369494,
"mise-a-jour": "2016-05-09-16-46-42",
"moment-de-creation": "2015-12-06-16-27-16",
"moment-de-modification": "2015-01-04-02-26-19",
"nom": "Sondage",
"nom-anglais": ["Survey"],
"nom-espagnol": ["Sondeo"],
"nom-folder": "sondage",
"nom-francais": ["Sondage"],
"nom-italien": ["Sondaggio"],
"nom-machine": "terme-2015-12-06-16-27-16-86966234174",
"sous-type": "types-de-contenu",
"type": "taxonomies"
}