{
"_id": "terme-2015-12-06-16-27-16-86966234183",
"ajouter-aux-favoris": false,
"breadcrumb": "taxonomies/types-de-contenu/textes/",
"description": "Description de Textes",
"enfants": ["terme-2015-12-06-16-27-16-86966234186","terme-2015-12-06-16-27-16-86966234189","terme-2015-12-06-16-27-16-86966234191","terme-2015-12-06-16-27-16-86966234195","terme-2015-12-06-16-27-16-86966234197"],
"fiche-a-completer": true,
"fiche-publiee": true,
"identifiant-drupal": 369481,
"mise-a-jour": "2016-05-09-16-46-42",
"moment-de-creation": "2015-12-06-16-27-16",
"moment-de-modification": "2015-01-04-02-26-19",
"nom": "Textes",
"nom-anglais": ["Texts"],
"nom-espagnol": ["Textos"],
"nom-folder": "textes",
"nom-francais": ["Textes"],
"nom-italien": ["Testi"],
"nom-machine": "terme-2015-12-06-16-27-16-86966234183",
"sous-type": "types-de-contenu",
"type": "taxonomies"
}