{
"_id": "terme-2015-12-06-16-27-12-86966233963",
"ajouter-aux-favoris": false,
"breadcrumb": "taxonomies/types-de-contenu/evenement/cours/",
"description": "Description de Cours",
"fiche-a-completer": true,
"fiche-publiee": true,
"identifiant-drupal": 378181,
"mise-a-jour": "2016-05-09-16-46-41",
"moment-de-creation": "2015-12-06-16-27-12",
"moment-de-modification": "2015-01-04-02-26-19",
"nom": "Cours",
"nom-anglais": ["Course"],
"nom-espagnol": ["Curso"],
"nom-folder": "cours",
"nom-francais": ["Cours"],
"nom-italien": ["Corso"],
"nom-machine": "terme-2015-12-06-16-27-12-86966233963",
"sous-type": "types-de-contenu",
"type": "taxonomies"
}