{
"_id": "terme-2015-12-06-16-27-16-86966234177",
"ajouter-aux-favoris": false,
"breadcrumb": "taxonomies/types-de-contenu/synthese/",
"description": "Description de Synth&#232;se",
"fiche-a-completer": true,
"fiche-publiee": true,
"identifiant-drupal": 369495,
"mise-a-jour": "2016-05-09-16-46-42",
"moment-de-creation": "2015-12-06-16-27-16",
"moment-de-modification": "2015-01-04-02-26-19",
"nom": "Synth&#232;se",
"nom-anglais": ["Synthesis"],
"nom-espagnol": ["S&#237;ntesis"],
"nom-folder": "synthese",
"nom-francais": ["Synth&#232;se"],
"nom-italien": ["Sintesi"],
"nom-machine": "terme-2015-12-06-16-27-16-86966234177",
"sous-type": "types-de-contenu",
"type": "taxonomies"
}