{
"_id": "terme-2015-12-06-16-27-14-86966234051",
"ajouter-aux-favoris": false,
"breadcrumb": "taxonomies/types-de-contenu/meteo/",
"description": "Description de M&#233;t&#233;o",
"fiche-a-completer": true,
"fiche-publiee": true,
"identifiant-drupal": 369460,
"mise-a-jour": "2016-05-09-16-46-42",
"moment-de-creation": "2015-12-06-16-27-14",
"moment-de-modification": "2015-01-04-02-26-19",
"nom": "M&#233;t&#233;o",
"nom-anglais": ["Weather"],
"nom-espagnol": ["El tiempo"],
"nom-folder": "meteo",
"nom-francais": ["M&#233;t&#233;o"],
"nom-italien": ["Meteo"],
"nom-machine": "terme-2015-12-06-16-27-14-86966234051",
"sous-type": "types-de-contenu",
"type": "taxonomies"
}