{
"_id": "terme-2015-12-06-16-27-16-86966234195",
"ajouter-aux-favoris": false,
"breadcrumb": "taxonomies/types-de-contenu/textes/resume-abstract/",
"description": "resume abstract",
"fiche-a-completer": true,
"fiche-publiee": true,
"identifiant-drupal": 369484,
"mise-a-jour": "2016-05-09-16-46-42",
"moment-de-creation": "2015-12-06-16-27-16",
"moment-de-modification": "2015-01-04-02-26-19",
"nom": "R&#233;sum&#233; de th&#232;se",
"nom-anglais": ["Abstract"],
"nom-espagnol": ["Resumen documental"],
"nom-folder": "resume-abstract",
"nom-francais": ["R&#233;sum&#233; de th&#232;se"],
"nom-italien": ["Sommario"],
"nom-machine": "terme-2015-12-06-16-27-16-86966234195",
"sous-type": "types-de-contenu",
"type": "taxonomies"
}