{
"_id": "terme-2015-12-06-16-27-13-86966233991",
"ajouter-aux-favoris": false,
"breadcrumb": "taxonomies/types-de-contenu/evenement/seminaire-webinaire/",
"description": "Description de S&#233;minaire webinaire",
"fiche-a-completer": true,
"fiche-publiee": true,
"identifiant-drupal": 378177,
"mise-a-jour": "2016-05-09-16-46-41",
"moment-de-creation": "2015-12-06-16-27-13",
"moment-de-modification": "2015-01-04-02-26-19",
"nom": "S&#233;minaire webinaire",
"nom-anglais": ["Seminar webinar"],
"nom-espagnol": ["Seminario webinario"],
"nom-folder": "seminaire-webinaire",
"nom-francais": ["S&#233;minaire webinaire"],
"nom-italien": ["Seminario webinar"],
"nom-machine": "terme-2015-12-06-16-27-13-86966233991",
"sous-type": "types-de-contenu",
"type": "taxonomies"
}