{
"_id": "terme-2015-12-06-16-27-13-86966234018",
"ajouter-aux-favoris": false,
"breadcrumb": "taxonomies/types-de-contenu/journaux/",
"description": "Description de Journaux",
"fiche-a-completer": true,
"fiche-publiee": true,
"identifiant-drupal": 369452,
"mise-a-jour": "2016-05-09-16-46-42",
"moment-de-creation": "2015-12-06-16-27-13",
"moment-de-modification": "2015-01-04-02-26-19",
"nom": "Journaux",
"nom-anglais": ["Newspapers"],
"nom-espagnol": ["Diarios"],
"nom-folder": "journaux",
"nom-francais": ["Journaux"],
"nom-italien": ["Giornali"],
"nom-machine": "terme-2015-12-06-16-27-13-86966234018",
"sous-type": "types-de-contenu",
"type": "taxonomies"
}