{
"_id": "terme-2015-12-06-16-27-15-86966234127",
"ajouter-aux-favoris": false,
"breadcrumb": "taxonomies/types-de-contenu/publication/these-de-doctorat/",
"description": "Description de These de doctorat",
"fiche-a-completer": true,
"fiche-publiee": true,
"identifiant-drupal": 369502,
"mise-a-jour": "2016-05-09-16-46-42",
"moment-de-creation": "2015-12-06-16-27-15",
"moment-de-modification": "2015-01-04-02-26-19",
"nom": "These de doctorat",
"nom-anglais": ["Doctoral thesis"],
"nom-espagnol": ["Tesis doctoral"],
"nom-folder": "these-de-doctorat",
"nom-francais": ["These de doctorat"],
"nom-italien": ["Tesi di dottorato"],
"nom-machine": "terme-2015-12-06-16-27-15-86966234127",
"sous-type": "types-de-contenu",
"type": "taxonomies"
}