{
"_id": "terme-2015-12-06-16-27-16-86966234203",
"ajouter-aux-favoris": false,
"breadcrumb": "taxonomies/types-de-contenu/thesaurus/",
"description": "Description de Th&#233;saurus",
"fiche-a-completer": true,
"fiche-publiee": true,
"identifiant-drupal": 369501,
"mise-a-jour": "2016-05-09-16-46-42",
"moment-de-creation": "2015-12-06-16-27-16",
"moment-de-modification": "2015-01-04-02-26-19",
"nom": "Th&#233;saurus",
"nom-anglais": ["Thesaurus"],
"nom-arabe": ["&#1605;&#1603;&#1606;&#1586;"],
"nom-espagnol": ["Tesauro"],
"nom-folder": "thesaurus",
"nom-francais": ["Th&#233;saurus"],
"nom-italien": ["Tesauro"],
"nom-machine": "terme-2015-12-06-16-27-16-86966234203",
"nom-russe": ["&#1058;&#1077;&#1079;&#1072;&#1091;&#1088;&#1091;&#1089;"],
"sous-type": "types-de-contenu",
"type": "taxonomies"
}