{
"_id": "terme-2015-12-06-16-27-13-86966233986",
"ajouter-aux-favoris": false,
"breadcrumb": "taxonomies/types-de-contenu/evenement/manifestation/",
"description": "Description de Manifestation",
"fiche-a-completer": true,
"fiche-publiee": true,
"identifiant-drupal": 378963,
"mise-a-jour": "2016-05-09-16-46-41",
"moment-de-creation": "2015-12-06-16-27-13",
"moment-de-modification": "2015-01-04-02-26-19",
"nom": "Manifestation",
"nom-anglais": ["Demonstration"],
"nom-espagnol": ["Manifestaci&#243;n"],
"nom-folder": "manifestation",
"nom-francais": ["Manifestation"],
"nom-italien": ["Manifestazione"],
"nom-machine": "terme-2015-12-06-16-27-13-86966233986",
"sous-type": "types-de-contenu",
"type": "taxonomies"
}