{
"_id": "terme-2015-12-06-16-27-13-86966234038",
"ajouter-aux-favoris": false,
"breadcrumb": "taxonomies/types-de-contenu/livre/",
"description": "Description de Livre",
"fiche-a-completer": true,
"fiche-publiee": true,
"identifiant-drupal": 369455,
"mise-a-jour": "2016-05-09-16-46-42",
"moment-de-creation": "2015-12-06-16-27-13",
"moment-de-modification": "2015-01-04-02-26-19",
"nom": "Livre",
"nom-anglais": ["Book"],
"nom-espagnol": ["Libro"],
"nom-folder": "livre",
"nom-francais": ["Livre"],
"nom-italien": ["Libro"],
"nom-machine": "terme-2015-12-06-16-27-13-86966234038",
"sous-type": "types-de-contenu",
"type": "taxonomies"
}