{
"_id": "terme-2015-12-06-16-27-10-86966233857",
"ajouter-aux-favoris": false,
"breadcrumb": "taxonomies/types-de-contenu/actualites-du-milieu/",
"description": "Description de Actualit&#233;s du milieu",
"fiche-a-completer": true,
"fiche-publiee": true,
"identifiant-drupal": 369413,
"mise-a-jour": "2016-05-09-16-46-41",
"moment-de-creation": "2015-12-06-16-27-10",
"moment-de-modification": "2015-01-04-02-26-19",
"nom": "Actualit&#233;s du milieu",
"nom-anglais": ["News of the sector"],
"nom-espagnol": ["Actualidades del sector"],
"nom-folder": "actualites-du-milieu",
"nom-francais": ["Actualit&#233;s du milieu"],
"nom-italien": ["Attualit&#224; del settore"],
"nom-machine": "terme-2015-12-06-16-27-10-86966233857",
"sous-type": "types-de-contenu",
"type": "taxonomies"
}