{
"_id": "terme-2015-12-06-16-27-13-86966233983",
"ajouter-aux-favoris": false,
"breadcrumb": "taxonomies/types-de-contenu/evenement/lancement-de-livre/",
"description": "Description de Lancement de livre",
"fiche-a-completer": true,
"fiche-publiee": true,
"identifiant-drupal": 378879,
"mise-a-jour": "2016-05-09-16-46-41",
"moment-de-creation": "2015-12-06-16-27-13",
"moment-de-modification": "2015-01-04-02-26-19",
"nom": "Lancement de livre",
"nom-anglais": ["Book launch"],
"nom-espagnol": ["Presentaci&#243;n de libro"],
"nom-folder": "lancement-de-livre",
"nom-francais": ["Lancement de livre"],
"nom-italien": ["Presentazione di un libro"],
"nom-machine": "terme-2015-12-06-16-27-13-86966233983",
"sous-type": "types-de-contenu",
"type": "taxonomies"
}