{
"_id": "terme-2015-12-06-16-27-13-86966234032",
"ajouter-aux-favoris": false,
"breadcrumb": "taxonomies/types-de-contenu/litteraire/poeme/",
"description": "Description de Po&#234;me",
"fiche-a-completer": true,
"fiche-publiee": true,
"identifiant-drupal": 369471,
"mise-a-jour": "2016-05-09-16-46-42",
"moment-de-creation": "2015-12-06-16-27-13",
"moment-de-modification": "2015-01-04-02-26-19",
"nom": "Po&#234;me",
"nom-anglais": ["Poem"],
"nom-espagnol": ["Poema"],
"nom-folder": "poeme",
"nom-francais": ["Po&#234;me"],
"nom-italien": ["Poema"],
"nom-machine": "terme-2015-12-06-16-27-13-86966234032",
"sous-type": "types-de-contenu",
"type": "taxonomies"
}