{
"_id": "terme-2015-12-06-16-27-12-86966233957",
"ajouter-aux-favoris": false,
"breadcrumb": "taxonomies/types-de-contenu/evenement/concert/",
"description": "Description de Concert",
"fiche-a-completer": true,
"fiche-publiee": true,
"identifiant-drupal": 379166,
"mise-a-jour": "2016-05-09-16-46-41",
"moment-de-creation": "2015-12-06-16-27-12",
"moment-de-modification": "2015-01-04-02-26-19",
"nom": "Concert",
"nom-anglais": ["Concert"],
"nom-espagnol": ["Concierto"],
"nom-folder": "concert",
"nom-francais": ["Concert"],
"nom-italien": ["Concerto"],
"nom-machine": "terme-2015-12-06-16-27-12-86966233957",
"sous-type": "types-de-contenu",
"type": "taxonomies"
}