{
"_id": "terme-2015-12-06-16-27-13-86966234020",
"ajouter-aux-favoris": false,
"breadcrumb": "taxonomies/types-de-contenu/liste/",
"description": "Description de Liste",
"fiche-a-completer": true,
"fiche-publiee": true,
"identifiant-drupal": 369454,
"mise-a-jour": "2016-05-09-16-46-42",
"moment-de-creation": "2015-12-06-16-27-13",
"moment-de-modification": "2015-01-04-02-26-19",
"nom": "Liste",
"nom-anglais": ["List"],
"nom-espagnol": ["Lista"],
"nom-folder": "liste",
"nom-francais": ["Liste"],
"nom-italien": ["Lista"],
"nom-machine": "terme-2015-12-06-16-27-13-86966234020",
"sous-type": "types-de-contenu",
"type": "taxonomies"
}