{
"_id": "terme-2015-12-06-16-27-11-86966233887",
"ajouter-aux-favoris": false,
"breadcrumb": "taxonomies/types-de-contenu/article/article-scientifique/",
"description": "Description de Article scientifique",
"fiche-a-completer": true,
"fiche-publiee": true,
"identifiant-drupal": 369423,
"mise-a-jour": "2016-05-09-16-46-41",
"moment-de-creation": "2015-12-06-16-27-11",
"moment-de-modification": "2015-01-04-02-26-19",
"nom": "Article scientifique",
"nom-anglais": ["Science article"],
"nom-espagnol": ["Art&#237;culo cient&#237;fico"],
"nom-folder": "article-scientifique",
"nom-francais": ["Article scientifique"],
"nom-italien": ["Articolo scientifico"],
"nom-machine": "terme-2015-12-06-16-27-11-86966233887",
"sous-type": "types-de-contenu",
"type": "taxonomies"
}