{
"_id": "terme-2015-12-06-16-27-13-86966234035",
"ajouter-aux-favoris": false,
"breadcrumb": "taxonomies/types-de-contenu/litteraire/roman/",
"description": "Description de Roman",
"fiche-a-completer": true,
"fiche-publiee": true,
"identifiant-drupal": 369490,
"mise-a-jour": "2016-05-09-16-46-42",
"moment-de-creation": "2015-12-06-16-27-13",
"moment-de-modification": "2015-01-04-02-26-19",
"nom": "Roman",
"nom-anglais": ["Novel"],
"nom-espagnol": ["Novela"],
"nom-folder": "roman",
"nom-francais": ["Roman"],
"nom-italien": ["Romanzo"],
"nom-machine": "terme-2015-12-06-16-27-13-86966234035",
"sous-type": "types-de-contenu",
"type": "taxonomies"
}