{
"_id": "terme-2015-12-06-16-27-16-86966234171",
"ajouter-aux-favoris": false,
"breadcrumb": "taxonomies/types-de-contenu/schema/schema-cmap/",
"description": "Description de Sch&#233;ma cmap",
"fiche-a-completer": true,
"fiche-publiee": true,
"identifiant-drupal": 369493,
"mise-a-jour": "2016-05-09-16-46-42",
"moment-de-creation": "2015-12-06-16-27-16",
"moment-de-modification": "2015-01-04-02-26-19",
"nom": "Sch&#233;ma cmap",
"nom-anglais": ["C-map diagram"],
"nom-espagnol": ["Diagrama cmap"],
"nom-folder": "schema-cmap",
"nom-francais": ["Sch&#233;ma cmap"],
"nom-italien": ["Diagramma cmap"],
"nom-machine": "terme-2015-12-06-16-27-16-86966234171",
"sous-type": "types-de-contenu",
"type": "taxonomies"
}