{
"_id": "terme-2015-12-06-16-27-11-86966233893",
"ajouter-aux-favoris": false,
"breadcrumb": "taxonomies/types-de-contenu/base-de-donnees/",
"description": "Description de Base de donn&#233;es",
"fiche-a-completer": true,
"fiche-publiee": true,
"identifiant-drupal": 369425,
"mise-a-jour": "2016-05-09-16-46-41",
"moment-de-creation": "2015-12-06-16-27-11",
"moment-de-modification": "2015-01-04-02-26-19",
"nom": "Base de donn&#233;es",
"nom-anglais": ["Database"],
"nom-espagnol": ["Base de datos"],
"nom-folder": "base-de-donnees",
"nom-francais": ["Base de donn&#233;es"],
"nom-italien": ["Base di dati"],
"nom-machine": "terme-2015-12-06-16-27-11-86966233893",
"sous-type": "types-de-contenu",
"type": "taxonomies"
}