{
"_id": "terme-2015-12-06-16-27-12-86966233975",
"ajouter-aux-favoris": false,
"breadcrumb": "taxonomies/types-de-contenu/evenement/journee-d'etude/",
"description": "Description de Journ&#233;e d'etude",
"fiche-a-completer": true,
"fiche-publiee": true,
"identifiant-drupal": 378182,
"mise-a-jour": "2016-05-09-16-46-41",
"moment-de-creation": "2015-12-06-16-27-12",
"moment-de-modification": "2015-01-04-02-26-19",
"nom": "Journ&#233;e d'etude",
"nom-anglais": ["Study session"],
"nom-espagnol": ["Jornada de estudio"],
"nom-folder": "journee-d'etude",
"nom-francais": ["Journ&#233;e d'etude"],
"nom-italien": ["Giornata di studio"],
"nom-machine": "terme-2015-12-06-16-27-12-86966233975",
"sous-type": "types-de-contenu",
"type": "taxonomies"
}