{
"_id": "terme-2015-12-06-16-27-15-86966234136",
"ajouter-aux-favoris": false,
"breadcrumb": "taxonomies/types-de-contenu/quotidien/quotidien-specialise/",
"description": "Description de Quotidien specialise",
"fiche-a-completer": true,
"fiche-publiee": true,
"identifiant-drupal": 369476,
"mise-a-jour": "2016-05-09-16-46-42",
"moment-de-creation": "2015-12-06-16-27-15",
"moment-de-modification": "2015-01-04-02-26-19",
"nom": "Quotidien specialise",
"nom-anglais": ["Specialized daily"],
"nom-espagnol": ["Diario especializado"],
"nom-folder": "quotidien-specialise",
"nom-francais": ["Quotidien specialise"],
"nom-italien": ["Quotidiano specializzato"],
"nom-machine": "terme-2015-12-06-16-27-15-86966234136",
"sous-type": "types-de-contenu",
"type": "taxonomies"
}