{
"_id": "terme-2015-12-06-16-27-13-86966234000",
"ajouter-aux-favoris": false,
"breadcrumb": "taxonomies/types-de-contenu/evenement/visite-gustative/",
"description": "Description de Visite gustative",
"fiche-a-completer": true,
"fiche-publiee": true,
"identifiant-drupal": 379164,
"mise-a-jour": "2016-05-09-16-46-42",
"moment-de-creation": "2015-12-06-16-27-13",
"moment-de-modification": "2015-01-04-02-26-19",
"nom": "Visite gustative",
"nom-anglais": ["Gustatory tour"],
"nom-espagnol": ["Recorrido gustativo"],
"nom-folder": "visite-gustative",
"nom-francais": ["Visite gustative"],
"nom-italien": ["Giro gustativo"],
"nom-machine": "terme-2015-12-06-16-27-13-86966234000",
"sous-type": "types-de-contenu",
"type": "taxonomies"
}