{
"_id": "terme-2015-12-06-16-27-14-86966234042",
"ajouter-aux-favoris": false,
"breadcrumb": "taxonomies/types-de-contenu/logiciel/",
"description": "Description de Logiciel",
"fiche-a-completer": true,
"fiche-publiee": true,
"identifiant-drupal": 369456,
"mise-a-jour": "2016-05-09-16-46-42",
"moment-de-creation": "2015-12-06-16-27-14",
"moment-de-modification": "2015-01-04-02-26-19",
"nom": "Logiciel",
"nom-anglais": ["Software"],
"nom-espagnol": ["Software"],
"nom-folder": "logiciel",
"nom-francais": ["Logiciel"],
"nom-italien": ["Software"],
"nom-machine": "terme-2015-12-06-16-27-14-86966234042",
"sous-type": "types-de-contenu",
"type": "taxonomies"
}