{
"_id": "terme-2015-12-06-16-27-15-86966234116",
"ajouter-aux-favoris": false,
"breadcrumb": "taxonomies/types-de-contenu/publication/publication-corporative-newsletter/",
"description": "Description de Publication corporative",
"fiche-a-completer": true,
"fiche-publiee": true,
"identifiant-drupal": 369473,
"mise-a-jour": "2016-05-09-16-46-42",
"moment-de-creation": "2015-12-06-16-27-15",
"moment-de-modification": "2015-01-04-02-26-19",
"nom": "Publication corporative",
"nom-anglais": ["Corporate publication"],
"nom-espagnol": ["Publicaci&#243;n corporativa"],
"nom-folder": "publication-corporative-newsletter",
"nom-francais": ["Publication corporative"],
"nom-italien": ["Pubblicazione aziendale"],
"nom-machine": "terme-2015-12-06-16-27-15-86966234116",
"sous-type": "types-de-contenu",
"type": "taxonomies"
}