{
"_id": "terme-2015-12-06-16-27-11-86966233919",
"ajouter-aux-favoris": false,
"breadcrumb": "taxonomies/types-de-contenu/catalogue/catalogue-d'editeur/",
"description": "catalogue d'&eacute;diteur",
"fiche-a-completer": true,
"fiche-publiee": true,
"identifiant-drupal": 369433,
"mise-a-jour": "2016-05-09-16-46-41",
"moment-de-creation": "2015-12-06-16-27-11",
"moment-de-modification": "2015-01-04-02-26-19",
"nom": "Catalogue d'&#233;diteur",
"nom-anglais": ["Publisher&#8217;s catalog"],
"nom-espagnol": ["Cat&#225;logo de editorial"],
"nom-folder": "catalogue-d'editeur",
"nom-francais": ["Catalogue d'&#233;diteur"],
"nom-italien": ["Catalogo di casa editrice"],
"nom-machine": "terme-2015-12-06-16-27-11-86966233919",
"sous-type": "types-de-contenu",
"type": "taxonomies"
}