{
"_id": "terme-2015-12-06-16-27-13-86966233980",
"ajouter-aux-favoris": false,
"breadcrumb": "taxonomies/types-de-contenu/evenement/lancement-de-campagne-publicitaire/",
"description": "Description de Lancement de campagne publicitaire",
"fiche-a-completer": true,
"fiche-publiee": true,
"identifiant-drupal": 378882,
"mise-a-jour": "2016-05-09-16-46-41",
"moment-de-creation": "2015-12-06-16-27-13",
"moment-de-modification": "2015-01-04-02-26-19",
"nom": "Lancement de campagne publicitaire",
"nom-anglais": ["Advertising campaign launch"],
"nom-espagnol": ["Lanzamiento de campa&#241;a publicitaria"],
"nom-folder": "lancement-de-campagne-publicitaire",
"nom-francais": ["Lancement de campagne publicitaire"],
"nom-italien": ["Lancio di campagna pubblicitaria"],
"nom-machine": "terme-2015-12-06-16-27-13-86966233980",
"sous-type": "types-de-contenu",
"type": "taxonomies"
}