{
"_id": "terme-2015-12-06-16-27-14-86966234063",
"ajouter-aux-favoris": false,
"breadcrumb": "taxonomies/types-de-contenu/multimedia/multimedia-cinema/",
"description": "multim&#233;dia cin&#233;ma",
"fiche-a-completer": true,
"fiche-publiee": true,
"identifiant-drupal": 369464,
"mise-a-jour": "2016-05-09-16-46-42",
"moment-de-creation": "2015-12-06-16-27-14",
"moment-de-modification": "2015-01-04-02-26-19",
"nom": "Cin&#233;ma (multim&#233;dia)",
"nom-anglais": ["Movie"],
"nom-espagnol": ["Cinema multimedia"],
"nom-folder": "multimedia-cinema",
"nom-francais": ["Cin&#233;ma (multim&#233;dia)"],
"nom-italien": ["Cinema multimediale"],
"nom-machine": "terme-2015-12-06-16-27-14-86966234063",
"sous-type": "types-de-contenu",
"type": "taxonomies"
}