{
"_id": "terme-2015-12-06-16-27-16-86966234200",
"ajouter-aux-favoris": false,
"breadcrumb": "taxonomies/types-de-contenu/theatre/",
"description": "Description de Th&#233;&#226;tre",
"fiche-a-completer": true,
"fiche-publiee": true,
"identifiant-drupal": 369500,
"mise-a-jour": "2016-05-09-16-46-42",
"moment-de-creation": "2015-12-06-16-27-16",
"moment-de-modification": "2015-01-04-02-26-19",
"nom": "Th&#233;&#226;tre",
"nom-anglais": ["Theatre"],
"nom-arabe": ["&#1605;&#1587;&#1585;&#1581;"],
"nom-espagnol": ["Teatro"],
"nom-folder": "theatre",
"nom-francais": ["Th&#233;&#226;tre"],
"nom-italien": ["Teatro"],
"nom-machine": "terme-2015-12-06-16-27-16-86966234200",
"sous-type": "types-de-contenu",
"type": "taxonomies"
}