{
"_id": "terme-2015-12-06-16-27-11-86966233866",
"ajouter-aux-favoris": false,
"breadcrumb": "taxonomies/types-de-contenu/analyse/",
"description": "Description de Analyse",
"enfants": ["terme-2015-12-06-16-27-11-86966233869"],
"fiche-a-completer": true,
"fiche-publiee": true,
"identifiant-drupal": 369416,
"mise-a-jour": "2016-05-09-16-46-41",
"moment-de-creation": "2015-12-06-16-27-11",
"moment-de-modification": "2015-01-04-02-26-19",
"nom": "Analyse",
"nom-anglais": ["Analysis"],
"nom-espagnol": ["Analisis"],
"nom-folder": "analyse",
"nom-francais": ["Analyse"],
"nom-italien": ["Analisi"],
"nom-machine": "terme-2015-12-06-16-27-11-86966233866",
"sous-type": "types-de-contenu",
"type": "taxonomies"
}