{
"_id": "terme-2015-12-06-16-27-11-86966233872",
"ajouter-aux-favoris": false,
"breadcrumb": "taxonomies/types-de-contenu/annuaire-bottin/",
"description": "Description de Annuaire bottin",
"fiche-a-completer": true,
"fiche-publiee": true,
"identifiant-drupal": 369418,
"mise-a-jour": "2016-05-09-16-46-41",
"moment-de-creation": "2015-12-06-16-27-11",
"moment-de-modification": "2015-01-04-02-26-19",
"nom": "Annuaire bottin",
"nom-anglais": ["Directory"],
"nom-espagnol": ["Anuario, gu&#237;a"],
"nom-folder": "annuaire-bottin",
"nom-francais": ["Annuaire bottin"],
"nom-italien": ["Annuario, elenco"],
"nom-machine": "terme-2015-12-06-16-27-11-86966233872",
"sous-type": "types-de-contenu",
"type": "taxonomies"
}