{
"_id": "terme-2015-12-06-16-27-11-86966233863",
"ajouter-aux-favoris": false,
"breadcrumb": "taxonomies/types-de-contenu/almanach/",
"description": "Description de Almanach",
"fiche-a-completer": true,
"fiche-publiee": true,
"identifiant-drupal": 369415,
"mise-a-jour": "2016-05-09-16-46-41",
"moment-de-creation": "2015-12-06-16-27-11",
"moment-de-modification": "2015-01-04-02-26-19",
"nom": "Almanach",
"nom-anglais": ["Almanac"],
"nom-espagnol": ["Almanaque"],
"nom-folder": "almanach",
"nom-francais": ["Almanach"],
"nom-italien": ["Almanacco"],
"nom-machine": "terme-2015-12-06-16-27-11-86966233863",
"sous-type": "types-de-contenu",
"type": "taxonomies"
}