{
"_id": "terme-2015-12-06-16-27-11-86966233878",
"ajouter-aux-favoris": false,
"breadcrumb": "taxonomies/types-de-contenu/article/",
"description": "Description de Article",
"enfants": ["terme-2015-12-06-16-27-11-86966233881","terme-2015-12-06-16-27-11-86966233885","terme-2015-12-06-16-27-11-86966233887"],
"fiche-a-completer": true,
"fiche-publiee": true,
"identifiant-drupal": 369420,
"mise-a-jour": "2016-05-09-16-46-41",
"moment-de-creation": "2015-12-06-16-27-11",
"moment-de-modification": "2015-01-04-02-26-19",
"nom": "Article",
"nom-anglais": ["Article"],
"nom-espagnol": ["Art&#237;culo cient&#237;fico"],
"nom-folder": "article",
"nom-francais": ["Article"],
"nom-italien": ["Articolo d&#8217;investigazione"],
"nom-machine": "terme-2015-12-06-16-27-11-86966233878",
"sous-type": "types-de-contenu",
"type": "taxonomies"
}