{
"_id": "terme-2015-12-06-16-27-12-86966233951",
"ajouter-aux-favoris": false,
"breadcrumb": "taxonomies/types-de-contenu/evenement/atelier/",
"description": "Description de Atelier",
"fiche-a-completer": true,
"fiche-publiee": true,
"identifiant-drupal": 378179,
"mise-a-jour": "2016-05-09-16-46-41",
"moment-de-creation": "2015-12-06-16-27-12",
"moment-de-modification": "2015-01-04-02-26-19",
"nom": "Atelier",
"nom-anglais": ["Workshop"],
"nom-espagnol": ["Taller"],
"nom-folder": "atelier",
"nom-francais": ["Atelier"],
"nom-italien": ["Laboratorio"],
"nom-machine": "terme-2015-12-06-16-27-12-86966233951",
"sous-type": "types-de-contenu",
"type": "taxonomies"
}