{
"_id": "terme-2015-12-06-16-27-12-86966233922",
"ajouter-aux-favoris": false,
"breadcrumb": "taxonomies/types-de-contenu/catalogue/catalogue-de-bibliotheque/",
"description": "catalogue de biblioth&egrave;que",
"fiche-a-completer": true,
"fiche-publiee": true,
"identifiant-drupal": 369434,
"mise-a-jour": "2016-05-09-16-46-41",
"moment-de-creation": "2015-12-06-16-27-12",
"moment-de-modification": "2015-01-04-02-26-19",
"nom": "Catalogue de biblioth&#232;que",
"nom-anglais": ["Library catalog"],
"nom-espagnol": ["Cat&#225;logo de biblioteca"],
"nom-folder": "catalogue-de-bibliotheque",
"nom-francais": ["Catalogue de biblioth&#232;que"],
"nom-italien": ["Catalogo di biblioteca"],
"nom-machine": "terme-2015-12-06-16-27-12-86966233922",
"sous-type": "types-de-contenu",
"type": "taxonomies"
}